2026-03-21 18:13:39 [main] ERROR org.springframework.boot.SpringApplication - Application run failed
java.lang.IllegalStateException: java.lang.IllegalStateException: Logback configuration error detected: 
ERROR in ch.qos.logback.core.model.processor.ImplicitModelHandler - Could not create component [filter] of type [ch.qos.logback.classic.filter.MarkerFilter] java.lang.ClassNotFoundException: ch.qos.logback.classic.filter.MarkerFilter
	at org.springframework.boot.context.logging.LoggingApplicationListener.initializeSystem(LoggingApplicationListener.java:352)
	at org.springframework.boot.context.logging.LoggingApplicationListener.initialize(LoggingApplicationListener.java:302)
	at org.springframework.boot.context.logging.LoggingApplicationListener.onApplicationEnvironmentPreparedEvent(LoggingApplicationListener.java:248)
	at org.springframework.boot.context.logging.LoggingApplicationListener.onApplicationEvent(LoggingApplicationListener.java:225)
	at org.springframework.context.event.SimpleApplicationEventMulticaster.doInvokeListener(SimpleApplicationEventMulticaster.java:180)
	at org.springframework.context.event.SimpleApplicationEventMulticaster.invokeListener(SimpleApplicationEventMulticaster.java:173)
	at org.springframework.context.event.SimpleApplicationEventMulticaster.multicastEvent(SimpleApplicationEventMulticaster.java:151)
	at org.springframework.context.event.SimpleApplicationEventMulticaster.multicastEvent(SimpleApplicationEventMulticaster.java:133)
	at org.springframework.boot.context.event.EventPublishingRunListener.multicastInitialEvent(EventPublishingRunListener.java:137)
	at org.springframework.boot.context.event.EventPublishingRunListener.environmentPrepared(EventPublishingRunListener.java:82)
	at org.springframework.boot.SpringApplicationRunListeners.lambda$environmentPrepared$0(SpringApplicationRunListeners.java:66)
	at java.base/java.lang.Iterable.forEach(Iterable.java:75)
	at org.springframework.boot.SpringApplicationRunListeners.doWithListeners(SpringApplicationRunListeners.java:123)
	at org.springframework.boot.SpringApplicationRunListeners.doWithListeners(SpringApplicationRunListeners.java:117)
	at org.springframework.boot.SpringApplicationRunListeners.environmentPrepared(SpringApplicationRunListeners.java:65)
	at org.springframework.boot.SpringApplication.prepareEnvironment(SpringApplication.java:356)
	at org.springframework.boot.SpringApplication.run(SpringApplication.java:316)
	at org.springframework.boot.SpringApplication.run(SpringApplication.java:1365)
	at org.springframework.boot.SpringApplication.run(SpringApplication.java:1354)
	at com.example.BookingApplication.BookingApplication.main(BookingApplication.java:10)
Caused by: java.lang.IllegalStateException: Logback configuration error detected: 
ERROR in ch.qos.logback.core.model.processor.ImplicitModelHandler - Could not create component [filter] of type [ch.qos.logback.classic.filter.MarkerFilter] java.lang.ClassNotFoundException: ch.qos.logback.classic.filter.MarkerFilter
	at org.springframework.boot.logging.logback.LogbackLoggingSystem.reportConfigurationErrorsIfNecessary(LogbackLoggingSystem.java:296)
	at org.springframework.boot.logging.logback.LogbackLoggingSystem.loadConfiguration(LogbackLoggingSystem.java:274)
	at org.springframework.boot.logging.logback.LogbackLoggingSystem.reinitialize(LogbackLoggingSystem.java:351)
	at org.springframework.boot.logging.AbstractLoggingSystem.initializeWithConventions(AbstractLoggingSystem.java:79)
	at org.springframework.boot.logging.AbstractLoggingSystem.initialize(AbstractLoggingSystem.java:65)
	at org.springframework.boot.logging.logback.LogbackLoggingSystem.initialize(LogbackLoggingSystem.java:197)
	at org.springframework.boot.context.logging.LoggingApplicationListener.initializeSystem(LoggingApplicationListener.java:337)
	... 19 common frames omitted
	Suppressed: java.lang.ClassNotFoundException: ch.qos.logback.classic.filter.MarkerFilter
		at java.base/jdk.internal.loader.BuiltinClassLoader.loadClass(BuiltinClassLoader.java:641)
		at java.base/jdk.internal.loader.ClassLoaders$AppClassLoader.loadClass(ClassLoaders.java:188)
		at java.base/java.lang.ClassLoader.loadClass(ClassLoader.java:526)
		at ch.qos.logback.core.util.Loader.loadClass(Loader.java:116)
		at ch.qos.logback.core.model.processor.ImplicitModelHandler.doComplex(ImplicitModelHandler.java:136)
		at ch.qos.logback.core.model.processor.ImplicitModelHandler.handle(ImplicitModelHandler.java:96)
		at ch.qos.logback.core.model.processor.DefaultProcessor.secondPhaseTraverse(DefaultProcessor.java:244)
		at ch.qos.logback.core.model.processor.DefaultProcessor.secondPhaseTraverse(DefaultProcessor.java:256)
		at ch.qos.logback.core.model.processor.DefaultProcessor.secondPhaseTraverse(DefaultProcessor.java:256)
		at ch.qos.logback.core.model.processor.DefaultProcessor.traversalLoop(DefaultProcessor.java:88)
		at ch.qos.logback.core.model.processor.DefaultProcessor.process(DefaultProcessor.java:104)
		at ch.qos.logback.core.joran.GenericXMLConfigurator.processModel(GenericXMLConfigurator.java:239)
		at org.springframework.boot.logging.logback.SpringBootJoranConfigurator.processModel(SpringBootJoranConfigurator.java:139)
		at ch.qos.logback.core.joran.GenericXMLConfigurator.doConfigure(GenericXMLConfigurator.java:195)
		at ch.qos.logback.core.joran.GenericXMLConfigurator.doConfigure(GenericXMLConfigurator.java:139)
		at ch.qos.logback.core.joran.GenericXMLConfigurator.doConfigure(GenericXMLConfigurator.java:76)
		at org.springframework.boot.logging.logback.LogbackLoggingSystem.configureByResourceUrl(LogbackLoggingSystem.java:305)
		at org.springframework.boot.logging.logback.LogbackLoggingSystem.lambda$loadConfiguration$0(LogbackLoggingSystem.java:267)
		at org.springframework.boot.logging.logback.LogbackLoggingSystem.withLoggingSuppressed(LogbackLoggingSystem.java:491)
		at org.springframework.boot.logging.logback.LogbackLoggingSystem.loadConfiguration(LogbackLoggingSystem.java:257)
		... 24 common frames omitted
2026-03-21 18:15:19 [main] INFO  com.example.BookingApplication.BookingApplication - Starting BookingApplication using Java 21.0.7 with PID 11728 (C:\Users\ADMIN\Downloads\BookingApplication\BookingApplication\target\classes started by ADMIN in C:\Users\ADMIN\Downloads\BookingApplication)
2026-03-21 18:15:19 [main] INFO  com.example.BookingApplication.BookingApplication - No active profile set, falling back to 1 default profile: "default"
2026-03-21 18:15:19 [main] INFO  org.springframework.data.repository.config.RepositoryConfigurationDelegate - Bootstrapping Spring Data MongoDB repositories in DEFAULT mode.
2026-03-21 18:15:19 [main] INFO  org.springframework.data.repository.config.RepositoryConfigurationDelegate - Finished Spring Data repository scanning in 37 ms. Found 3 MongoDB repository interfaces.
2026-03-21 18:15:19 [main] INFO  org.springframework.boot.tomcat.TomcatWebServer - Tomcat initialized with port 8080 (http)
2026-03-21 18:15:20 [main] INFO  org.apache.coyote.http11.Http11NioProtocol - Initializing ProtocolHandler ["http-nio-8080"]
2026-03-21 18:15:20 [main] INFO  org.apache.catalina.core.StandardService - Starting service [Tomcat]
2026-03-21 18:15:20 [main] INFO  org.apache.catalina.core.StandardEngine - Starting Servlet engine: [Apache Tomcat/11.0.18]
2026-03-21 18:15:20 [main] INFO  org.springframework.boot.web.context.servlet.WebApplicationContextInitializer - Root WebApplicationContext: initialization completed in 948 ms
2026-03-21 18:15:20 [main] INFO  org.mongodb.driver.client - MongoClient with metadata {"driver": {"name": "mongo-java-driver|spring-boot|sync", "version": "5.6.4"}, "os": {"type": "Windows", "name": "Windows 11", "architecture": "amd64", "version": "10.0"}, "platform": "Java/Oracle Corporation/21.0.7+8-LTS-245"} created with settings MongoClientSettings{readPreference=primary, writeConcern=WriteConcern{w=majority, wTimeout=null ms, journal=null}, retryWrites=true, retryReads=true, readConcern=ReadConcern{level=null}, credential=MongoCredential{mechanism=null, userName='root', source='admin', password=<hidden>, mechanismProperties=<hidden>}, transportSettings=null, commandListeners=[], codecRegistry=ProvidersCodecRegistry{codecProviders=[ValueCodecProvider{}, BsonValueCodecProvider{}, DBRefCodecProvider{}, DBObjectCodecProvider{}, DocumentCodecProvider{}, CollectionCodecProvider{}, IterableCodecProvider{}, MapCodecProvider{}, GeoJsonCodecProvider{}, GridFSFileCodecProvider{}, Jsr310CodecProvider{}, JsonObjectCodecProvider{}, BsonCodecProvider{}, com.mongodb.client.model.mql.ExpressionCodecProvider@5ac53c06, com.mongodb.Jep395RecordCodecProvider@54af3cb9, com.mongodb.KotlinCodecProvider@236fdf, EnumCodecProvider{}]}, loggerSettings=LoggerSettings{maxDocumentLength=1000}, clusterSettings={hosts=[127.0.0.1:27017], srvHost=cluster0.en0pykp.mongodb.net, srvServiceName=mongodb, mode=MULTIPLE, requiredClusterType=REPLICA_SET, requiredReplicaSetName='atlas-zt48hn-shard-0', serverSelector='null', clusterListeners='[]', serverSelectionTimeout='30000 ms', localThreshold='15 ms'}, socketSettings=SocketSettings{connectTimeoutMS=10000, readTimeoutMS=0, receiveBufferSize=0, proxySettings=ProxySettings{host=null, port=null, username=null, password=null}}, heartbeatSocketSettings=SocketSettings{connectTimeoutMS=10000, readTimeoutMS=10000, receiveBufferSize=0, proxySettings=ProxySettings{host=null, port=null, username=null, password=null}}, connectionPoolSettings=ConnectionPoolSettings{maxSize=100, minSize=0, maxWaitTimeMS=120000, maxConnectionLifeTimeMS=0, maxConnectionIdleTimeMS=0, maintenanceInitialDelayMS=0, maintenanceFrequencyMS=60000, connectionPoolListeners=[], maxConnecting=2}, serverSettings=ServerSettings{heartbeatFrequencyMS=10000, minHeartbeatFrequencyMS=500, serverMonitoringMode=AUTO, serverListeners='[]', serverMonitorListeners='[]'}, sslSettings=SslSettings{enabled=true, invalidHostNameAllowed=false, context=null}, applicationName='null', compressorList=[], uuidRepresentation=UNSPECIFIED, serverApi=null, autoEncryptionSettings=null, dnsClient=null, inetAddressResolver=null, contextProvider=null, timeoutMS=null}
2026-03-21 18:15:20 [cluster-ClusterId{value='69be92e08d65fc0466edcc28', description='null'}-srv-cluster0.en0pykp.mongodb.net] INFO  org.mongodb.driver.cluster - Adding discovered server ac-aoerbz6-shard-00-01.en0pykp.mongodb.net:27017 to client view of cluster
2026-03-21 18:15:20 [cluster-ClusterId{value='69be92e08d65fc0466edcc28', description='null'}-srv-cluster0.en0pykp.mongodb.net] INFO  org.mongodb.driver.cluster - Adding discovered server ac-aoerbz6-shard-00-00.en0pykp.mongodb.net:27017 to client view of cluster
2026-03-21 18:15:20 [cluster-ClusterId{value='69be92e08d65fc0466edcc28', description='null'}-srv-cluster0.en0pykp.mongodb.net] INFO  org.mongodb.driver.cluster - Adding discovered server ac-aoerbz6-shard-00-02.en0pykp.mongodb.net:27017 to client view of cluster
2026-03-21 18:15:20 [main] WARN  com.password4j.PropertyReader - bcrypt minor version is not defined. Default value is used (b). Please set property hash.bcrypt.minor in your psw4j.properties file.
2026-03-21 18:15:20 [main] WARN  com.password4j.PropertyReader - bcrypt rounds are not defined. Default value is used (10). Please set property hash.bcrypt.rounds in your psw4j.properties file.
2026-03-21 18:15:20 [main] INFO  org.springframework.security.config.annotation.authentication.configuration.InitializeUserDetailsBeanManagerConfigurer$InitializeUserDetailsManagerConfigurer - Global AuthenticationManager configured with UserDetailsService bean with name userDetailsImpl
2026-03-21 18:15:20 [cluster-ClusterId{value='69be92e08d65fc0466edcc28', description='null'}-ac-aoerbz6-shard-00-01.en0pykp.mongodb.net:27017] INFO  org.mongodb.driver.cluster - Monitor thread successfully connected to server with description ServerDescription{address=ac-aoerbz6-shard-00-01.en0pykp.mongodb.net:27017, type=REPLICA_SET_SECONDARY, cryptd=false, state=CONNECTED, ok=true, minWireVersion=0, maxWireVersion=25, maxDocumentSize=16777216, logicalSessionTimeoutMinutes=30, roundTripTimeNanos=232952600, minRoundTripTimeNanos=0, setName='atlas-zt48hn-shard-0', canonicalAddress=ac-aoerbz6-shard-00-01.en0pykp.mongodb.net:27017, hosts=[ac-aoerbz6-shard-00-01.en0pykp.mongodb.net:27017, ac-aoerbz6-shard-00-00.en0pykp.mongodb.net:27017, ac-aoerbz6-shard-00-02.en0pykp.mongodb.net:27017], passives=[], arbiters=[], primary='ac-aoerbz6-shard-00-02.en0pykp.mongodb.net:27017', tagSet=TagSet{[Tag{name='availabilityZone', value='aps1-az3'}, Tag{name='diskState', value='READY'}, Tag{name='nodeType', value='ELECTABLE'}, Tag{name='provider', value='AWS'}, Tag{name='region', value='AP_SOUTH_1'}, Tag{name='workloadType', value='OPERATIONAL'}]}, electionId=null, setVersion=391, topologyVersion=TopologyVersion{processId=69b85ccb4b84e800f9f6512d, counter=3}, lastWriteDate=Sat Mar 21 18:15:19 IST 2026, lastUpdateTimeNanos=3486527078000}
2026-03-21 18:15:20 [cluster-ClusterId{value='69be92e08d65fc0466edcc28', description='null'}-ac-aoerbz6-shard-00-02.en0pykp.mongodb.net:27017] INFO  org.mongodb.driver.cluster - Monitor thread successfully connected to server with description ServerDescription{address=ac-aoerbz6-shard-00-02.en0pykp.mongodb.net:27017, type=REPLICA_SET_PRIMARY, cryptd=false, state=CONNECTED, ok=true, minWireVersion=0, maxWireVersion=25, maxDocumentSize=16777216, logicalSessionTimeoutMinutes=30, roundTripTimeNanos=229420500, minRoundTripTimeNanos=0, setName='atlas-zt48hn-shard-0', canonicalAddress=ac-aoerbz6-shard-00-02.en0pykp.mongodb.net:27017, hosts=[ac-aoerbz6-shard-00-01.en0pykp.mongodb.net:27017, ac-aoerbz6-shard-00-00.en0pykp.mongodb.net:27017, ac-aoerbz6-shard-00-02.en0pykp.mongodb.net:27017], passives=[], arbiters=[], primary='ac-aoerbz6-shard-00-02.en0pykp.mongodb.net:27017', tagSet=TagSet{[Tag{name='availabilityZone', value='aps1-az2'}, Tag{name='diskState', value='READY'}, Tag{name='nodeType', value='ELECTABLE'}, Tag{name='provider', value='AWS'}, Tag{name='region', value='AP_SOUTH_1'}, Tag{name='workloadType', value='OPERATIONAL'}]}, electionId=7fffffff0000000000000156, setVersion=391, topologyVersion=TopologyVersion{processId=69b859a89b4f2018f8b26ac6, counter=6}, lastWriteDate=Sat Mar 21 18:15:19 IST 2026, lastUpdateTimeNanos=3486527078000}
2026-03-21 18:15:20 [cluster-ClusterId{value='69be92e08d65fc0466edcc28', description='null'}-ac-aoerbz6-shard-00-00.en0pykp.mongodb.net:27017] INFO  org.mongodb.driver.cluster - Monitor thread successfully connected to server with description ServerDescription{address=ac-aoerbz6-shard-00-00.en0pykp.mongodb.net:27017, type=REPLICA_SET_SECONDARY, cryptd=false, state=CONNECTED, ok=true, minWireVersion=0, maxWireVersion=25, maxDocumentSize=16777216, logicalSessionTimeoutMinutes=30, roundTripTimeNanos=229237400, minRoundTripTimeNanos=0, setName='atlas-zt48hn-shard-0', canonicalAddress=ac-aoerbz6-shard-00-00.en0pykp.mongodb.net:27017, hosts=[ac-aoerbz6-shard-00-01.en0pykp.mongodb.net:27017, ac-aoerbz6-shard-00-00.en0pykp.mongodb.net:27017, ac-aoerbz6-shard-00-02.en0pykp.mongodb.net:27017], passives=[], arbiters=[], primary='ac-aoerbz6-shard-00-02.en0pykp.mongodb.net:27017', tagSet=TagSet{[Tag{name='availabilityZone', value='aps1-az1'}, Tag{name='diskState', value='READY'}, Tag{name='nodeType', value='ELECTABLE'}, Tag{name='provider', value='AWS'}, Tag{name='region', value='AP_SOUTH_1'}, Tag{name='workloadType', value='OPERATIONAL'}]}, electionId=null, setVersion=391, topologyVersion=TopologyVersion{processId=69b855abb14686967b76fdd6, counter=4}, lastWriteDate=Sat Mar 21 18:15:19 IST 2026, lastUpdateTimeNanos=3486527078000}
2026-03-21 18:15:20 [cluster-ClusterId{value='69be92e08d65fc0466edcc28', description='null'}-ac-aoerbz6-shard-00-02.en0pykp.mongodb.net:27017] INFO  org.mongodb.driver.cluster - Discovered replica set primary ac-aoerbz6-shard-00-02.en0pykp.mongodb.net:27017 with max election id 7fffffff0000000000000156 and max set version 391
2026-03-21 18:15:21 [main] INFO  org.apache.coyote.http11.Http11NioProtocol - Starting ProtocolHandler ["http-nio-8080"]
2026-03-21 18:15:21 [main] INFO  org.springframework.boot.tomcat.TomcatWebServer - Tomcat started on port 8080 (http) with context path '/'
2026-03-21 18:15:21 [main] INFO  com.example.BookingApplication.BookingApplication - Started BookingApplication in 2.264 seconds (process running for 2.68)
2026-03-21 18:15:29 [http-nio-8080-exec-1] INFO  org.apache.catalina.core.ContainerBase.[Tomcat].[localhost].[/] - Initializing Spring DispatcherServlet 'dispatcherServlet'
2026-03-21 18:15:29 [http-nio-8080-exec-1] INFO  org.springframework.web.servlet.DispatcherServlet - Initializing Servlet 'dispatcherServlet'
2026-03-21 18:15:29 [http-nio-8080-exec-1] INFO  org.springframework.web.servlet.DispatcherServlet - Completed initialization in 1 ms
2026-03-21 18:15:38 [http-nio-8080-exec-4] INFO  com.example.BookingApplication.Service.MemberService - 69bd4d1fadad26d5c6ed8450Booked 69bd6f1ba8393eea8006fc0bat2026-03-21T20:002026-03-21T20:30
2026-03-21 18:21:17 [SpringApplicationShutdownHook] INFO  org.springframework.boot.tomcat.GracefulShutdown - Commencing graceful shutdown. Waiting for active requests to complete
2026-03-21 18:21:17 [tomcat-shutdown] INFO  org.springframework.boot.tomcat.GracefulShutdown - Graceful shutdown complete
2026-03-21 20:10:51 [main] INFO  com.example.BookingApplication.BookingApplication - Starting BookingApplication using Java 21.0.7 with PID 5724 (C:\Users\ADMIN\Downloads\BookingApplication\BookingApplication\target\classes started by ADMIN in C:\Users\ADMIN\Downloads\BookingApplication)
2026-03-21 20:10:51 [main] INFO  com.example.BookingApplication.BookingApplication - No active profile set, falling back to 1 default profile: "default"
2026-03-21 20:10:51 [main] INFO  org.springframework.data.repository.config.RepositoryConfigurationDelegate - Bootstrapping Spring Data MongoDB repositories in DEFAULT mode.
2026-03-21 20:10:51 [main] INFO  org.springframework.data.repository.config.RepositoryConfigurationDelegate - Finished Spring Data repository scanning in 38 ms. Found 3 MongoDB repository interfaces.
2026-03-21 20:10:52 [main] INFO  org.springframework.boot.tomcat.TomcatWebServer - Tomcat initialized with port 8080 (http)
2026-03-21 20:10:52 [main] INFO  org.apache.coyote.http11.Http11NioProtocol - Initializing ProtocolHandler ["http-nio-8080"]
2026-03-21 20:10:52 [main] INFO  org.apache.catalina.core.StandardService - Starting service [Tomcat]
2026-03-21 20:10:52 [main] INFO  org.apache.catalina.core.StandardEngine - Starting Servlet engine: [Apache Tomcat/11.0.18]
2026-03-21 20:10:52 [main] INFO  org.springframework.boot.web.context.servlet.WebApplicationContextInitializer - Root WebApplicationContext: initialization completed in 945 ms
2026-03-21 20:10:52 [main] INFO  org.mongodb.driver.client - MongoClient with metadata {"driver": {"name": "mongo-java-driver|spring-boot|sync", "version": "5.6.4"}, "os": {"type": "Windows", "name": "Windows 11", "architecture": "amd64", "version": "10.0"}, "platform": "Java/Oracle Corporation/21.0.7+8-LTS-245"} created with settings MongoClientSettings{readPreference=primary, writeConcern=WriteConcern{w=majority, wTimeout=null ms, journal=null}, retryWrites=true, retryReads=true, readConcern=ReadConcern{level=null}, credential=MongoCredential{mechanism=null, userName='root', source='admin', password=<hidden>, mechanismProperties=<hidden>}, transportSettings=null, commandListeners=[], codecRegistry=ProvidersCodecRegistry{codecProviders=[ValueCodecProvider{}, BsonValueCodecProvider{}, DBRefCodecProvider{}, DBObjectCodecProvider{}, DocumentCodecProvider{}, CollectionCodecProvider{}, IterableCodecProvider{}, MapCodecProvider{}, GeoJsonCodecProvider{}, GridFSFileCodecProvider{}, Jsr310CodecProvider{}, JsonObjectCodecProvider{}, BsonCodecProvider{}, com.mongodb.client.model.mql.ExpressionCodecProvider@1953bc95, com.mongodb.Jep395RecordCodecProvider@30aec673, com.mongodb.KotlinCodecProvider@549ac12c, EnumCodecProvider{}]}, loggerSettings=LoggerSettings{maxDocumentLength=1000}, clusterSettings={hosts=[127.0.0.1:27017], srvHost=cluster0.en0pykp.mongodb.net, srvServiceName=mongodb, mode=MULTIPLE, requiredClusterType=REPLICA_SET, requiredReplicaSetName='atlas-zt48hn-shard-0', serverSelector='null', clusterListeners='[]', serverSelectionTimeout='30000 ms', localThreshold='15 ms'}, socketSettings=SocketSettings{connectTimeoutMS=10000, readTimeoutMS=0, receiveBufferSize=0, proxySettings=ProxySettings{host=null, port=null, username=null, password=null}}, heartbeatSocketSettings=SocketSettings{connectTimeoutMS=10000, readTimeoutMS=10000, receiveBufferSize=0, proxySettings=ProxySettings{host=null, port=null, username=null, password=null}}, connectionPoolSettings=ConnectionPoolSettings{maxSize=100, minSize=0, maxWaitTimeMS=120000, maxConnectionLifeTimeMS=0, maxConnectionIdleTimeMS=0, maintenanceInitialDelayMS=0, maintenanceFrequencyMS=60000, connectionPoolListeners=[], maxConnecting=2}, serverSettings=ServerSettings{heartbeatFrequencyMS=10000, minHeartbeatFrequencyMS=500, serverMonitoringMode=AUTO, serverListeners='[]', serverMonitorListeners='[]'}, sslSettings=SslSettings{enabled=true, invalidHostNameAllowed=false, context=null}, applicationName='null', compressorList=[], uuidRepresentation=UNSPECIFIED, serverApi=null, autoEncryptionSettings=null, dnsClient=null, inetAddressResolver=null, contextProvider=null, timeoutMS=null}
2026-03-21 20:10:52 [cluster-ClusterId{value='69beadf45f361c0a71673812', description='null'}-srv-cluster0.en0pykp.mongodb.net] INFO  org.mongodb.driver.cluster - Adding discovered server ac-aoerbz6-shard-00-01.en0pykp.mongodb.net:27017 to client view of cluster
2026-03-21 20:10:52 [cluster-ClusterId{value='69beadf45f361c0a71673812', description='null'}-srv-cluster0.en0pykp.mongodb.net] INFO  org.mongodb.driver.cluster - Adding discovered server ac-aoerbz6-shard-00-00.en0pykp.mongodb.net:27017 to client view of cluster
2026-03-21 20:10:52 [cluster-ClusterId{value='69beadf45f361c0a71673812', description='null'}-srv-cluster0.en0pykp.mongodb.net] INFO  org.mongodb.driver.cluster - Adding discovered server ac-aoerbz6-shard-00-02.en0pykp.mongodb.net:27017 to client view of cluster
2026-03-21 20:10:52 [main] WARN  com.password4j.PropertyReader - bcrypt minor version is not defined. Default value is used (b). Please set property hash.bcrypt.minor in your psw4j.properties file.
2026-03-21 20:10:52 [main] WARN  com.password4j.PropertyReader - bcrypt rounds are not defined. Default value is used (10). Please set property hash.bcrypt.rounds in your psw4j.properties file.
2026-03-21 20:10:52 [main] INFO  org.springframework.security.config.annotation.authentication.configuration.InitializeUserDetailsBeanManagerConfigurer$InitializeUserDetailsManagerConfigurer - Global AuthenticationManager configured with UserDetailsService bean with name userDetailsImpl
2026-03-21 20:10:53 [cluster-ClusterId{value='69beadf45f361c0a71673812', description='null'}-ac-aoerbz6-shard-00-01.en0pykp.mongodb.net:27017] INFO  org.mongodb.driver.cluster - Monitor thread successfully connected to server with description ServerDescription{address=ac-aoerbz6-shard-00-01.en0pykp.mongodb.net:27017, type=REPLICA_SET_SECONDARY, cryptd=false, state=CONNECTED, ok=true, minWireVersion=0, maxWireVersion=25, maxDocumentSize=16777216, logicalSessionTimeoutMinutes=30, roundTripTimeNanos=275547000, minRoundTripTimeNanos=0, setName='atlas-zt48hn-shard-0', canonicalAddress=ac-aoerbz6-shard-00-01.en0pykp.mongodb.net:27017, hosts=[ac-aoerbz6-shard-00-01.en0pykp.mongodb.net:27017, ac-aoerbz6-shard-00-00.en0pykp.mongodb.net:27017, ac-aoerbz6-shard-00-02.en0pykp.mongodb.net:27017], passives=[], arbiters=[], primary='ac-aoerbz6-shard-00-02.en0pykp.mongodb.net:27017', tagSet=TagSet{[Tag{name='availabilityZone', value='aps1-az3'}, Tag{name='diskState', value='READY'}, Tag{name='nodeType', value='ELECTABLE'}, Tag{name='provider', value='AWS'}, Tag{name='region', value='AP_SOUTH_1'}, Tag{name='workloadType', value='OPERATIONAL'}]}, electionId=null, setVersion=391, topologyVersion=TopologyVersion{processId=69b85ccb4b84e800f9f6512d, counter=3}, lastWriteDate=Sat Mar 21 20:10:51 IST 2026, lastUpdateTimeNanos=10419080816600}
2026-03-21 20:10:53 [cluster-ClusterId{value='69beadf45f361c0a71673812', description='null'}-ac-aoerbz6-shard-00-02.en0pykp.mongodb.net:27017] INFO  org.mongodb.driver.cluster - Monitor thread successfully connected to server with description ServerDescription{address=ac-aoerbz6-shard-00-02.en0pykp.mongodb.net:27017, type=REPLICA_SET_PRIMARY, cryptd=false, state=CONNECTED, ok=true, minWireVersion=0, maxWireVersion=25, maxDocumentSize=16777216, logicalSessionTimeoutMinutes=30, roundTripTimeNanos=275546700, minRoundTripTimeNanos=0, setName='atlas-zt48hn-shard-0', canonicalAddress=ac-aoerbz6-shard-00-02.en0pykp.mongodb.net:27017, hosts=[ac-aoerbz6-shard-00-01.en0pykp.mongodb.net:27017, ac-aoerbz6-shard-00-00.en0pykp.mongodb.net:27017, ac-aoerbz6-shard-00-02.en0pykp.mongodb.net:27017], passives=[], arbiters=[], primary='ac-aoerbz6-shard-00-02.en0pykp.mongodb.net:27017', tagSet=TagSet{[Tag{name='availabilityZone', value='aps1-az2'}, Tag{name='diskState', value='READY'}, Tag{name='nodeType', value='ELECTABLE'}, Tag{name='provider', value='AWS'}, Tag{name='region', value='AP_SOUTH_1'}, Tag{name='workloadType', value='OPERATIONAL'}]}, electionId=7fffffff0000000000000156, setVersion=391, topologyVersion=TopologyVersion{processId=69b859a89b4f2018f8b26ac6, counter=6}, lastWriteDate=Sat Mar 21 20:10:51 IST 2026, lastUpdateTimeNanos=10419080816600}
2026-03-21 20:10:53 [cluster-ClusterId{value='69beadf45f361c0a71673812', description='null'}-ac-aoerbz6-shard-00-00.en0pykp.mongodb.net:27017] INFO  org.mongodb.driver.cluster - Monitor thread successfully connected to server with description ServerDescription{address=ac-aoerbz6-shard-00-00.en0pykp.mongodb.net:27017, type=REPLICA_SET_SECONDARY, cryptd=false, state=CONNECTED, ok=true, minWireVersion=0, maxWireVersion=25, maxDocumentSize=16777216, logicalSessionTimeoutMinutes=30, roundTripTimeNanos=275546800, minRoundTripTimeNanos=0, setName='atlas-zt48hn-shard-0', canonicalAddress=ac-aoerbz6-shard-00-00.en0pykp.mongodb.net:27017, hosts=[ac-aoerbz6-shard-00-01.en0pykp.mongodb.net:27017, ac-aoerbz6-shard-00-00.en0pykp.mongodb.net:27017, ac-aoerbz6-shard-00-02.en0pykp.mongodb.net:27017], passives=[], arbiters=[], primary='ac-aoerbz6-shard-00-02.en0pykp.mongodb.net:27017', tagSet=TagSet{[Tag{name='availabilityZone', value='aps1-az1'}, Tag{name='diskState', value='READY'}, Tag{name='nodeType', value='ELECTABLE'}, Tag{name='provider', value='AWS'}, Tag{name='region', value='AP_SOUTH_1'}, Tag{name='workloadType', value='OPERATIONAL'}]}, electionId=null, setVersion=391, topologyVersion=TopologyVersion{processId=69b855abb14686967b76fdd6, counter=4}, lastWriteDate=Sat Mar 21 20:10:51 IST 2026, lastUpdateTimeNanos=10419080816600}
2026-03-21 20:10:53 [cluster-ClusterId{value='69beadf45f361c0a71673812', description='null'}-ac-aoerbz6-shard-00-02.en0pykp.mongodb.net:27017] INFO  org.mongodb.driver.cluster - Discovered replica set primary ac-aoerbz6-shard-00-02.en0pykp.mongodb.net:27017 with max election id 7fffffff0000000000000156 and max set version 391
2026-03-21 20:10:53 [main] INFO  org.apache.coyote.http11.Http11NioProtocol - Starting ProtocolHandler ["http-nio-8080"]
2026-03-21 20:10:53 [main] INFO  org.springframework.boot.tomcat.TomcatWebServer - Tomcat started on port 8080 (http) with context path '/'
2026-03-21 20:10:53 [main] INFO  com.example.BookingApplication.BookingApplication - Started BookingApplication in 2.365 seconds (process running for 2.822)
2026-03-21 20:10:56 [SpringApplicationShutdownHook] INFO  org.springframework.boot.tomcat.GracefulShutdown - Commencing graceful shutdown. Waiting for active requests to complete
2026-03-21 20:10:56 [tomcat-shutdown] INFO  org.springframework.boot.tomcat.GracefulShutdown - Graceful shutdown complete
2026-03-21 21:42:39 [main] INFO  com.example.BookingApplication.BookingApplication - Starting BookingApplication using Java 21.0.7 with PID 26840 (C:\Users\ADMIN\Downloads\BookingApplication\BookingApplication\target\classes started by ADMIN in C:\Users\ADMIN\Downloads\BookingApplication)
2026-03-21 21:42:39 [main] INFO  com.example.BookingApplication.BookingApplication - No active profile set, falling back to 1 default profile: "default"
2026-03-21 21:42:39 [main] INFO  org.springframework.data.repository.config.RepositoryConfigurationDelegate - Bootstrapping Spring Data MongoDB repositories in DEFAULT mode.
2026-03-21 21:42:40 [main] INFO  org.springframework.data.repository.config.RepositoryConfigurationDelegate - Finished Spring Data repository scanning in 35 ms. Found 3 MongoDB repository interfaces.
2026-03-21 21:42:40 [main] INFO  org.springframework.boot.tomcat.TomcatWebServer - Tomcat initialized with port 8080 (http)
2026-03-21 21:42:40 [main] INFO  org.apache.coyote.http11.Http11NioProtocol - Initializing ProtocolHandler ["http-nio-8080"]
2026-03-21 21:42:40 [main] INFO  org.apache.catalina.core.StandardService - Starting service [Tomcat]
2026-03-21 21:42:40 [main] INFO  org.apache.catalina.core.StandardEngine - Starting Servlet engine: [Apache Tomcat/11.0.18]
2026-03-21 21:42:40 [main] INFO  org.springframework.boot.web.context.servlet.WebApplicationContextInitializer - Root WebApplicationContext: initialization completed in 933 ms
2026-03-21 21:42:40 [main] INFO  org.mongodb.driver.client - MongoClient with metadata {"driver": {"name": "mongo-java-driver|spring-boot|sync", "version": "5.6.4"}, "os": {"type": "Windows", "name": "Windows 11", "architecture": "amd64", "version": "10.0"}, "platform": "Java/Oracle Corporation/21.0.7+8-LTS-245"} created with settings MongoClientSettings{readPreference=primary, writeConcern=WriteConcern{w=majority, wTimeout=null ms, journal=null}, retryWrites=true, retryReads=true, readConcern=ReadConcern{level=null}, credential=MongoCredential{mechanism=null, userName='root', source='admin', password=<hidden>, mechanismProperties=<hidden>}, transportSettings=null, commandListeners=[], codecRegistry=ProvidersCodecRegistry{codecProviders=[ValueCodecProvider{}, BsonValueCodecProvider{}, DBRefCodecProvider{}, DBObjectCodecProvider{}, DocumentCodecProvider{}, CollectionCodecProvider{}, IterableCodecProvider{}, MapCodecProvider{}, GeoJsonCodecProvider{}, GridFSFileCodecProvider{}, Jsr310CodecProvider{}, JsonObjectCodecProvider{}, BsonCodecProvider{}, com.mongodb.client.model.mql.ExpressionCodecProvider@60e1d87c, com.mongodb.Jep395RecordCodecProvider@2eb60c71, com.mongodb.KotlinCodecProvider@87d9a01, EnumCodecProvider{}]}, loggerSettings=LoggerSettings{maxDocumentLength=1000}, clusterSettings={hosts=[127.0.0.1:27017], srvHost=cluster0.en0pykp.mongodb.net, srvServiceName=mongodb, mode=MULTIPLE, requiredClusterType=REPLICA_SET, requiredReplicaSetName='atlas-zt48hn-shard-0', serverSelector='null', clusterListeners='[]', serverSelectionTimeout='30000 ms', localThreshold='15 ms'}, socketSettings=SocketSettings{connectTimeoutMS=10000, readTimeoutMS=0, receiveBufferSize=0, proxySettings=ProxySettings{host=null, port=null, username=null, password=null}}, heartbeatSocketSettings=SocketSettings{connectTimeoutMS=10000, readTimeoutMS=10000, receiveBufferSize=0, proxySettings=ProxySettings{host=null, port=null, username=null, password=null}}, connectionPoolSettings=ConnectionPoolSettings{maxSize=100, minSize=0, maxWaitTimeMS=120000, maxConnectionLifeTimeMS=0, maxConnectionIdleTimeMS=0, maintenanceInitialDelayMS=0, maintenanceFrequencyMS=60000, connectionPoolListeners=[], maxConnecting=2}, serverSettings=ServerSettings{heartbeatFrequencyMS=10000, minHeartbeatFrequencyMS=500, serverMonitoringMode=AUTO, serverListeners='[]', serverMonitorListeners='[]'}, sslSettings=SslSettings{enabled=true, invalidHostNameAllowed=false, context=null}, applicationName='null', compressorList=[], uuidRepresentation=UNSPECIFIED, serverApi=null, autoEncryptionSettings=null, dnsClient=null, inetAddressResolver=null, contextProvider=null, timeoutMS=null}
2026-03-21 21:42:40 [cluster-ClusterId{value='69bec378937f41d00c25d1d9', description='null'}-srv-cluster0.en0pykp.mongodb.net] INFO  org.mongodb.driver.cluster - Adding discovered server ac-aoerbz6-shard-00-01.en0pykp.mongodb.net:27017 to client view of cluster
2026-03-21 21:42:40 [cluster-ClusterId{value='69bec378937f41d00c25d1d9', description='null'}-srv-cluster0.en0pykp.mongodb.net] INFO  org.mongodb.driver.cluster - Adding discovered server ac-aoerbz6-shard-00-00.en0pykp.mongodb.net:27017 to client view of cluster
2026-03-21 21:42:40 [cluster-ClusterId{value='69bec378937f41d00c25d1d9', description='null'}-srv-cluster0.en0pykp.mongodb.net] INFO  org.mongodb.driver.cluster - Adding discovered server ac-aoerbz6-shard-00-02.en0pykp.mongodb.net:27017 to client view of cluster
2026-03-21 21:42:41 [main] WARN  com.password4j.PropertyReader - bcrypt minor version is not defined. Default value is used (b). Please set property hash.bcrypt.minor in your psw4j.properties file.
2026-03-21 21:42:41 [main] WARN  com.password4j.PropertyReader - bcrypt rounds are not defined. Default value is used (10). Please set property hash.bcrypt.rounds in your psw4j.properties file.
2026-03-21 21:42:41 [main] INFO  org.springframework.security.config.annotation.authentication.configuration.InitializeUserDetailsBeanManagerConfigurer$InitializeUserDetailsManagerConfigurer - Global AuthenticationManager configured with UserDetailsService bean with name userDetailsImpl
2026-03-21 21:42:41 [main] INFO  org.apache.coyote.http11.Http11NioProtocol - Starting ProtocolHandler ["http-nio-8080"]
2026-03-21 21:42:41 [main] INFO  org.springframework.boot.tomcat.TomcatWebServer - Tomcat started on port 8080 (http) with context path '/'
2026-03-21 21:42:41 [main] INFO  com.example.BookingApplication.BookingApplication - Started BookingApplication in 2.251 seconds (process running for 2.726)
2026-03-21 21:42:41 [cluster-ClusterId{value='69bec378937f41d00c25d1d9', description='null'}-ac-aoerbz6-shard-00-01.en0pykp.mongodb.net:27017] INFO  org.mongodb.driver.cluster - Monitor thread successfully connected to server with description ServerDescription{address=ac-aoerbz6-shard-00-01.en0pykp.mongodb.net:27017, type=REPLICA_SET_SECONDARY, cryptd=false, state=CONNECTED, ok=true, minWireVersion=0, maxWireVersion=25, maxDocumentSize=16777216, logicalSessionTimeoutMinutes=30, roundTripTimeNanos=466839600, minRoundTripTimeNanos=0, setName='atlas-zt48hn-shard-0', canonicalAddress=ac-aoerbz6-shard-00-01.en0pykp.mongodb.net:27017, hosts=[ac-aoerbz6-shard-00-01.en0pykp.mongodb.net:27017, ac-aoerbz6-shard-00-00.en0pykp.mongodb.net:27017, ac-aoerbz6-shard-00-02.en0pykp.mongodb.net:27017], passives=[], arbiters=[], primary='ac-aoerbz6-shard-00-02.en0pykp.mongodb.net:27017', tagSet=TagSet{[Tag{name='availabilityZone', value='aps1-az3'}, Tag{name='diskState', value='READY'}, Tag{name='nodeType', value='ELECTABLE'}, Tag{name='provider', value='AWS'}, Tag{name='region', value='AP_SOUTH_1'}, Tag{name='workloadType', value='OPERATIONAL'}]}, electionId=null, setVersion=391, topologyVersion=TopologyVersion{processId=69b85ccb4b84e800f9f6512d, counter=3}, lastWriteDate=Sat Mar 21 21:42:40 IST 2026, lastUpdateTimeNanos=15927767015800}
2026-03-21 21:42:41 [cluster-ClusterId{value='69bec378937f41d00c25d1d9', description='null'}-ac-aoerbz6-shard-00-00.en0pykp.mongodb.net:27017] INFO  org.mongodb.driver.cluster - Monitor thread successfully connected to server with description ServerDescription{address=ac-aoerbz6-shard-00-00.en0pykp.mongodb.net:27017, type=REPLICA_SET_SECONDARY, cryptd=false, state=CONNECTED, ok=true, minWireVersion=0, maxWireVersion=25, maxDocumentSize=16777216, logicalSessionTimeoutMinutes=30, roundTripTimeNanos=649343700, minRoundTripTimeNanos=0, setName='atlas-zt48hn-shard-0', canonicalAddress=ac-aoerbz6-shard-00-00.en0pykp.mongodb.net:27017, hosts=[ac-aoerbz6-shard-00-01.en0pykp.mongodb.net:27017, ac-aoerbz6-shard-00-00.en0pykp.mongodb.net:27017, ac-aoerbz6-shard-00-02.en0pykp.mongodb.net:27017], passives=[], arbiters=[], primary='ac-aoerbz6-shard-00-02.en0pykp.mongodb.net:27017', tagSet=TagSet{[Tag{name='availabilityZone', value='aps1-az1'}, Tag{name='diskState', value='READY'}, Tag{name='nodeType', value='ELECTABLE'}, Tag{name='provider', value='AWS'}, Tag{name='region', value='AP_SOUTH_1'}, Tag{name='workloadType', value='OPERATIONAL'}]}, electionId=null, setVersion=391, topologyVersion=TopologyVersion{processId=69b855abb14686967b76fdd6, counter=4}, lastWriteDate=Sat Mar 21 21:42:40 IST 2026, lastUpdateTimeNanos=15927904252100}
2026-03-21 21:42:41 [cluster-ClusterId{value='69bec378937f41d00c25d1d9', description='null'}-ac-aoerbz6-shard-00-02.en0pykp.mongodb.net:27017] INFO  org.mongodb.driver.cluster - Monitor thread successfully connected to server with description ServerDescription{address=ac-aoerbz6-shard-00-02.en0pykp.mongodb.net:27017, type=REPLICA_SET_PRIMARY, cryptd=false, state=CONNECTED, ok=true, minWireVersion=0, maxWireVersion=25, maxDocumentSize=16777216, logicalSessionTimeoutMinutes=30, roundTripTimeNanos=658121000, minRoundTripTimeNanos=0, setName='atlas-zt48hn-shard-0', canonicalAddress=ac-aoerbz6-shard-00-02.en0pykp.mongodb.net:27017, hosts=[ac-aoerbz6-shard-00-01.en0pykp.mongodb.net:27017, ac-aoerbz6-shard-00-00.en0pykp.mongodb.net:27017, ac-aoerbz6-shard-00-02.en0pykp.mongodb.net:27017], passives=[], arbiters=[], primary='ac-aoerbz6-shard-00-02.en0pykp.mongodb.net:27017', tagSet=TagSet{[Tag{name='availabilityZone', value='aps1-az2'}, Tag{name='diskState', value='READY'}, Tag{name='nodeType', value='ELECTABLE'}, Tag{name='provider', value='AWS'}, Tag{name='region', value='AP_SOUTH_1'}, Tag{name='workloadType', value='OPERATIONAL'}]}, electionId=7fffffff0000000000000156, setVersion=391, topologyVersion=TopologyVersion{processId=69b859a89b4f2018f8b26ac6, counter=6}, lastWriteDate=Sat Mar 21 21:42:40 IST 2026, lastUpdateTimeNanos=15927913033800}
2026-03-21 21:42:41 [cluster-ClusterId{value='69bec378937f41d00c25d1d9', description='null'}-ac-aoerbz6-shard-00-02.en0pykp.mongodb.net:27017] INFO  org.mongodb.driver.cluster - Discovered replica set primary ac-aoerbz6-shard-00-02.en0pykp.mongodb.net:27017 with max election id 7fffffff0000000000000156 and max set version 391
2026-03-21 21:43:18 [http-nio-8080-exec-2] INFO  org.apache.catalina.core.ContainerBase.[Tomcat].[localhost].[/] - Initializing Spring DispatcherServlet 'dispatcherServlet'
2026-03-21 21:43:18 [http-nio-8080-exec-2] INFO  org.springframework.web.servlet.DispatcherServlet - Initializing Servlet 'dispatcherServlet'
2026-03-21 21:43:18 [http-nio-8080-exec-2] INFO  org.springframework.web.servlet.DispatcherServlet - Completed initialization in 0 ms
2026-03-21 21:44:12 [http-nio-8080-exec-3] ERROR org.apache.catalina.core.ContainerBase.[Tomcat].[localhost].[/].[dispatcherServlet] - Servlet.service() for servlet [dispatcherServlet] in context with path [] threw exception [Request processing failed: java.lang.RuntimeException: This API call cannot be made with a publishable API key. Please use a secret API key. You can find a list of your API keys at https://dashboard.stripe.com/account/apikeys.; code: secret_key_required; request-id: req_IMgL1JaZLsTocC] with root cause
java.lang.RuntimeException: This API call cannot be made with a publishable API key. Please use a secret API key. You can find a list of your API keys at https://dashboard.stripe.com/account/apikeys.; code: secret_key_required; request-id: req_IMgL1JaZLsTocC
	at com.example.BookingApplication.Service.PaymentService.checkOut(PaymentService.java:51)
	at com.example.BookingApplication.Controllers.MemberController.Checkout(MemberController.java:41)
	at java.base/jdk.internal.reflect.DirectMethodHandleAccessor.invoke(DirectMethodHandleAccessor.java:103)
	at java.base/java.lang.reflect.Method.invoke(Method.java:580)
	at org.springframework.web.method.support.InvocableHandlerMethod.doInvoke(InvocableHandlerMethod.java:252)
	at org.springframework.web.method.support.InvocableHandlerMethod.invokeForRequest(InvocableHandlerMethod.java:184)
	at org.springframework.web.servlet.mvc.method.annotation.ServletInvocableHandlerMethod.invokeAndHandle(ServletInvocableHandlerMethod.java:117)
	at org.springframework.web.servlet.mvc.method.annotation.RequestMappingHandlerAdapter.invokeHandlerMethod(RequestMappingHandlerAdapter.java:934)
	at org.springframework.web.servlet.mvc.method.annotation.RequestMappingHandlerAdapter.handleInternal(RequestMappingHandlerAdapter.java:853)
	at org.springframework.web.servlet.mvc.method.AbstractHandlerMethodAdapter.handle(AbstractHandlerMethodAdapter.java:86)
	at org.springframework.web.servlet.DispatcherServlet.doDispatch(DispatcherServlet.java:963)
	at org.springframework.web.servlet.DispatcherServlet.doService(DispatcherServlet.java:866)
	at org.springframework.web.servlet.FrameworkServlet.processRequest(FrameworkServlet.java:1000)
	at org.springframework.web.servlet.FrameworkServlet.doPost(FrameworkServlet.java:903)
	at jakarta.servlet.http.HttpServlet.service(HttpServlet.java:649)
	at org.springframework.web.servlet.FrameworkServlet.service(FrameworkServlet.java:874)
	at jakarta.servlet.http.HttpServlet.service(HttpServlet.java:710)
	at org.apache.catalina.core.ApplicationFilterChain.doFilter(ApplicationFilterChain.java:128)
	at org.apache.tomcat.websocket.server.WsFilter.doFilter(WsFilter.java:53)
	at org.apache.catalina.core.ApplicationFilterChain.doFilter(ApplicationFilterChain.java:107)
	at org.springframework.web.filter.OncePerRequestFilter.doFilter(OncePerRequestFilter.java:110)
	at org.apache.catalina.core.ApplicationFilterChain.doFilter(ApplicationFilterChain.java:107)
	at org.springframework.web.filter.CompositeFilter$VirtualFilterChain.doFilter(CompositeFilter.java:108)
	at org.springframework.security.web.FilterChainProxy.lambda$doFilterInternal$3(FilterChainProxy.java:235)
	at org.springframework.security.web.FilterChainProxy$VirtualFilterChain.doFilter(FilterChainProxy.java:371)
	at org.springframework.security.web.access.intercept.AuthorizationFilter.doFilter(AuthorizationFilter.java:101)
	at org.springframework.security.web.FilterChainProxy$VirtualFilterChain.doFilter(FilterChainProxy.java:380)
	at org.springframework.security.web.access.ExceptionTranslationFilter.doFilter(ExceptionTranslationFilter.java:126)
	at org.springframework.security.web.access.ExceptionTranslationFilter.doFilter(ExceptionTranslationFilter.java:120)
	at org.springframework.security.web.FilterChainProxy$VirtualFilterChain.doFilter(FilterChainProxy.java:380)
	at org.springframework.security.web.authentication.AnonymousAuthenticationFilter.doFilter(AnonymousAuthenticationFilter.java:100)
	at org.springframework.security.web.FilterChainProxy$VirtualFilterChain.doFilter(FilterChainProxy.java:380)
	at org.springframework.security.web.servletapi.SecurityContextHolderAwareRequestFilter.doFilter(SecurityContextHolderAwareRequestFilter.java:181)
	at org.springframework.security.web.FilterChainProxy$VirtualFilterChain.doFilter(FilterChainProxy.java:380)
	at org.springframework.security.web.savedrequest.RequestCacheAwareFilter.doFilter(RequestCacheAwareFilter.java:63)
	at org.springframework.security.web.FilterChainProxy$VirtualFilterChain.doFilter(FilterChainProxy.java:380)
	at com.example.BookingApplication.Filter.Filterjwt.doFilterInternal(Filterjwt.java:48)
	at org.springframework.web.filter.OncePerRequestFilter.doFilter(OncePerRequestFilter.java:116)
	at org.springframework.security.web.FilterChainProxy$VirtualFilterChain.doFilter(FilterChainProxy.java:380)
	at org.springframework.security.web.authentication.logout.LogoutFilter.doFilter(LogoutFilter.java:110)
	at org.springframework.security.web.authentication.logout.LogoutFilter.doFilter(LogoutFilter.java:96)
	at org.springframework.security.web.FilterChainProxy$VirtualFilterChain.doFilter(FilterChainProxy.java:380)
	at org.springframework.security.web.header.HeaderWriterFilter.doHeadersAfter(HeaderWriterFilter.java:90)
	at org.springframework.security.web.header.HeaderWriterFilter.doFilterInternal(HeaderWriterFilter.java:75)
	at org.springframework.web.filter.OncePerRequestFilter.doFilter(OncePerRequestFilter.java:116)
	at org.springframework.security.web.FilterChainProxy$VirtualFilterChain.doFilter(FilterChainProxy.java:380)
	at org.springframework.security.web.context.SecurityContextHolderFilter.doFilter(SecurityContextHolderFilter.java:82)
	at org.springframework.security.web.context.SecurityContextHolderFilter.doFilter(SecurityContextHolderFilter.java:69)
	at org.springframework.security.web.FilterChainProxy$VirtualFilterChain.doFilter(FilterChainProxy.java:380)
	at org.springframework.security.web.context.request.async.WebAsyncManagerIntegrationFilter.doFilterInternal(WebAsyncManagerIntegrationFilter.java:62)
	at org.springframework.web.filter.OncePerRequestFilter.doFilter(OncePerRequestFilter.java:116)
	at org.springframework.security.web.FilterChainProxy$VirtualFilterChain.doFilter(FilterChainProxy.java:380)
	at org.springframework.security.web.session.DisableEncodeUrlFilter.doFilterInternal(DisableEncodeUrlFilter.java:42)
	at org.springframework.web.filter.OncePerRequestFilter.doFilter(OncePerRequestFilter.java:116)
	at org.springframework.security.web.FilterChainProxy$VirtualFilterChain.doFilter(FilterChainProxy.java:380)
	at org.springframework.security.web.FilterChainProxy.doFilterInternal(FilterChainProxy.java:237)
	at org.springframework.security.web.FilterChainProxy.doFilter(FilterChainProxy.java:195)
	at org.springframework.web.filter.CompositeFilter$VirtualFilterChain.doFilter(CompositeFilter.java:113)
	at org.springframework.web.filter.ServletRequestPathFilter.doFilter(ServletRequestPathFilter.java:52)
	at org.springframework.web.filter.CompositeFilter$VirtualFilterChain.doFilter(CompositeFilter.java:113)
	at org.springframework.web.filter.CompositeFilter.doFilter(CompositeFilter.java:74)
	at org.springframework.security.config.annotation.web.configuration.WebSecurityConfiguration$CompositeFilterChainProxy.doFilter(WebSecurityConfiguration.java:317)
	at org.springframework.web.filter.DelegatingFilterProxy.invokeDelegate(DelegatingFilterProxy.java:355)
	at org.springframework.web.filter.DelegatingFilterProxy.doFilter(DelegatingFilterProxy.java:272)
	at org.apache.catalina.core.ApplicationFilterChain.doFilter(ApplicationFilterChain.java:107)
	at org.springframework.web.filter.RequestContextFilter.doFilterInternal(RequestContextFilter.java:100)
	at org.springframework.web.filter.OncePerRequestFilter.doFilter(OncePerRequestFilter.java:116)
	at org.apache.catalina.core.ApplicationFilterChain.doFilter(ApplicationFilterChain.java:107)
	at org.springframework.web.filter.FormContentFilter.doFilterInternal(FormContentFilter.java:93)
	at org.springframework.web.filter.OncePerRequestFilter.doFilter(OncePerRequestFilter.java:116)
	at org.apache.catalina.core.ApplicationFilterChain.doFilter(ApplicationFilterChain.java:107)
	at org.springframework.web.filter.CharacterEncodingFilter.doFilterInternal(CharacterEncodingFilter.java:199)
	at org.springframework.web.filter.OncePerRequestFilter.doFilter(OncePerRequestFilter.java:116)
	at org.apache.catalina.core.ApplicationFilterChain.doFilter(ApplicationFilterChain.java:107)
	at org.apache.catalina.core.StandardWrapperValve.invoke(StandardWrapperValve.java:165)
	at org.apache.catalina.core.StandardContextValve.invoke(StandardContextValve.java:77)
	at org.apache.catalina.authenticator.AuthenticatorBase.invoke(AuthenticatorBase.java:492)
	at org.apache.catalina.core.StandardHostValve.invoke(StandardHostValve.java:113)
	at org.apache.catalina.valves.ErrorReportValve.invoke(ErrorReportValve.java:83)
	at org.apache.catalina.core.StandardEngineValve.invoke(StandardEngineValve.java:72)
	at org.apache.catalina.connector.CoyoteAdapter.service(CoyoteAdapter.java:341)
	at org.apache.coyote.http11.Http11Processor.service(Http11Processor.java:397)
	at org.apache.coyote.AbstractProcessorLight.process(AbstractProcessorLight.java:63)
	at org.apache.coyote.AbstractProtocol$ConnectionHandler.process(AbstractProtocol.java:903)
	at org.apache.tomcat.util.net.NioEndpoint$SocketProcessor.doRun(NioEndpoint.java:1779)
	at org.apache.tomcat.util.net.SocketProcessorBase.run(SocketProcessorBase.java:52)
	at org.apache.tomcat.util.threads.ThreadPoolExecutor.runWorker(ThreadPoolExecutor.java:946)
	at org.apache.tomcat.util.threads.ThreadPoolExecutor$Worker.run(ThreadPoolExecutor.java:480)
	at org.apache.tomcat.util.threads.TaskThread$WrappingRunnable.run(TaskThread.java:57)
	at java.base/java.lang.Thread.run(Thread.java:1583)
2026-03-21 21:44:44 [SpringApplicationShutdownHook] INFO  org.springframework.boot.tomcat.GracefulShutdown - Commencing graceful shutdown. Waiting for active requests to complete
2026-03-21 21:44:44 [tomcat-shutdown] INFO  org.springframework.boot.tomcat.GracefulShutdown - Graceful shutdown complete
2026-03-21 21:44:45 [main] INFO  com.example.BookingApplication.BookingApplication - Starting BookingApplication using Java 21.0.7 with PID 11212 (C:\Users\ADMIN\Downloads\BookingApplication\BookingApplication\target\classes started by ADMIN in C:\Users\ADMIN\Downloads\BookingApplication)
2026-03-21 21:44:45 [main] INFO  com.example.BookingApplication.BookingApplication - No active profile set, falling back to 1 default profile: "default"
2026-03-21 21:44:46 [main] INFO  org.springframework.data.repository.config.RepositoryConfigurationDelegate - Bootstrapping Spring Data MongoDB repositories in DEFAULT mode.
2026-03-21 21:44:46 [main] INFO  org.springframework.data.repository.config.RepositoryConfigurationDelegate - Finished Spring Data repository scanning in 41 ms. Found 3 MongoDB repository interfaces.
2026-03-21 21:44:46 [main] INFO  org.springframework.boot.tomcat.TomcatWebServer - Tomcat initialized with port 8080 (http)
2026-03-21 21:44:46 [main] INFO  org.apache.coyote.http11.Http11NioProtocol - Initializing ProtocolHandler ["http-nio-8080"]
2026-03-21 21:44:46 [main] INFO  org.apache.catalina.core.StandardService - Starting service [Tomcat]
2026-03-21 21:44:46 [main] INFO  org.apache.catalina.core.StandardEngine - Starting Servlet engine: [Apache Tomcat/11.0.18]
2026-03-21 21:44:46 [main] INFO  org.springframework.boot.web.context.servlet.WebApplicationContextInitializer - Root WebApplicationContext: initialization completed in 862 ms
2026-03-21 21:44:46 [cluster-ClusterId{value='69bec3f619fc808ed84a80d4', description='null'}-srv-cluster0.en0pykp.mongodb.net] INFO  org.mongodb.driver.cluster - Adding discovered server ac-aoerbz6-shard-00-01.en0pykp.mongodb.net:27017 to client view of cluster
2026-03-21 21:44:46 [main] INFO  org.mongodb.driver.client - MongoClient with metadata {"driver": {"name": "mongo-java-driver|spring-boot|sync", "version": "5.6.4"}, "os": {"type": "Windows", "name": "Windows 11", "architecture": "amd64", "version": "10.0"}, "platform": "Java/Oracle Corporation/21.0.7+8-LTS-245"} created with settings MongoClientSettings{readPreference=primary, writeConcern=WriteConcern{w=majority, wTimeout=null ms, journal=null}, retryWrites=true, retryReads=true, readConcern=ReadConcern{level=null}, credential=MongoCredential{mechanism=null, userName='root', source='admin', password=<hidden>, mechanismProperties=<hidden>}, transportSettings=null, commandListeners=[], codecRegistry=ProvidersCodecRegistry{codecProviders=[ValueCodecProvider{}, BsonValueCodecProvider{}, DBRefCodecProvider{}, DBObjectCodecProvider{}, DocumentCodecProvider{}, CollectionCodecProvider{}, IterableCodecProvider{}, MapCodecProvider{}, GeoJsonCodecProvider{}, GridFSFileCodecProvider{}, Jsr310CodecProvider{}, JsonObjectCodecProvider{}, BsonCodecProvider{}, com.mongodb.client.model.mql.ExpressionCodecProvider@59303963, com.mongodb.Jep395RecordCodecProvider@61e86192, com.mongodb.KotlinCodecProvider@34330f77, EnumCodecProvider{}]}, loggerSettings=LoggerSettings{maxDocumentLength=1000}, clusterSettings={hosts=[127.0.0.1:27017], srvHost=cluster0.en0pykp.mongodb.net, srvServiceName=mongodb, mode=MULTIPLE, requiredClusterType=REPLICA_SET, requiredReplicaSetName='atlas-zt48hn-shard-0', serverSelector='null', clusterListeners='[]', serverSelectionTimeout='30000 ms', localThreshold='15 ms'}, socketSettings=SocketSettings{connectTimeoutMS=10000, readTimeoutMS=0, receiveBufferSize=0, proxySettings=ProxySettings{host=null, port=null, username=null, password=null}}, heartbeatSocketSettings=SocketSettings{connectTimeoutMS=10000, readTimeoutMS=10000, receiveBufferSize=0, proxySettings=ProxySettings{host=null, port=null, username=null, password=null}}, connectionPoolSettings=ConnectionPoolSettings{maxSize=100, minSize=0, maxWaitTimeMS=120000, maxConnectionLifeTimeMS=0, maxConnectionIdleTimeMS=0, maintenanceInitialDelayMS=0, maintenanceFrequencyMS=60000, connectionPoolListeners=[], maxConnecting=2}, serverSettings=ServerSettings{heartbeatFrequencyMS=10000, minHeartbeatFrequencyMS=500, serverMonitoringMode=AUTO, serverListeners='[]', serverMonitorListeners='[]'}, sslSettings=SslSettings{enabled=true, invalidHostNameAllowed=false, context=null}, applicationName='null', compressorList=[], uuidRepresentation=UNSPECIFIED, serverApi=null, autoEncryptionSettings=null, dnsClient=null, inetAddressResolver=null, contextProvider=null, timeoutMS=null}
2026-03-21 21:44:46 [cluster-ClusterId{value='69bec3f619fc808ed84a80d4', description='null'}-srv-cluster0.en0pykp.mongodb.net] INFO  org.mongodb.driver.cluster - Adding discovered server ac-aoerbz6-shard-00-00.en0pykp.mongodb.net:27017 to client view of cluster
2026-03-21 21:44:46 [cluster-ClusterId{value='69bec3f619fc808ed84a80d4', description='null'}-srv-cluster0.en0pykp.mongodb.net] INFO  org.mongodb.driver.cluster - Adding discovered server ac-aoerbz6-shard-00-02.en0pykp.mongodb.net:27017 to client view of cluster
2026-03-21 21:44:47 [main] WARN  com.password4j.PropertyReader - bcrypt minor version is not defined. Default value is used (b). Please set property hash.bcrypt.minor in your psw4j.properties file.
2026-03-21 21:44:47 [main] WARN  com.password4j.PropertyReader - bcrypt rounds are not defined. Default value is used (10). Please set property hash.bcrypt.rounds in your psw4j.properties file.
2026-03-21 21:44:47 [main] INFO  org.springframework.security.config.annotation.authentication.configuration.InitializeUserDetailsBeanManagerConfigurer$InitializeUserDetailsManagerConfigurer - Global AuthenticationManager configured with UserDetailsService bean with name userDetailsImpl
2026-03-21 21:44:47 [cluster-ClusterId{value='69bec3f619fc808ed84a80d4', description='null'}-ac-aoerbz6-shard-00-02.en0pykp.mongodb.net:27017] INFO  org.mongodb.driver.cluster - Monitor thread successfully connected to server with description ServerDescription{address=ac-aoerbz6-shard-00-02.en0pykp.mongodb.net:27017, type=REPLICA_SET_PRIMARY, cryptd=false, state=CONNECTED, ok=true, minWireVersion=0, maxWireVersion=25, maxDocumentSize=16777216, logicalSessionTimeoutMinutes=30, roundTripTimeNanos=385073400, minRoundTripTimeNanos=0, setName='atlas-zt48hn-shard-0', canonicalAddress=ac-aoerbz6-shard-00-02.en0pykp.mongodb.net:27017, hosts=[ac-aoerbz6-shard-00-01.en0pykp.mongodb.net:27017, ac-aoerbz6-shard-00-00.en0pykp.mongodb.net:27017, ac-aoerbz6-shard-00-02.en0pykp.mongodb.net:27017], passives=[], arbiters=[], primary='ac-aoerbz6-shard-00-02.en0pykp.mongodb.net:27017', tagSet=TagSet{[Tag{name='availabilityZone', value='aps1-az2'}, Tag{name='diskState', value='READY'}, Tag{name='nodeType', value='ELECTABLE'}, Tag{name='provider', value='AWS'}, Tag{name='region', value='AP_SOUTH_1'}, Tag{name='workloadType', value='OPERATIONAL'}]}, electionId=7fffffff0000000000000156, setVersion=391, topologyVersion=TopologyVersion{processId=69b859a89b4f2018f8b26ac6, counter=6}, lastWriteDate=Sat Mar 21 21:44:46 IST 2026, lastUpdateTimeNanos=16053689580200}
2026-03-21 21:44:47 [cluster-ClusterId{value='69bec3f619fc808ed84a80d4', description='null'}-ac-aoerbz6-shard-00-02.en0pykp.mongodb.net:27017] INFO  org.mongodb.driver.cluster - Discovered replica set primary ac-aoerbz6-shard-00-02.en0pykp.mongodb.net:27017 with max election id 7fffffff0000000000000156 and max set version 391
2026-03-21 21:44:47 [cluster-ClusterId{value='69bec3f619fc808ed84a80d4', description='null'}-ac-aoerbz6-shard-00-01.en0pykp.mongodb.net:27017] INFO  org.mongodb.driver.cluster - Monitor thread successfully connected to server with description ServerDescription{address=ac-aoerbz6-shard-00-01.en0pykp.mongodb.net:27017, type=REPLICA_SET_SECONDARY, cryptd=false, state=CONNECTED, ok=true, minWireVersion=0, maxWireVersion=25, maxDocumentSize=16777216, logicalSessionTimeoutMinutes=30, roundTripTimeNanos=379868000, minRoundTripTimeNanos=0, setName='atlas-zt48hn-shard-0', canonicalAddress=ac-aoerbz6-shard-00-01.en0pykp.mongodb.net:27017, hosts=[ac-aoerbz6-shard-00-01.en0pykp.mongodb.net:27017, ac-aoerbz6-shard-00-00.en0pykp.mongodb.net:27017, ac-aoerbz6-shard-00-02.en0pykp.mongodb.net:27017], passives=[], arbiters=[], primary='ac-aoerbz6-shard-00-02.en0pykp.mongodb.net:27017', tagSet=TagSet{[Tag{name='availabilityZone', value='aps1-az3'}, Tag{name='diskState', value='READY'}, Tag{name='nodeType', value='ELECTABLE'}, Tag{name='provider', value='AWS'}, Tag{name='region', value='AP_SOUTH_1'}, Tag{name='workloadType', value='OPERATIONAL'}]}, electionId=null, setVersion=391, topologyVersion=TopologyVersion{processId=69b85ccb4b84e800f9f6512d, counter=3}, lastWriteDate=Sat Mar 21 21:44:46 IST 2026, lastUpdateTimeNanos=16053696962800}
2026-03-21 21:44:47 [main] INFO  org.apache.coyote.http11.Http11NioProtocol - Starting ProtocolHandler ["http-nio-8080"]
2026-03-21 21:44:47 [main] INFO  org.springframework.boot.tomcat.TomcatWebServer - Tomcat started on port 8080 (http) with context path '/'
2026-03-21 21:44:47 [main] INFO  com.example.BookingApplication.BookingApplication - Started BookingApplication in 2.088 seconds (process running for 2.524)
2026-03-21 21:44:48 [cluster-ClusterId{value='69bec3f619fc808ed84a80d4', description='null'}-ac-aoerbz6-shard-00-00.en0pykp.mongodb.net:27017] INFO  org.mongodb.driver.cluster - Monitor thread successfully connected to server with description ServerDescription{address=ac-aoerbz6-shard-00-00.en0pykp.mongodb.net:27017, type=REPLICA_SET_SECONDARY, cryptd=false, state=CONNECTED, ok=true, minWireVersion=0, maxWireVersion=25, maxDocumentSize=16777216, logicalSessionTimeoutMinutes=30, roundTripTimeNanos=1259220200, minRoundTripTimeNanos=0, setName='atlas-zt48hn-shard-0', canonicalAddress=ac-aoerbz6-shard-00-00.en0pykp.mongodb.net:27017, hosts=[ac-aoerbz6-shard-00-01.en0pykp.mongodb.net:27017, ac-aoerbz6-shard-00-00.en0pykp.mongodb.net:27017, ac-aoerbz6-shard-00-02.en0pykp.mongodb.net:27017], passives=[], arbiters=[], primary='ac-aoerbz6-shard-00-02.en0pykp.mongodb.net:27017', tagSet=TagSet{[Tag{name='availabilityZone', value='aps1-az1'}, Tag{name='diskState', value='READY'}, Tag{name='nodeType', value='ELECTABLE'}, Tag{name='provider', value='AWS'}, Tag{name='region', value='AP_SOUTH_1'}, Tag{name='workloadType', value='OPERATIONAL'}]}, electionId=null, setVersion=391, topologyVersion=TopologyVersion{processId=69b855abb14686967b76fdd6, counter=4}, lastWriteDate=Sat Mar 21 21:44:46 IST 2026, lastUpdateTimeNanos=16054568382600}
2026-03-21 21:44:52 [http-nio-8080-exec-1] INFO  org.apache.catalina.core.ContainerBase.[Tomcat].[localhost].[/] - Initializing Spring DispatcherServlet 'dispatcherServlet'
2026-03-21 21:44:52 [http-nio-8080-exec-1] INFO  org.springframework.web.servlet.DispatcherServlet - Initializing Servlet 'dispatcherServlet'
2026-03-21 21:44:52 [http-nio-8080-exec-1] INFO  org.springframework.web.servlet.DispatcherServlet - Completed initialization in 1 ms
2026-03-21 21:44:53 [http-nio-8080-exec-1] ERROR org.apache.catalina.core.ContainerBase.[Tomcat].[localhost].[/].[dispatcherServlet] - Servlet.service() for servlet [dispatcherServlet] in context with path [] threw exception [Request processing failed: java.lang.RuntimeException: Quantity is required. Add `quantity` to `line_items[0]`; request-id: req_d2Y0MezjE5UyIj] with root cause
java.lang.RuntimeException: Quantity is required. Add `quantity` to `line_items[0]`; request-id: req_d2Y0MezjE5UyIj
	at com.example.BookingApplication.Service.PaymentService.checkOut(PaymentService.java:51)
	at com.example.BookingApplication.Controllers.MemberController.Checkout(MemberController.java:41)
	at java.base/jdk.internal.reflect.DirectMethodHandleAccessor.invoke(DirectMethodHandleAccessor.java:103)
	at java.base/java.lang.reflect.Method.invoke(Method.java:580)
	at org.springframework.web.method.support.InvocableHandlerMethod.doInvoke(InvocableHandlerMethod.java:252)
	at org.springframework.web.method.support.InvocableHandlerMethod.invokeForRequest(InvocableHandlerMethod.java:184)
	at org.springframework.web.servlet.mvc.method.annotation.ServletInvocableHandlerMethod.invokeAndHandle(ServletInvocableHandlerMethod.java:117)
	at org.springframework.web.servlet.mvc.method.annotation.RequestMappingHandlerAdapter.invokeHandlerMethod(RequestMappingHandlerAdapter.java:934)
	at org.springframework.web.servlet.mvc.method.annotation.RequestMappingHandlerAdapter.handleInternal(RequestMappingHandlerAdapter.java:853)
	at org.springframework.web.servlet.mvc.method.AbstractHandlerMethodAdapter.handle(AbstractHandlerMethodAdapter.java:86)
	at org.springframework.web.servlet.DispatcherServlet.doDispatch(DispatcherServlet.java:963)
	at org.springframework.web.servlet.DispatcherServlet.doService(DispatcherServlet.java:866)
	at org.springframework.web.servlet.FrameworkServlet.processRequest(FrameworkServlet.java:1000)
	at org.springframework.web.servlet.FrameworkServlet.doPost(FrameworkServlet.java:903)
	at jakarta.servlet.http.HttpServlet.service(HttpServlet.java:649)
	at org.springframework.web.servlet.FrameworkServlet.service(FrameworkServlet.java:874)
	at jakarta.servlet.http.HttpServlet.service(HttpServlet.java:710)
	at org.apache.catalina.core.ApplicationFilterChain.doFilter(ApplicationFilterChain.java:128)
	at org.apache.tomcat.websocket.server.WsFilter.doFilter(WsFilter.java:53)
	at org.apache.catalina.core.ApplicationFilterChain.doFilter(ApplicationFilterChain.java:107)
	at org.springframework.web.filter.OncePerRequestFilter.doFilter(OncePerRequestFilter.java:110)
	at org.apache.catalina.core.ApplicationFilterChain.doFilter(ApplicationFilterChain.java:107)
	at org.springframework.web.filter.CompositeFilter$VirtualFilterChain.doFilter(CompositeFilter.java:108)
	at org.springframework.security.web.FilterChainProxy.lambda$doFilterInternal$3(FilterChainProxy.java:235)
	at org.springframework.security.web.FilterChainProxy$VirtualFilterChain.doFilter(FilterChainProxy.java:371)
	at org.springframework.security.web.access.intercept.AuthorizationFilter.doFilter(AuthorizationFilter.java:101)
	at org.springframework.security.web.FilterChainProxy$VirtualFilterChain.doFilter(FilterChainProxy.java:380)
	at org.springframework.security.web.access.ExceptionTranslationFilter.doFilter(ExceptionTranslationFilter.java:126)
	at org.springframework.security.web.access.ExceptionTranslationFilter.doFilter(ExceptionTranslationFilter.java:120)
	at org.springframework.security.web.FilterChainProxy$VirtualFilterChain.doFilter(FilterChainProxy.java:380)
	at org.springframework.security.web.authentication.AnonymousAuthenticationFilter.doFilter(AnonymousAuthenticationFilter.java:100)
	at org.springframework.security.web.FilterChainProxy$VirtualFilterChain.doFilter(FilterChainProxy.java:380)
	at org.springframework.security.web.servletapi.SecurityContextHolderAwareRequestFilter.doFilter(SecurityContextHolderAwareRequestFilter.java:181)
	at org.springframework.security.web.FilterChainProxy$VirtualFilterChain.doFilter(FilterChainProxy.java:380)
	at org.springframework.security.web.savedrequest.RequestCacheAwareFilter.doFilter(RequestCacheAwareFilter.java:63)
	at org.springframework.security.web.FilterChainProxy$VirtualFilterChain.doFilter(FilterChainProxy.java:380)
	at com.example.BookingApplication.Filter.Filterjwt.doFilterInternal(Filterjwt.java:48)
	at org.springframework.web.filter.OncePerRequestFilter.doFilter(OncePerRequestFilter.java:116)
	at org.springframework.security.web.FilterChainProxy$VirtualFilterChain.doFilter(FilterChainProxy.java:380)
	at org.springframework.security.web.authentication.logout.LogoutFilter.doFilter(LogoutFilter.java:110)
	at org.springframework.security.web.authentication.logout.LogoutFilter.doFilter(LogoutFilter.java:96)
	at org.springframework.security.web.FilterChainProxy$VirtualFilterChain.doFilter(FilterChainProxy.java:380)
	at org.springframework.security.web.header.HeaderWriterFilter.doHeadersAfter(HeaderWriterFilter.java:90)
	at org.springframework.security.web.header.HeaderWriterFilter.doFilterInternal(HeaderWriterFilter.java:75)
	at org.springframework.web.filter.OncePerRequestFilter.doFilter(OncePerRequestFilter.java:116)
	at org.springframework.security.web.FilterChainProxy$VirtualFilterChain.doFilter(FilterChainProxy.java:380)
	at org.springframework.security.web.context.SecurityContextHolderFilter.doFilter(SecurityContextHolderFilter.java:82)
	at org.springframework.security.web.context.SecurityContextHolderFilter.doFilter(SecurityContextHolderFilter.java:69)
	at org.springframework.security.web.FilterChainProxy$VirtualFilterChain.doFilter(FilterChainProxy.java:380)
	at org.springframework.security.web.context.request.async.WebAsyncManagerIntegrationFilter.doFilterInternal(WebAsyncManagerIntegrationFilter.java:62)
	at org.springframework.web.filter.OncePerRequestFilter.doFilter(OncePerRequestFilter.java:116)
	at org.springframework.security.web.FilterChainProxy$VirtualFilterChain.doFilter(FilterChainProxy.java:380)
	at org.springframework.security.web.session.DisableEncodeUrlFilter.doFilterInternal(DisableEncodeUrlFilter.java:42)
	at org.springframework.web.filter.OncePerRequestFilter.doFilter(OncePerRequestFilter.java:116)
	at org.springframework.security.web.FilterChainProxy$VirtualFilterChain.doFilter(FilterChainProxy.java:380)
	at org.springframework.security.web.FilterChainProxy.doFilterInternal(FilterChainProxy.java:237)
	at org.springframework.security.web.FilterChainProxy.doFilter(FilterChainProxy.java:195)
	at org.springframework.web.filter.CompositeFilter$VirtualFilterChain.doFilter(CompositeFilter.java:113)
	at org.springframework.web.filter.ServletRequestPathFilter.doFilter(ServletRequestPathFilter.java:52)
	at org.springframework.web.filter.CompositeFilter$VirtualFilterChain.doFilter(CompositeFilter.java:113)
	at org.springframework.web.filter.CompositeFilter.doFilter(CompositeFilter.java:74)
	at org.springframework.security.config.annotation.web.configuration.WebSecurityConfiguration$CompositeFilterChainProxy.doFilter(WebSecurityConfiguration.java:317)
	at org.springframework.web.filter.DelegatingFilterProxy.invokeDelegate(DelegatingFilterProxy.java:355)
	at org.springframework.web.filter.DelegatingFilterProxy.doFilter(DelegatingFilterProxy.java:272)
	at org.apache.catalina.core.ApplicationFilterChain.doFilter(ApplicationFilterChain.java:107)
	at org.springframework.web.filter.RequestContextFilter.doFilterInternal(RequestContextFilter.java:100)
	at org.springframework.web.filter.OncePerRequestFilter.doFilter(OncePerRequestFilter.java:116)
	at org.apache.catalina.core.ApplicationFilterChain.doFilter(ApplicationFilterChain.java:107)
	at org.springframework.web.filter.FormContentFilter.doFilterInternal(FormContentFilter.java:93)
	at org.springframework.web.filter.OncePerRequestFilter.doFilter(OncePerRequestFilter.java:116)
	at org.apache.catalina.core.ApplicationFilterChain.doFilter(ApplicationFilterChain.java:107)
	at org.springframework.web.filter.CharacterEncodingFilter.doFilterInternal(CharacterEncodingFilter.java:199)
	at org.springframework.web.filter.OncePerRequestFilter.doFilter(OncePerRequestFilter.java:116)
	at org.apache.catalina.core.ApplicationFilterChain.doFilter(ApplicationFilterChain.java:107)
	at org.apache.catalina.core.StandardWrapperValve.invoke(StandardWrapperValve.java:165)
	at org.apache.catalina.core.StandardContextValve.invoke(StandardContextValve.java:77)
	at org.apache.catalina.authenticator.AuthenticatorBase.invoke(AuthenticatorBase.java:492)
	at org.apache.catalina.core.StandardHostValve.invoke(StandardHostValve.java:113)
	at org.apache.catalina.valves.ErrorReportValve.invoke(ErrorReportValve.java:83)
	at org.apache.catalina.core.StandardEngineValve.invoke(StandardEngineValve.java:72)
	at org.apache.catalina.connector.CoyoteAdapter.service(CoyoteAdapter.java:341)
	at org.apache.coyote.http11.Http11Processor.service(Http11Processor.java:397)
	at org.apache.coyote.AbstractProcessorLight.process(AbstractProcessorLight.java:63)
	at org.apache.coyote.AbstractProtocol$ConnectionHandler.process(AbstractProtocol.java:903)
	at org.apache.tomcat.util.net.NioEndpoint$SocketProcessor.doRun(NioEndpoint.java:1779)
	at org.apache.tomcat.util.net.SocketProcessorBase.run(SocketProcessorBase.java:52)
	at org.apache.tomcat.util.threads.ThreadPoolExecutor.runWorker(ThreadPoolExecutor.java:946)
	at org.apache.tomcat.util.threads.ThreadPoolExecutor$Worker.run(ThreadPoolExecutor.java:480)
	at org.apache.tomcat.util.threads.TaskThread$WrappingRunnable.run(TaskThread.java:57)
	at java.base/java.lang.Thread.run(Thread.java:1583)
2026-03-21 21:47:03 [SpringApplicationShutdownHook] INFO  org.springframework.boot.tomcat.GracefulShutdown - Commencing graceful shutdown. Waiting for active requests to complete
2026-03-21 21:47:03 [tomcat-shutdown] INFO  org.springframework.boot.tomcat.GracefulShutdown - Graceful shutdown complete
2026-03-21 21:47:05 [main] INFO  com.example.BookingApplication.BookingApplication - Starting BookingApplication using Java 21.0.7 with PID 21820 (C:\Users\ADMIN\Downloads\BookingApplication\BookingApplication\target\classes started by ADMIN in C:\Users\ADMIN\Downloads\BookingApplication)
2026-03-21 21:47:05 [main] INFO  com.example.BookingApplication.BookingApplication - No active profile set, falling back to 1 default profile: "default"
2026-03-21 21:47:06 [main] INFO  org.springframework.data.repository.config.RepositoryConfigurationDelegate - Bootstrapping Spring Data MongoDB repositories in DEFAULT mode.
2026-03-21 21:47:06 [main] INFO  org.springframework.data.repository.config.RepositoryConfigurationDelegate - Finished Spring Data repository scanning in 33 ms. Found 3 MongoDB repository interfaces.
2026-03-21 21:47:06 [main] INFO  org.springframework.boot.tomcat.TomcatWebServer - Tomcat initialized with port 8080 (http)
2026-03-21 21:47:06 [main] INFO  org.apache.coyote.http11.Http11NioProtocol - Initializing ProtocolHandler ["http-nio-8080"]
2026-03-21 21:47:06 [main] INFO  org.apache.catalina.core.StandardService - Starting service [Tomcat]
2026-03-21 21:47:06 [main] INFO  org.apache.catalina.core.StandardEngine - Starting Servlet engine: [Apache Tomcat/11.0.18]
2026-03-21 21:47:06 [main] INFO  org.springframework.boot.web.context.servlet.WebApplicationContextInitializer - Root WebApplicationContext: initialization completed in 847 ms
2026-03-21 21:47:06 [cluster-ClusterId{value='69bec482b9bc49a09abb698c', description='null'}-srv-cluster0.en0pykp.mongodb.net] INFO  org.mongodb.driver.cluster - Adding discovered server ac-aoerbz6-shard-00-01.en0pykp.mongodb.net:27017 to client view of cluster
2026-03-21 21:47:06 [main] INFO  org.mongodb.driver.client - MongoClient with metadata {"driver": {"name": "mongo-java-driver|spring-boot|sync", "version": "5.6.4"}, "os": {"type": "Windows", "name": "Windows 11", "architecture": "amd64", "version": "10.0"}, "platform": "Java/Oracle Corporation/21.0.7+8-LTS-245"} created with settings MongoClientSettings{readPreference=primary, writeConcern=WriteConcern{w=majority, wTimeout=null ms, journal=null}, retryWrites=true, retryReads=true, readConcern=ReadConcern{level=null}, credential=MongoCredential{mechanism=null, userName='root', source='admin', password=<hidden>, mechanismProperties=<hidden>}, transportSettings=null, commandListeners=[], codecRegistry=ProvidersCodecRegistry{codecProviders=[ValueCodecProvider{}, BsonValueCodecProvider{}, DBRefCodecProvider{}, DBObjectCodecProvider{}, DocumentCodecProvider{}, CollectionCodecProvider{}, IterableCodecProvider{}, MapCodecProvider{}, GeoJsonCodecProvider{}, GridFSFileCodecProvider{}, Jsr310CodecProvider{}, JsonObjectCodecProvider{}, BsonCodecProvider{}, com.mongodb.client.model.mql.ExpressionCodecProvider@19da993b, com.mongodb.Jep395RecordCodecProvider@3380ca3d, com.mongodb.KotlinCodecProvider@23310248, EnumCodecProvider{}]}, loggerSettings=LoggerSettings{maxDocumentLength=1000}, clusterSettings={hosts=[127.0.0.1:27017], srvHost=cluster0.en0pykp.mongodb.net, srvServiceName=mongodb, mode=MULTIPLE, requiredClusterType=REPLICA_SET, requiredReplicaSetName='atlas-zt48hn-shard-0', serverSelector='null', clusterListeners='[]', serverSelectionTimeout='30000 ms', localThreshold='15 ms'}, socketSettings=SocketSettings{connectTimeoutMS=10000, readTimeoutMS=0, receiveBufferSize=0, proxySettings=ProxySettings{host=null, port=null, username=null, password=null}}, heartbeatSocketSettings=SocketSettings{connectTimeoutMS=10000, readTimeoutMS=10000, receiveBufferSize=0, proxySettings=ProxySettings{host=null, port=null, username=null, password=null}}, connectionPoolSettings=ConnectionPoolSettings{maxSize=100, minSize=0, maxWaitTimeMS=120000, maxConnectionLifeTimeMS=0, maxConnectionIdleTimeMS=0, maintenanceInitialDelayMS=0, maintenanceFrequencyMS=60000, connectionPoolListeners=[], maxConnecting=2}, serverSettings=ServerSettings{heartbeatFrequencyMS=10000, minHeartbeatFrequencyMS=500, serverMonitoringMode=AUTO, serverListeners='[]', serverMonitorListeners='[]'}, sslSettings=SslSettings{enabled=true, invalidHostNameAllowed=false, context=null}, applicationName='null', compressorList=[], uuidRepresentation=UNSPECIFIED, serverApi=null, autoEncryptionSettings=null, dnsClient=null, inetAddressResolver=null, contextProvider=null, timeoutMS=null}
2026-03-21 21:47:06 [cluster-ClusterId{value='69bec482b9bc49a09abb698c', description='null'}-srv-cluster0.en0pykp.mongodb.net] INFO  org.mongodb.driver.cluster - Adding discovered server ac-aoerbz6-shard-00-00.en0pykp.mongodb.net:27017 to client view of cluster
2026-03-21 21:47:06 [cluster-ClusterId{value='69bec482b9bc49a09abb698c', description='null'}-srv-cluster0.en0pykp.mongodb.net] INFO  org.mongodb.driver.cluster - Adding discovered server ac-aoerbz6-shard-00-02.en0pykp.mongodb.net:27017 to client view of cluster
2026-03-21 21:47:07 [main] WARN  com.password4j.PropertyReader - bcrypt minor version is not defined. Default value is used (b). Please set property hash.bcrypt.minor in your psw4j.properties file.
2026-03-21 21:47:07 [main] WARN  com.password4j.PropertyReader - bcrypt rounds are not defined. Default value is used (10). Please set property hash.bcrypt.rounds in your psw4j.properties file.
2026-03-21 21:47:07 [main] INFO  org.springframework.security.config.annotation.authentication.configuration.InitializeUserDetailsBeanManagerConfigurer$InitializeUserDetailsManagerConfigurer - Global AuthenticationManager configured with UserDetailsService bean with name userDetailsImpl
2026-03-21 21:47:07 [cluster-ClusterId{value='69bec482b9bc49a09abb698c', description='null'}-ac-aoerbz6-shard-00-01.en0pykp.mongodb.net:27017] INFO  org.mongodb.driver.cluster - Monitor thread successfully connected to server with description ServerDescription{address=ac-aoerbz6-shard-00-01.en0pykp.mongodb.net:27017, type=REPLICA_SET_SECONDARY, cryptd=false, state=CONNECTED, ok=true, minWireVersion=0, maxWireVersion=25, maxDocumentSize=16777216, logicalSessionTimeoutMinutes=30, roundTripTimeNanos=200868700, minRoundTripTimeNanos=0, setName='atlas-zt48hn-shard-0', canonicalAddress=ac-aoerbz6-shard-00-01.en0pykp.mongodb.net:27017, hosts=[ac-aoerbz6-shard-00-01.en0pykp.mongodb.net:27017, ac-aoerbz6-shard-00-00.en0pykp.mongodb.net:27017, ac-aoerbz6-shard-00-02.en0pykp.mongodb.net:27017], passives=[], arbiters=[], primary='ac-aoerbz6-shard-00-02.en0pykp.mongodb.net:27017', tagSet=TagSet{[Tag{name='availabilityZone', value='aps1-az3'}, Tag{name='diskState', value='READY'}, Tag{name='nodeType', value='ELECTABLE'}, Tag{name='provider', value='AWS'}, Tag{name='region', value='AP_SOUTH_1'}, Tag{name='workloadType', value='OPERATIONAL'}]}, electionId=null, setVersion=391, topologyVersion=TopologyVersion{processId=69b85ccb4b84e800f9f6512d, counter=3}, lastWriteDate=Sat Mar 21 21:47:06 IST 2026, lastUpdateTimeNanos=16193535213700}
2026-03-21 21:47:07 [cluster-ClusterId{value='69bec482b9bc49a09abb698c', description='null'}-ac-aoerbz6-shard-00-00.en0pykp.mongodb.net:27017] INFO  org.mongodb.driver.cluster - Monitor thread successfully connected to server with description ServerDescription{address=ac-aoerbz6-shard-00-00.en0pykp.mongodb.net:27017, type=REPLICA_SET_SECONDARY, cryptd=false, state=CONNECTED, ok=true, minWireVersion=0, maxWireVersion=25, maxDocumentSize=16777216, logicalSessionTimeoutMinutes=30, roundTripTimeNanos=185932200, minRoundTripTimeNanos=0, setName='atlas-zt48hn-shard-0', canonicalAddress=ac-aoerbz6-shard-00-00.en0pykp.mongodb.net:27017, hosts=[ac-aoerbz6-shard-00-01.en0pykp.mongodb.net:27017, ac-aoerbz6-shard-00-00.en0pykp.mongodb.net:27017, ac-aoerbz6-shard-00-02.en0pykp.mongodb.net:27017], passives=[], arbiters=[], primary='ac-aoerbz6-shard-00-02.en0pykp.mongodb.net:27017', tagSet=TagSet{[Tag{name='availabilityZone', value='aps1-az1'}, Tag{name='diskState', value='READY'}, Tag{name='nodeType', value='ELECTABLE'}, Tag{name='provider', value='AWS'}, Tag{name='region', value='AP_SOUTH_1'}, Tag{name='workloadType', value='OPERATIONAL'}]}, electionId=null, setVersion=391, topologyVersion=TopologyVersion{processId=69b855abb14686967b76fdd6, counter=4}, lastWriteDate=Sat Mar 21 21:47:06 IST 2026, lastUpdateTimeNanos=16193547718600}
2026-03-21 21:47:07 [cluster-ClusterId{value='69bec482b9bc49a09abb698c', description='null'}-ac-aoerbz6-shard-00-02.en0pykp.mongodb.net:27017] INFO  org.mongodb.driver.cluster - Monitor thread successfully connected to server with description ServerDescription{address=ac-aoerbz6-shard-00-02.en0pykp.mongodb.net:27017, type=REPLICA_SET_PRIMARY, cryptd=false, state=CONNECTED, ok=true, minWireVersion=0, maxWireVersion=25, maxDocumentSize=16777216, logicalSessionTimeoutMinutes=30, roundTripTimeNanos=304819800, minRoundTripTimeNanos=0, setName='atlas-zt48hn-shard-0', canonicalAddress=ac-aoerbz6-shard-00-02.en0pykp.mongodb.net:27017, hosts=[ac-aoerbz6-shard-00-01.en0pykp.mongodb.net:27017, ac-aoerbz6-shard-00-00.en0pykp.mongodb.net:27017, ac-aoerbz6-shard-00-02.en0pykp.mongodb.net:27017], passives=[], arbiters=[], primary='ac-aoerbz6-shard-00-02.en0pykp.mongodb.net:27017', tagSet=TagSet{[Tag{name='availabilityZone', value='aps1-az2'}, Tag{name='diskState', value='READY'}, Tag{name='nodeType', value='ELECTABLE'}, Tag{name='provider', value='AWS'}, Tag{name='region', value='AP_SOUTH_1'}, Tag{name='workloadType', value='OPERATIONAL'}]}, electionId=7fffffff0000000000000156, setVersion=391, topologyVersion=TopologyVersion{processId=69b859a89b4f2018f8b26ac6, counter=6}, lastWriteDate=Sat Mar 21 21:47:06 IST 2026, lastUpdateTimeNanos=16193743837100}
2026-03-21 21:47:07 [cluster-ClusterId{value='69bec482b9bc49a09abb698c', description='null'}-ac-aoerbz6-shard-00-02.en0pykp.mongodb.net:27017] INFO  org.mongodb.driver.cluster - Discovered replica set primary ac-aoerbz6-shard-00-02.en0pykp.mongodb.net:27017 with max election id 7fffffff0000000000000156 and max set version 391
2026-03-21 21:47:07 [main] INFO  org.apache.coyote.http11.Http11NioProtocol - Starting ProtocolHandler ["http-nio-8080"]
2026-03-21 21:47:07 [main] INFO  org.springframework.boot.tomcat.TomcatWebServer - Tomcat started on port 8080 (http) with context path '/'
2026-03-21 21:47:07 [main] INFO  com.example.BookingApplication.BookingApplication - Started BookingApplication in 2.09 seconds (process running for 2.503)
2026-03-21 21:47:14 [http-nio-8080-exec-2] INFO  org.apache.catalina.core.ContainerBase.[Tomcat].[localhost].[/] - Initializing Spring DispatcherServlet 'dispatcherServlet'
2026-03-21 21:47:14 [http-nio-8080-exec-2] INFO  org.springframework.web.servlet.DispatcherServlet - Initializing Servlet 'dispatcherServlet'
2026-03-21 21:47:14 [http-nio-8080-exec-2] INFO  org.springframework.web.servlet.DispatcherServlet - Completed initialization in 2 ms
2026-03-21 21:47:16 [http-nio-8080-exec-2] ERROR org.apache.catalina.core.ContainerBase.[Tomcat].[localhost].[/].[dispatcherServlet] - Servlet.service() for servlet [dispatcherServlet] in context with path [] threw exception [Request processing failed: java.lang.RuntimeException: You must specify either `product` or `product_data` when creating a price.; request-id: req_XlvH4KhxuN3ZO9] with root cause
java.lang.RuntimeException: You must specify either `product` or `product_data` when creating a price.; request-id: req_XlvH4KhxuN3ZO9
	at com.example.BookingApplication.Service.PaymentService.checkOut(PaymentService.java:51)
	at com.example.BookingApplication.Controllers.MemberController.Checkout(MemberController.java:41)
	at java.base/jdk.internal.reflect.DirectMethodHandleAccessor.invoke(DirectMethodHandleAccessor.java:103)
	at java.base/java.lang.reflect.Method.invoke(Method.java:580)
	at org.springframework.web.method.support.InvocableHandlerMethod.doInvoke(InvocableHandlerMethod.java:252)
	at org.springframework.web.method.support.InvocableHandlerMethod.invokeForRequest(InvocableHandlerMethod.java:184)
	at org.springframework.web.servlet.mvc.method.annotation.ServletInvocableHandlerMethod.invokeAndHandle(ServletInvocableHandlerMethod.java:117)
	at org.springframework.web.servlet.mvc.method.annotation.RequestMappingHandlerAdapter.invokeHandlerMethod(RequestMappingHandlerAdapter.java:934)
	at org.springframework.web.servlet.mvc.method.annotation.RequestMappingHandlerAdapter.handleInternal(RequestMappingHandlerAdapter.java:853)
	at org.springframework.web.servlet.mvc.method.AbstractHandlerMethodAdapter.handle(AbstractHandlerMethodAdapter.java:86)
	at org.springframework.web.servlet.DispatcherServlet.doDispatch(DispatcherServlet.java:963)
	at org.springframework.web.servlet.DispatcherServlet.doService(DispatcherServlet.java:866)
	at org.springframework.web.servlet.FrameworkServlet.processRequest(FrameworkServlet.java:1000)
	at org.springframework.web.servlet.FrameworkServlet.doPost(FrameworkServlet.java:903)
	at jakarta.servlet.http.HttpServlet.service(HttpServlet.java:649)
	at org.springframework.web.servlet.FrameworkServlet.service(FrameworkServlet.java:874)
	at jakarta.servlet.http.HttpServlet.service(HttpServlet.java:710)
	at org.apache.catalina.core.ApplicationFilterChain.doFilter(ApplicationFilterChain.java:128)
	at org.apache.tomcat.websocket.server.WsFilter.doFilter(WsFilter.java:53)
	at org.apache.catalina.core.ApplicationFilterChain.doFilter(ApplicationFilterChain.java:107)
	at org.springframework.web.filter.OncePerRequestFilter.doFilter(OncePerRequestFilter.java:110)
	at org.apache.catalina.core.ApplicationFilterChain.doFilter(ApplicationFilterChain.java:107)
	at org.springframework.web.filter.CompositeFilter$VirtualFilterChain.doFilter(CompositeFilter.java:108)
	at org.springframework.security.web.FilterChainProxy.lambda$doFilterInternal$3(FilterChainProxy.java:235)
	at org.springframework.security.web.FilterChainProxy$VirtualFilterChain.doFilter(FilterChainProxy.java:371)
	at org.springframework.security.web.access.intercept.AuthorizationFilter.doFilter(AuthorizationFilter.java:101)
	at org.springframework.security.web.FilterChainProxy$VirtualFilterChain.doFilter(FilterChainProxy.java:380)
	at org.springframework.security.web.access.ExceptionTranslationFilter.doFilter(ExceptionTranslationFilter.java:126)
	at org.springframework.security.web.access.ExceptionTranslationFilter.doFilter(ExceptionTranslationFilter.java:120)
	at org.springframework.security.web.FilterChainProxy$VirtualFilterChain.doFilter(FilterChainProxy.java:380)
	at org.springframework.security.web.authentication.AnonymousAuthenticationFilter.doFilter(AnonymousAuthenticationFilter.java:100)
	at org.springframework.security.web.FilterChainProxy$VirtualFilterChain.doFilter(FilterChainProxy.java:380)
	at org.springframework.security.web.servletapi.SecurityContextHolderAwareRequestFilter.doFilter(SecurityContextHolderAwareRequestFilter.java:181)
	at org.springframework.security.web.FilterChainProxy$VirtualFilterChain.doFilter(FilterChainProxy.java:380)
	at org.springframework.security.web.savedrequest.RequestCacheAwareFilter.doFilter(RequestCacheAwareFilter.java:63)
	at org.springframework.security.web.FilterChainProxy$VirtualFilterChain.doFilter(FilterChainProxy.java:380)
	at com.example.BookingApplication.Filter.Filterjwt.doFilterInternal(Filterjwt.java:48)
	at org.springframework.web.filter.OncePerRequestFilter.doFilter(OncePerRequestFilter.java:116)
	at org.springframework.security.web.FilterChainProxy$VirtualFilterChain.doFilter(FilterChainProxy.java:380)
	at org.springframework.security.web.authentication.logout.LogoutFilter.doFilter(LogoutFilter.java:110)
	at org.springframework.security.web.authentication.logout.LogoutFilter.doFilter(LogoutFilter.java:96)
	at org.springframework.security.web.FilterChainProxy$VirtualFilterChain.doFilter(FilterChainProxy.java:380)
	at org.springframework.security.web.header.HeaderWriterFilter.doHeadersAfter(HeaderWriterFilter.java:90)
	at org.springframework.security.web.header.HeaderWriterFilter.doFilterInternal(HeaderWriterFilter.java:75)
	at org.springframework.web.filter.OncePerRequestFilter.doFilter(OncePerRequestFilter.java:116)
	at org.springframework.security.web.FilterChainProxy$VirtualFilterChain.doFilter(FilterChainProxy.java:380)
	at org.springframework.security.web.context.SecurityContextHolderFilter.doFilter(SecurityContextHolderFilter.java:82)
	at org.springframework.security.web.context.SecurityContextHolderFilter.doFilter(SecurityContextHolderFilter.java:69)
	at org.springframework.security.web.FilterChainProxy$VirtualFilterChain.doFilter(FilterChainProxy.java:380)
	at org.springframework.security.web.context.request.async.WebAsyncManagerIntegrationFilter.doFilterInternal(WebAsyncManagerIntegrationFilter.java:62)
	at org.springframework.web.filter.OncePerRequestFilter.doFilter(OncePerRequestFilter.java:116)
	at org.springframework.security.web.FilterChainProxy$VirtualFilterChain.doFilter(FilterChainProxy.java:380)
	at org.springframework.security.web.session.DisableEncodeUrlFilter.doFilterInternal(DisableEncodeUrlFilter.java:42)
	at org.springframework.web.filter.OncePerRequestFilter.doFilter(OncePerRequestFilter.java:116)
	at org.springframework.security.web.FilterChainProxy$VirtualFilterChain.doFilter(FilterChainProxy.java:380)
	at org.springframework.security.web.FilterChainProxy.doFilterInternal(FilterChainProxy.java:237)
	at org.springframework.security.web.FilterChainProxy.doFilter(FilterChainProxy.java:195)
	at org.springframework.web.filter.CompositeFilter$VirtualFilterChain.doFilter(CompositeFilter.java:113)
	at org.springframework.web.filter.ServletRequestPathFilter.doFilter(ServletRequestPathFilter.java:52)
	at org.springframework.web.filter.CompositeFilter$VirtualFilterChain.doFilter(CompositeFilter.java:113)
	at org.springframework.web.filter.CompositeFilter.doFilter(CompositeFilter.java:74)
	at org.springframework.security.config.annotation.web.configuration.WebSecurityConfiguration$CompositeFilterChainProxy.doFilter(WebSecurityConfiguration.java:317)
	at org.springframework.web.filter.DelegatingFilterProxy.invokeDelegate(DelegatingFilterProxy.java:355)
	at org.springframework.web.filter.DelegatingFilterProxy.doFilter(DelegatingFilterProxy.java:272)
	at org.apache.catalina.core.ApplicationFilterChain.doFilter(ApplicationFilterChain.java:107)
	at org.springframework.web.filter.RequestContextFilter.doFilterInternal(RequestContextFilter.java:100)
	at org.springframework.web.filter.OncePerRequestFilter.doFilter(OncePerRequestFilter.java:116)
	at org.apache.catalina.core.ApplicationFilterChain.doFilter(ApplicationFilterChain.java:107)
	at org.springframework.web.filter.FormContentFilter.doFilterInternal(FormContentFilter.java:93)
	at org.springframework.web.filter.OncePerRequestFilter.doFilter(OncePerRequestFilter.java:116)
	at org.apache.catalina.core.ApplicationFilterChain.doFilter(ApplicationFilterChain.java:107)
	at org.springframework.web.filter.CharacterEncodingFilter.doFilterInternal(CharacterEncodingFilter.java:199)
	at org.springframework.web.filter.OncePerRequestFilter.doFilter(OncePerRequestFilter.java:116)
	at org.apache.catalina.core.ApplicationFilterChain.doFilter(ApplicationFilterChain.java:107)
	at org.apache.catalina.core.StandardWrapperValve.invoke(StandardWrapperValve.java:165)
	at org.apache.catalina.core.StandardContextValve.invoke(StandardContextValve.java:77)
	at org.apache.catalina.authenticator.AuthenticatorBase.invoke(AuthenticatorBase.java:492)
	at org.apache.catalina.core.StandardHostValve.invoke(StandardHostValve.java:113)
	at org.apache.catalina.valves.ErrorReportValve.invoke(ErrorReportValve.java:83)
	at org.apache.catalina.core.StandardEngineValve.invoke(StandardEngineValve.java:72)
	at org.apache.catalina.connector.CoyoteAdapter.service(CoyoteAdapter.java:341)
	at org.apache.coyote.http11.Http11Processor.service(Http11Processor.java:397)
	at org.apache.coyote.AbstractProcessorLight.process(AbstractProcessorLight.java:63)
	at org.apache.coyote.AbstractProtocol$ConnectionHandler.process(AbstractProtocol.java:903)
	at org.apache.tomcat.util.net.NioEndpoint$SocketProcessor.doRun(NioEndpoint.java:1779)
	at org.apache.tomcat.util.net.SocketProcessorBase.run(SocketProcessorBase.java:52)
	at org.apache.tomcat.util.threads.ThreadPoolExecutor.runWorker(ThreadPoolExecutor.java:946)
	at org.apache.tomcat.util.threads.ThreadPoolExecutor$Worker.run(ThreadPoolExecutor.java:480)
	at org.apache.tomcat.util.threads.TaskThread$WrappingRunnable.run(TaskThread.java:57)
	at java.base/java.lang.Thread.run(Thread.java:1583)
2026-03-21 21:50:33 [SpringApplicationShutdownHook] INFO  org.springframework.boot.tomcat.GracefulShutdown - Commencing graceful shutdown. Waiting for active requests to complete
2026-03-21 21:50:33 [tomcat-shutdown] INFO  org.springframework.boot.tomcat.GracefulShutdown - Graceful shutdown complete
2026-03-21 21:50:57 [main] INFO  com.example.BookingApplication.BookingApplication - Starting BookingApplication using Java 21.0.7 with PID 26556 (C:\Users\ADMIN\Downloads\BookingApplication\BookingApplication\target\classes started by ADMIN in C:\Users\ADMIN\Downloads\BookingApplication)
2026-03-21 21:50:57 [main] INFO  com.example.BookingApplication.BookingApplication - No active profile set, falling back to 1 default profile: "default"
2026-03-21 21:50:58 [main] INFO  org.springframework.data.repository.config.RepositoryConfigurationDelegate - Bootstrapping Spring Data MongoDB repositories in DEFAULT mode.
2026-03-21 21:50:58 [main] INFO  org.springframework.data.repository.config.RepositoryConfigurationDelegate - Finished Spring Data repository scanning in 36 ms. Found 3 MongoDB repository interfaces.
2026-03-21 21:50:58 [main] INFO  org.springframework.boot.tomcat.TomcatWebServer - Tomcat initialized with port 8080 (http)
2026-03-21 21:50:58 [main] INFO  org.apache.coyote.http11.Http11NioProtocol - Initializing ProtocolHandler ["http-nio-8080"]
2026-03-21 21:50:58 [main] INFO  org.apache.catalina.core.StandardService - Starting service [Tomcat]
2026-03-21 21:50:58 [main] INFO  org.apache.catalina.core.StandardEngine - Starting Servlet engine: [Apache Tomcat/11.0.18]
2026-03-21 21:50:58 [main] INFO  org.springframework.boot.web.context.servlet.WebApplicationContextInitializer - Root WebApplicationContext: initialization completed in 901 ms
2026-03-21 21:50:59 [cluster-ClusterId{value='69bec56a283bc1669ff1ea25', description='null'}-srv-cluster0.en0pykp.mongodb.net] INFO  org.mongodb.driver.cluster - Adding discovered server ac-aoerbz6-shard-00-01.en0pykp.mongodb.net:27017 to client view of cluster
2026-03-21 21:50:59 [main] INFO  org.mongodb.driver.client - MongoClient with metadata {"driver": {"name": "mongo-java-driver|spring-boot|sync", "version": "5.6.4"}, "os": {"type": "Windows", "name": "Windows 11", "architecture": "amd64", "version": "10.0"}, "platform": "Java/Oracle Corporation/21.0.7+8-LTS-245"} created with settings MongoClientSettings{readPreference=primary, writeConcern=WriteConcern{w=majority, wTimeout=null ms, journal=null}, retryWrites=true, retryReads=true, readConcern=ReadConcern{level=null}, credential=MongoCredential{mechanism=null, userName='root', source='admin', password=<hidden>, mechanismProperties=<hidden>}, transportSettings=null, commandListeners=[], codecRegistry=ProvidersCodecRegistry{codecProviders=[ValueCodecProvider{}, BsonValueCodecProvider{}, DBRefCodecProvider{}, DBObjectCodecProvider{}, DocumentCodecProvider{}, CollectionCodecProvider{}, IterableCodecProvider{}, MapCodecProvider{}, GeoJsonCodecProvider{}, GridFSFileCodecProvider{}, Jsr310CodecProvider{}, JsonObjectCodecProvider{}, BsonCodecProvider{}, com.mongodb.client.model.mql.ExpressionCodecProvider@87d9a01, com.mongodb.Jep395RecordCodecProvider@7e5b621b, com.mongodb.KotlinCodecProvider@10177794, EnumCodecProvider{}]}, loggerSettings=LoggerSettings{maxDocumentLength=1000}, clusterSettings={hosts=[127.0.0.1:27017], srvHost=cluster0.en0pykp.mongodb.net, srvServiceName=mongodb, mode=MULTIPLE, requiredClusterType=REPLICA_SET, requiredReplicaSetName='atlas-zt48hn-shard-0', serverSelector='null', clusterListeners='[]', serverSelectionTimeout='30000 ms', localThreshold='15 ms'}, socketSettings=SocketSettings{connectTimeoutMS=10000, readTimeoutMS=0, receiveBufferSize=0, proxySettings=ProxySettings{host=null, port=null, username=null, password=null}}, heartbeatSocketSettings=SocketSettings{connectTimeoutMS=10000, readTimeoutMS=10000, receiveBufferSize=0, proxySettings=ProxySettings{host=null, port=null, username=null, password=null}}, connectionPoolSettings=ConnectionPoolSettings{maxSize=100, minSize=0, maxWaitTimeMS=120000, maxConnectionLifeTimeMS=0, maxConnectionIdleTimeMS=0, maintenanceInitialDelayMS=0, maintenanceFrequencyMS=60000, connectionPoolListeners=[], maxConnecting=2}, serverSettings=ServerSettings{heartbeatFrequencyMS=10000, minHeartbeatFrequencyMS=500, serverMonitoringMode=AUTO, serverListeners='[]', serverMonitorListeners='[]'}, sslSettings=SslSettings{enabled=true, invalidHostNameAllowed=false, context=null}, applicationName='null', compressorList=[], uuidRepresentation=UNSPECIFIED, serverApi=null, autoEncryptionSettings=null, dnsClient=null, inetAddressResolver=null, contextProvider=null, timeoutMS=null}
2026-03-21 21:50:59 [cluster-ClusterId{value='69bec56a283bc1669ff1ea25', description='null'}-srv-cluster0.en0pykp.mongodb.net] INFO  org.mongodb.driver.cluster - Adding discovered server ac-aoerbz6-shard-00-00.en0pykp.mongodb.net:27017 to client view of cluster
2026-03-21 21:50:59 [cluster-ClusterId{value='69bec56a283bc1669ff1ea25', description='null'}-srv-cluster0.en0pykp.mongodb.net] INFO  org.mongodb.driver.cluster - Adding discovered server ac-aoerbz6-shard-00-02.en0pykp.mongodb.net:27017 to client view of cluster
2026-03-21 21:50:59 [main] WARN  com.password4j.PropertyReader - bcrypt minor version is not defined. Default value is used (b). Please set property hash.bcrypt.minor in your psw4j.properties file.
2026-03-21 21:50:59 [main] WARN  com.password4j.PropertyReader - bcrypt rounds are not defined. Default value is used (10). Please set property hash.bcrypt.rounds in your psw4j.properties file.
2026-03-21 21:50:59 [main] INFO  org.springframework.security.config.annotation.authentication.configuration.InitializeUserDetailsBeanManagerConfigurer$InitializeUserDetailsManagerConfigurer - Global AuthenticationManager configured with UserDetailsService bean with name userDetailsImpl
2026-03-21 21:50:59 [cluster-ClusterId{value='69bec56a283bc1669ff1ea25', description='null'}-ac-aoerbz6-shard-00-00.en0pykp.mongodb.net:27017] INFO  org.mongodb.driver.cluster - Monitor thread successfully connected to server with description ServerDescription{address=ac-aoerbz6-shard-00-00.en0pykp.mongodb.net:27017, type=REPLICA_SET_SECONDARY, cryptd=false, state=CONNECTED, ok=true, minWireVersion=0, maxWireVersion=25, maxDocumentSize=16777216, logicalSessionTimeoutMinutes=30, roundTripTimeNanos=309072300, minRoundTripTimeNanos=0, setName='atlas-zt48hn-shard-0', canonicalAddress=ac-aoerbz6-shard-00-00.en0pykp.mongodb.net:27017, hosts=[ac-aoerbz6-shard-00-01.en0pykp.mongodb.net:27017, ac-aoerbz6-shard-00-00.en0pykp.mongodb.net:27017, ac-aoerbz6-shard-00-02.en0pykp.mongodb.net:27017], passives=[], arbiters=[], primary='ac-aoerbz6-shard-00-02.en0pykp.mongodb.net:27017', tagSet=TagSet{[Tag{name='availabilityZone', value='aps1-az1'}, Tag{name='diskState', value='READY'}, Tag{name='nodeType', value='ELECTABLE'}, Tag{name='provider', value='AWS'}, Tag{name='region', value='AP_SOUTH_1'}, Tag{name='workloadType', value='OPERATIONAL'}]}, electionId=null, setVersion=391, topologyVersion=TopologyVersion{processId=69b855abb14686967b76fdd6, counter=4}, lastWriteDate=Sat Mar 21 21:50:58 IST 2026, lastUpdateTimeNanos=16425775161400}
2026-03-21 21:50:59 [main] INFO  org.apache.coyote.http11.Http11NioProtocol - Starting ProtocolHandler ["http-nio-8080"]
2026-03-21 21:50:59 [main] INFO  org.springframework.boot.tomcat.TomcatWebServer - Tomcat started on port 8080 (http) with context path '/'
2026-03-21 21:50:59 [main] INFO  com.example.BookingApplication.BookingApplication - Started BookingApplication in 2.307 seconds (process running for 2.756)
2026-03-21 21:51:00 [cluster-ClusterId{value='69bec56a283bc1669ff1ea25', description='null'}-ac-aoerbz6-shard-00-02.en0pykp.mongodb.net:27017] INFO  org.mongodb.driver.cluster - Monitor thread successfully connected to server with description ServerDescription{address=ac-aoerbz6-shard-00-02.en0pykp.mongodb.net:27017, type=REPLICA_SET_PRIMARY, cryptd=false, state=CONNECTED, ok=true, minWireVersion=0, maxWireVersion=25, maxDocumentSize=16777216, logicalSessionTimeoutMinutes=30, roundTripTimeNanos=1168783600, minRoundTripTimeNanos=0, setName='atlas-zt48hn-shard-0', canonicalAddress=ac-aoerbz6-shard-00-02.en0pykp.mongodb.net:27017, hosts=[ac-aoerbz6-shard-00-01.en0pykp.mongodb.net:27017, ac-aoerbz6-shard-00-00.en0pykp.mongodb.net:27017, ac-aoerbz6-shard-00-02.en0pykp.mongodb.net:27017], passives=[], arbiters=[], primary='ac-aoerbz6-shard-00-02.en0pykp.mongodb.net:27017', tagSet=TagSet{[Tag{name='availabilityZone', value='aps1-az2'}, Tag{name='diskState', value='READY'}, Tag{name='nodeType', value='ELECTABLE'}, Tag{name='provider', value='AWS'}, Tag{name='region', value='AP_SOUTH_1'}, Tag{name='workloadType', value='OPERATIONAL'}]}, electionId=7fffffff0000000000000156, setVersion=391, topologyVersion=TopologyVersion{processId=69b859a89b4f2018f8b26ac6, counter=6}, lastWriteDate=Sat Mar 21 21:50:59 IST 2026, lastUpdateTimeNanos=16426613625000}
2026-03-21 21:51:00 [cluster-ClusterId{value='69bec56a283bc1669ff1ea25', description='null'}-ac-aoerbz6-shard-00-02.en0pykp.mongodb.net:27017] INFO  org.mongodb.driver.cluster - Discovered replica set primary ac-aoerbz6-shard-00-02.en0pykp.mongodb.net:27017 with max election id 7fffffff0000000000000156 and max set version 391
2026-03-21 21:51:01 [cluster-ClusterId{value='69bec56a283bc1669ff1ea25', description='null'}-ac-aoerbz6-shard-00-01.en0pykp.mongodb.net:27017] INFO  org.mongodb.driver.cluster - Monitor thread successfully connected to server with description ServerDescription{address=ac-aoerbz6-shard-00-01.en0pykp.mongodb.net:27017, type=REPLICA_SET_SECONDARY, cryptd=false, state=CONNECTED, ok=true, minWireVersion=0, maxWireVersion=25, maxDocumentSize=16777216, logicalSessionTimeoutMinutes=30, roundTripTimeNanos=1805575800, minRoundTripTimeNanos=0, setName='atlas-zt48hn-shard-0', canonicalAddress=ac-aoerbz6-shard-00-01.en0pykp.mongodb.net:27017, hosts=[ac-aoerbz6-shard-00-01.en0pykp.mongodb.net:27017, ac-aoerbz6-shard-00-00.en0pykp.mongodb.net:27017, ac-aoerbz6-shard-00-02.en0pykp.mongodb.net:27017], passives=[], arbiters=[], primary='ac-aoerbz6-shard-00-02.en0pykp.mongodb.net:27017', tagSet=TagSet{[Tag{name='availabilityZone', value='aps1-az3'}, Tag{name='diskState', value='READY'}, Tag{name='nodeType', value='ELECTABLE'}, Tag{name='provider', value='AWS'}, Tag{name='region', value='AP_SOUTH_1'}, Tag{name='workloadType', value='OPERATIONAL'}]}, electionId=null, setVersion=391, topologyVersion=TopologyVersion{processId=69b85ccb4b84e800f9f6512d, counter=3}, lastWriteDate=Sat Mar 21 21:50:59 IST 2026, lastUpdateTimeNanos=16427340711000}
2026-03-21 21:51:28 [http-nio-8080-exec-2] INFO  org.apache.catalina.core.ContainerBase.[Tomcat].[localhost].[/] - Initializing Spring DispatcherServlet 'dispatcherServlet'
2026-03-21 21:51:28 [http-nio-8080-exec-2] INFO  org.springframework.web.servlet.DispatcherServlet - Initializing Servlet 'dispatcherServlet'
2026-03-21 21:51:28 [http-nio-8080-exec-2] INFO  org.springframework.web.servlet.DispatcherServlet - Completed initialization in 1 ms
2026-03-21 21:51:30 [http-nio-8080-exec-2] ERROR org.apache.catalina.core.ContainerBase.[Tomcat].[localhost].[/].[dispatcherServlet] - Servlet.service() for servlet [dispatcherServlet] in context with path [] threw exception [Request processing failed: java.lang.RuntimeException: Stripe Error: The Checkout Session's total amount must convert to at least 50 cents. ₹1.00 converts to approximately $0.01.; code: amount_too_small; request-id: req_ngA1WYZ0rcJaWg] with root cause
java.lang.RuntimeException: Stripe Error: The Checkout Session's total amount must convert to at least 50 cents. ₹1.00 converts to approximately $0.01.; code: amount_too_small; request-id: req_ngA1WYZ0rcJaWg
	at com.example.BookingApplication.Service.PaymentService.checkOut(PaymentService.java:60)
	at com.example.BookingApplication.Controllers.MemberController.Checkout(MemberController.java:41)
	at java.base/jdk.internal.reflect.DirectMethodHandleAccessor.invoke(DirectMethodHandleAccessor.java:103)
	at java.base/java.lang.reflect.Method.invoke(Method.java:580)
	at org.springframework.web.method.support.InvocableHandlerMethod.doInvoke(InvocableHandlerMethod.java:252)
	at org.springframework.web.method.support.InvocableHandlerMethod.invokeForRequest(InvocableHandlerMethod.java:184)
	at org.springframework.web.servlet.mvc.method.annotation.ServletInvocableHandlerMethod.invokeAndHandle(ServletInvocableHandlerMethod.java:117)
	at org.springframework.web.servlet.mvc.method.annotation.RequestMappingHandlerAdapter.invokeHandlerMethod(RequestMappingHandlerAdapter.java:934)
	at org.springframework.web.servlet.mvc.method.annotation.RequestMappingHandlerAdapter.handleInternal(RequestMappingHandlerAdapter.java:853)
	at org.springframework.web.servlet.mvc.method.AbstractHandlerMethodAdapter.handle(AbstractHandlerMethodAdapter.java:86)
	at org.springframework.web.servlet.DispatcherServlet.doDispatch(DispatcherServlet.java:963)
	at org.springframework.web.servlet.DispatcherServlet.doService(DispatcherServlet.java:866)
	at org.springframework.web.servlet.FrameworkServlet.processRequest(FrameworkServlet.java:1000)
	at org.springframework.web.servlet.FrameworkServlet.doPost(FrameworkServlet.java:903)
	at jakarta.servlet.http.HttpServlet.service(HttpServlet.java:649)
	at org.springframework.web.servlet.FrameworkServlet.service(FrameworkServlet.java:874)
	at jakarta.servlet.http.HttpServlet.service(HttpServlet.java:710)
	at org.apache.catalina.core.ApplicationFilterChain.doFilter(ApplicationFilterChain.java:128)
	at org.apache.tomcat.websocket.server.WsFilter.doFilter(WsFilter.java:53)
	at org.apache.catalina.core.ApplicationFilterChain.doFilter(ApplicationFilterChain.java:107)
	at org.springframework.web.filter.OncePerRequestFilter.doFilter(OncePerRequestFilter.java:110)
	at org.apache.catalina.core.ApplicationFilterChain.doFilter(ApplicationFilterChain.java:107)
	at org.springframework.web.filter.CompositeFilter$VirtualFilterChain.doFilter(CompositeFilter.java:108)
	at org.springframework.security.web.FilterChainProxy.lambda$doFilterInternal$3(FilterChainProxy.java:235)
	at org.springframework.security.web.FilterChainProxy$VirtualFilterChain.doFilter(FilterChainProxy.java:371)
	at org.springframework.security.web.access.intercept.AuthorizationFilter.doFilter(AuthorizationFilter.java:101)
	at org.springframework.security.web.FilterChainProxy$VirtualFilterChain.doFilter(FilterChainProxy.java:380)
	at org.springframework.security.web.access.ExceptionTranslationFilter.doFilter(ExceptionTranslationFilter.java:126)
	at org.springframework.security.web.access.ExceptionTranslationFilter.doFilter(ExceptionTranslationFilter.java:120)
	at org.springframework.security.web.FilterChainProxy$VirtualFilterChain.doFilter(FilterChainProxy.java:380)
	at org.springframework.security.web.authentication.AnonymousAuthenticationFilter.doFilter(AnonymousAuthenticationFilter.java:100)
	at org.springframework.security.web.FilterChainProxy$VirtualFilterChain.doFilter(FilterChainProxy.java:380)
	at org.springframework.security.web.servletapi.SecurityContextHolderAwareRequestFilter.doFilter(SecurityContextHolderAwareRequestFilter.java:181)
	at org.springframework.security.web.FilterChainProxy$VirtualFilterChain.doFilter(FilterChainProxy.java:380)
	at org.springframework.security.web.savedrequest.RequestCacheAwareFilter.doFilter(RequestCacheAwareFilter.java:63)
	at org.springframework.security.web.FilterChainProxy$VirtualFilterChain.doFilter(FilterChainProxy.java:380)
	at com.example.BookingApplication.Filter.Filterjwt.doFilterInternal(Filterjwt.java:48)
	at org.springframework.web.filter.OncePerRequestFilter.doFilter(OncePerRequestFilter.java:116)
	at org.springframework.security.web.FilterChainProxy$VirtualFilterChain.doFilter(FilterChainProxy.java:380)
	at org.springframework.security.web.authentication.logout.LogoutFilter.doFilter(LogoutFilter.java:110)
	at org.springframework.security.web.authentication.logout.LogoutFilter.doFilter(LogoutFilter.java:96)
	at org.springframework.security.web.FilterChainProxy$VirtualFilterChain.doFilter(FilterChainProxy.java:380)
	at org.springframework.security.web.header.HeaderWriterFilter.doHeadersAfter(HeaderWriterFilter.java:90)
	at org.springframework.security.web.header.HeaderWriterFilter.doFilterInternal(HeaderWriterFilter.java:75)
	at org.springframework.web.filter.OncePerRequestFilter.doFilter(OncePerRequestFilter.java:116)
	at org.springframework.security.web.FilterChainProxy$VirtualFilterChain.doFilter(FilterChainProxy.java:380)
	at org.springframework.security.web.context.SecurityContextHolderFilter.doFilter(SecurityContextHolderFilter.java:82)
	at org.springframework.security.web.context.SecurityContextHolderFilter.doFilter(SecurityContextHolderFilter.java:69)
	at org.springframework.security.web.FilterChainProxy$VirtualFilterChain.doFilter(FilterChainProxy.java:380)
	at org.springframework.security.web.context.request.async.WebAsyncManagerIntegrationFilter.doFilterInternal(WebAsyncManagerIntegrationFilter.java:62)
	at org.springframework.web.filter.OncePerRequestFilter.doFilter(OncePerRequestFilter.java:116)
	at org.springframework.security.web.FilterChainProxy$VirtualFilterChain.doFilter(FilterChainProxy.java:380)
	at org.springframework.security.web.session.DisableEncodeUrlFilter.doFilterInternal(DisableEncodeUrlFilter.java:42)
	at org.springframework.web.filter.OncePerRequestFilter.doFilter(OncePerRequestFilter.java:116)
	at org.springframework.security.web.FilterChainProxy$VirtualFilterChain.doFilter(FilterChainProxy.java:380)
	at org.springframework.security.web.FilterChainProxy.doFilterInternal(FilterChainProxy.java:237)
	at org.springframework.security.web.FilterChainProxy.doFilter(FilterChainProxy.java:195)
	at org.springframework.web.filter.CompositeFilter$VirtualFilterChain.doFilter(CompositeFilter.java:113)
	at org.springframework.web.filter.ServletRequestPathFilter.doFilter(ServletRequestPathFilter.java:52)
	at org.springframework.web.filter.CompositeFilter$VirtualFilterChain.doFilter(CompositeFilter.java:113)
	at org.springframework.web.filter.CompositeFilter.doFilter(CompositeFilter.java:74)
	at org.springframework.security.config.annotation.web.configuration.WebSecurityConfiguration$CompositeFilterChainProxy.doFilter(WebSecurityConfiguration.java:317)
	at org.springframework.web.filter.DelegatingFilterProxy.invokeDelegate(DelegatingFilterProxy.java:355)
	at org.springframework.web.filter.DelegatingFilterProxy.doFilter(DelegatingFilterProxy.java:272)
	at org.apache.catalina.core.ApplicationFilterChain.doFilter(ApplicationFilterChain.java:107)
	at org.springframework.web.filter.RequestContextFilter.doFilterInternal(RequestContextFilter.java:100)
	at org.springframework.web.filter.OncePerRequestFilter.doFilter(OncePerRequestFilter.java:116)
	at org.apache.catalina.core.ApplicationFilterChain.doFilter(ApplicationFilterChain.java:107)
	at org.springframework.web.filter.FormContentFilter.doFilterInternal(FormContentFilter.java:93)
	at org.springframework.web.filter.OncePerRequestFilter.doFilter(OncePerRequestFilter.java:116)
	at org.apache.catalina.core.ApplicationFilterChain.doFilter(ApplicationFilterChain.java:107)
	at org.springframework.web.filter.CharacterEncodingFilter.doFilterInternal(CharacterEncodingFilter.java:199)
	at org.springframework.web.filter.OncePerRequestFilter.doFilter(OncePerRequestFilter.java:116)
	at org.apache.catalina.core.ApplicationFilterChain.doFilter(ApplicationFilterChain.java:107)
	at org.apache.catalina.core.StandardWrapperValve.invoke(StandardWrapperValve.java:165)
	at org.apache.catalina.core.StandardContextValve.invoke(StandardContextValve.java:77)
	at org.apache.catalina.authenticator.AuthenticatorBase.invoke(AuthenticatorBase.java:492)
	at org.apache.catalina.core.StandardHostValve.invoke(StandardHostValve.java:113)
	at org.apache.catalina.valves.ErrorReportValve.invoke(ErrorReportValve.java:83)
	at org.apache.catalina.core.StandardEngineValve.invoke(StandardEngineValve.java:72)
	at org.apache.catalina.connector.CoyoteAdapter.service(CoyoteAdapter.java:341)
	at org.apache.coyote.http11.Http11Processor.service(Http11Processor.java:397)
	at org.apache.coyote.AbstractProcessorLight.process(AbstractProcessorLight.java:63)
	at org.apache.coyote.AbstractProtocol$ConnectionHandler.process(AbstractProtocol.java:903)
	at org.apache.tomcat.util.net.NioEndpoint$SocketProcessor.doRun(NioEndpoint.java:1779)
	at org.apache.tomcat.util.net.SocketProcessorBase.run(SocketProcessorBase.java:52)
	at org.apache.tomcat.util.threads.ThreadPoolExecutor.runWorker(ThreadPoolExecutor.java:946)
	at org.apache.tomcat.util.threads.ThreadPoolExecutor$Worker.run(ThreadPoolExecutor.java:480)
	at org.apache.tomcat.util.threads.TaskThread$WrappingRunnable.run(TaskThread.java:57)
	at java.base/java.lang.Thread.run(Thread.java:1583)
2026-03-21 21:51:59 [http-nio-8080-exec-4] ERROR org.apache.catalina.core.ContainerBase.[Tomcat].[localhost].[/].[dispatcherServlet] - Servlet.service() for servlet [dispatcherServlet] in context with path [] threw exception [Request processing failed: java.lang.RuntimeException: Stripe Error: The Checkout Session's total amount must convert to at least 50 cents. ₹1.00 converts to approximately $0.01.; code: amount_too_small; request-id: req_FCxAWXUT4lqaS1] with root cause
java.lang.RuntimeException: Stripe Error: The Checkout Session's total amount must convert to at least 50 cents. ₹1.00 converts to approximately $0.01.; code: amount_too_small; request-id: req_FCxAWXUT4lqaS1
	at com.example.BookingApplication.Service.PaymentService.checkOut(PaymentService.java:60)
	at com.example.BookingApplication.Controllers.MemberController.Checkout(MemberController.java:41)
	at java.base/jdk.internal.reflect.DirectMethodHandleAccessor.invoke(DirectMethodHandleAccessor.java:103)
	at java.base/java.lang.reflect.Method.invoke(Method.java:580)
	at org.springframework.web.method.support.InvocableHandlerMethod.doInvoke(InvocableHandlerMethod.java:252)
	at org.springframework.web.method.support.InvocableHandlerMethod.invokeForRequest(InvocableHandlerMethod.java:184)
	at org.springframework.web.servlet.mvc.method.annotation.ServletInvocableHandlerMethod.invokeAndHandle(ServletInvocableHandlerMethod.java:117)
	at org.springframework.web.servlet.mvc.method.annotation.RequestMappingHandlerAdapter.invokeHandlerMethod(RequestMappingHandlerAdapter.java:934)
	at org.springframework.web.servlet.mvc.method.annotation.RequestMappingHandlerAdapter.handleInternal(RequestMappingHandlerAdapter.java:853)
	at org.springframework.web.servlet.mvc.method.AbstractHandlerMethodAdapter.handle(AbstractHandlerMethodAdapter.java:86)
	at org.springframework.web.servlet.DispatcherServlet.doDispatch(DispatcherServlet.java:963)
	at org.springframework.web.servlet.DispatcherServlet.doService(DispatcherServlet.java:866)
	at org.springframework.web.servlet.FrameworkServlet.processRequest(FrameworkServlet.java:1000)
	at org.springframework.web.servlet.FrameworkServlet.doPost(FrameworkServlet.java:903)
	at jakarta.servlet.http.HttpServlet.service(HttpServlet.java:649)
	at org.springframework.web.servlet.FrameworkServlet.service(FrameworkServlet.java:874)
	at jakarta.servlet.http.HttpServlet.service(HttpServlet.java:710)
	at org.apache.catalina.core.ApplicationFilterChain.doFilter(ApplicationFilterChain.java:128)
	at org.apache.tomcat.websocket.server.WsFilter.doFilter(WsFilter.java:53)
	at org.apache.catalina.core.ApplicationFilterChain.doFilter(ApplicationFilterChain.java:107)
	at org.springframework.web.filter.OncePerRequestFilter.doFilter(OncePerRequestFilter.java:110)
	at org.apache.catalina.core.ApplicationFilterChain.doFilter(ApplicationFilterChain.java:107)
	at org.springframework.web.filter.CompositeFilter$VirtualFilterChain.doFilter(CompositeFilter.java:108)
	at org.springframework.security.web.FilterChainProxy.lambda$doFilterInternal$3(FilterChainProxy.java:235)
	at org.springframework.security.web.FilterChainProxy$VirtualFilterChain.doFilter(FilterChainProxy.java:371)
	at org.springframework.security.web.access.intercept.AuthorizationFilter.doFilter(AuthorizationFilter.java:101)
	at org.springframework.security.web.FilterChainProxy$VirtualFilterChain.doFilter(FilterChainProxy.java:380)
	at org.springframework.security.web.access.ExceptionTranslationFilter.doFilter(ExceptionTranslationFilter.java:126)
	at org.springframework.security.web.access.ExceptionTranslationFilter.doFilter(ExceptionTranslationFilter.java:120)
	at org.springframework.security.web.FilterChainProxy$VirtualFilterChain.doFilter(FilterChainProxy.java:380)
	at org.springframework.security.web.authentication.AnonymousAuthenticationFilter.doFilter(AnonymousAuthenticationFilter.java:100)
	at org.springframework.security.web.FilterChainProxy$VirtualFilterChain.doFilter(FilterChainProxy.java:380)
	at org.springframework.security.web.servletapi.SecurityContextHolderAwareRequestFilter.doFilter(SecurityContextHolderAwareRequestFilter.java:181)
	at org.springframework.security.web.FilterChainProxy$VirtualFilterChain.doFilter(FilterChainProxy.java:380)
	at org.springframework.security.web.savedrequest.RequestCacheAwareFilter.doFilter(RequestCacheAwareFilter.java:63)
	at org.springframework.security.web.FilterChainProxy$VirtualFilterChain.doFilter(FilterChainProxy.java:380)
	at com.example.BookingApplication.Filter.Filterjwt.doFilterInternal(Filterjwt.java:48)
	at org.springframework.web.filter.OncePerRequestFilter.doFilter(OncePerRequestFilter.java:116)
	at org.springframework.security.web.FilterChainProxy$VirtualFilterChain.doFilter(FilterChainProxy.java:380)
	at org.springframework.security.web.authentication.logout.LogoutFilter.doFilter(LogoutFilter.java:110)
	at org.springframework.security.web.authentication.logout.LogoutFilter.doFilter(LogoutFilter.java:96)
	at org.springframework.security.web.FilterChainProxy$VirtualFilterChain.doFilter(FilterChainProxy.java:380)
	at org.springframework.security.web.header.HeaderWriterFilter.doHeadersAfter(HeaderWriterFilter.java:90)
	at org.springframework.security.web.header.HeaderWriterFilter.doFilterInternal(HeaderWriterFilter.java:75)
	at org.springframework.web.filter.OncePerRequestFilter.doFilter(OncePerRequestFilter.java:116)
	at org.springframework.security.web.FilterChainProxy$VirtualFilterChain.doFilter(FilterChainProxy.java:380)
	at org.springframework.security.web.context.SecurityContextHolderFilter.doFilter(SecurityContextHolderFilter.java:82)
	at org.springframework.security.web.context.SecurityContextHolderFilter.doFilter(SecurityContextHolderFilter.java:69)
	at org.springframework.security.web.FilterChainProxy$VirtualFilterChain.doFilter(FilterChainProxy.java:380)
	at org.springframework.security.web.context.request.async.WebAsyncManagerIntegrationFilter.doFilterInternal(WebAsyncManagerIntegrationFilter.java:62)
	at org.springframework.web.filter.OncePerRequestFilter.doFilter(OncePerRequestFilter.java:116)
	at org.springframework.security.web.FilterChainProxy$VirtualFilterChain.doFilter(FilterChainProxy.java:380)
	at org.springframework.security.web.session.DisableEncodeUrlFilter.doFilterInternal(DisableEncodeUrlFilter.java:42)
	at org.springframework.web.filter.OncePerRequestFilter.doFilter(OncePerRequestFilter.java:116)
	at org.springframework.security.web.FilterChainProxy$VirtualFilterChain.doFilter(FilterChainProxy.java:380)
	at org.springframework.security.web.FilterChainProxy.doFilterInternal(FilterChainProxy.java:237)
	at org.springframework.security.web.FilterChainProxy.doFilter(FilterChainProxy.java:195)
	at org.springframework.web.filter.CompositeFilter$VirtualFilterChain.doFilter(CompositeFilter.java:113)
	at org.springframework.web.filter.ServletRequestPathFilter.doFilter(ServletRequestPathFilter.java:52)
	at org.springframework.web.filter.CompositeFilter$VirtualFilterChain.doFilter(CompositeFilter.java:113)
	at org.springframework.web.filter.CompositeFilter.doFilter(CompositeFilter.java:74)
	at org.springframework.security.config.annotation.web.configuration.WebSecurityConfiguration$CompositeFilterChainProxy.doFilter(WebSecurityConfiguration.java:317)
	at org.springframework.web.filter.DelegatingFilterProxy.invokeDelegate(DelegatingFilterProxy.java:355)
	at org.springframework.web.filter.DelegatingFilterProxy.doFilter(DelegatingFilterProxy.java:272)
	at org.apache.catalina.core.ApplicationFilterChain.doFilter(ApplicationFilterChain.java:107)
	at org.springframework.web.filter.RequestContextFilter.doFilterInternal(RequestContextFilter.java:100)
	at org.springframework.web.filter.OncePerRequestFilter.doFilter(OncePerRequestFilter.java:116)
	at org.apache.catalina.core.ApplicationFilterChain.doFilter(ApplicationFilterChain.java:107)
	at org.springframework.web.filter.FormContentFilter.doFilterInternal(FormContentFilter.java:93)
	at org.springframework.web.filter.OncePerRequestFilter.doFilter(OncePerRequestFilter.java:116)
	at org.apache.catalina.core.ApplicationFilterChain.doFilter(ApplicationFilterChain.java:107)
	at org.springframework.web.filter.CharacterEncodingFilter.doFilterInternal(CharacterEncodingFilter.java:199)
	at org.springframework.web.filter.OncePerRequestFilter.doFilter(OncePerRequestFilter.java:116)
	at org.apache.catalina.core.ApplicationFilterChain.doFilter(ApplicationFilterChain.java:107)
	at org.apache.catalina.core.StandardWrapperValve.invoke(StandardWrapperValve.java:165)
	at org.apache.catalina.core.StandardContextValve.invoke(StandardContextValve.java:77)
	at org.apache.catalina.authenticator.AuthenticatorBase.invoke(AuthenticatorBase.java:492)
	at org.apache.catalina.core.StandardHostValve.invoke(StandardHostValve.java:113)
	at org.apache.catalina.valves.ErrorReportValve.invoke(ErrorReportValve.java:83)
	at org.apache.catalina.core.StandardEngineValve.invoke(StandardEngineValve.java:72)
	at org.apache.catalina.connector.CoyoteAdapter.service(CoyoteAdapter.java:341)
	at org.apache.coyote.http11.Http11Processor.service(Http11Processor.java:397)
	at org.apache.coyote.AbstractProcessorLight.process(AbstractProcessorLight.java:63)
	at org.apache.coyote.AbstractProtocol$ConnectionHandler.process(AbstractProtocol.java:903)
	at org.apache.tomcat.util.net.NioEndpoint$SocketProcessor.doRun(NioEndpoint.java:1779)
	at org.apache.tomcat.util.net.SocketProcessorBase.run(SocketProcessorBase.java:52)
	at org.apache.tomcat.util.threads.ThreadPoolExecutor.runWorker(ThreadPoolExecutor.java:946)
	at org.apache.tomcat.util.threads.ThreadPoolExecutor$Worker.run(ThreadPoolExecutor.java:480)
	at org.apache.tomcat.util.threads.TaskThread$WrappingRunnable.run(TaskThread.java:57)
	at java.base/java.lang.Thread.run(Thread.java:1583)
2026-03-21 21:52:17 [http-nio-8080-exec-6] ERROR org.apache.catalina.core.ContainerBase.[Tomcat].[localhost].[/].[dispatcherServlet] - Servlet.service() for servlet [dispatcherServlet] in context with path [] threw exception [Request processing failed: java.lang.RuntimeException: Stripe Error: The Checkout Session's total amount must convert to at least 50 cents. ₹1.00 converts to approximately $0.01.; code: amount_too_small; request-id: req_5h8f8ULgQpZTtv] with root cause
java.lang.RuntimeException: Stripe Error: The Checkout Session's total amount must convert to at least 50 cents. ₹1.00 converts to approximately $0.01.; code: amount_too_small; request-id: req_5h8f8ULgQpZTtv
	at com.example.BookingApplication.Service.PaymentService.checkOut(PaymentService.java:60)
	at com.example.BookingApplication.Controllers.MemberController.Checkout(MemberController.java:41)
	at java.base/jdk.internal.reflect.DirectMethodHandleAccessor.invoke(DirectMethodHandleAccessor.java:103)
	at java.base/java.lang.reflect.Method.invoke(Method.java:580)
	at org.springframework.web.method.support.InvocableHandlerMethod.doInvoke(InvocableHandlerMethod.java:252)
	at org.springframework.web.method.support.InvocableHandlerMethod.invokeForRequest(InvocableHandlerMethod.java:184)
	at org.springframework.web.servlet.mvc.method.annotation.ServletInvocableHandlerMethod.invokeAndHandle(ServletInvocableHandlerMethod.java:117)
	at org.springframework.web.servlet.mvc.method.annotation.RequestMappingHandlerAdapter.invokeHandlerMethod(RequestMappingHandlerAdapter.java:934)
	at org.springframework.web.servlet.mvc.method.annotation.RequestMappingHandlerAdapter.handleInternal(RequestMappingHandlerAdapter.java:853)
	at org.springframework.web.servlet.mvc.method.AbstractHandlerMethodAdapter.handle(AbstractHandlerMethodAdapter.java:86)
	at org.springframework.web.servlet.DispatcherServlet.doDispatch(DispatcherServlet.java:963)
	at org.springframework.web.servlet.DispatcherServlet.doService(DispatcherServlet.java:866)
	at org.springframework.web.servlet.FrameworkServlet.processRequest(FrameworkServlet.java:1000)
	at org.springframework.web.servlet.FrameworkServlet.doPost(FrameworkServlet.java:903)
	at jakarta.servlet.http.HttpServlet.service(HttpServlet.java:649)
	at org.springframework.web.servlet.FrameworkServlet.service(FrameworkServlet.java:874)
	at jakarta.servlet.http.HttpServlet.service(HttpServlet.java:710)
	at org.apache.catalina.core.ApplicationFilterChain.doFilter(ApplicationFilterChain.java:128)
	at org.apache.tomcat.websocket.server.WsFilter.doFilter(WsFilter.java:53)
	at org.apache.catalina.core.ApplicationFilterChain.doFilter(ApplicationFilterChain.java:107)
	at org.springframework.web.filter.OncePerRequestFilter.doFilter(OncePerRequestFilter.java:110)
	at org.apache.catalina.core.ApplicationFilterChain.doFilter(ApplicationFilterChain.java:107)
	at org.springframework.web.filter.CompositeFilter$VirtualFilterChain.doFilter(CompositeFilter.java:108)
	at org.springframework.security.web.FilterChainProxy.lambda$doFilterInternal$3(FilterChainProxy.java:235)
	at org.springframework.security.web.FilterChainProxy$VirtualFilterChain.doFilter(FilterChainProxy.java:371)
	at org.springframework.security.web.access.intercept.AuthorizationFilter.doFilter(AuthorizationFilter.java:101)
	at org.springframework.security.web.FilterChainProxy$VirtualFilterChain.doFilter(FilterChainProxy.java:380)
	at org.springframework.security.web.access.ExceptionTranslationFilter.doFilter(ExceptionTranslationFilter.java:126)
	at org.springframework.security.web.access.ExceptionTranslationFilter.doFilter(ExceptionTranslationFilter.java:120)
	at org.springframework.security.web.FilterChainProxy$VirtualFilterChain.doFilter(FilterChainProxy.java:380)
	at org.springframework.security.web.authentication.AnonymousAuthenticationFilter.doFilter(AnonymousAuthenticationFilter.java:100)
	at org.springframework.security.web.FilterChainProxy$VirtualFilterChain.doFilter(FilterChainProxy.java:380)
	at org.springframework.security.web.servletapi.SecurityContextHolderAwareRequestFilter.doFilter(SecurityContextHolderAwareRequestFilter.java:181)
	at org.springframework.security.web.FilterChainProxy$VirtualFilterChain.doFilter(FilterChainProxy.java:380)
	at org.springframework.security.web.savedrequest.RequestCacheAwareFilter.doFilter(RequestCacheAwareFilter.java:63)
	at org.springframework.security.web.FilterChainProxy$VirtualFilterChain.doFilter(FilterChainProxy.java:380)
	at com.example.BookingApplication.Filter.Filterjwt.doFilterInternal(Filterjwt.java:48)
	at org.springframework.web.filter.OncePerRequestFilter.doFilter(OncePerRequestFilter.java:116)
	at org.springframework.security.web.FilterChainProxy$VirtualFilterChain.doFilter(FilterChainProxy.java:380)
	at org.springframework.security.web.authentication.logout.LogoutFilter.doFilter(LogoutFilter.java:110)
	at org.springframework.security.web.authentication.logout.LogoutFilter.doFilter(LogoutFilter.java:96)
	at org.springframework.security.web.FilterChainProxy$VirtualFilterChain.doFilter(FilterChainProxy.java:380)
	at org.springframework.security.web.header.HeaderWriterFilter.doHeadersAfter(HeaderWriterFilter.java:90)
	at org.springframework.security.web.header.HeaderWriterFilter.doFilterInternal(HeaderWriterFilter.java:75)
	at org.springframework.web.filter.OncePerRequestFilter.doFilter(OncePerRequestFilter.java:116)
	at org.springframework.security.web.FilterChainProxy$VirtualFilterChain.doFilter(FilterChainProxy.java:380)
	at org.springframework.security.web.context.SecurityContextHolderFilter.doFilter(SecurityContextHolderFilter.java:82)
	at org.springframework.security.web.context.SecurityContextHolderFilter.doFilter(SecurityContextHolderFilter.java:69)
	at org.springframework.security.web.FilterChainProxy$VirtualFilterChain.doFilter(FilterChainProxy.java:380)
	at org.springframework.security.web.context.request.async.WebAsyncManagerIntegrationFilter.doFilterInternal(WebAsyncManagerIntegrationFilter.java:62)
	at org.springframework.web.filter.OncePerRequestFilter.doFilter(OncePerRequestFilter.java:116)
	at org.springframework.security.web.FilterChainProxy$VirtualFilterChain.doFilter(FilterChainProxy.java:380)
	at org.springframework.security.web.session.DisableEncodeUrlFilter.doFilterInternal(DisableEncodeUrlFilter.java:42)
	at org.springframework.web.filter.OncePerRequestFilter.doFilter(OncePerRequestFilter.java:116)
	at org.springframework.security.web.FilterChainProxy$VirtualFilterChain.doFilter(FilterChainProxy.java:380)
	at org.springframework.security.web.FilterChainProxy.doFilterInternal(FilterChainProxy.java:237)
	at org.springframework.security.web.FilterChainProxy.doFilter(FilterChainProxy.java:195)
	at org.springframework.web.filter.CompositeFilter$VirtualFilterChain.doFilter(CompositeFilter.java:113)
	at org.springframework.web.filter.ServletRequestPathFilter.doFilter(ServletRequestPathFilter.java:52)
	at org.springframework.web.filter.CompositeFilter$VirtualFilterChain.doFilter(CompositeFilter.java:113)
	at org.springframework.web.filter.CompositeFilter.doFilter(CompositeFilter.java:74)
	at org.springframework.security.config.annotation.web.configuration.WebSecurityConfiguration$CompositeFilterChainProxy.doFilter(WebSecurityConfiguration.java:317)
	at org.springframework.web.filter.DelegatingFilterProxy.invokeDelegate(DelegatingFilterProxy.java:355)
	at org.springframework.web.filter.DelegatingFilterProxy.doFilter(DelegatingFilterProxy.java:272)
	at org.apache.catalina.core.ApplicationFilterChain.doFilter(ApplicationFilterChain.java:107)
	at org.springframework.web.filter.RequestContextFilter.doFilterInternal(RequestContextFilter.java:100)
	at org.springframework.web.filter.OncePerRequestFilter.doFilter(OncePerRequestFilter.java:116)
	at org.apache.catalina.core.ApplicationFilterChain.doFilter(ApplicationFilterChain.java:107)
	at org.springframework.web.filter.FormContentFilter.doFilterInternal(FormContentFilter.java:93)
	at org.springframework.web.filter.OncePerRequestFilter.doFilter(OncePerRequestFilter.java:116)
	at org.apache.catalina.core.ApplicationFilterChain.doFilter(ApplicationFilterChain.java:107)
	at org.springframework.web.filter.CharacterEncodingFilter.doFilterInternal(CharacterEncodingFilter.java:199)
	at org.springframework.web.filter.OncePerRequestFilter.doFilter(OncePerRequestFilter.java:116)
	at org.apache.catalina.core.ApplicationFilterChain.doFilter(ApplicationFilterChain.java:107)
	at org.apache.catalina.core.StandardWrapperValve.invoke(StandardWrapperValve.java:165)
	at org.apache.catalina.core.StandardContextValve.invoke(StandardContextValve.java:77)
	at org.apache.catalina.authenticator.AuthenticatorBase.invoke(AuthenticatorBase.java:492)
	at org.apache.catalina.core.StandardHostValve.invoke(StandardHostValve.java:113)
	at org.apache.catalina.valves.ErrorReportValve.invoke(ErrorReportValve.java:83)
	at org.apache.catalina.core.StandardEngineValve.invoke(StandardEngineValve.java:72)
	at org.apache.catalina.connector.CoyoteAdapter.service(CoyoteAdapter.java:341)
	at org.apache.coyote.http11.Http11Processor.service(Http11Processor.java:397)
	at org.apache.coyote.AbstractProcessorLight.process(AbstractProcessorLight.java:63)
	at org.apache.coyote.AbstractProtocol$ConnectionHandler.process(AbstractProtocol.java:903)
	at org.apache.tomcat.util.net.NioEndpoint$SocketProcessor.doRun(NioEndpoint.java:1779)
	at org.apache.tomcat.util.net.SocketProcessorBase.run(SocketProcessorBase.java:52)
	at org.apache.tomcat.util.threads.ThreadPoolExecutor.runWorker(ThreadPoolExecutor.java:946)
	at org.apache.tomcat.util.threads.ThreadPoolExecutor$Worker.run(ThreadPoolExecutor.java:480)
	at org.apache.tomcat.util.threads.TaskThread$WrappingRunnable.run(TaskThread.java:57)
	at java.base/java.lang.Thread.run(Thread.java:1583)
2026-03-21 21:53:19 [http-nio-8080-exec-8] ERROR org.apache.catalina.core.ContainerBase.[Tomcat].[localhost].[/].[dispatcherServlet] - Servlet.service() for servlet [dispatcherServlet] in context with path [] threw exception [Request processing failed: java.lang.RuntimeException: Stripe Error: The Checkout Session's total amount must convert to at least 50 cents. ₹1.00 converts to approximately $0.01.; code: amount_too_small; request-id: req_tix1SqsExlOFDM] with root cause
java.lang.RuntimeException: Stripe Error: The Checkout Session's total amount must convert to at least 50 cents. ₹1.00 converts to approximately $0.01.; code: amount_too_small; request-id: req_tix1SqsExlOFDM
	at com.example.BookingApplication.Service.PaymentService.checkOut(PaymentService.java:60)
	at com.example.BookingApplication.Controllers.MemberController.Checkout(MemberController.java:41)
	at java.base/jdk.internal.reflect.DirectMethodHandleAccessor.invoke(DirectMethodHandleAccessor.java:103)
	at java.base/java.lang.reflect.Method.invoke(Method.java:580)
	at org.springframework.web.method.support.InvocableHandlerMethod.doInvoke(InvocableHandlerMethod.java:252)
	at org.springframework.web.method.support.InvocableHandlerMethod.invokeForRequest(InvocableHandlerMethod.java:184)
	at org.springframework.web.servlet.mvc.method.annotation.ServletInvocableHandlerMethod.invokeAndHandle(ServletInvocableHandlerMethod.java:117)
	at org.springframework.web.servlet.mvc.method.annotation.RequestMappingHandlerAdapter.invokeHandlerMethod(RequestMappingHandlerAdapter.java:934)
	at org.springframework.web.servlet.mvc.method.annotation.RequestMappingHandlerAdapter.handleInternal(RequestMappingHandlerAdapter.java:853)
	at org.springframework.web.servlet.mvc.method.AbstractHandlerMethodAdapter.handle(AbstractHandlerMethodAdapter.java:86)
	at org.springframework.web.servlet.DispatcherServlet.doDispatch(DispatcherServlet.java:963)
	at org.springframework.web.servlet.DispatcherServlet.doService(DispatcherServlet.java:866)
	at org.springframework.web.servlet.FrameworkServlet.processRequest(FrameworkServlet.java:1000)
	at org.springframework.web.servlet.FrameworkServlet.doPost(FrameworkServlet.java:903)
	at jakarta.servlet.http.HttpServlet.service(HttpServlet.java:649)
	at org.springframework.web.servlet.FrameworkServlet.service(FrameworkServlet.java:874)
	at jakarta.servlet.http.HttpServlet.service(HttpServlet.java:710)
	at org.apache.catalina.core.ApplicationFilterChain.doFilter(ApplicationFilterChain.java:128)
	at org.apache.tomcat.websocket.server.WsFilter.doFilter(WsFilter.java:53)
	at org.apache.catalina.core.ApplicationFilterChain.doFilter(ApplicationFilterChain.java:107)
	at org.springframework.web.filter.OncePerRequestFilter.doFilter(OncePerRequestFilter.java:110)
	at org.apache.catalina.core.ApplicationFilterChain.doFilter(ApplicationFilterChain.java:107)
	at org.springframework.web.filter.CompositeFilter$VirtualFilterChain.doFilter(CompositeFilter.java:108)
	at org.springframework.security.web.FilterChainProxy.lambda$doFilterInternal$3(FilterChainProxy.java:235)
	at org.springframework.security.web.FilterChainProxy$VirtualFilterChain.doFilter(FilterChainProxy.java:371)
	at org.springframework.security.web.access.intercept.AuthorizationFilter.doFilter(AuthorizationFilter.java:101)
	at org.springframework.security.web.FilterChainProxy$VirtualFilterChain.doFilter(FilterChainProxy.java:380)
	at org.springframework.security.web.access.ExceptionTranslationFilter.doFilter(ExceptionTranslationFilter.java:126)
	at org.springframework.security.web.access.ExceptionTranslationFilter.doFilter(ExceptionTranslationFilter.java:120)
	at org.springframework.security.web.FilterChainProxy$VirtualFilterChain.doFilter(FilterChainProxy.java:380)
	at org.springframework.security.web.authentication.AnonymousAuthenticationFilter.doFilter(AnonymousAuthenticationFilter.java:100)
	at org.springframework.security.web.FilterChainProxy$VirtualFilterChain.doFilter(FilterChainProxy.java:380)
	at org.springframework.security.web.servletapi.SecurityContextHolderAwareRequestFilter.doFilter(SecurityContextHolderAwareRequestFilter.java:181)
	at org.springframework.security.web.FilterChainProxy$VirtualFilterChain.doFilter(FilterChainProxy.java:380)
	at org.springframework.security.web.savedrequest.RequestCacheAwareFilter.doFilter(RequestCacheAwareFilter.java:63)
	at org.springframework.security.web.FilterChainProxy$VirtualFilterChain.doFilter(FilterChainProxy.java:380)
	at com.example.BookingApplication.Filter.Filterjwt.doFilterInternal(Filterjwt.java:48)
	at org.springframework.web.filter.OncePerRequestFilter.doFilter(OncePerRequestFilter.java:116)
	at org.springframework.security.web.FilterChainProxy$VirtualFilterChain.doFilter(FilterChainProxy.java:380)
	at org.springframework.security.web.authentication.logout.LogoutFilter.doFilter(LogoutFilter.java:110)
	at org.springframework.security.web.authentication.logout.LogoutFilter.doFilter(LogoutFilter.java:96)
	at org.springframework.security.web.FilterChainProxy$VirtualFilterChain.doFilter(FilterChainProxy.java:380)
	at org.springframework.security.web.header.HeaderWriterFilter.doHeadersAfter(HeaderWriterFilter.java:90)
	at org.springframework.security.web.header.HeaderWriterFilter.doFilterInternal(HeaderWriterFilter.java:75)
	at org.springframework.web.filter.OncePerRequestFilter.doFilter(OncePerRequestFilter.java:116)
	at org.springframework.security.web.FilterChainProxy$VirtualFilterChain.doFilter(FilterChainProxy.java:380)
	at org.springframework.security.web.context.SecurityContextHolderFilter.doFilter(SecurityContextHolderFilter.java:82)
	at org.springframework.security.web.context.SecurityContextHolderFilter.doFilter(SecurityContextHolderFilter.java:69)
	at org.springframework.security.web.FilterChainProxy$VirtualFilterChain.doFilter(FilterChainProxy.java:380)
	at org.springframework.security.web.context.request.async.WebAsyncManagerIntegrationFilter.doFilterInternal(WebAsyncManagerIntegrationFilter.java:62)
	at org.springframework.web.filter.OncePerRequestFilter.doFilter(OncePerRequestFilter.java:116)
	at org.springframework.security.web.FilterChainProxy$VirtualFilterChain.doFilter(FilterChainProxy.java:380)
	at org.springframework.security.web.session.DisableEncodeUrlFilter.doFilterInternal(DisableEncodeUrlFilter.java:42)
	at org.springframework.web.filter.OncePerRequestFilter.doFilter(OncePerRequestFilter.java:116)
	at org.springframework.security.web.FilterChainProxy$VirtualFilterChain.doFilter(FilterChainProxy.java:380)
	at org.springframework.security.web.FilterChainProxy.doFilterInternal(FilterChainProxy.java:237)
	at org.springframework.security.web.FilterChainProxy.doFilter(FilterChainProxy.java:195)
	at org.springframework.web.filter.CompositeFilter$VirtualFilterChain.doFilter(CompositeFilter.java:113)
	at org.springframework.web.filter.ServletRequestPathFilter.doFilter(ServletRequestPathFilter.java:52)
	at org.springframework.web.filter.CompositeFilter$VirtualFilterChain.doFilter(CompositeFilter.java:113)
	at org.springframework.web.filter.CompositeFilter.doFilter(CompositeFilter.java:74)
	at org.springframework.security.config.annotation.web.configuration.WebSecurityConfiguration$CompositeFilterChainProxy.doFilter(WebSecurityConfiguration.java:317)
	at org.springframework.web.filter.DelegatingFilterProxy.invokeDelegate(DelegatingFilterProxy.java:355)
	at org.springframework.web.filter.DelegatingFilterProxy.doFilter(DelegatingFilterProxy.java:272)
	at org.apache.catalina.core.ApplicationFilterChain.doFilter(ApplicationFilterChain.java:107)
	at org.springframework.web.filter.RequestContextFilter.doFilterInternal(RequestContextFilter.java:100)
	at org.springframework.web.filter.OncePerRequestFilter.doFilter(OncePerRequestFilter.java:116)
	at org.apache.catalina.core.ApplicationFilterChain.doFilter(ApplicationFilterChain.java:107)
	at org.springframework.web.filter.FormContentFilter.doFilterInternal(FormContentFilter.java:93)
	at org.springframework.web.filter.OncePerRequestFilter.doFilter(OncePerRequestFilter.java:116)
	at org.apache.catalina.core.ApplicationFilterChain.doFilter(ApplicationFilterChain.java:107)
	at org.springframework.web.filter.CharacterEncodingFilter.doFilterInternal(CharacterEncodingFilter.java:199)
	at org.springframework.web.filter.OncePerRequestFilter.doFilter(OncePerRequestFilter.java:116)
	at org.apache.catalina.core.ApplicationFilterChain.doFilter(ApplicationFilterChain.java:107)
	at org.apache.catalina.core.StandardWrapperValve.invoke(StandardWrapperValve.java:165)
	at org.apache.catalina.core.StandardContextValve.invoke(StandardContextValve.java:77)
	at org.apache.catalina.authenticator.AuthenticatorBase.invoke(AuthenticatorBase.java:492)
	at org.apache.catalina.core.StandardHostValve.invoke(StandardHostValve.java:113)
	at org.apache.catalina.valves.ErrorReportValve.invoke(ErrorReportValve.java:83)
	at org.apache.catalina.core.StandardEngineValve.invoke(StandardEngineValve.java:72)
	at org.apache.catalina.connector.CoyoteAdapter.service(CoyoteAdapter.java:341)
	at org.apache.coyote.http11.Http11Processor.service(Http11Processor.java:397)
	at org.apache.coyote.AbstractProcessorLight.process(AbstractProcessorLight.java:63)
	at org.apache.coyote.AbstractProtocol$ConnectionHandler.process(AbstractProtocol.java:903)
	at org.apache.tomcat.util.net.NioEndpoint$SocketProcessor.doRun(NioEndpoint.java:1779)
	at org.apache.tomcat.util.net.SocketProcessorBase.run(SocketProcessorBase.java:52)
	at org.apache.tomcat.util.threads.ThreadPoolExecutor.runWorker(ThreadPoolExecutor.java:946)
	at org.apache.tomcat.util.threads.ThreadPoolExecutor$Worker.run(ThreadPoolExecutor.java:480)
	at org.apache.tomcat.util.threads.TaskThread$WrappingRunnable.run(TaskThread.java:57)
	at java.base/java.lang.Thread.run(Thread.java:1583)
2026-03-21 21:53:59 [SpringApplicationShutdownHook] INFO  org.springframework.boot.tomcat.GracefulShutdown - Commencing graceful shutdown. Waiting for active requests to complete
2026-03-21 21:53:59 [tomcat-shutdown] INFO  org.springframework.boot.tomcat.GracefulShutdown - Graceful shutdown complete
2026-03-21 21:54:41 [main] INFO  com.example.BookingApplication.BookingApplication - Starting BookingApplication using Java 21.0.7 with PID 28448 (C:\Users\ADMIN\Downloads\BookingApplication\BookingApplication\target\classes started by ADMIN in C:\Users\ADMIN\Downloads\BookingApplication)
2026-03-21 21:54:41 [main] INFO  com.example.BookingApplication.BookingApplication - No active profile set, falling back to 1 default profile: "default"
2026-03-21 21:54:41 [main] INFO  org.springframework.data.repository.config.RepositoryConfigurationDelegate - Bootstrapping Spring Data MongoDB repositories in DEFAULT mode.
2026-03-21 21:54:41 [main] INFO  org.springframework.data.repository.config.RepositoryConfigurationDelegate - Finished Spring Data repository scanning in 39 ms. Found 3 MongoDB repository interfaces.
2026-03-21 21:54:42 [main] INFO  org.springframework.boot.tomcat.TomcatWebServer - Tomcat initialized with port 8080 (http)
2026-03-21 21:54:42 [main] INFO  org.apache.coyote.http11.Http11NioProtocol - Initializing ProtocolHandler ["http-nio-8080"]
2026-03-21 21:54:42 [main] INFO  org.apache.catalina.core.StandardService - Starting service [Tomcat]
2026-03-21 21:54:42 [main] INFO  org.apache.catalina.core.StandardEngine - Starting Servlet engine: [Apache Tomcat/11.0.18]
2026-03-21 21:54:42 [main] INFO  org.springframework.boot.web.context.servlet.WebApplicationContextInitializer - Root WebApplicationContext: initialization completed in 861 ms
2026-03-21 21:54:42 [main] INFO  org.mongodb.driver.client - MongoClient with metadata {"driver": {"name": "mongo-java-driver|spring-boot|sync", "version": "5.6.4"}, "os": {"type": "Windows", "name": "Windows 11", "architecture": "amd64", "version": "10.0"}, "platform": "Java/Oracle Corporation/21.0.7+8-LTS-245"} created with settings MongoClientSettings{readPreference=primary, writeConcern=WriteConcern{w=majority, wTimeout=null ms, journal=null}, retryWrites=true, retryReads=true, readConcern=ReadConcern{level=null}, credential=MongoCredential{mechanism=null, userName='root', source='admin', password=<hidden>, mechanismProperties=<hidden>}, transportSettings=null, commandListeners=[], codecRegistry=ProvidersCodecRegistry{codecProviders=[ValueCodecProvider{}, BsonValueCodecProvider{}, DBRefCodecProvider{}, DBObjectCodecProvider{}, DocumentCodecProvider{}, CollectionCodecProvider{}, IterableCodecProvider{}, MapCodecProvider{}, GeoJsonCodecProvider{}, GridFSFileCodecProvider{}, Jsr310CodecProvider{}, JsonObjectCodecProvider{}, BsonCodecProvider{}, com.mongodb.client.model.mql.ExpressionCodecProvider@87d9a01, com.mongodb.Jep395RecordCodecProvider@7e5b621b, com.mongodb.KotlinCodecProvider@10177794, EnumCodecProvider{}]}, loggerSettings=LoggerSettings{maxDocumentLength=1000}, clusterSettings={hosts=[127.0.0.1:27017], srvHost=cluster0.en0pykp.mongodb.net, srvServiceName=mongodb, mode=MULTIPLE, requiredClusterType=REPLICA_SET, requiredReplicaSetName='atlas-zt48hn-shard-0', serverSelector='null', clusterListeners='[]', serverSelectionTimeout='30000 ms', localThreshold='15 ms'}, socketSettings=SocketSettings{connectTimeoutMS=10000, readTimeoutMS=0, receiveBufferSize=0, proxySettings=ProxySettings{host=null, port=null, username=null, password=null}}, heartbeatSocketSettings=SocketSettings{connectTimeoutMS=10000, readTimeoutMS=10000, receiveBufferSize=0, proxySettings=ProxySettings{host=null, port=null, username=null, password=null}}, connectionPoolSettings=ConnectionPoolSettings{maxSize=100, minSize=0, maxWaitTimeMS=120000, maxConnectionLifeTimeMS=0, maxConnectionIdleTimeMS=0, maintenanceInitialDelayMS=0, maintenanceFrequencyMS=60000, connectionPoolListeners=[], maxConnecting=2}, serverSettings=ServerSettings{heartbeatFrequencyMS=10000, minHeartbeatFrequencyMS=500, serverMonitoringMode=AUTO, serverListeners='[]', serverMonitorListeners='[]'}, sslSettings=SslSettings{enabled=true, invalidHostNameAllowed=false, context=null}, applicationName='null', compressorList=[], uuidRepresentation=UNSPECIFIED, serverApi=null, autoEncryptionSettings=null, dnsClient=null, inetAddressResolver=null, contextProvider=null, timeoutMS=null}
2026-03-21 21:54:42 [cluster-ClusterId{value='69bec64a779efdea48979254', description='null'}-srv-cluster0.en0pykp.mongodb.net] INFO  org.mongodb.driver.cluster - Adding discovered server ac-aoerbz6-shard-00-01.en0pykp.mongodb.net:27017 to client view of cluster
2026-03-21 21:54:42 [cluster-ClusterId{value='69bec64a779efdea48979254', description='null'}-srv-cluster0.en0pykp.mongodb.net] INFO  org.mongodb.driver.cluster - Adding discovered server ac-aoerbz6-shard-00-00.en0pykp.mongodb.net:27017 to client view of cluster
2026-03-21 21:54:42 [cluster-ClusterId{value='69bec64a779efdea48979254', description='null'}-srv-cluster0.en0pykp.mongodb.net] INFO  org.mongodb.driver.cluster - Adding discovered server ac-aoerbz6-shard-00-02.en0pykp.mongodb.net:27017 to client view of cluster
2026-03-21 21:54:42 [main] WARN  com.password4j.PropertyReader - bcrypt minor version is not defined. Default value is used (b). Please set property hash.bcrypt.minor in your psw4j.properties file.
2026-03-21 21:54:42 [main] WARN  com.password4j.PropertyReader - bcrypt rounds are not defined. Default value is used (10). Please set property hash.bcrypt.rounds in your psw4j.properties file.
2026-03-21 21:54:42 [main] INFO  org.springframework.security.config.annotation.authentication.configuration.InitializeUserDetailsBeanManagerConfigurer$InitializeUserDetailsManagerConfigurer - Global AuthenticationManager configured with UserDetailsService bean with name userDetailsImpl
2026-03-21 21:54:42 [cluster-ClusterId{value='69bec64a779efdea48979254', description='null'}-ac-aoerbz6-shard-00-00.en0pykp.mongodb.net:27017] INFO  org.mongodb.driver.cluster - Monitor thread successfully connected to server with description ServerDescription{address=ac-aoerbz6-shard-00-00.en0pykp.mongodb.net:27017, type=REPLICA_SET_SECONDARY, cryptd=false, state=CONNECTED, ok=true, minWireVersion=0, maxWireVersion=25, maxDocumentSize=16777216, logicalSessionTimeoutMinutes=30, roundTripTimeNanos=216223500, minRoundTripTimeNanos=0, setName='atlas-zt48hn-shard-0', canonicalAddress=ac-aoerbz6-shard-00-00.en0pykp.mongodb.net:27017, hosts=[ac-aoerbz6-shard-00-01.en0pykp.mongodb.net:27017, ac-aoerbz6-shard-00-00.en0pykp.mongodb.net:27017, ac-aoerbz6-shard-00-02.en0pykp.mongodb.net:27017], passives=[], arbiters=[], primary='ac-aoerbz6-shard-00-02.en0pykp.mongodb.net:27017', tagSet=TagSet{[Tag{name='availabilityZone', value='aps1-az1'}, Tag{name='diskState', value='READY'}, Tag{name='nodeType', value='ELECTABLE'}, Tag{name='provider', value='AWS'}, Tag{name='region', value='AP_SOUTH_1'}, Tag{name='workloadType', value='OPERATIONAL'}]}, electionId=null, setVersion=391, topologyVersion=TopologyVersion{processId=69b855abb14686967b76fdd6, counter=4}, lastWriteDate=Sat Mar 21 21:54:41 IST 2026, lastUpdateTimeNanos=16649068071800}
2026-03-21 21:54:42 [cluster-ClusterId{value='69bec64a779efdea48979254', description='null'}-ac-aoerbz6-shard-00-02.en0pykp.mongodb.net:27017] INFO  org.mongodb.driver.cluster - Monitor thread successfully connected to server with description ServerDescription{address=ac-aoerbz6-shard-00-02.en0pykp.mongodb.net:27017, type=REPLICA_SET_PRIMARY, cryptd=false, state=CONNECTED, ok=true, minWireVersion=0, maxWireVersion=25, maxDocumentSize=16777216, logicalSessionTimeoutMinutes=30, roundTripTimeNanos=239409599, minRoundTripTimeNanos=0, setName='atlas-zt48hn-shard-0', canonicalAddress=ac-aoerbz6-shard-00-02.en0pykp.mongodb.net:27017, hosts=[ac-aoerbz6-shard-00-01.en0pykp.mongodb.net:27017, ac-aoerbz6-shard-00-00.en0pykp.mongodb.net:27017, ac-aoerbz6-shard-00-02.en0pykp.mongodb.net:27017], passives=[], arbiters=[], primary='ac-aoerbz6-shard-00-02.en0pykp.mongodb.net:27017', tagSet=TagSet{[Tag{name='availabilityZone', value='aps1-az2'}, Tag{name='diskState', value='READY'}, Tag{name='nodeType', value='ELECTABLE'}, Tag{name='provider', value='AWS'}, Tag{name='region', value='AP_SOUTH_1'}, Tag{name='workloadType', value='OPERATIONAL'}]}, electionId=7fffffff0000000000000156, setVersion=391, topologyVersion=TopologyVersion{processId=69b859a89b4f2018f8b26ac6, counter=6}, lastWriteDate=Sat Mar 21 21:54:41 IST 2026, lastUpdateTimeNanos=16649165339000}
2026-03-21 21:54:42 [cluster-ClusterId{value='69bec64a779efdea48979254', description='null'}-ac-aoerbz6-shard-00-02.en0pykp.mongodb.net:27017] INFO  org.mongodb.driver.cluster - Discovered replica set primary ac-aoerbz6-shard-00-02.en0pykp.mongodb.net:27017 with max election id 7fffffff0000000000000156 and max set version 391
2026-03-21 21:54:43 [cluster-ClusterId{value='69bec64a779efdea48979254', description='null'}-ac-aoerbz6-shard-00-01.en0pykp.mongodb.net:27017] INFO  org.mongodb.driver.cluster - Monitor thread successfully connected to server with description ServerDescription{address=ac-aoerbz6-shard-00-01.en0pykp.mongodb.net:27017, type=REPLICA_SET_SECONDARY, cryptd=false, state=CONNECTED, ok=true, minWireVersion=0, maxWireVersion=25, maxDocumentSize=16777216, logicalSessionTimeoutMinutes=30, roundTripTimeNanos=316461300, minRoundTripTimeNanos=0, setName='atlas-zt48hn-shard-0', canonicalAddress=ac-aoerbz6-shard-00-01.en0pykp.mongodb.net:27017, hosts=[ac-aoerbz6-shard-00-01.en0pykp.mongodb.net:27017, ac-aoerbz6-shard-00-00.en0pykp.mongodb.net:27017, ac-aoerbz6-shard-00-02.en0pykp.mongodb.net:27017], passives=[], arbiters=[], primary='ac-aoerbz6-shard-00-02.en0pykp.mongodb.net:27017', tagSet=TagSet{[Tag{name='availabilityZone', value='aps1-az3'}, Tag{name='diskState', value='READY'}, Tag{name='nodeType', value='ELECTABLE'}, Tag{name='provider', value='AWS'}, Tag{name='region', value='AP_SOUTH_1'}, Tag{name='workloadType', value='OPERATIONAL'}]}, electionId=null, setVersion=391, topologyVersion=TopologyVersion{processId=69b85ccb4b84e800f9f6512d, counter=3}, lastWriteDate=Sat Mar 21 21:54:41 IST 2026, lastUpdateTimeNanos=16649282808900}
2026-03-21 21:54:43 [main] INFO  org.apache.coyote.http11.Http11NioProtocol - Starting ProtocolHandler ["http-nio-8080"]
2026-03-21 21:54:43 [main] INFO  org.springframework.boot.tomcat.TomcatWebServer - Tomcat started on port 8080 (http) with context path '/'
2026-03-21 21:54:43 [main] INFO  com.example.BookingApplication.BookingApplication - Started BookingApplication in 2.107 seconds (process running for 2.495)
2026-03-21 21:54:45 [http-nio-8080-exec-3] INFO  org.apache.catalina.core.ContainerBase.[Tomcat].[localhost].[/] - Initializing Spring DispatcherServlet 'dispatcherServlet'
2026-03-21 21:54:45 [http-nio-8080-exec-3] INFO  org.springframework.web.servlet.DispatcherServlet - Initializing Servlet 'dispatcherServlet'
2026-03-21 21:54:45 [http-nio-8080-exec-3] INFO  org.springframework.web.servlet.DispatcherServlet - Completed initialization in 0 ms
2026-03-21 22:01:01 [SpringApplicationShutdownHook] INFO  org.springframework.boot.tomcat.GracefulShutdown - Commencing graceful shutdown. Waiting for active requests to complete
2026-03-21 22:01:01 [tomcat-shutdown] INFO  org.springframework.boot.tomcat.GracefulShutdown - Graceful shutdown complete
2026-03-21 22:02:55 [main] INFO  com.example.BookingApplication.BookingApplication - Starting BookingApplication using Java 21.0.7 with PID 8984 (C:\Users\ADMIN\Downloads\BookingApplication\BookingApplication\target\classes started by ADMIN in C:\Users\ADMIN\Downloads\BookingApplication)
2026-03-21 22:02:55 [main] INFO  com.example.BookingApplication.BookingApplication - No active profile set, falling back to 1 default profile: "default"
2026-03-21 22:02:55 [main] INFO  org.springframework.data.repository.config.RepositoryConfigurationDelegate - Bootstrapping Spring Data MongoDB repositories in DEFAULT mode.
2026-03-21 22:02:56 [main] INFO  org.springframework.data.repository.config.RepositoryConfigurationDelegate - Finished Spring Data repository scanning in 38 ms. Found 3 MongoDB repository interfaces.
2026-03-21 22:02:56 [main] INFO  org.springframework.boot.tomcat.TomcatWebServer - Tomcat initialized with port 8080 (http)
2026-03-21 22:02:56 [main] INFO  org.apache.coyote.http11.Http11NioProtocol - Initializing ProtocolHandler ["http-nio-8080"]
2026-03-21 22:02:56 [main] INFO  org.apache.catalina.core.StandardService - Starting service [Tomcat]
2026-03-21 22:02:56 [main] INFO  org.apache.catalina.core.StandardEngine - Starting Servlet engine: [Apache Tomcat/11.0.18]
2026-03-21 22:02:56 [main] INFO  org.springframework.boot.web.context.servlet.WebApplicationContextInitializer - Root WebApplicationContext: initialization completed in 894 ms
2026-03-21 22:02:56 [main] INFO  org.mongodb.driver.client - MongoClient with metadata {"driver": {"name": "mongo-java-driver|spring-boot|sync", "version": "5.6.4"}, "os": {"type": "Windows", "name": "Windows 11", "architecture": "amd64", "version": "10.0"}, "platform": "Java/Oracle Corporation/21.0.7+8-LTS-245"} created with settings MongoClientSettings{readPreference=primary, writeConcern=WriteConcern{w=majority, wTimeout=null ms, journal=null}, retryWrites=true, retryReads=true, readConcern=ReadConcern{level=null}, credential=MongoCredential{mechanism=null, userName='root', source='admin', password=<hidden>, mechanismProperties=<hidden>}, transportSettings=null, commandListeners=[], codecRegistry=ProvidersCodecRegistry{codecProviders=[ValueCodecProvider{}, BsonValueCodecProvider{}, DBRefCodecProvider{}, DBObjectCodecProvider{}, DocumentCodecProvider{}, CollectionCodecProvider{}, IterableCodecProvider{}, MapCodecProvider{}, GeoJsonCodecProvider{}, GridFSFileCodecProvider{}, Jsr310CodecProvider{}, JsonObjectCodecProvider{}, BsonCodecProvider{}, com.mongodb.client.model.mql.ExpressionCodecProvider@59303963, com.mongodb.Jep395RecordCodecProvider@61e86192, com.mongodb.KotlinCodecProvider@34330f77, EnumCodecProvider{}]}, loggerSettings=LoggerSettings{maxDocumentLength=1000}, clusterSettings={hosts=[127.0.0.1:27017], srvHost=cluster0.en0pykp.mongodb.net, srvServiceName=mongodb, mode=MULTIPLE, requiredClusterType=REPLICA_SET, requiredReplicaSetName='atlas-zt48hn-shard-0', serverSelector='null', clusterListeners='[]', serverSelectionTimeout='30000 ms', localThreshold='15 ms'}, socketSettings=SocketSettings{connectTimeoutMS=10000, readTimeoutMS=0, receiveBufferSize=0, proxySettings=ProxySettings{host=null, port=null, username=null, password=null}}, heartbeatSocketSettings=SocketSettings{connectTimeoutMS=10000, readTimeoutMS=10000, receiveBufferSize=0, proxySettings=ProxySettings{host=null, port=null, username=null, password=null}}, connectionPoolSettings=ConnectionPoolSettings{maxSize=100, minSize=0, maxWaitTimeMS=120000, maxConnectionLifeTimeMS=0, maxConnectionIdleTimeMS=0, maintenanceInitialDelayMS=0, maintenanceFrequencyMS=60000, connectionPoolListeners=[], maxConnecting=2}, serverSettings=ServerSettings{heartbeatFrequencyMS=10000, minHeartbeatFrequencyMS=500, serverMonitoringMode=AUTO, serverListeners='[]', serverMonitorListeners='[]'}, sslSettings=SslSettings{enabled=true, invalidHostNameAllowed=false, context=null}, applicationName='null', compressorList=[], uuidRepresentation=UNSPECIFIED, serverApi=null, autoEncryptionSettings=null, dnsClient=null, inetAddressResolver=null, contextProvider=null, timeoutMS=null}
2026-03-21 22:02:56 [cluster-ClusterId{value='69bec8387e9053408ebe71e6', description='null'}-srv-cluster0.en0pykp.mongodb.net] INFO  org.mongodb.driver.cluster - Adding discovered server ac-aoerbz6-shard-00-01.en0pykp.mongodb.net:27017 to client view of cluster
2026-03-21 22:02:56 [cluster-ClusterId{value='69bec8387e9053408ebe71e6', description='null'}-srv-cluster0.en0pykp.mongodb.net] INFO  org.mongodb.driver.cluster - Adding discovered server ac-aoerbz6-shard-00-00.en0pykp.mongodb.net:27017 to client view of cluster
2026-03-21 22:02:56 [cluster-ClusterId{value='69bec8387e9053408ebe71e6', description='null'}-srv-cluster0.en0pykp.mongodb.net] INFO  org.mongodb.driver.cluster - Adding discovered server ac-aoerbz6-shard-00-02.en0pykp.mongodb.net:27017 to client view of cluster
2026-03-21 22:02:56 [main] WARN  com.password4j.PropertyReader - bcrypt minor version is not defined. Default value is used (b). Please set property hash.bcrypt.minor in your psw4j.properties file.
2026-03-21 22:02:56 [main] WARN  com.password4j.PropertyReader - bcrypt rounds are not defined. Default value is used (10). Please set property hash.bcrypt.rounds in your psw4j.properties file.
2026-03-21 22:02:57 [main] INFO  org.springframework.security.config.annotation.authentication.configuration.InitializeUserDetailsBeanManagerConfigurer$InitializeUserDetailsManagerConfigurer - Global AuthenticationManager configured with UserDetailsService bean with name userDetailsImpl
2026-03-21 22:02:57 [cluster-ClusterId{value='69bec8387e9053408ebe71e6', description='null'}-ac-aoerbz6-shard-00-02.en0pykp.mongodb.net:27017] INFO  org.mongodb.driver.cluster - Monitor thread successfully connected to server with description ServerDescription{address=ac-aoerbz6-shard-00-02.en0pykp.mongodb.net:27017, type=REPLICA_SET_PRIMARY, cryptd=false, state=CONNECTED, ok=true, minWireVersion=0, maxWireVersion=25, maxDocumentSize=16777216, logicalSessionTimeoutMinutes=30, roundTripTimeNanos=239558400, minRoundTripTimeNanos=0, setName='atlas-zt48hn-shard-0', canonicalAddress=ac-aoerbz6-shard-00-02.en0pykp.mongodb.net:27017, hosts=[ac-aoerbz6-shard-00-01.en0pykp.mongodb.net:27017, ac-aoerbz6-shard-00-00.en0pykp.mongodb.net:27017, ac-aoerbz6-shard-00-02.en0pykp.mongodb.net:27017], passives=[], arbiters=[], primary='ac-aoerbz6-shard-00-02.en0pykp.mongodb.net:27017', tagSet=TagSet{[Tag{name='availabilityZone', value='aps1-az2'}, Tag{name='diskState', value='READY'}, Tag{name='nodeType', value='ELECTABLE'}, Tag{name='provider', value='AWS'}, Tag{name='region', value='AP_SOUTH_1'}, Tag{name='workloadType', value='OPERATIONAL'}]}, electionId=7fffffff0000000000000156, setVersion=391, topologyVersion=TopologyVersion{processId=69b859a89b4f2018f8b26ac6, counter=6}, lastWriteDate=Sat Mar 21 22:02:55 IST 2026, lastUpdateTimeNanos=17143311190699}
2026-03-21 22:02:57 [cluster-ClusterId{value='69bec8387e9053408ebe71e6', description='null'}-ac-aoerbz6-shard-00-00.en0pykp.mongodb.net:27017] INFO  org.mongodb.driver.cluster - Monitor thread successfully connected to server with description ServerDescription{address=ac-aoerbz6-shard-00-00.en0pykp.mongodb.net:27017, type=REPLICA_SET_SECONDARY, cryptd=false, state=CONNECTED, ok=true, minWireVersion=0, maxWireVersion=25, maxDocumentSize=16777216, logicalSessionTimeoutMinutes=30, roundTripTimeNanos=232077800, minRoundTripTimeNanos=0, setName='atlas-zt48hn-shard-0', canonicalAddress=ac-aoerbz6-shard-00-00.en0pykp.mongodb.net:27017, hosts=[ac-aoerbz6-shard-00-01.en0pykp.mongodb.net:27017, ac-aoerbz6-shard-00-00.en0pykp.mongodb.net:27017, ac-aoerbz6-shard-00-02.en0pykp.mongodb.net:27017], passives=[], arbiters=[], primary='ac-aoerbz6-shard-00-02.en0pykp.mongodb.net:27017', tagSet=TagSet{[Tag{name='availabilityZone', value='aps1-az1'}, Tag{name='diskState', value='READY'}, Tag{name='nodeType', value='ELECTABLE'}, Tag{name='provider', value='AWS'}, Tag{name='region', value='AP_SOUTH_1'}, Tag{name='workloadType', value='OPERATIONAL'}]}, electionId=null, setVersion=391, topologyVersion=TopologyVersion{processId=69b855abb14686967b76fdd6, counter=4}, lastWriteDate=Sat Mar 21 22:02:55 IST 2026, lastUpdateTimeNanos=17143311190699}
2026-03-21 22:02:57 [cluster-ClusterId{value='69bec8387e9053408ebe71e6', description='null'}-ac-aoerbz6-shard-00-02.en0pykp.mongodb.net:27017] INFO  org.mongodb.driver.cluster - Discovered replica set primary ac-aoerbz6-shard-00-02.en0pykp.mongodb.net:27017 with max election id 7fffffff0000000000000156 and max set version 391
2026-03-21 22:02:57 [cluster-ClusterId{value='69bec8387e9053408ebe71e6', description='null'}-ac-aoerbz6-shard-00-01.en0pykp.mongodb.net:27017] INFO  org.mongodb.driver.cluster - Monitor thread successfully connected to server with description ServerDescription{address=ac-aoerbz6-shard-00-01.en0pykp.mongodb.net:27017, type=REPLICA_SET_SECONDARY, cryptd=false, state=CONNECTED, ok=true, minWireVersion=0, maxWireVersion=25, maxDocumentSize=16777216, logicalSessionTimeoutMinutes=30, roundTripTimeNanos=301991600, minRoundTripTimeNanos=0, setName='atlas-zt48hn-shard-0', canonicalAddress=ac-aoerbz6-shard-00-01.en0pykp.mongodb.net:27017, hosts=[ac-aoerbz6-shard-00-01.en0pykp.mongodb.net:27017, ac-aoerbz6-shard-00-00.en0pykp.mongodb.net:27017, ac-aoerbz6-shard-00-02.en0pykp.mongodb.net:27017], passives=[], arbiters=[], primary='ac-aoerbz6-shard-00-02.en0pykp.mongodb.net:27017', tagSet=TagSet{[Tag{name='availabilityZone', value='aps1-az3'}, Tag{name='diskState', value='READY'}, Tag{name='nodeType', value='ELECTABLE'}, Tag{name='provider', value='AWS'}, Tag{name='region', value='AP_SOUTH_1'}, Tag{name='workloadType', value='OPERATIONAL'}]}, electionId=null, setVersion=391, topologyVersion=TopologyVersion{processId=69b85ccb4b84e800f9f6512d, counter=3}, lastWriteDate=Sat Mar 21 22:02:55 IST 2026, lastUpdateTimeNanos=17143406845200}
2026-03-21 22:02:57 [main] INFO  org.apache.coyote.http11.Http11NioProtocol - Starting ProtocolHandler ["http-nio-8080"]
2026-03-21 22:02:57 [main] INFO  org.springframework.boot.tomcat.TomcatWebServer - Tomcat started on port 8080 (http) with context path '/'
2026-03-21 22:02:57 [main] INFO  com.example.BookingApplication.BookingApplication - Started BookingApplication in 2.163 seconds (process running for 2.603)
2026-03-21 22:05:33 [SpringApplicationShutdownHook] INFO  org.springframework.boot.tomcat.GracefulShutdown - Commencing graceful shutdown. Waiting for active requests to complete
2026-03-21 22:05:33 [tomcat-shutdown] INFO  org.springframework.boot.tomcat.GracefulShutdown - Graceful shutdown complete
2026-03-21 22:05:34 [main] INFO  com.example.BookingApplication.BookingApplication - Starting BookingApplication using Java 21.0.7 with PID 14788 (C:\Users\ADMIN\Downloads\BookingApplication\BookingApplication\target\classes started by ADMIN in C:\Users\ADMIN\Downloads\BookingApplication)
2026-03-21 22:05:34 [main] INFO  com.example.BookingApplication.BookingApplication - No active profile set, falling back to 1 default profile: "default"
2026-03-21 22:05:35 [main] INFO  org.springframework.data.repository.config.RepositoryConfigurationDelegate - Bootstrapping Spring Data MongoDB repositories in DEFAULT mode.
2026-03-21 22:05:35 [main] INFO  org.springframework.data.repository.config.RepositoryConfigurationDelegate - Finished Spring Data repository scanning in 35 ms. Found 3 MongoDB repository interfaces.
2026-03-21 22:05:35 [main] INFO  org.springframework.boot.tomcat.TomcatWebServer - Tomcat initialized with port 8080 (http)
2026-03-21 22:05:35 [main] INFO  org.apache.coyote.http11.Http11NioProtocol - Initializing ProtocolHandler ["http-nio-8080"]
2026-03-21 22:05:35 [main] INFO  org.apache.catalina.core.StandardService - Starting service [Tomcat]
2026-03-21 22:05:35 [main] INFO  org.apache.catalina.core.StandardEngine - Starting Servlet engine: [Apache Tomcat/11.0.18]
2026-03-21 22:05:35 [main] INFO  org.springframework.boot.web.context.servlet.WebApplicationContextInitializer - Root WebApplicationContext: initialization completed in 927 ms
2026-03-21 22:05:35 [cluster-ClusterId{value='69bec8d7d73ec6bd1d01934c', description='null'}-srv-cluster0.en0pykp.mongodb.net] INFO  org.mongodb.driver.cluster - Adding discovered server ac-aoerbz6-shard-00-01.en0pykp.mongodb.net:27017 to client view of cluster
2026-03-21 22:05:35 [main] INFO  org.mongodb.driver.client - MongoClient with metadata {"driver": {"name": "mongo-java-driver|spring-boot|sync", "version": "5.6.4"}, "os": {"type": "Windows", "name": "Windows 11", "architecture": "amd64", "version": "10.0"}, "platform": "Java/Oracle Corporation/21.0.7+8-LTS-245"} created with settings MongoClientSettings{readPreference=primary, writeConcern=WriteConcern{w=majority, wTimeout=null ms, journal=null}, retryWrites=true, retryReads=true, readConcern=ReadConcern{level=null}, credential=MongoCredential{mechanism=null, userName='root', source='admin', password=<hidden>, mechanismProperties=<hidden>}, transportSettings=null, commandListeners=[], codecRegistry=ProvidersCodecRegistry{codecProviders=[ValueCodecProvider{}, BsonValueCodecProvider{}, DBRefCodecProvider{}, DBObjectCodecProvider{}, DocumentCodecProvider{}, CollectionCodecProvider{}, IterableCodecProvider{}, MapCodecProvider{}, GeoJsonCodecProvider{}, GridFSFileCodecProvider{}, Jsr310CodecProvider{}, JsonObjectCodecProvider{}, BsonCodecProvider{}, com.mongodb.client.model.mql.ExpressionCodecProvider@61e86192, com.mongodb.Jep395RecordCodecProvider@34330f77, com.mongodb.KotlinCodecProvider@1320e68a, EnumCodecProvider{}]}, loggerSettings=LoggerSettings{maxDocumentLength=1000}, clusterSettings={hosts=[127.0.0.1:27017], srvHost=cluster0.en0pykp.mongodb.net, srvServiceName=mongodb, mode=MULTIPLE, requiredClusterType=REPLICA_SET, requiredReplicaSetName='atlas-zt48hn-shard-0', serverSelector='null', clusterListeners='[]', serverSelectionTimeout='30000 ms', localThreshold='15 ms'}, socketSettings=SocketSettings{connectTimeoutMS=10000, readTimeoutMS=0, receiveBufferSize=0, proxySettings=ProxySettings{host=null, port=null, username=null, password=null}}, heartbeatSocketSettings=SocketSettings{connectTimeoutMS=10000, readTimeoutMS=10000, receiveBufferSize=0, proxySettings=ProxySettings{host=null, port=null, username=null, password=null}}, connectionPoolSettings=ConnectionPoolSettings{maxSize=100, minSize=0, maxWaitTimeMS=120000, maxConnectionLifeTimeMS=0, maxConnectionIdleTimeMS=0, maintenanceInitialDelayMS=0, maintenanceFrequencyMS=60000, connectionPoolListeners=[], maxConnecting=2}, serverSettings=ServerSettings{heartbeatFrequencyMS=10000, minHeartbeatFrequencyMS=500, serverMonitoringMode=AUTO, serverListeners='[]', serverMonitorListeners='[]'}, sslSettings=SslSettings{enabled=true, invalidHostNameAllowed=false, context=null}, applicationName='null', compressorList=[], uuidRepresentation=UNSPECIFIED, serverApi=null, autoEncryptionSettings=null, dnsClient=null, inetAddressResolver=null, contextProvider=null, timeoutMS=null}
2026-03-21 22:05:35 [cluster-ClusterId{value='69bec8d7d73ec6bd1d01934c', description='null'}-srv-cluster0.en0pykp.mongodb.net] INFO  org.mongodb.driver.cluster - Adding discovered server ac-aoerbz6-shard-00-00.en0pykp.mongodb.net:27017 to client view of cluster
2026-03-21 22:05:35 [cluster-ClusterId{value='69bec8d7d73ec6bd1d01934c', description='null'}-srv-cluster0.en0pykp.mongodb.net] INFO  org.mongodb.driver.cluster - Adding discovered server ac-aoerbz6-shard-00-02.en0pykp.mongodb.net:27017 to client view of cluster
2026-03-21 22:05:36 [main] WARN  com.password4j.PropertyReader - bcrypt minor version is not defined. Default value is used (b). Please set property hash.bcrypt.minor in your psw4j.properties file.
2026-03-21 22:05:36 [main] WARN  com.password4j.PropertyReader - bcrypt rounds are not defined. Default value is used (10). Please set property hash.bcrypt.rounds in your psw4j.properties file.
2026-03-21 22:05:36 [main] INFO  org.springframework.security.config.annotation.authentication.configuration.InitializeUserDetailsBeanManagerConfigurer$InitializeUserDetailsManagerConfigurer - Global AuthenticationManager configured with UserDetailsService bean with name userDetailsImpl
2026-03-21 22:05:36 [cluster-ClusterId{value='69bec8d7d73ec6bd1d01934c', description='null'}-ac-aoerbz6-shard-00-02.en0pykp.mongodb.net:27017] INFO  org.mongodb.driver.cluster - Monitor thread successfully connected to server with description ServerDescription{address=ac-aoerbz6-shard-00-02.en0pykp.mongodb.net:27017, type=REPLICA_SET_PRIMARY, cryptd=false, state=CONNECTED, ok=true, minWireVersion=0, maxWireVersion=25, maxDocumentSize=16777216, logicalSessionTimeoutMinutes=30, roundTripTimeNanos=238071600, minRoundTripTimeNanos=0, setName='atlas-zt48hn-shard-0', canonicalAddress=ac-aoerbz6-shard-00-02.en0pykp.mongodb.net:27017, hosts=[ac-aoerbz6-shard-00-01.en0pykp.mongodb.net:27017, ac-aoerbz6-shard-00-00.en0pykp.mongodb.net:27017, ac-aoerbz6-shard-00-02.en0pykp.mongodb.net:27017], passives=[], arbiters=[], primary='ac-aoerbz6-shard-00-02.en0pykp.mongodb.net:27017', tagSet=TagSet{[Tag{name='availabilityZone', value='aps1-az2'}, Tag{name='diskState', value='READY'}, Tag{name='nodeType', value='ELECTABLE'}, Tag{name='provider', value='AWS'}, Tag{name='region', value='AP_SOUTH_1'}, Tag{name='workloadType', value='OPERATIONAL'}]}, electionId=7fffffff0000000000000156, setVersion=391, topologyVersion=TopologyVersion{processId=69b859a89b4f2018f8b26ac6, counter=6}, lastWriteDate=Sat Mar 21 22:05:35 IST 2026, lastUpdateTimeNanos=17302505882900}
2026-03-21 22:05:36 [cluster-ClusterId{value='69bec8d7d73ec6bd1d01934c', description='null'}-ac-aoerbz6-shard-00-00.en0pykp.mongodb.net:27017] INFO  org.mongodb.driver.cluster - Monitor thread successfully connected to server with description ServerDescription{address=ac-aoerbz6-shard-00-00.en0pykp.mongodb.net:27017, type=REPLICA_SET_SECONDARY, cryptd=false, state=CONNECTED, ok=true, minWireVersion=0, maxWireVersion=25, maxDocumentSize=16777216, logicalSessionTimeoutMinutes=30, roundTripTimeNanos=238071200, minRoundTripTimeNanos=0, setName='atlas-zt48hn-shard-0', canonicalAddress=ac-aoerbz6-shard-00-00.en0pykp.mongodb.net:27017, hosts=[ac-aoerbz6-shard-00-01.en0pykp.mongodb.net:27017, ac-aoerbz6-shard-00-00.en0pykp.mongodb.net:27017, ac-aoerbz6-shard-00-02.en0pykp.mongodb.net:27017], passives=[], arbiters=[], primary='ac-aoerbz6-shard-00-02.en0pykp.mongodb.net:27017', tagSet=TagSet{[Tag{name='availabilityZone', value='aps1-az1'}, Tag{name='diskState', value='READY'}, Tag{name='nodeType', value='ELECTABLE'}, Tag{name='provider', value='AWS'}, Tag{name='region', value='AP_SOUTH_1'}, Tag{name='workloadType', value='OPERATIONAL'}]}, electionId=null, setVersion=391, topologyVersion=TopologyVersion{processId=69b855abb14686967b76fdd6, counter=4}, lastWriteDate=Sat Mar 21 22:05:35 IST 2026, lastUpdateTimeNanos=17302505882800}
2026-03-21 22:05:36 [cluster-ClusterId{value='69bec8d7d73ec6bd1d01934c', description='null'}-ac-aoerbz6-shard-00-01.en0pykp.mongodb.net:27017] INFO  org.mongodb.driver.cluster - Monitor thread successfully connected to server with description ServerDescription{address=ac-aoerbz6-shard-00-01.en0pykp.mongodb.net:27017, type=REPLICA_SET_SECONDARY, cryptd=false, state=CONNECTED, ok=true, minWireVersion=0, maxWireVersion=25, maxDocumentSize=16777216, logicalSessionTimeoutMinutes=30, roundTripTimeNanos=234108500, minRoundTripTimeNanos=0, setName='atlas-zt48hn-shard-0', canonicalAddress=ac-aoerbz6-shard-00-01.en0pykp.mongodb.net:27017, hosts=[ac-aoerbz6-shard-00-01.en0pykp.mongodb.net:27017, ac-aoerbz6-shard-00-00.en0pykp.mongodb.net:27017, ac-aoerbz6-shard-00-02.en0pykp.mongodb.net:27017], passives=[], arbiters=[], primary='ac-aoerbz6-shard-00-02.en0pykp.mongodb.net:27017', tagSet=TagSet{[Tag{name='availabilityZone', value='aps1-az3'}, Tag{name='diskState', value='READY'}, Tag{name='nodeType', value='ELECTABLE'}, Tag{name='provider', value='AWS'}, Tag{name='region', value='AP_SOUTH_1'}, Tag{name='workloadType', value='OPERATIONAL'}]}, electionId=null, setVersion=391, topologyVersion=TopologyVersion{processId=69b85ccb4b84e800f9f6512d, counter=3}, lastWriteDate=Sat Mar 21 22:05:35 IST 2026, lastUpdateTimeNanos=17302505882800}
2026-03-21 22:05:36 [cluster-ClusterId{value='69bec8d7d73ec6bd1d01934c', description='null'}-ac-aoerbz6-shard-00-02.en0pykp.mongodb.net:27017] INFO  org.mongodb.driver.cluster - Discovered replica set primary ac-aoerbz6-shard-00-02.en0pykp.mongodb.net:27017 with max election id 7fffffff0000000000000156 and max set version 391
2026-03-21 22:05:36 [main] INFO  org.apache.coyote.http11.Http11NioProtocol - Starting ProtocolHandler ["http-nio-8080"]
2026-03-21 22:05:36 [main] INFO  org.springframework.boot.tomcat.TomcatWebServer - Tomcat started on port 8080 (http) with context path '/'
2026-03-21 22:05:36 [main] INFO  com.example.BookingApplication.BookingApplication - Started BookingApplication in 2.359 seconds (process running for 2.831)
2026-03-21 22:06:22 [SpringApplicationShutdownHook] INFO  org.springframework.boot.tomcat.GracefulShutdown - Commencing graceful shutdown. Waiting for active requests to complete
2026-03-21 22:06:22 [tomcat-shutdown] INFO  org.springframework.boot.tomcat.GracefulShutdown - Graceful shutdown complete
2026-03-21 22:06:24 [main] INFO  com.example.BookingApplication.BookingApplication - Starting BookingApplication using Java 21.0.7 with PID 18644 (C:\Users\ADMIN\Downloads\BookingApplication\BookingApplication\target\classes started by ADMIN in C:\Users\ADMIN\Downloads\BookingApplication)
2026-03-21 22:06:24 [main] INFO  com.example.BookingApplication.BookingApplication - No active profile set, falling back to 1 default profile: "default"
2026-03-21 22:06:24 [main] INFO  org.springframework.data.repository.config.RepositoryConfigurationDelegate - Bootstrapping Spring Data MongoDB repositories in DEFAULT mode.
2026-03-21 22:06:24 [main] INFO  org.springframework.data.repository.config.RepositoryConfigurationDelegate - Finished Spring Data repository scanning in 41 ms. Found 3 MongoDB repository interfaces.
2026-03-21 22:06:25 [main] INFO  org.springframework.boot.tomcat.TomcatWebServer - Tomcat initialized with port 8080 (http)
2026-03-21 22:06:25 [main] INFO  org.apache.coyote.http11.Http11NioProtocol - Initializing ProtocolHandler ["http-nio-8080"]
2026-03-21 22:06:25 [main] INFO  org.apache.catalina.core.StandardService - Starting service [Tomcat]
2026-03-21 22:06:25 [main] INFO  org.apache.catalina.core.StandardEngine - Starting Servlet engine: [Apache Tomcat/11.0.18]
2026-03-21 22:06:25 [main] INFO  org.springframework.boot.web.context.servlet.WebApplicationContextInitializer - Root WebApplicationContext: initialization completed in 938 ms
2026-03-21 22:06:25 [cluster-ClusterId{value='69bec909b6ef36b7d03f47c8', description='null'}-srv-cluster0.en0pykp.mongodb.net] INFO  org.mongodb.driver.cluster - Adding discovered server ac-aoerbz6-shard-00-01.en0pykp.mongodb.net:27017 to client view of cluster
2026-03-21 22:06:25 [main] INFO  org.mongodb.driver.client - MongoClient with metadata {"driver": {"name": "mongo-java-driver|spring-boot|sync", "version": "5.6.4"}, "os": {"type": "Windows", "name": "Windows 11", "architecture": "amd64", "version": "10.0"}, "platform": "Java/Oracle Corporation/21.0.7+8-LTS-245"} created with settings MongoClientSettings{readPreference=primary, writeConcern=WriteConcern{w=majority, wTimeout=null ms, journal=null}, retryWrites=true, retryReads=true, readConcern=ReadConcern{level=null}, credential=MongoCredential{mechanism=null, userName='root', source='admin', password=<hidden>, mechanismProperties=<hidden>}, transportSettings=null, commandListeners=[], codecRegistry=ProvidersCodecRegistry{codecProviders=[ValueCodecProvider{}, BsonValueCodecProvider{}, DBRefCodecProvider{}, DBObjectCodecProvider{}, DocumentCodecProvider{}, CollectionCodecProvider{}, IterableCodecProvider{}, MapCodecProvider{}, GeoJsonCodecProvider{}, GridFSFileCodecProvider{}, Jsr310CodecProvider{}, JsonObjectCodecProvider{}, BsonCodecProvider{}, com.mongodb.client.model.mql.ExpressionCodecProvider@61e86192, com.mongodb.Jep395RecordCodecProvider@34330f77, com.mongodb.KotlinCodecProvider@1320e68a, EnumCodecProvider{}]}, loggerSettings=LoggerSettings{maxDocumentLength=1000}, clusterSettings={hosts=[127.0.0.1:27017], srvHost=cluster0.en0pykp.mongodb.net, srvServiceName=mongodb, mode=MULTIPLE, requiredClusterType=REPLICA_SET, requiredReplicaSetName='atlas-zt48hn-shard-0', serverSelector='null', clusterListeners='[]', serverSelectionTimeout='30000 ms', localThreshold='15 ms'}, socketSettings=SocketSettings{connectTimeoutMS=10000, readTimeoutMS=0, receiveBufferSize=0, proxySettings=ProxySettings{host=null, port=null, username=null, password=null}}, heartbeatSocketSettings=SocketSettings{connectTimeoutMS=10000, readTimeoutMS=10000, receiveBufferSize=0, proxySettings=ProxySettings{host=null, port=null, username=null, password=null}}, connectionPoolSettings=ConnectionPoolSettings{maxSize=100, minSize=0, maxWaitTimeMS=120000, maxConnectionLifeTimeMS=0, maxConnectionIdleTimeMS=0, maintenanceInitialDelayMS=0, maintenanceFrequencyMS=60000, connectionPoolListeners=[], maxConnecting=2}, serverSettings=ServerSettings{heartbeatFrequencyMS=10000, minHeartbeatFrequencyMS=500, serverMonitoringMode=AUTO, serverListeners='[]', serverMonitorListeners='[]'}, sslSettings=SslSettings{enabled=true, invalidHostNameAllowed=false, context=null}, applicationName='null', compressorList=[], uuidRepresentation=UNSPECIFIED, serverApi=null, autoEncryptionSettings=null, dnsClient=null, inetAddressResolver=null, contextProvider=null, timeoutMS=null}
2026-03-21 22:06:25 [cluster-ClusterId{value='69bec909b6ef36b7d03f47c8', description='null'}-srv-cluster0.en0pykp.mongodb.net] INFO  org.mongodb.driver.cluster - Adding discovered server ac-aoerbz6-shard-00-00.en0pykp.mongodb.net:27017 to client view of cluster
2026-03-21 22:06:25 [cluster-ClusterId{value='69bec909b6ef36b7d03f47c8', description='null'}-srv-cluster0.en0pykp.mongodb.net] INFO  org.mongodb.driver.cluster - Adding discovered server ac-aoerbz6-shard-00-02.en0pykp.mongodb.net:27017 to client view of cluster
2026-03-21 22:06:25 [main] WARN  com.password4j.PropertyReader - bcrypt minor version is not defined. Default value is used (b). Please set property hash.bcrypt.minor in your psw4j.properties file.
2026-03-21 22:06:25 [main] WARN  com.password4j.PropertyReader - bcrypt rounds are not defined. Default value is used (10). Please set property hash.bcrypt.rounds in your psw4j.properties file.
2026-03-21 22:06:25 [main] INFO  org.springframework.security.config.annotation.authentication.configuration.InitializeUserDetailsBeanManagerConfigurer$InitializeUserDetailsManagerConfigurer - Global AuthenticationManager configured with UserDetailsService bean with name userDetailsImpl
2026-03-21 22:06:25 [cluster-ClusterId{value='69bec909b6ef36b7d03f47c8', description='null'}-ac-aoerbz6-shard-00-02.en0pykp.mongodb.net:27017] INFO  org.mongodb.driver.cluster - Monitor thread successfully connected to server with description ServerDescription{address=ac-aoerbz6-shard-00-02.en0pykp.mongodb.net:27017, type=REPLICA_SET_PRIMARY, cryptd=false, state=CONNECTED, ok=true, minWireVersion=0, maxWireVersion=25, maxDocumentSize=16777216, logicalSessionTimeoutMinutes=30, roundTripTimeNanos=236388500, minRoundTripTimeNanos=0, setName='atlas-zt48hn-shard-0', canonicalAddress=ac-aoerbz6-shard-00-02.en0pykp.mongodb.net:27017, hosts=[ac-aoerbz6-shard-00-01.en0pykp.mongodb.net:27017, ac-aoerbz6-shard-00-00.en0pykp.mongodb.net:27017, ac-aoerbz6-shard-00-02.en0pykp.mongodb.net:27017], passives=[], arbiters=[], primary='ac-aoerbz6-shard-00-02.en0pykp.mongodb.net:27017', tagSet=TagSet{[Tag{name='availabilityZone', value='aps1-az2'}, Tag{name='diskState', value='READY'}, Tag{name='nodeType', value='ELECTABLE'}, Tag{name='provider', value='AWS'}, Tag{name='region', value='AP_SOUTH_1'}, Tag{name='workloadType', value='OPERATIONAL'}]}, electionId=7fffffff0000000000000156, setVersion=391, topologyVersion=TopologyVersion{processId=69b859a89b4f2018f8b26ac6, counter=6}, lastWriteDate=Sat Mar 21 22:06:24 IST 2026, lastUpdateTimeNanos=17352090652300}
2026-03-21 22:06:25 [cluster-ClusterId{value='69bec909b6ef36b7d03f47c8', description='null'}-ac-aoerbz6-shard-00-00.en0pykp.mongodb.net:27017] INFO  org.mongodb.driver.cluster - Monitor thread successfully connected to server with description ServerDescription{address=ac-aoerbz6-shard-00-00.en0pykp.mongodb.net:27017, type=REPLICA_SET_SECONDARY, cryptd=false, state=CONNECTED, ok=true, minWireVersion=0, maxWireVersion=25, maxDocumentSize=16777216, logicalSessionTimeoutMinutes=30, roundTripTimeNanos=234397000, minRoundTripTimeNanos=0, setName='atlas-zt48hn-shard-0', canonicalAddress=ac-aoerbz6-shard-00-00.en0pykp.mongodb.net:27017, hosts=[ac-aoerbz6-shard-00-01.en0pykp.mongodb.net:27017, ac-aoerbz6-shard-00-00.en0pykp.mongodb.net:27017, ac-aoerbz6-shard-00-02.en0pykp.mongodb.net:27017], passives=[], arbiters=[], primary='ac-aoerbz6-shard-00-02.en0pykp.mongodb.net:27017', tagSet=TagSet{[Tag{name='availabilityZone', value='aps1-az1'}, Tag{name='diskState', value='READY'}, Tag{name='nodeType', value='ELECTABLE'}, Tag{name='provider', value='AWS'}, Tag{name='region', value='AP_SOUTH_1'}, Tag{name='workloadType', value='OPERATIONAL'}]}, electionId=null, setVersion=391, topologyVersion=TopologyVersion{processId=69b855abb14686967b76fdd6, counter=4}, lastWriteDate=Sat Mar 21 22:06:24 IST 2026, lastUpdateTimeNanos=17352090652300}
2026-03-21 22:06:25 [cluster-ClusterId{value='69bec909b6ef36b7d03f47c8', description='null'}-ac-aoerbz6-shard-00-01.en0pykp.mongodb.net:27017] INFO  org.mongodb.driver.cluster - Monitor thread successfully connected to server with description ServerDescription{address=ac-aoerbz6-shard-00-01.en0pykp.mongodb.net:27017, type=REPLICA_SET_SECONDARY, cryptd=false, state=CONNECTED, ok=true, minWireVersion=0, maxWireVersion=25, maxDocumentSize=16777216, logicalSessionTimeoutMinutes=30, roundTripTimeNanos=236388101, minRoundTripTimeNanos=0, setName='atlas-zt48hn-shard-0', canonicalAddress=ac-aoerbz6-shard-00-01.en0pykp.mongodb.net:27017, hosts=[ac-aoerbz6-shard-00-01.en0pykp.mongodb.net:27017, ac-aoerbz6-shard-00-00.en0pykp.mongodb.net:27017, ac-aoerbz6-shard-00-02.en0pykp.mongodb.net:27017], passives=[], arbiters=[], primary='ac-aoerbz6-shard-00-02.en0pykp.mongodb.net:27017', tagSet=TagSet{[Tag{name='availabilityZone', value='aps1-az3'}, Tag{name='diskState', value='READY'}, Tag{name='nodeType', value='ELECTABLE'}, Tag{name='provider', value='AWS'}, Tag{name='region', value='AP_SOUTH_1'}, Tag{name='workloadType', value='OPERATIONAL'}]}, electionId=null, setVersion=391, topologyVersion=TopologyVersion{processId=69b85ccb4b84e800f9f6512d, counter=3}, lastWriteDate=Sat Mar 21 22:06:24 GMT+05:30 2026, lastUpdateTimeNanos=17352090652300}
2026-03-21 22:06:25 [cluster-ClusterId{value='69bec909b6ef36b7d03f47c8', description='null'}-ac-aoerbz6-shard-00-02.en0pykp.mongodb.net:27017] INFO  org.mongodb.driver.cluster - Discovered replica set primary ac-aoerbz6-shard-00-02.en0pykp.mongodb.net:27017 with max election id 7fffffff0000000000000156 and max set version 391
2026-03-21 22:06:26 [main] INFO  org.apache.coyote.http11.Http11NioProtocol - Starting ProtocolHandler ["http-nio-8080"]
2026-03-21 22:06:26 [main] INFO  org.springframework.boot.tomcat.TomcatWebServer - Tomcat started on port 8080 (http) with context path '/'
2026-03-21 22:06:26 [main] INFO  com.example.BookingApplication.BookingApplication - Started BookingApplication in 2.379 seconds (process running for 2.845)
2026-03-21 22:06:42 [http-nio-8080-exec-1] INFO  org.apache.catalina.core.ContainerBase.[Tomcat].[localhost].[/] - Initializing Spring DispatcherServlet 'dispatcherServlet'
2026-03-21 22:06:42 [http-nio-8080-exec-1] INFO  org.springframework.web.servlet.DispatcherServlet - Initializing Servlet 'dispatcherServlet'
2026-03-21 22:06:42 [http-nio-8080-exec-1] INFO  org.springframework.web.servlet.DispatcherServlet - Completed initialization in 1 ms
2026-03-21 22:07:50 [SpringApplicationShutdownHook] INFO  org.springframework.boot.tomcat.GracefulShutdown - Commencing graceful shutdown. Waiting for active requests to complete
2026-03-21 22:07:50 [tomcat-shutdown] INFO  org.springframework.boot.tomcat.GracefulShutdown - Graceful shutdown complete
2026-03-21 22:07:51 [main] INFO  com.example.BookingApplication.BookingApplication - Starting BookingApplication using Java 21.0.7 with PID 26276 (C:\Users\ADMIN\Downloads\BookingApplication\BookingApplication\target\classes started by ADMIN in C:\Users\ADMIN\Downloads\BookingApplication)
2026-03-21 22:07:51 [main] INFO  com.example.BookingApplication.BookingApplication - No active profile set, falling back to 1 default profile: "default"
2026-03-21 22:07:52 [main] INFO  org.springframework.data.repository.config.RepositoryConfigurationDelegate - Bootstrapping Spring Data MongoDB repositories in DEFAULT mode.
2026-03-21 22:07:52 [main] INFO  org.springframework.data.repository.config.RepositoryConfigurationDelegate - Finished Spring Data repository scanning in 33 ms. Found 3 MongoDB repository interfaces.
2026-03-21 22:07:52 [main] INFO  org.springframework.boot.tomcat.TomcatWebServer - Tomcat initialized with port 8080 (http)
2026-03-21 22:07:52 [main] INFO  org.apache.coyote.http11.Http11NioProtocol - Initializing ProtocolHandler ["http-nio-8080"]
2026-03-21 22:07:52 [main] INFO  org.apache.catalina.core.StandardService - Starting service [Tomcat]
2026-03-21 22:07:52 [main] INFO  org.apache.catalina.core.StandardEngine - Starting Servlet engine: [Apache Tomcat/11.0.18]
2026-03-21 22:07:52 [main] INFO  org.springframework.boot.web.context.servlet.WebApplicationContextInitializer - Root WebApplicationContext: initialization completed in 888 ms
2026-03-21 22:07:52 [main] INFO  org.mongodb.driver.client - MongoClient with metadata {"driver": {"name": "mongo-java-driver|spring-boot|sync", "version": "5.6.4"}, "os": {"type": "Windows", "name": "Windows 11", "architecture": "amd64", "version": "10.0"}, "platform": "Java/Oracle Corporation/21.0.7+8-LTS-245"} created with settings MongoClientSettings{readPreference=primary, writeConcern=WriteConcern{w=majority, wTimeout=null ms, journal=null}, retryWrites=true, retryReads=true, readConcern=ReadConcern{level=null}, credential=MongoCredential{mechanism=null, userName='root', source='admin', password=<hidden>, mechanismProperties=<hidden>}, transportSettings=null, commandListeners=[], codecRegistry=ProvidersCodecRegistry{codecProviders=[ValueCodecProvider{}, BsonValueCodecProvider{}, DBRefCodecProvider{}, DBObjectCodecProvider{}, DocumentCodecProvider{}, CollectionCodecProvider{}, IterableCodecProvider{}, MapCodecProvider{}, GeoJsonCodecProvider{}, GridFSFileCodecProvider{}, Jsr310CodecProvider{}, JsonObjectCodecProvider{}, BsonCodecProvider{}, com.mongodb.client.model.mql.ExpressionCodecProvider@1320e68a, com.mongodb.Jep395RecordCodecProvider@4b033eac, com.mongodb.KotlinCodecProvider@69c532af, EnumCodecProvider{}]}, loggerSettings=LoggerSettings{maxDocumentLength=1000}, clusterSettings={hosts=[127.0.0.1:27017], srvHost=cluster0.en0pykp.mongodb.net, srvServiceName=mongodb, mode=MULTIPLE, requiredClusterType=REPLICA_SET, requiredReplicaSetName='atlas-zt48hn-shard-0', serverSelector='null', clusterListeners='[]', serverSelectionTimeout='30000 ms', localThreshold='15 ms'}, socketSettings=SocketSettings{connectTimeoutMS=10000, readTimeoutMS=0, receiveBufferSize=0, proxySettings=ProxySettings{host=null, port=null, username=null, password=null}}, heartbeatSocketSettings=SocketSettings{connectTimeoutMS=10000, readTimeoutMS=10000, receiveBufferSize=0, proxySettings=ProxySettings{host=null, port=null, username=null, password=null}}, connectionPoolSettings=ConnectionPoolSettings{maxSize=100, minSize=0, maxWaitTimeMS=120000, maxConnectionLifeTimeMS=0, maxConnectionIdleTimeMS=0, maintenanceInitialDelayMS=0, maintenanceFrequencyMS=60000, connectionPoolListeners=[], maxConnecting=2}, serverSettings=ServerSettings{heartbeatFrequencyMS=10000, minHeartbeatFrequencyMS=500, serverMonitoringMode=AUTO, serverListeners='[]', serverMonitorListeners='[]'}, sslSettings=SslSettings{enabled=true, invalidHostNameAllowed=false, context=null}, applicationName='null', compressorList=[], uuidRepresentation=UNSPECIFIED, serverApi=null, autoEncryptionSettings=null, dnsClient=null, inetAddressResolver=null, contextProvider=null, timeoutMS=null}
2026-03-21 22:07:53 [cluster-ClusterId{value='69bec9605396f164767a113a', description='null'}-srv-cluster0.en0pykp.mongodb.net] INFO  org.mongodb.driver.cluster - Adding discovered server ac-aoerbz6-shard-00-01.en0pykp.mongodb.net:27017 to client view of cluster
2026-03-21 22:07:53 [cluster-ClusterId{value='69bec9605396f164767a113a', description='null'}-srv-cluster0.en0pykp.mongodb.net] INFO  org.mongodb.driver.cluster - Adding discovered server ac-aoerbz6-shard-00-00.en0pykp.mongodb.net:27017 to client view of cluster
2026-03-21 22:07:53 [cluster-ClusterId{value='69bec9605396f164767a113a', description='null'}-srv-cluster0.en0pykp.mongodb.net] INFO  org.mongodb.driver.cluster - Adding discovered server ac-aoerbz6-shard-00-02.en0pykp.mongodb.net:27017 to client view of cluster
2026-03-21 22:07:53 [main] WARN  com.password4j.PropertyReader - bcrypt minor version is not defined. Default value is used (b). Please set property hash.bcrypt.minor in your psw4j.properties file.
2026-03-21 22:07:53 [main] WARN  com.password4j.PropertyReader - bcrypt rounds are not defined. Default value is used (10). Please set property hash.bcrypt.rounds in your psw4j.properties file.
2026-03-21 22:07:53 [main] INFO  org.springframework.security.config.annotation.authentication.configuration.InitializeUserDetailsBeanManagerConfigurer$InitializeUserDetailsManagerConfigurer - Global AuthenticationManager configured with UserDetailsService bean with name userDetailsImpl
2026-03-21 22:07:53 [cluster-ClusterId{value='69bec9605396f164767a113a', description='null'}-ac-aoerbz6-shard-00-02.en0pykp.mongodb.net:27017] INFO  org.mongodb.driver.cluster - Monitor thread successfully connected to server with description ServerDescription{address=ac-aoerbz6-shard-00-02.en0pykp.mongodb.net:27017, type=REPLICA_SET_PRIMARY, cryptd=false, state=CONNECTED, ok=true, minWireVersion=0, maxWireVersion=25, maxDocumentSize=16777216, logicalSessionTimeoutMinutes=30, roundTripTimeNanos=230891700, minRoundTripTimeNanos=0, setName='atlas-zt48hn-shard-0', canonicalAddress=ac-aoerbz6-shard-00-02.en0pykp.mongodb.net:27017, hosts=[ac-aoerbz6-shard-00-01.en0pykp.mongodb.net:27017, ac-aoerbz6-shard-00-00.en0pykp.mongodb.net:27017, ac-aoerbz6-shard-00-02.en0pykp.mongodb.net:27017], passives=[], arbiters=[], primary='ac-aoerbz6-shard-00-02.en0pykp.mongodb.net:27017', tagSet=TagSet{[Tag{name='availabilityZone', value='aps1-az2'}, Tag{name='diskState', value='READY'}, Tag{name='nodeType', value='ELECTABLE'}, Tag{name='provider', value='AWS'}, Tag{name='region', value='AP_SOUTH_1'}, Tag{name='workloadType', value='OPERATIONAL'}]}, electionId=7fffffff0000000000000156, setVersion=391, topologyVersion=TopologyVersion{processId=69b859a89b4f2018f8b26ac6, counter=6}, lastWriteDate=Sat Mar 21 22:07:52 IST 2026, lastUpdateTimeNanos=17439645157300}
2026-03-21 22:07:53 [cluster-ClusterId{value='69bec9605396f164767a113a', description='null'}-ac-aoerbz6-shard-00-00.en0pykp.mongodb.net:27017] INFO  org.mongodb.driver.cluster - Monitor thread successfully connected to server with description ServerDescription{address=ac-aoerbz6-shard-00-00.en0pykp.mongodb.net:27017, type=REPLICA_SET_SECONDARY, cryptd=false, state=CONNECTED, ok=true, minWireVersion=0, maxWireVersion=25, maxDocumentSize=16777216, logicalSessionTimeoutMinutes=30, roundTripTimeNanos=230893701, minRoundTripTimeNanos=0, setName='atlas-zt48hn-shard-0', canonicalAddress=ac-aoerbz6-shard-00-00.en0pykp.mongodb.net:27017, hosts=[ac-aoerbz6-shard-00-01.en0pykp.mongodb.net:27017, ac-aoerbz6-shard-00-00.en0pykp.mongodb.net:27017, ac-aoerbz6-shard-00-02.en0pykp.mongodb.net:27017], passives=[], arbiters=[], primary='ac-aoerbz6-shard-00-02.en0pykp.mongodb.net:27017', tagSet=TagSet{[Tag{name='availabilityZone', value='aps1-az1'}, Tag{name='diskState', value='READY'}, Tag{name='nodeType', value='ELECTABLE'}, Tag{name='provider', value='AWS'}, Tag{name='region', value='AP_SOUTH_1'}, Tag{name='workloadType', value='OPERATIONAL'}]}, electionId=null, setVersion=391, topologyVersion=TopologyVersion{processId=69b855abb14686967b76fdd6, counter=4}, lastWriteDate=Sat Mar 21 22:07:52 IST 2026, lastUpdateTimeNanos=17439645157300}
2026-03-21 22:07:53 [cluster-ClusterId{value='69bec9605396f164767a113a', description='null'}-ac-aoerbz6-shard-00-01.en0pykp.mongodb.net:27017] INFO  org.mongodb.driver.cluster - Monitor thread successfully connected to server with description ServerDescription{address=ac-aoerbz6-shard-00-01.en0pykp.mongodb.net:27017, type=REPLICA_SET_SECONDARY, cryptd=false, state=CONNECTED, ok=true, minWireVersion=0, maxWireVersion=25, maxDocumentSize=16777216, logicalSessionTimeoutMinutes=30, roundTripTimeNanos=230893200, minRoundTripTimeNanos=0, setName='atlas-zt48hn-shard-0', canonicalAddress=ac-aoerbz6-shard-00-01.en0pykp.mongodb.net:27017, hosts=[ac-aoerbz6-shard-00-01.en0pykp.mongodb.net:27017, ac-aoerbz6-shard-00-00.en0pykp.mongodb.net:27017, ac-aoerbz6-shard-00-02.en0pykp.mongodb.net:27017], passives=[], arbiters=[], primary='ac-aoerbz6-shard-00-02.en0pykp.mongodb.net:27017', tagSet=TagSet{[Tag{name='availabilityZone', value='aps1-az3'}, Tag{name='diskState', value='READY'}, Tag{name='nodeType', value='ELECTABLE'}, Tag{name='provider', value='AWS'}, Tag{name='region', value='AP_SOUTH_1'}, Tag{name='workloadType', value='OPERATIONAL'}]}, electionId=null, setVersion=391, topologyVersion=TopologyVersion{processId=69b85ccb4b84e800f9f6512d, counter=3}, lastWriteDate=Sat Mar 21 22:07:52 IST 2026, lastUpdateTimeNanos=17439645157300}
2026-03-21 22:07:53 [cluster-ClusterId{value='69bec9605396f164767a113a', description='null'}-ac-aoerbz6-shard-00-02.en0pykp.mongodb.net:27017] INFO  org.mongodb.driver.cluster - Discovered replica set primary ac-aoerbz6-shard-00-02.en0pykp.mongodb.net:27017 with max election id 7fffffff0000000000000156 and max set version 391
2026-03-21 22:07:53 [main] INFO  org.apache.coyote.http11.Http11NioProtocol - Starting ProtocolHandler ["http-nio-8080"]
2026-03-21 22:07:53 [main] INFO  org.springframework.boot.tomcat.TomcatWebServer - Tomcat started on port 8080 (http) with context path '/'
2026-03-21 22:07:53 [main] INFO  com.example.BookingApplication.BookingApplication - Started BookingApplication in 2.115 seconds (process running for 2.532)
2026-03-21 22:07:58 [http-nio-8080-exec-1] INFO  org.apache.catalina.core.ContainerBase.[Tomcat].[localhost].[/] - Initializing Spring DispatcherServlet 'dispatcherServlet'
2026-03-21 22:07:58 [http-nio-8080-exec-1] INFO  org.springframework.web.servlet.DispatcherServlet - Initializing Servlet 'dispatcherServlet'
2026-03-21 22:07:58 [http-nio-8080-exec-1] INFO  org.springframework.web.servlet.DispatcherServlet - Completed initialization in 1 ms
2026-03-21 22:08:37 [SpringApplicationShutdownHook] INFO  org.springframework.boot.tomcat.GracefulShutdown - Commencing graceful shutdown. Waiting for active requests to complete
2026-03-21 22:08:37 [tomcat-shutdown] INFO  org.springframework.boot.tomcat.GracefulShutdown - Graceful shutdown complete
2026-03-21 22:08:39 [main] INFO  com.example.BookingApplication.BookingApplication - Starting BookingApplication using Java 21.0.7 with PID 11676 (C:\Users\ADMIN\Downloads\BookingApplication\BookingApplication\target\classes started by ADMIN in C:\Users\ADMIN\Downloads\BookingApplication)
2026-03-21 22:08:39 [main] INFO  com.example.BookingApplication.BookingApplication - No active profile set, falling back to 1 default profile: "default"
2026-03-21 22:08:39 [main] INFO  org.springframework.data.repository.config.RepositoryConfigurationDelegate - Bootstrapping Spring Data MongoDB repositories in DEFAULT mode.
2026-03-21 22:08:40 [main] INFO  org.springframework.data.repository.config.RepositoryConfigurationDelegate - Finished Spring Data repository scanning in 39 ms. Found 3 MongoDB repository interfaces.
2026-03-21 22:08:40 [main] INFO  org.springframework.boot.tomcat.TomcatWebServer - Tomcat initialized with port 8080 (http)
2026-03-21 22:08:40 [main] INFO  org.apache.coyote.http11.Http11NioProtocol - Initializing ProtocolHandler ["http-nio-8080"]
2026-03-21 22:08:40 [main] INFO  org.apache.catalina.core.StandardService - Starting service [Tomcat]
2026-03-21 22:08:40 [main] INFO  org.apache.catalina.core.StandardEngine - Starting Servlet engine: [Apache Tomcat/11.0.18]
2026-03-21 22:08:40 [main] INFO  org.springframework.boot.web.context.servlet.WebApplicationContextInitializer - Root WebApplicationContext: initialization completed in 914 ms
2026-03-21 22:08:40 [main] INFO  org.mongodb.driver.client - MongoClient with metadata {"driver": {"name": "mongo-java-driver|spring-boot|sync", "version": "5.6.4"}, "os": {"type": "Windows", "name": "Windows 11", "architecture": "amd64", "version": "10.0"}, "platform": "Java/Oracle Corporation/21.0.7+8-LTS-245"} created with settings MongoClientSettings{readPreference=primary, writeConcern=WriteConcern{w=majority, wTimeout=null ms, journal=null}, retryWrites=true, retryReads=true, readConcern=ReadConcern{level=null}, credential=MongoCredential{mechanism=null, userName='root', source='admin', password=<hidden>, mechanismProperties=<hidden>}, transportSettings=null, commandListeners=[], codecRegistry=ProvidersCodecRegistry{codecProviders=[ValueCodecProvider{}, BsonValueCodecProvider{}, DBRefCodecProvider{}, DBObjectCodecProvider{}, DocumentCodecProvider{}, CollectionCodecProvider{}, IterableCodecProvider{}, MapCodecProvider{}, GeoJsonCodecProvider{}, GridFSFileCodecProvider{}, Jsr310CodecProvider{}, JsonObjectCodecProvider{}, BsonCodecProvider{}, com.mongodb.client.model.mql.ExpressionCodecProvider@2eb60c71, com.mongodb.Jep395RecordCodecProvider@87d9a01, com.mongodb.KotlinCodecProvider@7e5b621b, EnumCodecProvider{}]}, loggerSettings=LoggerSettings{maxDocumentLength=1000}, clusterSettings={hosts=[127.0.0.1:27017], srvHost=cluster0.en0pykp.mongodb.net, srvServiceName=mongodb, mode=MULTIPLE, requiredClusterType=REPLICA_SET, requiredReplicaSetName='atlas-zt48hn-shard-0', serverSelector='null', clusterListeners='[]', serverSelectionTimeout='30000 ms', localThreshold='15 ms'}, socketSettings=SocketSettings{connectTimeoutMS=10000, readTimeoutMS=0, receiveBufferSize=0, proxySettings=ProxySettings{host=null, port=null, username=null, password=null}}, heartbeatSocketSettings=SocketSettings{connectTimeoutMS=10000, readTimeoutMS=10000, receiveBufferSize=0, proxySettings=ProxySettings{host=null, port=null, username=null, password=null}}, connectionPoolSettings=ConnectionPoolSettings{maxSize=100, minSize=0, maxWaitTimeMS=120000, maxConnectionLifeTimeMS=0, maxConnectionIdleTimeMS=0, maintenanceInitialDelayMS=0, maintenanceFrequencyMS=60000, connectionPoolListeners=[], maxConnecting=2}, serverSettings=ServerSettings{heartbeatFrequencyMS=10000, minHeartbeatFrequencyMS=500, serverMonitoringMode=AUTO, serverListeners='[]', serverMonitorListeners='[]'}, sslSettings=SslSettings{enabled=true, invalidHostNameAllowed=false, context=null}, applicationName='null', compressorList=[], uuidRepresentation=UNSPECIFIED, serverApi=null, autoEncryptionSettings=null, dnsClient=null, inetAddressResolver=null, contextProvider=null, timeoutMS=null}
2026-03-21 22:08:40 [cluster-ClusterId{value='69bec990f0f4a9a4c9bcac30', description='null'}-srv-cluster0.en0pykp.mongodb.net] INFO  org.mongodb.driver.cluster - Adding discovered server ac-aoerbz6-shard-00-01.en0pykp.mongodb.net:27017 to client view of cluster
2026-03-21 22:08:40 [cluster-ClusterId{value='69bec990f0f4a9a4c9bcac30', description='null'}-srv-cluster0.en0pykp.mongodb.net] INFO  org.mongodb.driver.cluster - Adding discovered server ac-aoerbz6-shard-00-00.en0pykp.mongodb.net:27017 to client view of cluster
2026-03-21 22:08:40 [cluster-ClusterId{value='69bec990f0f4a9a4c9bcac30', description='null'}-srv-cluster0.en0pykp.mongodb.net] INFO  org.mongodb.driver.cluster - Adding discovered server ac-aoerbz6-shard-00-02.en0pykp.mongodb.net:27017 to client view of cluster
2026-03-21 22:08:40 [main] WARN  com.password4j.PropertyReader - bcrypt minor version is not defined. Default value is used (b). Please set property hash.bcrypt.minor in your psw4j.properties file.
2026-03-21 22:08:40 [main] WARN  com.password4j.PropertyReader - bcrypt rounds are not defined. Default value is used (10). Please set property hash.bcrypt.rounds in your psw4j.properties file.
2026-03-21 22:08:40 [cluster-ClusterId{value='69bec990f0f4a9a4c9bcac30', description='null'}-ac-aoerbz6-shard-00-00.en0pykp.mongodb.net:27017] INFO  org.mongodb.driver.cluster - Monitor thread successfully connected to server with description ServerDescription{address=ac-aoerbz6-shard-00-00.en0pykp.mongodb.net:27017, type=REPLICA_SET_SECONDARY, cryptd=false, state=CONNECTED, ok=true, minWireVersion=0, maxWireVersion=25, maxDocumentSize=16777216, logicalSessionTimeoutMinutes=30, roundTripTimeNanos=213151700, minRoundTripTimeNanos=0, setName='atlas-zt48hn-shard-0', canonicalAddress=ac-aoerbz6-shard-00-00.en0pykp.mongodb.net:27017, hosts=[ac-aoerbz6-shard-00-01.en0pykp.mongodb.net:27017, ac-aoerbz6-shard-00-00.en0pykp.mongodb.net:27017, ac-aoerbz6-shard-00-02.en0pykp.mongodb.net:27017], passives=[], arbiters=[], primary='ac-aoerbz6-shard-00-02.en0pykp.mongodb.net:27017', tagSet=TagSet{[Tag{name='availabilityZone', value='aps1-az1'}, Tag{name='diskState', value='READY'}, Tag{name='nodeType', value='ELECTABLE'}, Tag{name='provider', value='AWS'}, Tag{name='region', value='AP_SOUTH_1'}, Tag{name='workloadType', value='OPERATIONAL'}]}, electionId=null, setVersion=391, topologyVersion=TopologyVersion{processId=69b855abb14686967b76fdd6, counter=4}, lastWriteDate=Sat Mar 21 22:08:39 IST 2026, lastUpdateTimeNanos=17487219894400}
2026-03-21 22:08:40 [cluster-ClusterId{value='69bec990f0f4a9a4c9bcac30', description='null'}-ac-aoerbz6-shard-00-02.en0pykp.mongodb.net:27017] INFO  org.mongodb.driver.cluster - Monitor thread successfully connected to server with description ServerDescription{address=ac-aoerbz6-shard-00-02.en0pykp.mongodb.net:27017, type=REPLICA_SET_PRIMARY, cryptd=false, state=CONNECTED, ok=true, minWireVersion=0, maxWireVersion=25, maxDocumentSize=16777216, logicalSessionTimeoutMinutes=30, roundTripTimeNanos=212532100, minRoundTripTimeNanos=0, setName='atlas-zt48hn-shard-0', canonicalAddress=ac-aoerbz6-shard-00-02.en0pykp.mongodb.net:27017, hosts=[ac-aoerbz6-shard-00-01.en0pykp.mongodb.net:27017, ac-aoerbz6-shard-00-00.en0pykp.mongodb.net:27017, ac-aoerbz6-shard-00-02.en0pykp.mongodb.net:27017], passives=[], arbiters=[], primary='ac-aoerbz6-shard-00-02.en0pykp.mongodb.net:27017', tagSet=TagSet{[Tag{name='availabilityZone', value='aps1-az2'}, Tag{name='diskState', value='READY'}, Tag{name='nodeType', value='ELECTABLE'}, Tag{name='provider', value='AWS'}, Tag{name='region', value='AP_SOUTH_1'}, Tag{name='workloadType', value='OPERATIONAL'}]}, electionId=7fffffff0000000000000156, setVersion=391, topologyVersion=TopologyVersion{processId=69b859a89b4f2018f8b26ac6, counter=6}, lastWriteDate=Sat Mar 21 22:08:39 IST 2026, lastUpdateTimeNanos=17487219894400}
2026-03-21 22:08:40 [cluster-ClusterId{value='69bec990f0f4a9a4c9bcac30', description='null'}-ac-aoerbz6-shard-00-01.en0pykp.mongodb.net:27017] INFO  org.mongodb.driver.cluster - Monitor thread successfully connected to server with description ServerDescription{address=ac-aoerbz6-shard-00-01.en0pykp.mongodb.net:27017, type=REPLICA_SET_SECONDARY, cryptd=false, state=CONNECTED, ok=true, minWireVersion=0, maxWireVersion=25, maxDocumentSize=16777216, logicalSessionTimeoutMinutes=30, roundTripTimeNanos=210474800, minRoundTripTimeNanos=0, setName='atlas-zt48hn-shard-0', canonicalAddress=ac-aoerbz6-shard-00-01.en0pykp.mongodb.net:27017, hosts=[ac-aoerbz6-shard-00-01.en0pykp.mongodb.net:27017, ac-aoerbz6-shard-00-00.en0pykp.mongodb.net:27017, ac-aoerbz6-shard-00-02.en0pykp.mongodb.net:27017], passives=[], arbiters=[], primary='ac-aoerbz6-shard-00-02.en0pykp.mongodb.net:27017', tagSet=TagSet{[Tag{name='availabilityZone', value='aps1-az3'}, Tag{name='diskState', value='READY'}, Tag{name='nodeType', value='ELECTABLE'}, Tag{name='provider', value='AWS'}, Tag{name='region', value='AP_SOUTH_1'}, Tag{name='workloadType', value='OPERATIONAL'}]}, electionId=null, setVersion=391, topologyVersion=TopologyVersion{processId=69b85ccb4b84e800f9f6512d, counter=3}, lastWriteDate=Sat Mar 21 22:08:39 IST 2026, lastUpdateTimeNanos=17487219894400}
2026-03-21 22:08:40 [main] INFO  org.springframework.security.config.annotation.authentication.configuration.InitializeUserDetailsBeanManagerConfigurer$InitializeUserDetailsManagerConfigurer - Global AuthenticationManager configured with UserDetailsService bean with name userDetailsImpl
2026-03-21 22:08:40 [cluster-ClusterId{value='69bec990f0f4a9a4c9bcac30', description='null'}-ac-aoerbz6-shard-00-02.en0pykp.mongodb.net:27017] INFO  org.mongodb.driver.cluster - Discovered replica set primary ac-aoerbz6-shard-00-02.en0pykp.mongodb.net:27017 with max election id 7fffffff0000000000000156 and max set version 391
2026-03-21 22:08:41 [main] INFO  org.apache.coyote.http11.Http11NioProtocol - Starting ProtocolHandler ["http-nio-8080"]
2026-03-21 22:08:41 [main] INFO  org.springframework.boot.tomcat.TomcatWebServer - Tomcat started on port 8080 (http) with context path '/'
2026-03-21 22:08:41 [main] INFO  com.example.BookingApplication.BookingApplication - Started BookingApplication in 2.173 seconds (process running for 2.574)
2026-03-21 22:08:52 [http-nio-8080-exec-1] INFO  org.apache.catalina.core.ContainerBase.[Tomcat].[localhost].[/] - Initializing Spring DispatcherServlet 'dispatcherServlet'
2026-03-21 22:08:52 [http-nio-8080-exec-1] INFO  org.springframework.web.servlet.DispatcherServlet - Initializing Servlet 'dispatcherServlet'
2026-03-21 22:08:52 [http-nio-8080-exec-1] INFO  org.springframework.web.servlet.DispatcherServlet - Completed initialization in 1 ms
2026-03-21 22:12:50 [SpringApplicationShutdownHook] INFO  org.springframework.boot.tomcat.GracefulShutdown - Commencing graceful shutdown. Waiting for active requests to complete
2026-03-21 22:12:50 [tomcat-shutdown] INFO  org.springframework.boot.tomcat.GracefulShutdown - Graceful shutdown complete
2026-03-21 22:20:49 [main] INFO  com.example.BookingApplication.BookingApplication - Starting BookingApplication using Java 21.0.7 with PID 1656 (C:\Users\ADMIN\Downloads\BookingApplication\BookingApplication\target\classes started by ADMIN in C:\Users\ADMIN\Downloads\BookingApplication)
2026-03-21 22:20:49 [main] INFO  com.example.BookingApplication.BookingApplication - No active profile set, falling back to 1 default profile: "default"
2026-03-21 22:20:49 [main] INFO  org.springframework.data.repository.config.RepositoryConfigurationDelegate - Bootstrapping Spring Data MongoDB repositories in DEFAULT mode.
2026-03-21 22:20:49 [main] INFO  org.springframework.data.repository.config.RepositoryConfigurationDelegate - Finished Spring Data repository scanning in 39 ms. Found 3 MongoDB repository interfaces.
2026-03-21 22:20:50 [main] INFO  org.springframework.boot.tomcat.TomcatWebServer - Tomcat initialized with port 8080 (http)
2026-03-21 22:20:50 [main] INFO  org.apache.coyote.http11.Http11NioProtocol - Initializing ProtocolHandler ["http-nio-8080"]
2026-03-21 22:20:50 [main] INFO  org.apache.catalina.core.StandardService - Starting service [Tomcat]
2026-03-21 22:20:50 [main] INFO  org.apache.catalina.core.StandardEngine - Starting Servlet engine: [Apache Tomcat/11.0.18]
2026-03-21 22:20:50 [main] INFO  org.springframework.boot.web.context.servlet.WebApplicationContextInitializer - Root WebApplicationContext: initialization completed in 854 ms
2026-03-21 22:20:50 [main] INFO  org.mongodb.driver.client - MongoClient with metadata {"driver": {"name": "mongo-java-driver|spring-boot|sync", "version": "5.6.4"}, "os": {"type": "Windows", "name": "Windows 11", "architecture": "amd64", "version": "10.0"}, "platform": "Java/Oracle Corporation/21.0.7+8-LTS-245"} created with settings MongoClientSettings{readPreference=primary, writeConcern=WriteConcern{w=majority, wTimeout=null ms, journal=null}, retryWrites=true, retryReads=true, readConcern=ReadConcern{level=null}, credential=MongoCredential{mechanism=null, userName='root', source='admin', password=<hidden>, mechanismProperties=<hidden>}, transportSettings=null, commandListeners=[], codecRegistry=ProvidersCodecRegistry{codecProviders=[ValueCodecProvider{}, BsonValueCodecProvider{}, DBRefCodecProvider{}, DBObjectCodecProvider{}, DocumentCodecProvider{}, CollectionCodecProvider{}, IterableCodecProvider{}, MapCodecProvider{}, GeoJsonCodecProvider{}, GridFSFileCodecProvider{}, Jsr310CodecProvider{}, JsonObjectCodecProvider{}, BsonCodecProvider{}, com.mongodb.client.model.mql.ExpressionCodecProvider@b6bccb4, com.mongodb.Jep395RecordCodecProvider@49edcb30, com.mongodb.KotlinCodecProvider@59303963, EnumCodecProvider{}]}, loggerSettings=LoggerSettings{maxDocumentLength=1000}, clusterSettings={hosts=[127.0.0.1:27017], srvHost=cluster0.en0pykp.mongodb.net, srvServiceName=mongodb, mode=MULTIPLE, requiredClusterType=REPLICA_SET, requiredReplicaSetName='atlas-zt48hn-shard-0', serverSelector='null', clusterListeners='[]', serverSelectionTimeout='30000 ms', localThreshold='15 ms'}, socketSettings=SocketSettings{connectTimeoutMS=10000, readTimeoutMS=0, receiveBufferSize=0, proxySettings=ProxySettings{host=null, port=null, username=null, password=null}}, heartbeatSocketSettings=SocketSettings{connectTimeoutMS=10000, readTimeoutMS=10000, receiveBufferSize=0, proxySettings=ProxySettings{host=null, port=null, username=null, password=null}}, connectionPoolSettings=ConnectionPoolSettings{maxSize=100, minSize=0, maxWaitTimeMS=120000, maxConnectionLifeTimeMS=0, maxConnectionIdleTimeMS=0, maintenanceInitialDelayMS=0, maintenanceFrequencyMS=60000, connectionPoolListeners=[], maxConnecting=2}, serverSettings=ServerSettings{heartbeatFrequencyMS=10000, minHeartbeatFrequencyMS=500, serverMonitoringMode=AUTO, serverListeners='[]', serverMonitorListeners='[]'}, sslSettings=SslSettings{enabled=true, invalidHostNameAllowed=false, context=null}, applicationName='null', compressorList=[], uuidRepresentation=UNSPECIFIED, serverApi=null, autoEncryptionSettings=null, dnsClient=null, inetAddressResolver=null, contextProvider=null, timeoutMS=null}
2026-03-21 22:20:50 [cluster-ClusterId{value='69becc6a43a5f3fd24d48ca5', description='null'}-srv-cluster0.en0pykp.mongodb.net] INFO  org.mongodb.driver.cluster - Adding discovered server ac-aoerbz6-shard-00-01.en0pykp.mongodb.net:27017 to client view of cluster
2026-03-21 22:20:50 [cluster-ClusterId{value='69becc6a43a5f3fd24d48ca5', description='null'}-srv-cluster0.en0pykp.mongodb.net] INFO  org.mongodb.driver.cluster - Adding discovered server ac-aoerbz6-shard-00-00.en0pykp.mongodb.net:27017 to client view of cluster
2026-03-21 22:20:50 [cluster-ClusterId{value='69becc6a43a5f3fd24d48ca5', description='null'}-srv-cluster0.en0pykp.mongodb.net] INFO  org.mongodb.driver.cluster - Adding discovered server ac-aoerbz6-shard-00-02.en0pykp.mongodb.net:27017 to client view of cluster
2026-03-21 22:20:50 [main] WARN  com.password4j.PropertyReader - bcrypt minor version is not defined. Default value is used (b). Please set property hash.bcrypt.minor in your psw4j.properties file.
2026-03-21 22:20:50 [main] WARN  com.password4j.PropertyReader - bcrypt rounds are not defined. Default value is used (10). Please set property hash.bcrypt.rounds in your psw4j.properties file.
2026-03-21 22:20:50 [main] INFO  org.springframework.security.config.annotation.authentication.configuration.InitializeUserDetailsBeanManagerConfigurer$InitializeUserDetailsManagerConfigurer - Global AuthenticationManager configured with UserDetailsService bean with name userDetailsImpl
2026-03-21 22:20:50 [cluster-ClusterId{value='69becc6a43a5f3fd24d48ca5', description='null'}-ac-aoerbz6-shard-00-02.en0pykp.mongodb.net:27017] INFO  org.mongodb.driver.cluster - Monitor thread successfully connected to server with description ServerDescription{address=ac-aoerbz6-shard-00-02.en0pykp.mongodb.net:27017, type=REPLICA_SET_PRIMARY, cryptd=false, state=CONNECTED, ok=true, minWireVersion=0, maxWireVersion=25, maxDocumentSize=16777216, logicalSessionTimeoutMinutes=30, roundTripTimeNanos=216470700, minRoundTripTimeNanos=0, setName='atlas-zt48hn-shard-0', canonicalAddress=ac-aoerbz6-shard-00-02.en0pykp.mongodb.net:27017, hosts=[ac-aoerbz6-shard-00-01.en0pykp.mongodb.net:27017, ac-aoerbz6-shard-00-00.en0pykp.mongodb.net:27017, ac-aoerbz6-shard-00-02.en0pykp.mongodb.net:27017], passives=[], arbiters=[], primary='ac-aoerbz6-shard-00-02.en0pykp.mongodb.net:27017', tagSet=TagSet{[Tag{name='availabilityZone', value='aps1-az2'}, Tag{name='diskState', value='READY'}, Tag{name='nodeType', value='ELECTABLE'}, Tag{name='provider', value='AWS'}, Tag{name='region', value='AP_SOUTH_1'}, Tag{name='workloadType', value='OPERATIONAL'}]}, electionId=7fffffff0000000000000156, setVersion=391, topologyVersion=TopologyVersion{processId=69b859a89b4f2018f8b26ac6, counter=6}, lastWriteDate=Sat Mar 21 22:20:49 IST 2026, lastUpdateTimeNanos=18216929304400}
2026-03-21 22:20:50 [cluster-ClusterId{value='69becc6a43a5f3fd24d48ca5', description='null'}-ac-aoerbz6-shard-00-01.en0pykp.mongodb.net:27017] INFO  org.mongodb.driver.cluster - Monitor thread successfully connected to server with description ServerDescription{address=ac-aoerbz6-shard-00-01.en0pykp.mongodb.net:27017, type=REPLICA_SET_SECONDARY, cryptd=false, state=CONNECTED, ok=true, minWireVersion=0, maxWireVersion=25, maxDocumentSize=16777216, logicalSessionTimeoutMinutes=30, roundTripTimeNanos=215650200, minRoundTripTimeNanos=0, setName='atlas-zt48hn-shard-0', canonicalAddress=ac-aoerbz6-shard-00-01.en0pykp.mongodb.net:27017, hosts=[ac-aoerbz6-shard-00-01.en0pykp.mongodb.net:27017, ac-aoerbz6-shard-00-00.en0pykp.mongodb.net:27017, ac-aoerbz6-shard-00-02.en0pykp.mongodb.net:27017], passives=[], arbiters=[], primary='ac-aoerbz6-shard-00-02.en0pykp.mongodb.net:27017', tagSet=TagSet{[Tag{name='availabilityZone', value='aps1-az3'}, Tag{name='diskState', value='READY'}, Tag{name='nodeType', value='ELECTABLE'}, Tag{name='provider', value='AWS'}, Tag{name='region', value='AP_SOUTH_1'}, Tag{name='workloadType', value='OPERATIONAL'}]}, electionId=null, setVersion=391, topologyVersion=TopologyVersion{processId=69b85ccb4b84e800f9f6512d, counter=3}, lastWriteDate=Sat Mar 21 22:20:49 IST 2026, lastUpdateTimeNanos=18216929304400}
2026-03-21 22:20:50 [cluster-ClusterId{value='69becc6a43a5f3fd24d48ca5', description='null'}-ac-aoerbz6-shard-00-00.en0pykp.mongodb.net:27017] INFO  org.mongodb.driver.cluster - Monitor thread successfully connected to server with description ServerDescription{address=ac-aoerbz6-shard-00-00.en0pykp.mongodb.net:27017, type=REPLICA_SET_SECONDARY, cryptd=false, state=CONNECTED, ok=true, minWireVersion=0, maxWireVersion=25, maxDocumentSize=16777216, logicalSessionTimeoutMinutes=30, roundTripTimeNanos=213667500, minRoundTripTimeNanos=0, setName='atlas-zt48hn-shard-0', canonicalAddress=ac-aoerbz6-shard-00-00.en0pykp.mongodb.net:27017, hosts=[ac-aoerbz6-shard-00-01.en0pykp.mongodb.net:27017, ac-aoerbz6-shard-00-00.en0pykp.mongodb.net:27017, ac-aoerbz6-shard-00-02.en0pykp.mongodb.net:27017], passives=[], arbiters=[], primary='ac-aoerbz6-shard-00-02.en0pykp.mongodb.net:27017', tagSet=TagSet{[Tag{name='availabilityZone', value='aps1-az1'}, Tag{name='diskState', value='READY'}, Tag{name='nodeType', value='ELECTABLE'}, Tag{name='provider', value='AWS'}, Tag{name='region', value='AP_SOUTH_1'}, Tag{name='workloadType', value='OPERATIONAL'}]}, electionId=null, setVersion=391, topologyVersion=TopologyVersion{processId=69b855abb14686967b76fdd6, counter=4}, lastWriteDate=Sat Mar 21 22:20:49 IST 2026, lastUpdateTimeNanos=18216929304400}
2026-03-21 22:20:50 [cluster-ClusterId{value='69becc6a43a5f3fd24d48ca5', description='null'}-ac-aoerbz6-shard-00-02.en0pykp.mongodb.net:27017] INFO  org.mongodb.driver.cluster - Discovered replica set primary ac-aoerbz6-shard-00-02.en0pykp.mongodb.net:27017 with max election id 7fffffff0000000000000156 and max set version 391
2026-03-21 22:20:51 [main] INFO  org.apache.coyote.http11.Http11NioProtocol - Starting ProtocolHandler ["http-nio-8080"]
2026-03-21 22:20:51 [main] INFO  org.springframework.boot.tomcat.TomcatWebServer - Tomcat started on port 8080 (http) with context path '/'
2026-03-21 22:20:51 [main] INFO  com.example.BookingApplication.BookingApplication - Started BookingApplication in 2.085 seconds (process running for 2.489)
2026-03-21 22:21:09 [SpringApplicationShutdownHook] INFO  org.springframework.boot.tomcat.GracefulShutdown - Commencing graceful shutdown. Waiting for active requests to complete
2026-03-21 22:21:09 [tomcat-shutdown] INFO  org.springframework.boot.tomcat.GracefulShutdown - Graceful shutdown complete
2026-03-21 22:21:12 [main] INFO  com.example.BookingApplication.BookingApplication - Starting BookingApplication using Java 21.0.7 with PID 2396 (C:\Users\ADMIN\Downloads\BookingApplication\BookingApplication\target\classes started by ADMIN in C:\Users\ADMIN\Downloads\BookingApplication)
2026-03-21 22:21:12 [main] INFO  com.example.BookingApplication.BookingApplication - No active profile set, falling back to 1 default profile: "default"
2026-03-21 22:21:13 [main] INFO  org.springframework.data.repository.config.RepositoryConfigurationDelegate - Bootstrapping Spring Data MongoDB repositories in DEFAULT mode.
2026-03-21 22:21:13 [main] INFO  org.springframework.data.repository.config.RepositoryConfigurationDelegate - Finished Spring Data repository scanning in 40 ms. Found 3 MongoDB repository interfaces.
2026-03-21 22:21:13 [main] INFO  org.springframework.boot.tomcat.TomcatWebServer - Tomcat initialized with port 8080 (http)
2026-03-21 22:21:13 [main] INFO  org.apache.coyote.http11.Http11NioProtocol - Initializing ProtocolHandler ["http-nio-8080"]
2026-03-21 22:21:13 [main] INFO  org.apache.catalina.core.StandardService - Starting service [Tomcat]
2026-03-21 22:21:13 [main] INFO  org.apache.catalina.core.StandardEngine - Starting Servlet engine: [Apache Tomcat/11.0.18]
2026-03-21 22:21:13 [main] INFO  org.springframework.boot.web.context.servlet.WebApplicationContextInitializer - Root WebApplicationContext: initialization completed in 886 ms
2026-03-21 22:21:13 [cluster-ClusterId{value='69becc814f630004108aa628', description='null'}-srv-cluster0.en0pykp.mongodb.net] INFO  org.mongodb.driver.cluster - Adding discovered server ac-aoerbz6-shard-00-01.en0pykp.mongodb.net:27017 to client view of cluster
2026-03-21 22:21:13 [main] INFO  org.mongodb.driver.client - MongoClient with metadata {"driver": {"name": "mongo-java-driver|spring-boot|sync", "version": "5.6.4"}, "os": {"type": "Windows", "name": "Windows 11", "architecture": "amd64", "version": "10.0"}, "platform": "Java/Oracle Corporation/21.0.7+8-LTS-245"} created with settings MongoClientSettings{readPreference=primary, writeConcern=WriteConcern{w=majority, wTimeout=null ms, journal=null}, retryWrites=true, retryReads=true, readConcern=ReadConcern{level=null}, credential=MongoCredential{mechanism=null, userName='root', source='admin', password=<hidden>, mechanismProperties=<hidden>}, transportSettings=null, commandListeners=[], codecRegistry=ProvidersCodecRegistry{codecProviders=[ValueCodecProvider{}, BsonValueCodecProvider{}, DBRefCodecProvider{}, DBObjectCodecProvider{}, DocumentCodecProvider{}, CollectionCodecProvider{}, IterableCodecProvider{}, MapCodecProvider{}, GeoJsonCodecProvider{}, GridFSFileCodecProvider{}, Jsr310CodecProvider{}, JsonObjectCodecProvider{}, BsonCodecProvider{}, com.mongodb.client.model.mql.ExpressionCodecProvider@1320e68a, com.mongodb.Jep395RecordCodecProvider@4b033eac, com.mongodb.KotlinCodecProvider@69c532af, EnumCodecProvider{}]}, loggerSettings=LoggerSettings{maxDocumentLength=1000}, clusterSettings={hosts=[127.0.0.1:27017], srvHost=cluster0.en0pykp.mongodb.net, srvServiceName=mongodb, mode=MULTIPLE, requiredClusterType=REPLICA_SET, requiredReplicaSetName='atlas-zt48hn-shard-0', serverSelector='null', clusterListeners='[]', serverSelectionTimeout='30000 ms', localThreshold='15 ms'}, socketSettings=SocketSettings{connectTimeoutMS=10000, readTimeoutMS=0, receiveBufferSize=0, proxySettings=ProxySettings{host=null, port=null, username=null, password=null}}, heartbeatSocketSettings=SocketSettings{connectTimeoutMS=10000, readTimeoutMS=10000, receiveBufferSize=0, proxySettings=ProxySettings{host=null, port=null, username=null, password=null}}, connectionPoolSettings=ConnectionPoolSettings{maxSize=100, minSize=0, maxWaitTimeMS=120000, maxConnectionLifeTimeMS=0, maxConnectionIdleTimeMS=0, maintenanceInitialDelayMS=0, maintenanceFrequencyMS=60000, connectionPoolListeners=[], maxConnecting=2}, serverSettings=ServerSettings{heartbeatFrequencyMS=10000, minHeartbeatFrequencyMS=500, serverMonitoringMode=AUTO, serverListeners='[]', serverMonitorListeners='[]'}, sslSettings=SslSettings{enabled=true, invalidHostNameAllowed=false, context=null}, applicationName='null', compressorList=[], uuidRepresentation=UNSPECIFIED, serverApi=null, autoEncryptionSettings=null, dnsClient=null, inetAddressResolver=null, contextProvider=null, timeoutMS=null}
2026-03-21 22:21:13 [cluster-ClusterId{value='69becc814f630004108aa628', description='null'}-srv-cluster0.en0pykp.mongodb.net] INFO  org.mongodb.driver.cluster - Adding discovered server ac-aoerbz6-shard-00-00.en0pykp.mongodb.net:27017 to client view of cluster
2026-03-21 22:21:13 [cluster-ClusterId{value='69becc814f630004108aa628', description='null'}-srv-cluster0.en0pykp.mongodb.net] INFO  org.mongodb.driver.cluster - Adding discovered server ac-aoerbz6-shard-00-02.en0pykp.mongodb.net:27017 to client view of cluster
2026-03-21 22:21:14 [main] WARN  com.password4j.PropertyReader - bcrypt minor version is not defined. Default value is used (b). Please set property hash.bcrypt.minor in your psw4j.properties file.
2026-03-21 22:21:14 [main] WARN  com.password4j.PropertyReader - bcrypt rounds are not defined. Default value is used (10). Please set property hash.bcrypt.rounds in your psw4j.properties file.
2026-03-21 22:21:14 [cluster-ClusterId{value='69becc814f630004108aa628', description='null'}-ac-aoerbz6-shard-00-01.en0pykp.mongodb.net:27017] INFO  org.mongodb.driver.cluster - Monitor thread successfully connected to server with description ServerDescription{address=ac-aoerbz6-shard-00-01.en0pykp.mongodb.net:27017, type=REPLICA_SET_SECONDARY, cryptd=false, state=CONNECTED, ok=true, minWireVersion=0, maxWireVersion=25, maxDocumentSize=16777216, logicalSessionTimeoutMinutes=30, roundTripTimeNanos=220490600, minRoundTripTimeNanos=0, setName='atlas-zt48hn-shard-0', canonicalAddress=ac-aoerbz6-shard-00-01.en0pykp.mongodb.net:27017, hosts=[ac-aoerbz6-shard-00-01.en0pykp.mongodb.net:27017, ac-aoerbz6-shard-00-00.en0pykp.mongodb.net:27017, ac-aoerbz6-shard-00-02.en0pykp.mongodb.net:27017], passives=[], arbiters=[], primary='ac-aoerbz6-shard-00-02.en0pykp.mongodb.net:27017', tagSet=TagSet{[Tag{name='availabilityZone', value='aps1-az3'}, Tag{name='diskState', value='READY'}, Tag{name='nodeType', value='ELECTABLE'}, Tag{name='provider', value='AWS'}, Tag{name='region', value='AP_SOUTH_1'}, Tag{name='workloadType', value='OPERATIONAL'}]}, electionId=null, setVersion=391, topologyVersion=TopologyVersion{processId=69b85ccb4b84e800f9f6512d, counter=3}, lastWriteDate=Sat Mar 21 22:21:12 IST 2026, lastUpdateTimeNanos=18240338115300}
2026-03-21 22:21:14 [cluster-ClusterId{value='69becc814f630004108aa628', description='null'}-ac-aoerbz6-shard-00-02.en0pykp.mongodb.net:27017] INFO  org.mongodb.driver.cluster - Monitor thread successfully connected to server with description ServerDescription{address=ac-aoerbz6-shard-00-02.en0pykp.mongodb.net:27017, type=REPLICA_SET_PRIMARY, cryptd=false, state=CONNECTED, ok=true, minWireVersion=0, maxWireVersion=25, maxDocumentSize=16777216, logicalSessionTimeoutMinutes=30, roundTripTimeNanos=220239600, minRoundTripTimeNanos=0, setName='atlas-zt48hn-shard-0', canonicalAddress=ac-aoerbz6-shard-00-02.en0pykp.mongodb.net:27017, hosts=[ac-aoerbz6-shard-00-01.en0pykp.mongodb.net:27017, ac-aoerbz6-shard-00-00.en0pykp.mongodb.net:27017, ac-aoerbz6-shard-00-02.en0pykp.mongodb.net:27017], passives=[], arbiters=[], primary='ac-aoerbz6-shard-00-02.en0pykp.mongodb.net:27017', tagSet=TagSet{[Tag{name='availabilityZone', value='aps1-az2'}, Tag{name='diskState', value='READY'}, Tag{name='nodeType', value='ELECTABLE'}, Tag{name='provider', value='AWS'}, Tag{name='region', value='AP_SOUTH_1'}, Tag{name='workloadType', value='OPERATIONAL'}]}, electionId=7fffffff0000000000000156, setVersion=391, topologyVersion=TopologyVersion{processId=69b859a89b4f2018f8b26ac6, counter=6}, lastWriteDate=Sat Mar 21 22:21:12 IST 2026, lastUpdateTimeNanos=18240338115300}
2026-03-21 22:21:14 [cluster-ClusterId{value='69becc814f630004108aa628', description='null'}-ac-aoerbz6-shard-00-00.en0pykp.mongodb.net:27017] INFO  org.mongodb.driver.cluster - Monitor thread successfully connected to server with description ServerDescription{address=ac-aoerbz6-shard-00-00.en0pykp.mongodb.net:27017, type=REPLICA_SET_SECONDARY, cryptd=false, state=CONNECTED, ok=true, minWireVersion=0, maxWireVersion=25, maxDocumentSize=16777216, logicalSessionTimeoutMinutes=30, roundTripTimeNanos=223470500, minRoundTripTimeNanos=0, setName='atlas-zt48hn-shard-0', canonicalAddress=ac-aoerbz6-shard-00-00.en0pykp.mongodb.net:27017, hosts=[ac-aoerbz6-shard-00-01.en0pykp.mongodb.net:27017, ac-aoerbz6-shard-00-00.en0pykp.mongodb.net:27017, ac-aoerbz6-shard-00-02.en0pykp.mongodb.net:27017], passives=[], arbiters=[], primary='ac-aoerbz6-shard-00-02.en0pykp.mongodb.net:27017', tagSet=TagSet{[Tag{name='availabilityZone', value='aps1-az1'}, Tag{name='diskState', value='READY'}, Tag{name='nodeType', value='ELECTABLE'}, Tag{name='provider', value='AWS'}, Tag{name='region', value='AP_SOUTH_1'}, Tag{name='workloadType', value='OPERATIONAL'}]}, electionId=null, setVersion=391, topologyVersion=TopologyVersion{processId=69b855abb14686967b76fdd6, counter=4}, lastWriteDate=Sat Mar 21 22:21:12 IST 2026, lastUpdateTimeNanos=18240338115300}
2026-03-21 22:21:14 [cluster-ClusterId{value='69becc814f630004108aa628', description='null'}-ac-aoerbz6-shard-00-02.en0pykp.mongodb.net:27017] INFO  org.mongodb.driver.cluster - Discovered replica set primary ac-aoerbz6-shard-00-02.en0pykp.mongodb.net:27017 with max election id 7fffffff0000000000000156 and max set version 391
2026-03-21 22:21:14 [main] INFO  org.springframework.security.config.annotation.authentication.configuration.InitializeUserDetailsBeanManagerConfigurer$InitializeUserDetailsManagerConfigurer - Global AuthenticationManager configured with UserDetailsService bean with name userDetailsImpl
2026-03-21 22:21:14 [main] INFO  org.apache.coyote.http11.Http11NioProtocol - Starting ProtocolHandler ["http-nio-8080"]
2026-03-21 22:21:14 [main] INFO  org.springframework.boot.tomcat.TomcatWebServer - Tomcat started on port 8080 (http) with context path '/'
2026-03-21 22:21:14 [main] INFO  com.example.BookingApplication.BookingApplication - Started BookingApplication in 2.196 seconds (process running for 2.609)
2026-03-21 22:21:17 [http-nio-8080-exec-1] INFO  org.apache.catalina.core.ContainerBase.[Tomcat].[localhost].[/] - Initializing Spring DispatcherServlet 'dispatcherServlet'
2026-03-21 22:21:17 [http-nio-8080-exec-1] INFO  org.springframework.web.servlet.DispatcherServlet - Initializing Servlet 'dispatcherServlet'
2026-03-21 22:21:17 [http-nio-8080-exec-1] INFO  org.springframework.web.servlet.DispatcherServlet - Completed initialization in 1 ms
2026-03-21 22:22:35 [SpringApplicationShutdownHook] INFO  org.springframework.boot.tomcat.GracefulShutdown - Commencing graceful shutdown. Waiting for active requests to complete
2026-03-21 22:22:35 [tomcat-shutdown] INFO  org.springframework.boot.tomcat.GracefulShutdown - Graceful shutdown complete
2026-03-21 22:22:57 [main] INFO  com.example.BookingApplication.BookingApplication - Starting BookingApplication using Java 21.0.7 with PID 5240 (C:\Users\ADMIN\Downloads\BookingApplication\BookingApplication\target\classes started by ADMIN in C:\Users\ADMIN\Downloads\BookingApplication)
2026-03-21 22:22:57 [main] INFO  com.example.BookingApplication.BookingApplication - No active profile set, falling back to 1 default profile: "default"
2026-03-21 22:22:58 [main] INFO  org.springframework.data.repository.config.RepositoryConfigurationDelegate - Bootstrapping Spring Data MongoDB repositories in DEFAULT mode.
2026-03-21 22:22:58 [main] INFO  org.springframework.data.repository.config.RepositoryConfigurationDelegate - Finished Spring Data repository scanning in 38 ms. Found 3 MongoDB repository interfaces.
2026-03-21 22:22:58 [main] INFO  org.springframework.boot.tomcat.TomcatWebServer - Tomcat initialized with port 8080 (http)
2026-03-21 22:22:58 [main] INFO  org.apache.coyote.http11.Http11NioProtocol - Initializing ProtocolHandler ["http-nio-8080"]
2026-03-21 22:22:58 [main] INFO  org.apache.catalina.core.StandardService - Starting service [Tomcat]
2026-03-21 22:22:58 [main] INFO  org.apache.catalina.core.StandardEngine - Starting Servlet engine: [Apache Tomcat/11.0.18]
2026-03-21 22:22:58 [main] INFO  org.springframework.boot.web.context.servlet.WebApplicationContextInitializer - Root WebApplicationContext: initialization completed in 923 ms
2026-03-21 22:22:59 [main] INFO  org.mongodb.driver.client - MongoClient with metadata {"driver": {"name": "mongo-java-driver|spring-boot|sync", "version": "5.6.4"}, "os": {"type": "Windows", "name": "Windows 11", "architecture": "amd64", "version": "10.0"}, "platform": "Java/Oracle Corporation/21.0.7+8-LTS-245"} created with settings MongoClientSettings{readPreference=primary, writeConcern=WriteConcern{w=majority, wTimeout=null ms, journal=null}, retryWrites=true, retryReads=true, readConcern=ReadConcern{level=null}, credential=MongoCredential{mechanism=null, userName='root', source='admin', password=<hidden>, mechanismProperties=<hidden>}, transportSettings=null, commandListeners=[], codecRegistry=ProvidersCodecRegistry{codecProviders=[ValueCodecProvider{}, BsonValueCodecProvider{}, DBRefCodecProvider{}, DBObjectCodecProvider{}, DocumentCodecProvider{}, CollectionCodecProvider{}, IterableCodecProvider{}, MapCodecProvider{}, GeoJsonCodecProvider{}, GridFSFileCodecProvider{}, Jsr310CodecProvider{}, JsonObjectCodecProvider{}, BsonCodecProvider{}, com.mongodb.client.model.mql.ExpressionCodecProvider@7e5b621b, com.mongodb.Jep395RecordCodecProvider@10177794, com.mongodb.KotlinCodecProvider@e5c2463, EnumCodecProvider{}]}, loggerSettings=LoggerSettings{maxDocumentLength=1000}, clusterSettings={hosts=[127.0.0.1:27017], srvHost=cluster0.en0pykp.mongodb.net, srvServiceName=mongodb, mode=MULTIPLE, requiredClusterType=REPLICA_SET, requiredReplicaSetName='atlas-zt48hn-shard-0', serverSelector='null', clusterListeners='[]', serverSelectionTimeout='30000 ms', localThreshold='15 ms'}, socketSettings=SocketSettings{connectTimeoutMS=10000, readTimeoutMS=0, receiveBufferSize=0, proxySettings=ProxySettings{host=null, port=null, username=null, password=null}}, heartbeatSocketSettings=SocketSettings{connectTimeoutMS=10000, readTimeoutMS=10000, receiveBufferSize=0, proxySettings=ProxySettings{host=null, port=null, username=null, password=null}}, connectionPoolSettings=ConnectionPoolSettings{maxSize=100, minSize=0, maxWaitTimeMS=120000, maxConnectionLifeTimeMS=0, maxConnectionIdleTimeMS=0, maintenanceInitialDelayMS=0, maintenanceFrequencyMS=60000, connectionPoolListeners=[], maxConnecting=2}, serverSettings=ServerSettings{heartbeatFrequencyMS=10000, minHeartbeatFrequencyMS=500, serverMonitoringMode=AUTO, serverListeners='[]', serverMonitorListeners='[]'}, sslSettings=SslSettings{enabled=true, invalidHostNameAllowed=false, context=null}, applicationName='null', compressorList=[], uuidRepresentation=UNSPECIFIED, serverApi=null, autoEncryptionSettings=null, dnsClient=null, inetAddressResolver=null, contextProvider=null, timeoutMS=null}
2026-03-21 22:22:59 [cluster-ClusterId{value='69becceb3a759a07bbf9698a', description='null'}-srv-cluster0.en0pykp.mongodb.net] INFO  org.mongodb.driver.cluster - Adding discovered server ac-aoerbz6-shard-00-01.en0pykp.mongodb.net:27017 to client view of cluster
2026-03-21 22:22:59 [cluster-ClusterId{value='69becceb3a759a07bbf9698a', description='null'}-srv-cluster0.en0pykp.mongodb.net] INFO  org.mongodb.driver.cluster - Adding discovered server ac-aoerbz6-shard-00-00.en0pykp.mongodb.net:27017 to client view of cluster
2026-03-21 22:22:59 [cluster-ClusterId{value='69becceb3a759a07bbf9698a', description='null'}-srv-cluster0.en0pykp.mongodb.net] INFO  org.mongodb.driver.cluster - Adding discovered server ac-aoerbz6-shard-00-02.en0pykp.mongodb.net:27017 to client view of cluster
2026-03-21 22:22:59 [main] WARN  com.password4j.PropertyReader - bcrypt minor version is not defined. Default value is used (b). Please set property hash.bcrypt.minor in your psw4j.properties file.
2026-03-21 22:22:59 [main] WARN  com.password4j.PropertyReader - bcrypt rounds are not defined. Default value is used (10). Please set property hash.bcrypt.rounds in your psw4j.properties file.
2026-03-21 22:22:59 [main] INFO  org.springframework.security.config.annotation.authentication.configuration.InitializeUserDetailsBeanManagerConfigurer$InitializeUserDetailsManagerConfigurer - Global AuthenticationManager configured with UserDetailsService bean with name userDetailsImpl
2026-03-21 22:22:59 [cluster-ClusterId{value='69becceb3a759a07bbf9698a', description='null'}-ac-aoerbz6-shard-00-00.en0pykp.mongodb.net:27017] INFO  org.mongodb.driver.cluster - Monitor thread successfully connected to server with description ServerDescription{address=ac-aoerbz6-shard-00-00.en0pykp.mongodb.net:27017, type=REPLICA_SET_SECONDARY, cryptd=false, state=CONNECTED, ok=true, minWireVersion=0, maxWireVersion=25, maxDocumentSize=16777216, logicalSessionTimeoutMinutes=30, roundTripTimeNanos=232808800, minRoundTripTimeNanos=0, setName='atlas-zt48hn-shard-0', canonicalAddress=ac-aoerbz6-shard-00-00.en0pykp.mongodb.net:27017, hosts=[ac-aoerbz6-shard-00-01.en0pykp.mongodb.net:27017, ac-aoerbz6-shard-00-00.en0pykp.mongodb.net:27017, ac-aoerbz6-shard-00-02.en0pykp.mongodb.net:27017], passives=[], arbiters=[], primary='ac-aoerbz6-shard-00-02.en0pykp.mongodb.net:27017', tagSet=TagSet{[Tag{name='availabilityZone', value='aps1-az1'}, Tag{name='diskState', value='READY'}, Tag{name='nodeType', value='ELECTABLE'}, Tag{name='provider', value='AWS'}, Tag{name='region', value='AP_SOUTH_1'}, Tag{name='workloadType', value='OPERATIONAL'}]}, electionId=null, setVersion=391, topologyVersion=TopologyVersion{processId=69b855abb14686967b76fdd6, counter=4}, lastWriteDate=Sat Mar 21 22:22:58 IST 2026, lastUpdateTimeNanos=18345722756700}
2026-03-21 22:22:59 [cluster-ClusterId{value='69becceb3a759a07bbf9698a', description='null'}-ac-aoerbz6-shard-00-02.en0pykp.mongodb.net:27017] INFO  org.mongodb.driver.cluster - Monitor thread successfully connected to server with description ServerDescription{address=ac-aoerbz6-shard-00-02.en0pykp.mongodb.net:27017, type=REPLICA_SET_PRIMARY, cryptd=false, state=CONNECTED, ok=true, minWireVersion=0, maxWireVersion=25, maxDocumentSize=16777216, logicalSessionTimeoutMinutes=30, roundTripTimeNanos=229819700, minRoundTripTimeNanos=0, setName='atlas-zt48hn-shard-0', canonicalAddress=ac-aoerbz6-shard-00-02.en0pykp.mongodb.net:27017, hosts=[ac-aoerbz6-shard-00-01.en0pykp.mongodb.net:27017, ac-aoerbz6-shard-00-00.en0pykp.mongodb.net:27017, ac-aoerbz6-shard-00-02.en0pykp.mongodb.net:27017], passives=[], arbiters=[], primary='ac-aoerbz6-shard-00-02.en0pykp.mongodb.net:27017', tagSet=TagSet{[Tag{name='availabilityZone', value='aps1-az2'}, Tag{name='diskState', value='READY'}, Tag{name='nodeType', value='ELECTABLE'}, Tag{name='provider', value='AWS'}, Tag{name='region', value='AP_SOUTH_1'}, Tag{name='workloadType', value='OPERATIONAL'}]}, electionId=7fffffff0000000000000156, setVersion=391, topologyVersion=TopologyVersion{processId=69b859a89b4f2018f8b26ac6, counter=6}, lastWriteDate=Sat Mar 21 22:22:58 IST 2026, lastUpdateTimeNanos=18345722756600}
2026-03-21 22:22:59 [cluster-ClusterId{value='69becceb3a759a07bbf9698a', description='null'}-ac-aoerbz6-shard-00-01.en0pykp.mongodb.net:27017] INFO  org.mongodb.driver.cluster - Monitor thread successfully connected to server with description ServerDescription{address=ac-aoerbz6-shard-00-01.en0pykp.mongodb.net:27017, type=REPLICA_SET_SECONDARY, cryptd=false, state=CONNECTED, ok=true, minWireVersion=0, maxWireVersion=25, maxDocumentSize=16777216, logicalSessionTimeoutMinutes=30, roundTripTimeNanos=225197100, minRoundTripTimeNanos=0, setName='atlas-zt48hn-shard-0', canonicalAddress=ac-aoerbz6-shard-00-01.en0pykp.mongodb.net:27017, hosts=[ac-aoerbz6-shard-00-01.en0pykp.mongodb.net:27017, ac-aoerbz6-shard-00-00.en0pykp.mongodb.net:27017, ac-aoerbz6-shard-00-02.en0pykp.mongodb.net:27017], passives=[], arbiters=[], primary='ac-aoerbz6-shard-00-02.en0pykp.mongodb.net:27017', tagSet=TagSet{[Tag{name='availabilityZone', value='aps1-az3'}, Tag{name='diskState', value='READY'}, Tag{name='nodeType', value='ELECTABLE'}, Tag{name='provider', value='AWS'}, Tag{name='region', value='AP_SOUTH_1'}, Tag{name='workloadType', value='OPERATIONAL'}]}, electionId=null, setVersion=391, topologyVersion=TopologyVersion{processId=69b85ccb4b84e800f9f6512d, counter=3}, lastWriteDate=Sat Mar 21 22:22:58 IST 2026, lastUpdateTimeNanos=18345722756700}
2026-03-21 22:22:59 [cluster-ClusterId{value='69becceb3a759a07bbf9698a', description='null'}-ac-aoerbz6-shard-00-02.en0pykp.mongodb.net:27017] INFO  org.mongodb.driver.cluster - Discovered replica set primary ac-aoerbz6-shard-00-02.en0pykp.mongodb.net:27017 with max election id 7fffffff0000000000000156 and max set version 391
2026-03-21 22:22:59 [main] INFO  org.apache.coyote.http11.Http11NioProtocol - Starting ProtocolHandler ["http-nio-8080"]
2026-03-21 22:22:59 [main] INFO  org.springframework.boot.tomcat.TomcatWebServer - Tomcat started on port 8080 (http) with context path '/'
2026-03-21 22:22:59 [main] INFO  com.example.BookingApplication.BookingApplication - Started BookingApplication in 2.208 seconds (process running for 2.618)
2026-03-21 22:23:12 [SpringApplicationShutdownHook] INFO  org.springframework.boot.tomcat.GracefulShutdown - Commencing graceful shutdown. Waiting for active requests to complete
2026-03-21 22:23:12 [tomcat-shutdown] INFO  org.springframework.boot.tomcat.GracefulShutdown - Graceful shutdown complete
2026-03-21 23:55:57 [main] INFO  com.example.BookingApplication.BookingApplication - Starting BookingApplication using Java 21.0.7 with PID 32240 (C:\Users\ADMIN\Downloads\BookingApplication\BookingApplication\target\classes started by ADMIN in C:\Users\ADMIN\Downloads\BookingApplication)
2026-03-21 23:55:57 [main] INFO  com.example.BookingApplication.BookingApplication - No active profile set, falling back to 1 default profile: "default"
2026-03-21 23:55:58 [main] INFO  org.springframework.data.repository.config.RepositoryConfigurationDelegate - Bootstrapping Spring Data MongoDB repositories in DEFAULT mode.
2026-03-21 23:55:58 [main] INFO  org.springframework.data.repository.config.RepositoryConfigurationDelegate - Finished Spring Data repository scanning in 34 ms. Found 3 MongoDB repository interfaces.
2026-03-21 23:55:58 [main] INFO  org.springframework.boot.tomcat.TomcatWebServer - Tomcat initialized with port 8080 (http)
2026-03-21 23:55:58 [main] INFO  org.apache.coyote.http11.Http11NioProtocol - Initializing ProtocolHandler ["http-nio-8080"]
2026-03-21 23:55:58 [main] INFO  org.apache.catalina.core.StandardService - Starting service [Tomcat]
2026-03-21 23:55:58 [main] INFO  org.apache.catalina.core.StandardEngine - Starting Servlet engine: [Apache Tomcat/11.0.18]
2026-03-21 23:55:58 [main] INFO  org.springframework.boot.web.context.servlet.WebApplicationContextInitializer - Root WebApplicationContext: initialization completed in 918 ms
2026-03-21 23:55:58 [main] INFO  org.mongodb.driver.client - MongoClient with metadata {"driver": {"name": "mongo-java-driver|spring-boot|sync", "version": "5.6.4"}, "os": {"type": "Windows", "name": "Windows 11", "architecture": "amd64", "version": "10.0"}, "platform": "Java/Oracle Corporation/21.0.7+8-LTS-245"} created with settings MongoClientSettings{readPreference=primary, writeConcern=WriteConcern{w=majority, wTimeout=null ms, journal=null}, retryWrites=true, retryReads=true, readConcern=ReadConcern{level=null}, credential=MongoCredential{mechanism=null, userName='root', source='admin', password=<hidden>, mechanismProperties=<hidden>}, transportSettings=null, commandListeners=[], codecRegistry=ProvidersCodecRegistry{codecProviders=[ValueCodecProvider{}, BsonValueCodecProvider{}, DBRefCodecProvider{}, DBObjectCodecProvider{}, DocumentCodecProvider{}, CollectionCodecProvider{}, IterableCodecProvider{}, MapCodecProvider{}, GeoJsonCodecProvider{}, GridFSFileCodecProvider{}, Jsr310CodecProvider{}, JsonObjectCodecProvider{}, BsonCodecProvider{}, com.mongodb.client.model.mql.ExpressionCodecProvider@61e86192, com.mongodb.Jep395RecordCodecProvider@34330f77, com.mongodb.KotlinCodecProvider@1320e68a, EnumCodecProvider{}]}, loggerSettings=LoggerSettings{maxDocumentLength=1000}, clusterSettings={hosts=[127.0.0.1:27017], srvHost=cluster0.en0pykp.mongodb.net, srvServiceName=mongodb, mode=MULTIPLE, requiredClusterType=REPLICA_SET, requiredReplicaSetName='atlas-zt48hn-shard-0', serverSelector='null', clusterListeners='[]', serverSelectionTimeout='30000 ms', localThreshold='15 ms'}, socketSettings=SocketSettings{connectTimeoutMS=10000, readTimeoutMS=0, receiveBufferSize=0, proxySettings=ProxySettings{host=null, port=null, username=null, password=null}}, heartbeatSocketSettings=SocketSettings{connectTimeoutMS=10000, readTimeoutMS=10000, receiveBufferSize=0, proxySettings=ProxySettings{host=null, port=null, username=null, password=null}}, connectionPoolSettings=ConnectionPoolSettings{maxSize=100, minSize=0, maxWaitTimeMS=120000, maxConnectionLifeTimeMS=0, maxConnectionIdleTimeMS=0, maintenanceInitialDelayMS=0, maintenanceFrequencyMS=60000, connectionPoolListeners=[], maxConnecting=2}, serverSettings=ServerSettings{heartbeatFrequencyMS=10000, minHeartbeatFrequencyMS=500, serverMonitoringMode=AUTO, serverListeners='[]', serverMonitorListeners='[]'}, sslSettings=SslSettings{enabled=true, invalidHostNameAllowed=false, context=null}, applicationName='null', compressorList=[], uuidRepresentation=UNSPECIFIED, serverApi=null, autoEncryptionSettings=null, dnsClient=null, inetAddressResolver=null, contextProvider=null, timeoutMS=null}
2026-03-21 23:55:58 [cluster-ClusterId{value='69bee2b6362690f5cddd4ff9', description='null'}-srv-cluster0.en0pykp.mongodb.net] INFO  org.mongodb.driver.cluster - Adding discovered server ac-aoerbz6-shard-00-01.en0pykp.mongodb.net:27017 to client view of cluster
2026-03-21 23:55:58 [cluster-ClusterId{value='69bee2b6362690f5cddd4ff9', description='null'}-srv-cluster0.en0pykp.mongodb.net] INFO  org.mongodb.driver.cluster - Adding discovered server ac-aoerbz6-shard-00-00.en0pykp.mongodb.net:27017 to client view of cluster
2026-03-21 23:55:58 [cluster-ClusterId{value='69bee2b6362690f5cddd4ff9', description='null'}-srv-cluster0.en0pykp.mongodb.net] INFO  org.mongodb.driver.cluster - Adding discovered server ac-aoerbz6-shard-00-02.en0pykp.mongodb.net:27017 to client view of cluster
2026-03-21 23:55:59 [main] WARN  com.password4j.PropertyReader - bcrypt minor version is not defined. Default value is used (b). Please set property hash.bcrypt.minor in your psw4j.properties file.
2026-03-21 23:55:59 [main] WARN  com.password4j.PropertyReader - bcrypt rounds are not defined. Default value is used (10). Please set property hash.bcrypt.rounds in your psw4j.properties file.
2026-03-21 23:55:59 [main] INFO  org.springframework.security.config.annotation.authentication.configuration.InitializeUserDetailsBeanManagerConfigurer$InitializeUserDetailsManagerConfigurer - Global AuthenticationManager configured with UserDetailsService bean with name userDetailsImpl
2026-03-21 23:55:59 [cluster-ClusterId{value='69bee2b6362690f5cddd4ff9', description='null'}-ac-aoerbz6-shard-00-01.en0pykp.mongodb.net:27017] INFO  org.mongodb.driver.cluster - Monitor thread successfully connected to server with description ServerDescription{address=ac-aoerbz6-shard-00-01.en0pykp.mongodb.net:27017, type=REPLICA_SET_SECONDARY, cryptd=false, state=CONNECTED, ok=true, minWireVersion=0, maxWireVersion=25, maxDocumentSize=16777216, logicalSessionTimeoutMinutes=30, roundTripTimeNanos=271809900, minRoundTripTimeNanos=0, setName='atlas-zt48hn-shard-0', canonicalAddress=ac-aoerbz6-shard-00-01.en0pykp.mongodb.net:27017, hosts=[ac-aoerbz6-shard-00-01.en0pykp.mongodb.net:27017, ac-aoerbz6-shard-00-00.en0pykp.mongodb.net:27017, ac-aoerbz6-shard-00-02.en0pykp.mongodb.net:27017], passives=[], arbiters=[], primary='ac-aoerbz6-shard-00-02.en0pykp.mongodb.net:27017', tagSet=TagSet{[Tag{name='availabilityZone', value='aps1-az3'}, Tag{name='diskState', value='READY'}, Tag{name='nodeType', value='ELECTABLE'}, Tag{name='provider', value='AWS'}, Tag{name='region', value='AP_SOUTH_1'}, Tag{name='workloadType', value='OPERATIONAL'}]}, electionId=null, setVersion=391, topologyVersion=TopologyVersion{processId=69b85ccb4b84e800f9f6512d, counter=3}, lastWriteDate=Sat Mar 21 23:55:57 IST 2026, lastUpdateTimeNanos=23925895523100}
2026-03-21 23:55:59 [cluster-ClusterId{value='69bee2b6362690f5cddd4ff9', description='null'}-ac-aoerbz6-shard-00-00.en0pykp.mongodb.net:27017] INFO  org.mongodb.driver.cluster - Monitor thread successfully connected to server with description ServerDescription{address=ac-aoerbz6-shard-00-00.en0pykp.mongodb.net:27017, type=REPLICA_SET_SECONDARY, cryptd=false, state=CONNECTED, ok=true, minWireVersion=0, maxWireVersion=25, maxDocumentSize=16777216, logicalSessionTimeoutMinutes=30, roundTripTimeNanos=271261400, minRoundTripTimeNanos=0, setName='atlas-zt48hn-shard-0', canonicalAddress=ac-aoerbz6-shard-00-00.en0pykp.mongodb.net:27017, hosts=[ac-aoerbz6-shard-00-01.en0pykp.mongodb.net:27017, ac-aoerbz6-shard-00-00.en0pykp.mongodb.net:27017, ac-aoerbz6-shard-00-02.en0pykp.mongodb.net:27017], passives=[], arbiters=[], primary='ac-aoerbz6-shard-00-02.en0pykp.mongodb.net:27017', tagSet=TagSet{[Tag{name='availabilityZone', value='aps1-az1'}, Tag{name='diskState', value='READY'}, Tag{name='nodeType', value='ELECTABLE'}, Tag{name='provider', value='AWS'}, Tag{name='region', value='AP_SOUTH_1'}, Tag{name='workloadType', value='OPERATIONAL'}]}, electionId=null, setVersion=391, topologyVersion=TopologyVersion{processId=69b855abb14686967b76fdd6, counter=4}, lastWriteDate=Sat Mar 21 23:55:57 IST 2026, lastUpdateTimeNanos=23925895523100}
2026-03-21 23:55:59 [cluster-ClusterId{value='69bee2b6362690f5cddd4ff9', description='null'}-ac-aoerbz6-shard-00-02.en0pykp.mongodb.net:27017] INFO  org.mongodb.driver.cluster - Monitor thread successfully connected to server with description ServerDescription{address=ac-aoerbz6-shard-00-02.en0pykp.mongodb.net:27017, type=REPLICA_SET_PRIMARY, cryptd=false, state=CONNECTED, ok=true, minWireVersion=0, maxWireVersion=25, maxDocumentSize=16777216, logicalSessionTimeoutMinutes=30, roundTripTimeNanos=272197000, minRoundTripTimeNanos=0, setName='atlas-zt48hn-shard-0', canonicalAddress=ac-aoerbz6-shard-00-02.en0pykp.mongodb.net:27017, hosts=[ac-aoerbz6-shard-00-01.en0pykp.mongodb.net:27017, ac-aoerbz6-shard-00-00.en0pykp.mongodb.net:27017, ac-aoerbz6-shard-00-02.en0pykp.mongodb.net:27017], passives=[], arbiters=[], primary='ac-aoerbz6-shard-00-02.en0pykp.mongodb.net:27017', tagSet=TagSet{[Tag{name='availabilityZone', value='aps1-az2'}, Tag{name='diskState', value='READY'}, Tag{name='nodeType', value='ELECTABLE'}, Tag{name='provider', value='AWS'}, Tag{name='region', value='AP_SOUTH_1'}, Tag{name='workloadType', value='OPERATIONAL'}]}, electionId=7fffffff0000000000000156, setVersion=391, topologyVersion=TopologyVersion{processId=69b859a89b4f2018f8b26ac6, counter=6}, lastWriteDate=Sat Mar 21 23:55:57 IST 2026, lastUpdateTimeNanos=23925895523100}
2026-03-21 23:55:59 [cluster-ClusterId{value='69bee2b6362690f5cddd4ff9', description='null'}-ac-aoerbz6-shard-00-02.en0pykp.mongodb.net:27017] INFO  org.mongodb.driver.cluster - Discovered replica set primary ac-aoerbz6-shard-00-02.en0pykp.mongodb.net:27017 with max election id 7fffffff0000000000000156 and max set version 391
2026-03-21 23:55:59 [main] INFO  org.apache.coyote.http11.Http11NioProtocol - Starting ProtocolHandler ["http-nio-8080"]
2026-03-21 23:55:59 [main] INFO  org.springframework.boot.tomcat.TomcatWebServer - Tomcat started on port 8080 (http) with context path '/'
2026-03-21 23:55:59 [main] INFO  com.example.BookingApplication.BookingApplication - Started BookingApplication in 2.29 seconds (process running for 3.007)
2026-03-21 23:56:23 [http-nio-8080-exec-1] INFO  org.apache.catalina.core.ContainerBase.[Tomcat].[localhost].[/] - Initializing Spring DispatcherServlet 'dispatcherServlet'
2026-03-21 23:56:23 [http-nio-8080-exec-1] INFO  org.springframework.web.servlet.DispatcherServlet - Initializing Servlet 'dispatcherServlet'
2026-03-21 23:56:23 [http-nio-8080-exec-1] INFO  org.springframework.web.servlet.DispatcherServlet - Completed initialization in 1 ms
2026-03-21 23:58:04 [SpringApplicationShutdownHook] INFO  org.springframework.boot.tomcat.GracefulShutdown - Commencing graceful shutdown. Waiting for active requests to complete
2026-03-21 23:58:04 [tomcat-shutdown] INFO  org.springframework.boot.tomcat.GracefulShutdown - Graceful shutdown complete
