2026-03-25 12:55:00 [main] INFO  com.example.BookingApplication.BookingApplication - Starting BookingApplication using Java 21.0.7 with PID 22828 (C:\Users\ADMIN\Downloads\BookingApplication\BookingApplication\target\classes started by ADMIN in C:\Users\ADMIN\Downloads\BookingApplication)
2026-03-25 12:55:00 [main] INFO  com.example.BookingApplication.BookingApplication - No active profile set, falling back to 1 default profile: "default"
2026-03-25 12:55:00 [main] INFO  org.springframework.data.repository.config.RepositoryConfigurationDelegate - Multiple Spring Data modules found, entering strict repository configuration mode
2026-03-25 12:55:00 [main] INFO  org.springframework.data.repository.config.RepositoryConfigurationDelegate - Bootstrapping Spring Data MongoDB repositories in DEFAULT mode.
2026-03-25 12:55:00 [main] INFO  org.springframework.data.repository.config.RepositoryConfigurationDelegate - Finished Spring Data repository scanning in 92 ms. Found 3 MongoDB repository interfaces.
2026-03-25 12:55:01 [main] INFO  org.springframework.data.repository.config.RepositoryConfigurationDelegate - Multiple Spring Data modules found, entering strict repository configuration mode
2026-03-25 12:55:01 [main] INFO  org.springframework.data.repository.config.RepositoryConfigurationDelegate - Bootstrapping Spring Data Redis repositories in DEFAULT mode.
2026-03-25 12:55:01 [main] INFO  org.springframework.data.repository.config.RepositoryConfigurationExtensionSupport - Spring Data Redis - Could not safely identify store assignment for repository candidate interface com.example.BookingApplication.Repositories.BookingsRepository; If you want this repository to be a Redis repository, consider annotating your entities with one of these annotations: org.springframework.data.redis.core.RedisHash (preferred), or consider extending one of the following types with your repository: org.springframework.data.keyvalue.repository.KeyValueRepository
2026-03-25 12:55:01 [main] INFO  org.springframework.data.repository.config.RepositoryConfigurationExtensionSupport - Spring Data Redis - Could not safely identify store assignment for repository candidate interface com.example.BookingApplication.Repositories.StudioRepository; If you want this repository to be a Redis repository, consider annotating your entities with one of these annotations: org.springframework.data.redis.core.RedisHash (preferred), or consider extending one of the following types with your repository: org.springframework.data.keyvalue.repository.KeyValueRepository
2026-03-25 12:55:01 [main] INFO  org.springframework.data.repository.config.RepositoryConfigurationExtensionSupport - Spring Data Redis - Could not safely identify store assignment for repository candidate interface com.example.BookingApplication.Repositories.UserRepository; If you want this repository to be a Redis repository, consider annotating your entities with one of these annotations: org.springframework.data.redis.core.RedisHash (preferred), or consider extending one of the following types with your repository: org.springframework.data.keyvalue.repository.KeyValueRepository
2026-03-25 12:55:01 [main] INFO  org.springframework.data.repository.config.RepositoryConfigurationDelegate - Finished Spring Data repository scanning in 7 ms. Found 0 Redis repository interfaces.
2026-03-25 12:55:01 [main] INFO  org.springframework.boot.tomcat.TomcatWebServer - Tomcat initialized with port 8080 (http)
2026-03-25 12:55:01 [main] INFO  org.apache.coyote.http11.Http11NioProtocol - Initializing ProtocolHandler ["http-nio-8080"]
2026-03-25 12:55:01 [main] INFO  org.apache.catalina.core.StandardService - Starting service [Tomcat]
2026-03-25 12:55:01 [main] INFO  org.apache.catalina.core.StandardEngine - Starting Servlet engine: [Apache Tomcat/11.0.18]
2026-03-25 12:55:01 [main] INFO  org.springframework.boot.web.context.servlet.WebApplicationContextInitializer - Root WebApplicationContext: initialization completed in 1194 ms
2026-03-25 12:55:01 [main] INFO  org.mongodb.driver.client - MongoClient with metadata {"driver": {"name": "mongo-java-driver|spring-boot|sync", "version": "5.6.4"}, "os": {"type": "Windows", "name": "Windows 11", "architecture": "amd64", "version": "10.0"}, "platform": "Java/Oracle Corporation/21.0.7+8-LTS-245"} created with settings MongoClientSettings{readPreference=primary, writeConcern=WriteConcern{w=majority, wTimeout=null ms, journal=null}, retryWrites=true, retryReads=true, readConcern=ReadConcern{level=null}, credential=MongoCredential{mechanism=null, userName='root', source='admin', password=<hidden>, mechanismProperties=<hidden>}, transportSettings=null, commandListeners=[], codecRegistry=ProvidersCodecRegistry{codecProviders=[ValueCodecProvider{}, BsonValueCodecProvider{}, DBRefCodecProvider{}, DBObjectCodecProvider{}, DocumentCodecProvider{}, CollectionCodecProvider{}, IterableCodecProvider{}, MapCodecProvider{}, GeoJsonCodecProvider{}, GridFSFileCodecProvider{}, Jsr310CodecProvider{}, JsonObjectCodecProvider{}, BsonCodecProvider{}, com.mongodb.client.model.mql.ExpressionCodecProvider@1304e0d7, com.mongodb.Jep395RecordCodecProvider@6ddc67d0, com.mongodb.KotlinCodecProvider@7767bd4e, EnumCodecProvider{}]}, loggerSettings=LoggerSettings{maxDocumentLength=1000}, clusterSettings={hosts=[127.0.0.1:27017], srvHost=cluster0.en0pykp.mongodb.net, srvServiceName=mongodb, mode=MULTIPLE, requiredClusterType=REPLICA_SET, requiredReplicaSetName='atlas-zt48hn-shard-0', serverSelector='null', clusterListeners='[]', serverSelectionTimeout='30000 ms', localThreshold='15 ms'}, socketSettings=SocketSettings{connectTimeoutMS=10000, readTimeoutMS=0, receiveBufferSize=0, proxySettings=ProxySettings{host=null, port=null, username=null, password=null}}, heartbeatSocketSettings=SocketSettings{connectTimeoutMS=10000, readTimeoutMS=10000, receiveBufferSize=0, proxySettings=ProxySettings{host=null, port=null, username=null, password=null}}, connectionPoolSettings=ConnectionPoolSettings{maxSize=100, minSize=0, maxWaitTimeMS=120000, maxConnectionLifeTimeMS=0, maxConnectionIdleTimeMS=0, maintenanceInitialDelayMS=0, maintenanceFrequencyMS=60000, connectionPoolListeners=[], maxConnecting=2}, serverSettings=ServerSettings{heartbeatFrequencyMS=10000, minHeartbeatFrequencyMS=500, serverMonitoringMode=AUTO, serverListeners='[]', serverMonitorListeners='[]'}, sslSettings=SslSettings{enabled=true, invalidHostNameAllowed=false, context=null}, applicationName='null', compressorList=[], uuidRepresentation=UNSPECIFIED, serverApi=null, autoEncryptionSettings=null, dnsClient=null, inetAddressResolver=null, contextProvider=null, timeoutMS=null}
2026-03-25 12:55:01 [cluster-ClusterId{value='69c38dcd86b35b68e25ff3d3', description='null'}-srv-cluster0.en0pykp.mongodb.net] INFO  org.mongodb.driver.cluster - Adding discovered server ac-aoerbz6-shard-00-01.en0pykp.mongodb.net:27017 to client view of cluster
2026-03-25 12:55:01 [cluster-ClusterId{value='69c38dcd86b35b68e25ff3d3', description='null'}-srv-cluster0.en0pykp.mongodb.net] INFO  org.mongodb.driver.cluster - Adding discovered server ac-aoerbz6-shard-00-00.en0pykp.mongodb.net:27017 to client view of cluster
2026-03-25 12:55:01 [cluster-ClusterId{value='69c38dcd86b35b68e25ff3d3', description='null'}-srv-cluster0.en0pykp.mongodb.net] INFO  org.mongodb.driver.cluster - Adding discovered server ac-aoerbz6-shard-00-02.en0pykp.mongodb.net:27017 to client view of cluster
2026-03-25 12:55:02 [cluster-ClusterId{value='69c38dcd86b35b68e25ff3d3', description='null'}-ac-aoerbz6-shard-00-01.en0pykp.mongodb.net:27017] INFO  org.mongodb.driver.cluster - Exception in monitor thread while connecting to server ac-aoerbz6-shard-00-01.en0pykp.mongodb.net:27017
com.mongodb.MongoSocketWriteException: Exception sending message
	at com.mongodb.internal.connection.InternalStreamConnection.throwTranslatedWriteException(InternalStreamConnection.java:785)
	at com.mongodb.internal.connection.InternalStreamConnection.sendMessage(InternalStreamConnection.java:670)
	at com.mongodb.internal.connection.InternalStreamConnection.trySendMessage(InternalStreamConnection.java:507)
	at com.mongodb.internal.connection.InternalStreamConnection.sendCommandMessage(InternalStreamConnection.java:482)
	at com.mongodb.internal.connection.InternalStreamConnection.sendAndReceiveInternal(InternalStreamConnection.java:440)
	at com.mongodb.internal.connection.InternalStreamConnection.lambda$sendAndReceive$0(InternalStreamConnection.java:375)
	at com.mongodb.internal.connection.InternalStreamConnection.sendAndReceive(InternalStreamConnection.java:378)
	at com.mongodb.internal.connection.CommandHelper.sendAndReceive(CommandHelper.java:98)
	at com.mongodb.internal.connection.CommandHelper.executeCommand(CommandHelper.java:47)
	at com.mongodb.internal.connection.InternalStreamConnectionInitializer.initializeConnectionDescription(InternalStreamConnectionInitializer.java:144)
	at com.mongodb.internal.connection.InternalStreamConnectionInitializer.startHandshake(InternalStreamConnectionInitializer.java:78)
	at com.mongodb.internal.connection.InternalStreamConnection.open(InternalStreamConnection.java:235)
	at com.mongodb.internal.connection.DefaultServerMonitor$ServerMonitor.setupNewConnectionAndGetInitialDescription(DefaultServerMonitor.java:282)
	at com.mongodb.internal.connection.DefaultServerMonitor$ServerMonitor.lookupServerDescription(DefaultServerMonitor.java:253)
	at com.mongodb.internal.connection.DefaultServerMonitor$ServerMonitor.run(DefaultServerMonitor.java:203)
Caused by: javax.net.ssl.SSLException: Received fatal alert: internal_error
	at java.base/sun.security.ssl.Alert.createSSLException(Alert.java:132)
	at java.base/sun.security.ssl.Alert.createSSLException(Alert.java:117)
	at java.base/sun.security.ssl.TransportContext.fatal(TransportContext.java:370)
	at java.base/sun.security.ssl.Alert$AlertConsumer.consume(Alert.java:287)
	at java.base/sun.security.ssl.TransportContext.dispatch(TransportContext.java:209)
	at java.base/sun.security.ssl.SSLTransport.decode(SSLTransport.java:172)
	at java.base/sun.security.ssl.SSLSocketImpl.decode(SSLSocketImpl.java:1506)
	at java.base/sun.security.ssl.SSLSocketImpl.readHandshakeRecord(SSLSocketImpl.java:1421)
	at java.base/sun.security.ssl.SSLSocketImpl.startHandshake(SSLSocketImpl.java:455)
	at java.base/sun.security.ssl.SSLSocketImpl.ensureNegotiated(SSLSocketImpl.java:922)
	at java.base/sun.security.ssl.SSLSocketImpl$AppOutputStream.write(SSLSocketImpl.java:1291)
	at com.mongodb.internal.connection.SocketStream.write(SocketStream.java:165)
	at com.mongodb.internal.connection.InternalStreamConnection.sendMessage(InternalStreamConnection.java:667)
	... 13 common frames omitted
2026-03-25 12:55:02 [cluster-ClusterId{value='69c38dcd86b35b68e25ff3d3', description='null'}-ac-aoerbz6-shard-00-00.en0pykp.mongodb.net:27017] INFO  org.mongodb.driver.cluster - Exception in monitor thread while connecting to server ac-aoerbz6-shard-00-00.en0pykp.mongodb.net:27017
com.mongodb.MongoSocketWriteException: Exception sending message
	at com.mongodb.internal.connection.InternalStreamConnection.throwTranslatedWriteException(InternalStreamConnection.java:785)
	at com.mongodb.internal.connection.InternalStreamConnection.sendMessage(InternalStreamConnection.java:670)
	at com.mongodb.internal.connection.InternalStreamConnection.trySendMessage(InternalStreamConnection.java:507)
	at com.mongodb.internal.connection.InternalStreamConnection.sendCommandMessage(InternalStreamConnection.java:482)
	at com.mongodb.internal.connection.InternalStreamConnection.sendAndReceiveInternal(InternalStreamConnection.java:440)
	at com.mongodb.internal.connection.InternalStreamConnection.lambda$sendAndReceive$0(InternalStreamConnection.java:375)
	at com.mongodb.internal.connection.InternalStreamConnection.sendAndReceive(InternalStreamConnection.java:378)
	at com.mongodb.internal.connection.CommandHelper.sendAndReceive(CommandHelper.java:98)
	at com.mongodb.internal.connection.CommandHelper.executeCommand(CommandHelper.java:47)
	at com.mongodb.internal.connection.InternalStreamConnectionInitializer.initializeConnectionDescription(InternalStreamConnectionInitializer.java:144)
	at com.mongodb.internal.connection.InternalStreamConnectionInitializer.startHandshake(InternalStreamConnectionInitializer.java:78)
	at com.mongodb.internal.connection.InternalStreamConnection.open(InternalStreamConnection.java:235)
	at com.mongodb.internal.connection.DefaultServerMonitor$ServerMonitor.setupNewConnectionAndGetInitialDescription(DefaultServerMonitor.java:282)
	at com.mongodb.internal.connection.DefaultServerMonitor$ServerMonitor.lookupServerDescription(DefaultServerMonitor.java:253)
	at com.mongodb.internal.connection.DefaultServerMonitor$ServerMonitor.run(DefaultServerMonitor.java:203)
Caused by: javax.net.ssl.SSLException: Received fatal alert: internal_error
	at java.base/sun.security.ssl.Alert.createSSLException(Alert.java:132)
	at java.base/sun.security.ssl.Alert.createSSLException(Alert.java:117)
	at java.base/sun.security.ssl.TransportContext.fatal(TransportContext.java:370)
	at java.base/sun.security.ssl.Alert$AlertConsumer.consume(Alert.java:287)
	at java.base/sun.security.ssl.TransportContext.dispatch(TransportContext.java:209)
	at java.base/sun.security.ssl.SSLTransport.decode(SSLTransport.java:172)
	at java.base/sun.security.ssl.SSLSocketImpl.decode(SSLSocketImpl.java:1506)
	at java.base/sun.security.ssl.SSLSocketImpl.readHandshakeRecord(SSLSocketImpl.java:1421)
	at java.base/sun.security.ssl.SSLSocketImpl.startHandshake(SSLSocketImpl.java:455)
	at java.base/sun.security.ssl.SSLSocketImpl.ensureNegotiated(SSLSocketImpl.java:922)
	at java.base/sun.security.ssl.SSLSocketImpl$AppOutputStream.write(SSLSocketImpl.java:1291)
	at com.mongodb.internal.connection.SocketStream.write(SocketStream.java:165)
	at com.mongodb.internal.connection.InternalStreamConnection.sendMessage(InternalStreamConnection.java:667)
	... 13 common frames omitted
2026-03-25 12:55:02 [cluster-ClusterId{value='69c38dcd86b35b68e25ff3d3', description='null'}-ac-aoerbz6-shard-00-02.en0pykp.mongodb.net:27017] INFO  org.mongodb.driver.cluster - Monitor thread successfully connected to server with description ServerDescription{address=ac-aoerbz6-shard-00-02.en0pykp.mongodb.net:27017, type=REPLICA_SET_PRIMARY, cryptd=false, state=CONNECTED, ok=true, minWireVersion=0, maxWireVersion=25, maxDocumentSize=16777216, logicalSessionTimeoutMinutes=30, roundTripTimeNanos=265747200, minRoundTripTimeNanos=0, setName='atlas-zt48hn-shard-0', canonicalAddress=ac-aoerbz6-shard-00-02.en0pykp.mongodb.net:27017, hosts=[ac-aoerbz6-shard-00-01.en0pykp.mongodb.net:27017, ac-aoerbz6-shard-00-00.en0pykp.mongodb.net:27017, ac-aoerbz6-shard-00-02.en0pykp.mongodb.net:27017], passives=[], arbiters=[], primary='ac-aoerbz6-shard-00-02.en0pykp.mongodb.net:27017', tagSet=TagSet{[Tag{name='availabilityZone', value='aps1-az2'}, Tag{name='diskState', value='READY'}, Tag{name='nodeType', value='ELECTABLE'}, Tag{name='provider', value='AWS'}, Tag{name='region', value='AP_SOUTH_1'}, Tag{name='workloadType', value='OPERATIONAL'}]}, electionId=7fffffff0000000000000156, setVersion=391, topologyVersion=TopologyVersion{processId=69b859a89b4f2018f8b26ac6, counter=6}, lastWriteDate=Wed Mar 25 12:55:01 IST 2026, lastUpdateTimeNanos=158599910852200}
2026-03-25 12:55:02 [cluster-ClusterId{value='69c38dcd86b35b68e25ff3d3', description='null'}-ac-aoerbz6-shard-00-02.en0pykp.mongodb.net:27017] INFO  org.mongodb.driver.cluster - Discovered replica set primary ac-aoerbz6-shard-00-02.en0pykp.mongodb.net:27017 with max election id 7fffffff0000000000000156 and max set version 391
2026-03-25 12:55:02 [main] WARN  com.password4j.PropertyReader - bcrypt minor version is not defined. Default value is used (b). Please set property hash.bcrypt.minor in your psw4j.properties file.
2026-03-25 12:55:02 [main] WARN  com.password4j.PropertyReader - bcrypt rounds are not defined. Default value is used (10). Please set property hash.bcrypt.rounds in your psw4j.properties file.
2026-03-25 12:55:02 [main] INFO  org.springframework.security.config.annotation.authentication.configuration.InitializeUserDetailsBeanManagerConfigurer$InitializeUserDetailsManagerConfigurer - Global AuthenticationManager configured with UserDetailsService bean with name userDetailsImpl
2026-03-25 12:55:03 [main] INFO  org.apache.coyote.http11.Http11NioProtocol - Starting ProtocolHandler ["http-nio-8080"]
2026-03-25 12:55:03 [main] INFO  org.springframework.boot.tomcat.TomcatWebServer - Tomcat started on port 8080 (http) with context path '/'
2026-03-25 12:55:03 [main] INFO  com.example.BookingApplication.BookingApplication - Started BookingApplication in 3.32 seconds (process running for 4.256)
2026-03-25 12:55:14 [SpringApplicationShutdownHook] INFO  org.springframework.boot.tomcat.GracefulShutdown - Commencing graceful shutdown. Waiting for active requests to complete
2026-03-25 12:55:14 [tomcat-shutdown] INFO  org.springframework.boot.tomcat.GracefulShutdown - Graceful shutdown complete
2026-03-25 12:55:16 [main] INFO  com.example.BookingApplication.BookingApplication - Starting BookingApplication using Java 21.0.7 with PID 28296 (C:\Users\ADMIN\Downloads\BookingApplication\BookingApplication\target\classes started by ADMIN in C:\Users\ADMIN\Downloads\BookingApplication)
2026-03-25 12:55:16 [main] INFO  com.example.BookingApplication.BookingApplication - No active profile set, falling back to 1 default profile: "default"
2026-03-25 12:55:16 [main] INFO  org.springframework.data.repository.config.RepositoryConfigurationDelegate - Multiple Spring Data modules found, entering strict repository configuration mode
2026-03-25 12:55:16 [main] INFO  org.springframework.data.repository.config.RepositoryConfigurationDelegate - Bootstrapping Spring Data MongoDB repositories in DEFAULT mode.
2026-03-25 12:55:16 [main] INFO  org.springframework.data.repository.config.RepositoryConfigurationDelegate - Finished Spring Data repository scanning in 99 ms. Found 3 MongoDB repository interfaces.
2026-03-25 12:55:16 [main] INFO  org.springframework.data.repository.config.RepositoryConfigurationDelegate - Multiple Spring Data modules found, entering strict repository configuration mode
2026-03-25 12:55:16 [main] INFO  org.springframework.data.repository.config.RepositoryConfigurationDelegate - Bootstrapping Spring Data Redis repositories in DEFAULT mode.
2026-03-25 12:55:16 [main] INFO  org.springframework.data.repository.config.RepositoryConfigurationExtensionSupport - Spring Data Redis - Could not safely identify store assignment for repository candidate interface com.example.BookingApplication.Repositories.BookingsRepository; If you want this repository to be a Redis repository, consider annotating your entities with one of these annotations: org.springframework.data.redis.core.RedisHash (preferred), or consider extending one of the following types with your repository: org.springframework.data.keyvalue.repository.KeyValueRepository
2026-03-25 12:55:16 [main] INFO  org.springframework.data.repository.config.RepositoryConfigurationExtensionSupport - Spring Data Redis - Could not safely identify store assignment for repository candidate interface com.example.BookingApplication.Repositories.StudioRepository; If you want this repository to be a Redis repository, consider annotating your entities with one of these annotations: org.springframework.data.redis.core.RedisHash (preferred), or consider extending one of the following types with your repository: org.springframework.data.keyvalue.repository.KeyValueRepository
2026-03-25 12:55:16 [main] INFO  org.springframework.data.repository.config.RepositoryConfigurationExtensionSupport - Spring Data Redis - Could not safely identify store assignment for repository candidate interface com.example.BookingApplication.Repositories.UserRepository; If you want this repository to be a Redis repository, consider annotating your entities with one of these annotations: org.springframework.data.redis.core.RedisHash (preferred), or consider extending one of the following types with your repository: org.springframework.data.keyvalue.repository.KeyValueRepository
2026-03-25 12:55:16 [main] INFO  org.springframework.data.repository.config.RepositoryConfigurationDelegate - Finished Spring Data repository scanning in 6 ms. Found 0 Redis repository interfaces.
2026-03-25 12:55:17 [main] INFO  org.springframework.boot.tomcat.TomcatWebServer - Tomcat initialized with port 8080 (http)
2026-03-25 12:55:17 [main] INFO  org.apache.coyote.http11.Http11NioProtocol - Initializing ProtocolHandler ["http-nio-8080"]
2026-03-25 12:55:17 [main] INFO  org.apache.catalina.core.StandardService - Starting service [Tomcat]
2026-03-25 12:55:17 [main] INFO  org.apache.catalina.core.StandardEngine - Starting Servlet engine: [Apache Tomcat/11.0.18]
2026-03-25 12:55:17 [main] INFO  org.springframework.boot.web.context.servlet.WebApplicationContextInitializer - Root WebApplicationContext: initialization completed in 1085 ms
2026-03-25 12:55:17 [cluster-ClusterId{value='69c38dddbbde4c3e45b9a67f', description='null'}-srv-cluster0.en0pykp.mongodb.net] INFO  org.mongodb.driver.cluster - Adding discovered server ac-aoerbz6-shard-00-01.en0pykp.mongodb.net:27017 to client view of cluster
2026-03-25 12:55:17 [main] INFO  org.mongodb.driver.client - MongoClient with metadata {"driver": {"name": "mongo-java-driver|spring-boot|sync", "version": "5.6.4"}, "os": {"type": "Windows", "name": "Windows 11", "architecture": "amd64", "version": "10.0"}, "platform": "Java/Oracle Corporation/21.0.7+8-LTS-245"} created with settings MongoClientSettings{readPreference=primary, writeConcern=WriteConcern{w=majority, wTimeout=null ms, journal=null}, retryWrites=true, retryReads=true, readConcern=ReadConcern{level=null}, credential=MongoCredential{mechanism=null, userName='root', source='admin', password=<hidden>, mechanismProperties=<hidden>}, transportSettings=null, commandListeners=[], codecRegistry=ProvidersCodecRegistry{codecProviders=[ValueCodecProvider{}, BsonValueCodecProvider{}, DBRefCodecProvider{}, DBObjectCodecProvider{}, DocumentCodecProvider{}, CollectionCodecProvider{}, IterableCodecProvider{}, MapCodecProvider{}, GeoJsonCodecProvider{}, GridFSFileCodecProvider{}, Jsr310CodecProvider{}, JsonObjectCodecProvider{}, BsonCodecProvider{}, com.mongodb.client.model.mql.ExpressionCodecProvider@9a9aa68, com.mongodb.Jep395RecordCodecProvider@3a3883c4, com.mongodb.KotlinCodecProvider@1537e43, EnumCodecProvider{}]}, loggerSettings=LoggerSettings{maxDocumentLength=1000}, clusterSettings={hosts=[127.0.0.1:27017], srvHost=cluster0.en0pykp.mongodb.net, srvServiceName=mongodb, mode=MULTIPLE, requiredClusterType=REPLICA_SET, requiredReplicaSetName='atlas-zt48hn-shard-0', serverSelector='null', clusterListeners='[]', serverSelectionTimeout='30000 ms', localThreshold='15 ms'}, socketSettings=SocketSettings{connectTimeoutMS=10000, readTimeoutMS=0, receiveBufferSize=0, proxySettings=ProxySettings{host=null, port=null, username=null, password=null}}, heartbeatSocketSettings=SocketSettings{connectTimeoutMS=10000, readTimeoutMS=10000, receiveBufferSize=0, proxySettings=ProxySettings{host=null, port=null, username=null, password=null}}, connectionPoolSettings=ConnectionPoolSettings{maxSize=100, minSize=0, maxWaitTimeMS=120000, maxConnectionLifeTimeMS=0, maxConnectionIdleTimeMS=0, maintenanceInitialDelayMS=0, maintenanceFrequencyMS=60000, connectionPoolListeners=[], maxConnecting=2}, serverSettings=ServerSettings{heartbeatFrequencyMS=10000, minHeartbeatFrequencyMS=500, serverMonitoringMode=AUTO, serverListeners='[]', serverMonitorListeners='[]'}, sslSettings=SslSettings{enabled=true, invalidHostNameAllowed=false, context=null}, applicationName='null', compressorList=[], uuidRepresentation=UNSPECIFIED, serverApi=null, autoEncryptionSettings=null, dnsClient=null, inetAddressResolver=null, contextProvider=null, timeoutMS=null}
2026-03-25 12:55:17 [cluster-ClusterId{value='69c38dddbbde4c3e45b9a67f', description='null'}-srv-cluster0.en0pykp.mongodb.net] INFO  org.mongodb.driver.cluster - Adding discovered server ac-aoerbz6-shard-00-00.en0pykp.mongodb.net:27017 to client view of cluster
2026-03-25 12:55:17 [cluster-ClusterId{value='69c38dddbbde4c3e45b9a67f', description='null'}-srv-cluster0.en0pykp.mongodb.net] INFO  org.mongodb.driver.cluster - Adding discovered server ac-aoerbz6-shard-00-02.en0pykp.mongodb.net:27017 to client view of cluster
2026-03-25 12:55:17 [cluster-ClusterId{value='69c38dddbbde4c3e45b9a67f', description='null'}-ac-aoerbz6-shard-00-01.en0pykp.mongodb.net:27017] INFO  org.mongodb.driver.cluster - Exception in monitor thread while connecting to server ac-aoerbz6-shard-00-01.en0pykp.mongodb.net:27017
com.mongodb.MongoSocketWriteException: Exception sending message
	at com.mongodb.internal.connection.InternalStreamConnection.throwTranslatedWriteException(InternalStreamConnection.java:785)
	at com.mongodb.internal.connection.InternalStreamConnection.sendMessage(InternalStreamConnection.java:670)
	at com.mongodb.internal.connection.InternalStreamConnection.trySendMessage(InternalStreamConnection.java:507)
	at com.mongodb.internal.connection.InternalStreamConnection.sendCommandMessage(InternalStreamConnection.java:482)
	at com.mongodb.internal.connection.InternalStreamConnection.sendAndReceiveInternal(InternalStreamConnection.java:440)
	at com.mongodb.internal.connection.InternalStreamConnection.lambda$sendAndReceive$0(InternalStreamConnection.java:375)
	at com.mongodb.internal.connection.InternalStreamConnection.sendAndReceive(InternalStreamConnection.java:378)
	at com.mongodb.internal.connection.CommandHelper.sendAndReceive(CommandHelper.java:98)
	at com.mongodb.internal.connection.CommandHelper.executeCommand(CommandHelper.java:47)
	at com.mongodb.internal.connection.InternalStreamConnectionInitializer.initializeConnectionDescription(InternalStreamConnectionInitializer.java:144)
	at com.mongodb.internal.connection.InternalStreamConnectionInitializer.startHandshake(InternalStreamConnectionInitializer.java:78)
	at com.mongodb.internal.connection.InternalStreamConnection.open(InternalStreamConnection.java:235)
	at com.mongodb.internal.connection.DefaultServerMonitor$ServerMonitor.setupNewConnectionAndGetInitialDescription(DefaultServerMonitor.java:282)
	at com.mongodb.internal.connection.DefaultServerMonitor$ServerMonitor.lookupServerDescription(DefaultServerMonitor.java:253)
	at com.mongodb.internal.connection.DefaultServerMonitor$ServerMonitor.run(DefaultServerMonitor.java:203)
Caused by: javax.net.ssl.SSLException: Received fatal alert: internal_error
	at java.base/sun.security.ssl.Alert.createSSLException(Alert.java:132)
	at java.base/sun.security.ssl.Alert.createSSLException(Alert.java:117)
	at java.base/sun.security.ssl.TransportContext.fatal(TransportContext.java:370)
	at java.base/sun.security.ssl.Alert$AlertConsumer.consume(Alert.java:287)
	at java.base/sun.security.ssl.TransportContext.dispatch(TransportContext.java:209)
	at java.base/sun.security.ssl.SSLTransport.decode(SSLTransport.java:172)
	at java.base/sun.security.ssl.SSLSocketImpl.decode(SSLSocketImpl.java:1506)
	at java.base/sun.security.ssl.SSLSocketImpl.readHandshakeRecord(SSLSocketImpl.java:1421)
	at java.base/sun.security.ssl.SSLSocketImpl.startHandshake(SSLSocketImpl.java:455)
	at java.base/sun.security.ssl.SSLSocketImpl.ensureNegotiated(SSLSocketImpl.java:922)
	at java.base/sun.security.ssl.SSLSocketImpl$AppOutputStream.write(SSLSocketImpl.java:1291)
	at com.mongodb.internal.connection.SocketStream.write(SocketStream.java:165)
	at com.mongodb.internal.connection.InternalStreamConnection.sendMessage(InternalStreamConnection.java:667)
	... 13 common frames omitted
2026-03-25 12:55:17 [cluster-ClusterId{value='69c38dddbbde4c3e45b9a67f', description='null'}-ac-aoerbz6-shard-00-00.en0pykp.mongodb.net:27017] INFO  org.mongodb.driver.cluster - Exception in monitor thread while connecting to server ac-aoerbz6-shard-00-00.en0pykp.mongodb.net:27017
com.mongodb.MongoSocketWriteException: Exception sending message
	at com.mongodb.internal.connection.InternalStreamConnection.throwTranslatedWriteException(InternalStreamConnection.java:785)
	at com.mongodb.internal.connection.InternalStreamConnection.sendMessage(InternalStreamConnection.java:670)
	at com.mongodb.internal.connection.InternalStreamConnection.trySendMessage(InternalStreamConnection.java:507)
	at com.mongodb.internal.connection.InternalStreamConnection.sendCommandMessage(InternalStreamConnection.java:482)
	at com.mongodb.internal.connection.InternalStreamConnection.sendAndReceiveInternal(InternalStreamConnection.java:440)
	at com.mongodb.internal.connection.InternalStreamConnection.lambda$sendAndReceive$0(InternalStreamConnection.java:375)
	at com.mongodb.internal.connection.InternalStreamConnection.sendAndReceive(InternalStreamConnection.java:378)
	at com.mongodb.internal.connection.CommandHelper.sendAndReceive(CommandHelper.java:98)
	at com.mongodb.internal.connection.CommandHelper.executeCommand(CommandHelper.java:47)
	at com.mongodb.internal.connection.InternalStreamConnectionInitializer.initializeConnectionDescription(InternalStreamConnectionInitializer.java:144)
	at com.mongodb.internal.connection.InternalStreamConnectionInitializer.startHandshake(InternalStreamConnectionInitializer.java:78)
	at com.mongodb.internal.connection.InternalStreamConnection.open(InternalStreamConnection.java:235)
	at com.mongodb.internal.connection.DefaultServerMonitor$ServerMonitor.setupNewConnectionAndGetInitialDescription(DefaultServerMonitor.java:282)
	at com.mongodb.internal.connection.DefaultServerMonitor$ServerMonitor.lookupServerDescription(DefaultServerMonitor.java:253)
	at com.mongodb.internal.connection.DefaultServerMonitor$ServerMonitor.run(DefaultServerMonitor.java:203)
Caused by: javax.net.ssl.SSLException: Received fatal alert: internal_error
	at java.base/sun.security.ssl.Alert.createSSLException(Alert.java:132)
	at java.base/sun.security.ssl.Alert.createSSLException(Alert.java:117)
	at java.base/sun.security.ssl.TransportContext.fatal(TransportContext.java:370)
	at java.base/sun.security.ssl.Alert$AlertConsumer.consume(Alert.java:287)
	at java.base/sun.security.ssl.TransportContext.dispatch(TransportContext.java:209)
	at java.base/sun.security.ssl.SSLTransport.decode(SSLTransport.java:172)
	at java.base/sun.security.ssl.SSLSocketImpl.decode(SSLSocketImpl.java:1506)
	at java.base/sun.security.ssl.SSLSocketImpl.readHandshakeRecord(SSLSocketImpl.java:1421)
	at java.base/sun.security.ssl.SSLSocketImpl.startHandshake(SSLSocketImpl.java:455)
	at java.base/sun.security.ssl.SSLSocketImpl.ensureNegotiated(SSLSocketImpl.java:922)
	at java.base/sun.security.ssl.SSLSocketImpl$AppOutputStream.write(SSLSocketImpl.java:1291)
	at com.mongodb.internal.connection.SocketStream.write(SocketStream.java:165)
	at com.mongodb.internal.connection.InternalStreamConnection.sendMessage(InternalStreamConnection.java:667)
	... 13 common frames omitted
2026-03-25 12:55:17 [cluster-ClusterId{value='69c38dddbbde4c3e45b9a67f', description='null'}-ac-aoerbz6-shard-00-02.en0pykp.mongodb.net:27017] INFO  org.mongodb.driver.cluster - Monitor thread successfully connected to server with description ServerDescription{address=ac-aoerbz6-shard-00-02.en0pykp.mongodb.net:27017, type=REPLICA_SET_PRIMARY, cryptd=false, state=CONNECTED, ok=true, minWireVersion=0, maxWireVersion=25, maxDocumentSize=16777216, logicalSessionTimeoutMinutes=30, roundTripTimeNanos=210488400, minRoundTripTimeNanos=0, setName='atlas-zt48hn-shard-0', canonicalAddress=ac-aoerbz6-shard-00-02.en0pykp.mongodb.net:27017, hosts=[ac-aoerbz6-shard-00-01.en0pykp.mongodb.net:27017, ac-aoerbz6-shard-00-00.en0pykp.mongodb.net:27017, ac-aoerbz6-shard-00-02.en0pykp.mongodb.net:27017], passives=[], arbiters=[], primary='ac-aoerbz6-shard-00-02.en0pykp.mongodb.net:27017', tagSet=TagSet{[Tag{name='availabilityZone', value='aps1-az2'}, Tag{name='diskState', value='READY'}, Tag{name='nodeType', value='ELECTABLE'}, Tag{name='provider', value='AWS'}, Tag{name='region', value='AP_SOUTH_1'}, Tag{name='workloadType', value='OPERATIONAL'}]}, electionId=7fffffff0000000000000156, setVersion=391, topologyVersion=TopologyVersion{processId=69b859a89b4f2018f8b26ac6, counter=6}, lastWriteDate=Wed Mar 25 12:55:17 IST 2026, lastUpdateTimeNanos=158615498137900}
2026-03-25 12:55:17 [cluster-ClusterId{value='69c38dddbbde4c3e45b9a67f', description='null'}-ac-aoerbz6-shard-00-02.en0pykp.mongodb.net:27017] INFO  org.mongodb.driver.cluster - Discovered replica set primary ac-aoerbz6-shard-00-02.en0pykp.mongodb.net:27017 with max election id 7fffffff0000000000000156 and max set version 391
2026-03-25 12:55:18 [main] WARN  com.password4j.PropertyReader - bcrypt minor version is not defined. Default value is used (b). Please set property hash.bcrypt.minor in your psw4j.properties file.
2026-03-25 12:55:18 [main] WARN  com.password4j.PropertyReader - bcrypt rounds are not defined. Default value is used (10). Please set property hash.bcrypt.rounds in your psw4j.properties file.
2026-03-25 12:55:18 [main] INFO  org.springframework.security.config.annotation.authentication.configuration.InitializeUserDetailsBeanManagerConfigurer$InitializeUserDetailsManagerConfigurer - Global AuthenticationManager configured with UserDetailsService bean with name userDetailsImpl
2026-03-25 12:55:18 [main] INFO  org.apache.coyote.http11.Http11NioProtocol - Starting ProtocolHandler ["http-nio-8080"]
2026-03-25 12:55:18 [main] INFO  org.springframework.boot.tomcat.TomcatWebServer - Tomcat started on port 8080 (http) with context path '/'
2026-03-25 12:55:18 [main] INFO  com.example.BookingApplication.BookingApplication - Started BookingApplication in 2.781 seconds (process running for 3.252)
2026-03-25 12:55:25 [SpringApplicationShutdownHook] INFO  org.springframework.boot.tomcat.GracefulShutdown - Commencing graceful shutdown. Waiting for active requests to complete
2026-03-25 12:55:25 [tomcat-shutdown] INFO  org.springframework.boot.tomcat.GracefulShutdown - Graceful shutdown complete
2026-03-25 12:55:27 [main] INFO  com.example.BookingApplication.BookingApplication - Starting BookingApplication using Java 21.0.7 with PID 34192 (C:\Users\ADMIN\Downloads\BookingApplication\BookingApplication\target\classes started by ADMIN in C:\Users\ADMIN\Downloads\BookingApplication)
2026-03-25 12:55:27 [main] INFO  com.example.BookingApplication.BookingApplication - No active profile set, falling back to 1 default profile: "default"
2026-03-25 12:55:27 [main] INFO  org.springframework.data.repository.config.RepositoryConfigurationDelegate - Multiple Spring Data modules found, entering strict repository configuration mode
2026-03-25 12:55:27 [main] INFO  org.springframework.data.repository.config.RepositoryConfigurationDelegate - Bootstrapping Spring Data MongoDB repositories in DEFAULT mode.
2026-03-25 12:55:27 [main] INFO  org.springframework.data.repository.config.RepositoryConfigurationDelegate - Finished Spring Data repository scanning in 81 ms. Found 3 MongoDB repository interfaces.
2026-03-25 12:55:27 [main] INFO  org.springframework.data.repository.config.RepositoryConfigurationDelegate - Multiple Spring Data modules found, entering strict repository configuration mode
2026-03-25 12:55:27 [main] INFO  org.springframework.data.repository.config.RepositoryConfigurationDelegate - Bootstrapping Spring Data Redis repositories in DEFAULT mode.
2026-03-25 12:55:27 [main] INFO  org.springframework.data.repository.config.RepositoryConfigurationExtensionSupport - Spring Data Redis - Could not safely identify store assignment for repository candidate interface com.example.BookingApplication.Repositories.BookingsRepository; If you want this repository to be a Redis repository, consider annotating your entities with one of these annotations: org.springframework.data.redis.core.RedisHash (preferred), or consider extending one of the following types with your repository: org.springframework.data.keyvalue.repository.KeyValueRepository
2026-03-25 12:55:27 [main] INFO  org.springframework.data.repository.config.RepositoryConfigurationExtensionSupport - Spring Data Redis - Could not safely identify store assignment for repository candidate interface com.example.BookingApplication.Repositories.StudioRepository; If you want this repository to be a Redis repository, consider annotating your entities with one of these annotations: org.springframework.data.redis.core.RedisHash (preferred), or consider extending one of the following types with your repository: org.springframework.data.keyvalue.repository.KeyValueRepository
2026-03-25 12:55:27 [main] INFO  org.springframework.data.repository.config.RepositoryConfigurationExtensionSupport - Spring Data Redis - Could not safely identify store assignment for repository candidate interface com.example.BookingApplication.Repositories.UserRepository; If you want this repository to be a Redis repository, consider annotating your entities with one of these annotations: org.springframework.data.redis.core.RedisHash (preferred), or consider extending one of the following types with your repository: org.springframework.data.keyvalue.repository.KeyValueRepository
2026-03-25 12:55:27 [main] INFO  org.springframework.data.repository.config.RepositoryConfigurationDelegate - Finished Spring Data repository scanning in 5 ms. Found 0 Redis repository interfaces.
2026-03-25 12:55:28 [main] INFO  org.springframework.boot.tomcat.TomcatWebServer - Tomcat initialized with port 8080 (http)
2026-03-25 12:55:28 [main] INFO  org.apache.coyote.http11.Http11NioProtocol - Initializing ProtocolHandler ["http-nio-8080"]
2026-03-25 12:55:28 [main] INFO  org.apache.catalina.core.StandardService - Starting service [Tomcat]
2026-03-25 12:55:28 [main] INFO  org.apache.catalina.core.StandardEngine - Starting Servlet engine: [Apache Tomcat/11.0.18]
2026-03-25 12:55:28 [main] INFO  org.springframework.boot.web.context.servlet.WebApplicationContextInitializer - Root WebApplicationContext: initialization completed in 1002 ms
2026-03-25 12:55:28 [main] INFO  org.mongodb.driver.client - MongoClient with metadata {"driver": {"name": "mongo-java-driver|spring-boot|sync", "version": "5.6.4"}, "os": {"type": "Windows", "name": "Windows 11", "architecture": "amd64", "version": "10.0"}, "platform": "Java/Oracle Corporation/21.0.7+8-LTS-245"} created with settings MongoClientSettings{readPreference=primary, writeConcern=WriteConcern{w=majority, wTimeout=null ms, journal=null}, retryWrites=true, retryReads=true, readConcern=ReadConcern{level=null}, credential=MongoCredential{mechanism=null, userName='root', source='admin', password=<hidden>, mechanismProperties=<hidden>}, transportSettings=null, commandListeners=[], codecRegistry=ProvidersCodecRegistry{codecProviders=[ValueCodecProvider{}, BsonValueCodecProvider{}, DBRefCodecProvider{}, DBObjectCodecProvider{}, DocumentCodecProvider{}, CollectionCodecProvider{}, IterableCodecProvider{}, MapCodecProvider{}, GeoJsonCodecProvider{}, GridFSFileCodecProvider{}, Jsr310CodecProvider{}, JsonObjectCodecProvider{}, BsonCodecProvider{}, com.mongodb.client.model.mql.ExpressionCodecProvider@9a9aa68, com.mongodb.Jep395RecordCodecProvider@3a3883c4, com.mongodb.KotlinCodecProvider@1537e43, EnumCodecProvider{}]}, loggerSettings=LoggerSettings{maxDocumentLength=1000}, clusterSettings={hosts=[127.0.0.1:27017], srvHost=cluster0.en0pykp.mongodb.net, srvServiceName=mongodb, mode=MULTIPLE, requiredClusterType=REPLICA_SET, requiredReplicaSetName='atlas-zt48hn-shard-0', serverSelector='null', clusterListeners='[]', serverSelectionTimeout='30000 ms', localThreshold='15 ms'}, socketSettings=SocketSettings{connectTimeoutMS=10000, readTimeoutMS=0, receiveBufferSize=0, proxySettings=ProxySettings{host=null, port=null, username=null, password=null}}, heartbeatSocketSettings=SocketSettings{connectTimeoutMS=10000, readTimeoutMS=10000, receiveBufferSize=0, proxySettings=ProxySettings{host=null, port=null, username=null, password=null}}, connectionPoolSettings=ConnectionPoolSettings{maxSize=100, minSize=0, maxWaitTimeMS=120000, maxConnectionLifeTimeMS=0, maxConnectionIdleTimeMS=0, maintenanceInitialDelayMS=0, maintenanceFrequencyMS=60000, connectionPoolListeners=[], maxConnecting=2}, serverSettings=ServerSettings{heartbeatFrequencyMS=10000, minHeartbeatFrequencyMS=500, serverMonitoringMode=AUTO, serverListeners='[]', serverMonitorListeners='[]'}, sslSettings=SslSettings{enabled=true, invalidHostNameAllowed=false, context=null}, applicationName='null', compressorList=[], uuidRepresentation=UNSPECIFIED, serverApi=null, autoEncryptionSettings=null, dnsClient=null, inetAddressResolver=null, contextProvider=null, timeoutMS=null}
2026-03-25 12:55:28 [cluster-ClusterId{value='69c38de8d8eaae2208e46d0b', description='null'}-srv-cluster0.en0pykp.mongodb.net] INFO  org.mongodb.driver.cluster - Adding discovered server ac-aoerbz6-shard-00-01.en0pykp.mongodb.net:27017 to client view of cluster
2026-03-25 12:55:28 [cluster-ClusterId{value='69c38de8d8eaae2208e46d0b', description='null'}-srv-cluster0.en0pykp.mongodb.net] INFO  org.mongodb.driver.cluster - Adding discovered server ac-aoerbz6-shard-00-00.en0pykp.mongodb.net:27017 to client view of cluster
2026-03-25 12:55:28 [cluster-ClusterId{value='69c38de8d8eaae2208e46d0b', description='null'}-srv-cluster0.en0pykp.mongodb.net] INFO  org.mongodb.driver.cluster - Adding discovered server ac-aoerbz6-shard-00-02.en0pykp.mongodb.net:27017 to client view of cluster
2026-03-25 12:55:28 [cluster-ClusterId{value='69c38de8d8eaae2208e46d0b', description='null'}-ac-aoerbz6-shard-00-00.en0pykp.mongodb.net:27017] INFO  org.mongodb.driver.cluster - Monitor thread successfully connected to server with description ServerDescription{address=ac-aoerbz6-shard-00-00.en0pykp.mongodb.net:27017, type=REPLICA_SET_SECONDARY, cryptd=false, state=CONNECTED, ok=true, minWireVersion=0, maxWireVersion=25, maxDocumentSize=16777216, logicalSessionTimeoutMinutes=30, roundTripTimeNanos=225430400, minRoundTripTimeNanos=0, setName='atlas-zt48hn-shard-0', canonicalAddress=ac-aoerbz6-shard-00-00.en0pykp.mongodb.net:27017, hosts=[ac-aoerbz6-shard-00-01.en0pykp.mongodb.net:27017, ac-aoerbz6-shard-00-00.en0pykp.mongodb.net:27017, ac-aoerbz6-shard-00-02.en0pykp.mongodb.net:27017], passives=[], arbiters=[], primary='ac-aoerbz6-shard-00-02.en0pykp.mongodb.net:27017', tagSet=TagSet{[Tag{name='availabilityZone', value='aps1-az1'}, Tag{name='diskState', value='READY'}, Tag{name='nodeType', value='ELECTABLE'}, Tag{name='provider', value='AWS'}, Tag{name='region', value='AP_SOUTH_1'}, Tag{name='workloadType', value='OPERATIONAL'}]}, electionId=null, setVersion=391, topologyVersion=TopologyVersion{processId=69b855abb14686967b76fdd6, counter=4}, lastWriteDate=Wed Mar 25 12:55:28 IST 2026, lastUpdateTimeNanos=158626445293700}
2026-03-25 12:55:28 [cluster-ClusterId{value='69c38de8d8eaae2208e46d0b', description='null'}-ac-aoerbz6-shard-00-02.en0pykp.mongodb.net:27017] INFO  org.mongodb.driver.cluster - Monitor thread successfully connected to server with description ServerDescription{address=ac-aoerbz6-shard-00-02.en0pykp.mongodb.net:27017, type=REPLICA_SET_PRIMARY, cryptd=false, state=CONNECTED, ok=true, minWireVersion=0, maxWireVersion=25, maxDocumentSize=16777216, logicalSessionTimeoutMinutes=30, roundTripTimeNanos=227121700, minRoundTripTimeNanos=0, setName='atlas-zt48hn-shard-0', canonicalAddress=ac-aoerbz6-shard-00-02.en0pykp.mongodb.net:27017, hosts=[ac-aoerbz6-shard-00-01.en0pykp.mongodb.net:27017, ac-aoerbz6-shard-00-00.en0pykp.mongodb.net:27017, ac-aoerbz6-shard-00-02.en0pykp.mongodb.net:27017], passives=[], arbiters=[], primary='ac-aoerbz6-shard-00-02.en0pykp.mongodb.net:27017', tagSet=TagSet{[Tag{name='availabilityZone', value='aps1-az2'}, Tag{name='diskState', value='READY'}, Tag{name='nodeType', value='ELECTABLE'}, Tag{name='provider', value='AWS'}, Tag{name='region', value='AP_SOUTH_1'}, Tag{name='workloadType', value='OPERATIONAL'}]}, electionId=7fffffff0000000000000156, setVersion=391, topologyVersion=TopologyVersion{processId=69b859a89b4f2018f8b26ac6, counter=6}, lastWriteDate=Wed Mar 25 12:55:28 IST 2026, lastUpdateTimeNanos=158626445293700}
2026-03-25 12:55:28 [cluster-ClusterId{value='69c38de8d8eaae2208e46d0b', description='null'}-ac-aoerbz6-shard-00-01.en0pykp.mongodb.net:27017] INFO  org.mongodb.driver.cluster - Monitor thread successfully connected to server with description ServerDescription{address=ac-aoerbz6-shard-00-01.en0pykp.mongodb.net:27017, type=REPLICA_SET_SECONDARY, cryptd=false, state=CONNECTED, ok=true, minWireVersion=0, maxWireVersion=25, maxDocumentSize=16777216, logicalSessionTimeoutMinutes=30, roundTripTimeNanos=228767500, minRoundTripTimeNanos=0, setName='atlas-zt48hn-shard-0', canonicalAddress=ac-aoerbz6-shard-00-01.en0pykp.mongodb.net:27017, hosts=[ac-aoerbz6-shard-00-01.en0pykp.mongodb.net:27017, ac-aoerbz6-shard-00-00.en0pykp.mongodb.net:27017, ac-aoerbz6-shard-00-02.en0pykp.mongodb.net:27017], passives=[], arbiters=[], primary='ac-aoerbz6-shard-00-02.en0pykp.mongodb.net:27017', tagSet=TagSet{[Tag{name='availabilityZone', value='aps1-az3'}, Tag{name='diskState', value='READY'}, Tag{name='nodeType', value='ELECTABLE'}, Tag{name='provider', value='AWS'}, Tag{name='region', value='AP_SOUTH_1'}, Tag{name='workloadType', value='OPERATIONAL'}]}, electionId=null, setVersion=391, topologyVersion=TopologyVersion{processId=69b85ccb4b84e800f9f6512d, counter=3}, lastWriteDate=Wed Mar 25 12:55:28 IST 2026, lastUpdateTimeNanos=158626445293700}
2026-03-25 12:55:28 [cluster-ClusterId{value='69c38de8d8eaae2208e46d0b', description='null'}-ac-aoerbz6-shard-00-02.en0pykp.mongodb.net:27017] INFO  org.mongodb.driver.cluster - Discovered replica set primary ac-aoerbz6-shard-00-02.en0pykp.mongodb.net:27017 with max election id 7fffffff0000000000000156 and max set version 391
2026-03-25 12:55:28 [main] WARN  com.password4j.PropertyReader - bcrypt minor version is not defined. Default value is used (b). Please set property hash.bcrypt.minor in your psw4j.properties file.
2026-03-25 12:55:28 [main] WARN  com.password4j.PropertyReader - bcrypt rounds are not defined. Default value is used (10). Please set property hash.bcrypt.rounds in your psw4j.properties file.
2026-03-25 12:55:28 [main] INFO  org.springframework.security.config.annotation.authentication.configuration.InitializeUserDetailsBeanManagerConfigurer$InitializeUserDetailsManagerConfigurer - Global AuthenticationManager configured with UserDetailsService bean with name userDetailsImpl
2026-03-25 12:55:29 [main] INFO  org.apache.coyote.http11.Http11NioProtocol - Starting ProtocolHandler ["http-nio-8080"]
2026-03-25 12:55:29 [main] INFO  org.springframework.boot.tomcat.TomcatWebServer - Tomcat started on port 8080 (http) with context path '/'
2026-03-25 12:55:29 [main] INFO  com.example.BookingApplication.BookingApplication - Started BookingApplication in 2.581 seconds (process running for 3.058)
2026-03-25 12:57:08 [http-nio-8080-exec-1] INFO  org.apache.catalina.core.ContainerBase.[Tomcat].[localhost].[/] - Initializing Spring DispatcherServlet 'dispatcherServlet'
2026-03-25 12:57:08 [http-nio-8080-exec-1] INFO  org.springframework.web.servlet.DispatcherServlet - Initializing Servlet 'dispatcherServlet'
2026-03-25 12:57:08 [http-nio-8080-exec-1] INFO  org.springframework.web.servlet.DispatcherServlet - Completed initialization in 1 ms
2026-03-25 12:57:08 [http-nio-8080-exec-1] WARN  org.springframework.web.servlet.handler.HandlerMappingIntrospector - Cache miss for REQUEST dispatch to '/Booking/new' (previous null). Performing CorsConfiguration lookup. This is logged once only at WARN level, and every time at TRACE.
2026-03-25 12:57:08 [http-nio-8080-exec-2] ERROR org.apache.catalina.core.ContainerBase.[Tomcat].[localhost].[/].[dispatcherServlet] - Servlet.service() for servlet [dispatcherServlet] in context with path [] threw exception
io.jsonwebtoken.ExpiredJwtException: JWT expired 62857563 milliseconds ago at 2026-03-24T13:59:31.000Z. Current time: 2026-03-25T07:27:08.563Z. Allowed clock skew: 0 milliseconds.
	at io.jsonwebtoken.impl.DefaultJwtParser.parse(DefaultJwtParser.java:688)
	at io.jsonwebtoken.impl.DefaultJwtParser.parse(DefaultJwtParser.java:364)
	at io.jsonwebtoken.impl.DefaultJwtParser.parse(DefaultJwtParser.java:94)
	at io.jsonwebtoken.impl.io.AbstractParser.parse(AbstractParser.java:36)
	at io.jsonwebtoken.impl.io.AbstractParser.parse(AbstractParser.java:29)
	at io.jsonwebtoken.impl.DefaultJwtParser.parseSignedClaims(DefaultJwtParser.java:827)
	at com.example.BookingApplication.JwtUtil.Jwtutil.Extractallclaims(Jwtutil.java:49)
	at com.example.BookingApplication.JwtUtil.Jwtutil.Extractusername(Jwtutil.java:53)
	at com.example.BookingApplication.Filter.Filterjwt.doFilterInternal(Filterjwt.java:38)
	at org.springframework.web.filter.OncePerRequestFilter.doFilter(OncePerRequestFilter.java:116)
	at org.springframework.security.web.FilterChainProxy$VirtualFilterChain.doFilter(FilterChainProxy.java:380)
	at org.springframework.security.web.authentication.logout.LogoutFilter.doFilter(LogoutFilter.java:110)
	at org.springframework.security.web.authentication.logout.LogoutFilter.doFilter(LogoutFilter.java:96)
	at org.springframework.security.web.FilterChainProxy$VirtualFilterChain.doFilter(FilterChainProxy.java:380)
	at org.springframework.web.filter.CorsFilter.doFilterInternal(CorsFilter.java:91)
	at org.springframework.web.filter.OncePerRequestFilter.doFilter(OncePerRequestFilter.java:116)
	at org.springframework.security.web.FilterChainProxy$VirtualFilterChain.doFilter(FilterChainProxy.java:380)
	at org.springframework.security.web.header.HeaderWriterFilter.doHeadersAfter(HeaderWriterFilter.java:90)
	at org.springframework.security.web.header.HeaderWriterFilter.doFilterInternal(HeaderWriterFilter.java:75)
	at org.springframework.web.filter.OncePerRequestFilter.doFilter(OncePerRequestFilter.java:116)
	at org.springframework.security.web.FilterChainProxy$VirtualFilterChain.doFilter(FilterChainProxy.java:380)
	at org.springframework.security.web.context.SecurityContextHolderFilter.doFilter(SecurityContextHolderFilter.java:82)
	at org.springframework.security.web.context.SecurityContextHolderFilter.doFilter(SecurityContextHolderFilter.java:69)
	at org.springframework.security.web.FilterChainProxy$VirtualFilterChain.doFilter(FilterChainProxy.java:380)
	at org.springframework.security.web.context.request.async.WebAsyncManagerIntegrationFilter.doFilterInternal(WebAsyncManagerIntegrationFilter.java:62)
	at org.springframework.web.filter.OncePerRequestFilter.doFilter(OncePerRequestFilter.java:116)
	at org.springframework.security.web.FilterChainProxy$VirtualFilterChain.doFilter(FilterChainProxy.java:380)
	at org.springframework.security.web.session.DisableEncodeUrlFilter.doFilterInternal(DisableEncodeUrlFilter.java:42)
	at org.springframework.web.filter.OncePerRequestFilter.doFilter(OncePerRequestFilter.java:116)
	at org.springframework.security.web.FilterChainProxy$VirtualFilterChain.doFilter(FilterChainProxy.java:380)
	at org.springframework.security.web.FilterChainProxy.doFilterInternal(FilterChainProxy.java:237)
	at org.springframework.security.web.FilterChainProxy.doFilter(FilterChainProxy.java:195)
	at org.springframework.web.filter.CompositeFilter$VirtualFilterChain.doFilter(CompositeFilter.java:113)
	at org.springframework.web.filter.ServletRequestPathFilter.doFilter(ServletRequestPathFilter.java:52)
	at org.springframework.web.filter.CompositeFilter$VirtualFilterChain.doFilter(CompositeFilter.java:113)
	at org.springframework.web.filter.CompositeFilter.doFilter(CompositeFilter.java:74)
	at org.springframework.security.config.annotation.web.configuration.WebSecurityConfiguration$CompositeFilterChainProxy.doFilter(WebSecurityConfiguration.java:317)
	at org.springframework.web.filter.DelegatingFilterProxy.invokeDelegate(DelegatingFilterProxy.java:355)
	at org.springframework.web.filter.DelegatingFilterProxy.doFilter(DelegatingFilterProxy.java:272)
	at org.apache.catalina.core.ApplicationFilterChain.doFilter(ApplicationFilterChain.java:107)
	at org.springframework.web.filter.RequestContextFilter.doFilterInternal(RequestContextFilter.java:100)
	at org.springframework.web.filter.OncePerRequestFilter.doFilter(OncePerRequestFilter.java:116)
	at org.apache.catalina.core.ApplicationFilterChain.doFilter(ApplicationFilterChain.java:107)
	at org.springframework.web.filter.FormContentFilter.doFilterInternal(FormContentFilter.java:93)
	at org.springframework.web.filter.OncePerRequestFilter.doFilter(OncePerRequestFilter.java:116)
	at org.apache.catalina.core.ApplicationFilterChain.doFilter(ApplicationFilterChain.java:107)
	at org.springframework.web.filter.CharacterEncodingFilter.doFilterInternal(CharacterEncodingFilter.java:199)
	at org.springframework.web.filter.OncePerRequestFilter.doFilter(OncePerRequestFilter.java:116)
	at org.apache.catalina.core.ApplicationFilterChain.doFilter(ApplicationFilterChain.java:107)
	at org.apache.catalina.core.StandardWrapperValve.invoke(StandardWrapperValve.java:165)
	at org.apache.catalina.core.StandardContextValve.invoke(StandardContextValve.java:77)
	at org.apache.catalina.authenticator.AuthenticatorBase.invoke(AuthenticatorBase.java:492)
	at org.apache.catalina.core.StandardHostValve.invoke(StandardHostValve.java:113)
	at org.apache.catalina.valves.ErrorReportValve.invoke(ErrorReportValve.java:83)
	at org.apache.catalina.core.StandardEngineValve.invoke(StandardEngineValve.java:72)
	at org.apache.catalina.connector.CoyoteAdapter.service(CoyoteAdapter.java:341)
	at org.apache.coyote.http11.Http11Processor.service(Http11Processor.java:397)
	at org.apache.coyote.AbstractProcessorLight.process(AbstractProcessorLight.java:63)
	at org.apache.coyote.AbstractProtocol$ConnectionHandler.process(AbstractProtocol.java:903)
	at org.apache.tomcat.util.net.NioEndpoint$SocketProcessor.doRun(NioEndpoint.java:1779)
	at org.apache.tomcat.util.net.SocketProcessorBase.run(SocketProcessorBase.java:52)
	at org.apache.tomcat.util.threads.ThreadPoolExecutor.runWorker(ThreadPoolExecutor.java:946)
	at org.apache.tomcat.util.threads.ThreadPoolExecutor$Worker.run(ThreadPoolExecutor.java:480)
	at org.apache.tomcat.util.threads.TaskThread$WrappingRunnable.run(TaskThread.java:57)
	at java.base/java.lang.Thread.run(Thread.java:1583)
2026-03-25 12:57:20 [SpringApplicationShutdownHook] INFO  org.springframework.boot.tomcat.GracefulShutdown - Commencing graceful shutdown. Waiting for active requests to complete
2026-03-25 12:57:20 [tomcat-shutdown] INFO  org.springframework.boot.tomcat.GracefulShutdown - Graceful shutdown complete
2026-03-25 12:57:22 [main] INFO  com.example.BookingApplication.BookingApplication - Starting BookingApplication using Java 21.0.7 with PID 27784 (C:\Users\ADMIN\Downloads\BookingApplication\BookingApplication\target\classes started by ADMIN in C:\Users\ADMIN\Downloads\BookingApplication)
2026-03-25 12:57:22 [main] INFO  com.example.BookingApplication.BookingApplication - No active profile set, falling back to 1 default profile: "default"
2026-03-25 12:57:22 [main] INFO  org.springframework.data.repository.config.RepositoryConfigurationDelegate - Multiple Spring Data modules found, entering strict repository configuration mode
2026-03-25 12:57:22 [main] INFO  org.springframework.data.repository.config.RepositoryConfigurationDelegate - Bootstrapping Spring Data MongoDB repositories in DEFAULT mode.
2026-03-25 12:57:22 [main] INFO  org.springframework.data.repository.config.RepositoryConfigurationDelegate - Finished Spring Data repository scanning in 76 ms. Found 3 MongoDB repository interfaces.
2026-03-25 12:57:22 [main] INFO  org.springframework.data.repository.config.RepositoryConfigurationDelegate - Multiple Spring Data modules found, entering strict repository configuration mode
2026-03-25 12:57:22 [main] INFO  org.springframework.data.repository.config.RepositoryConfigurationDelegate - Bootstrapping Spring Data Redis repositories in DEFAULT mode.
2026-03-25 12:57:22 [main] INFO  org.springframework.data.repository.config.RepositoryConfigurationExtensionSupport - Spring Data Redis - Could not safely identify store assignment for repository candidate interface com.example.BookingApplication.Repositories.BookingsRepository; If you want this repository to be a Redis repository, consider annotating your entities with one of these annotations: org.springframework.data.redis.core.RedisHash (preferred), or consider extending one of the following types with your repository: org.springframework.data.keyvalue.repository.KeyValueRepository
2026-03-25 12:57:22 [main] INFO  org.springframework.data.repository.config.RepositoryConfigurationExtensionSupport - Spring Data Redis - Could not safely identify store assignment for repository candidate interface com.example.BookingApplication.Repositories.StudioRepository; If you want this repository to be a Redis repository, consider annotating your entities with one of these annotations: org.springframework.data.redis.core.RedisHash (preferred), or consider extending one of the following types with your repository: org.springframework.data.keyvalue.repository.KeyValueRepository
2026-03-25 12:57:22 [main] INFO  org.springframework.data.repository.config.RepositoryConfigurationExtensionSupport - Spring Data Redis - Could not safely identify store assignment for repository candidate interface com.example.BookingApplication.Repositories.UserRepository; If you want this repository to be a Redis repository, consider annotating your entities with one of these annotations: org.springframework.data.redis.core.RedisHash (preferred), or consider extending one of the following types with your repository: org.springframework.data.keyvalue.repository.KeyValueRepository
2026-03-25 12:57:22 [main] INFO  org.springframework.data.repository.config.RepositoryConfigurationDelegate - Finished Spring Data repository scanning in 5 ms. Found 0 Redis repository interfaces.
2026-03-25 12:57:23 [main] INFO  org.springframework.boot.tomcat.TomcatWebServer - Tomcat initialized with port 8080 (http)
2026-03-25 12:57:23 [main] INFO  org.apache.coyote.http11.Http11NioProtocol - Initializing ProtocolHandler ["http-nio-8080"]
2026-03-25 12:57:23 [main] INFO  org.apache.catalina.core.StandardService - Starting service [Tomcat]
2026-03-25 12:57:23 [main] INFO  org.apache.catalina.core.StandardEngine - Starting Servlet engine: [Apache Tomcat/11.0.18]
2026-03-25 12:57:23 [main] INFO  org.springframework.boot.web.context.servlet.WebApplicationContextInitializer - Root WebApplicationContext: initialization completed in 991 ms
2026-03-25 12:57:23 [main] INFO  org.mongodb.driver.client - MongoClient with metadata {"driver": {"name": "mongo-java-driver|spring-boot|sync", "version": "5.6.4"}, "os": {"type": "Windows", "name": "Windows 11", "architecture": "amd64", "version": "10.0"}, "platform": "Java/Oracle Corporation/21.0.7+8-LTS-245"} created with settings MongoClientSettings{readPreference=primary, writeConcern=WriteConcern{w=majority, wTimeout=null ms, journal=null}, retryWrites=true, retryReads=true, readConcern=ReadConcern{level=null}, credential=MongoCredential{mechanism=null, userName='root', source='admin', password=<hidden>, mechanismProperties=<hidden>}, transportSettings=null, commandListeners=[], codecRegistry=ProvidersCodecRegistry{codecProviders=[ValueCodecProvider{}, BsonValueCodecProvider{}, DBRefCodecProvider{}, DBObjectCodecProvider{}, DocumentCodecProvider{}, CollectionCodecProvider{}, IterableCodecProvider{}, MapCodecProvider{}, GeoJsonCodecProvider{}, GridFSFileCodecProvider{}, Jsr310CodecProvider{}, JsonObjectCodecProvider{}, BsonCodecProvider{}, com.mongodb.client.model.mql.ExpressionCodecProvider@9a9aa68, com.mongodb.Jep395RecordCodecProvider@3a3883c4, com.mongodb.KotlinCodecProvider@1537e43, EnumCodecProvider{}]}, loggerSettings=LoggerSettings{maxDocumentLength=1000}, clusterSettings={hosts=[127.0.0.1:27017], srvHost=cluster0.en0pykp.mongodb.net, srvServiceName=mongodb, mode=MULTIPLE, requiredClusterType=REPLICA_SET, requiredReplicaSetName='atlas-zt48hn-shard-0', serverSelector='null', clusterListeners='[]', serverSelectionTimeout='30000 ms', localThreshold='15 ms'}, socketSettings=SocketSettings{connectTimeoutMS=10000, readTimeoutMS=0, receiveBufferSize=0, proxySettings=ProxySettings{host=null, port=null, username=null, password=null}}, heartbeatSocketSettings=SocketSettings{connectTimeoutMS=10000, readTimeoutMS=10000, receiveBufferSize=0, proxySettings=ProxySettings{host=null, port=null, username=null, password=null}}, connectionPoolSettings=ConnectionPoolSettings{maxSize=100, minSize=0, maxWaitTimeMS=120000, maxConnectionLifeTimeMS=0, maxConnectionIdleTimeMS=0, maintenanceInitialDelayMS=0, maintenanceFrequencyMS=60000, connectionPoolListeners=[], maxConnecting=2}, serverSettings=ServerSettings{heartbeatFrequencyMS=10000, minHeartbeatFrequencyMS=500, serverMonitoringMode=AUTO, serverListeners='[]', serverMonitorListeners='[]'}, sslSettings=SslSettings{enabled=true, invalidHostNameAllowed=false, context=null}, applicationName='null', compressorList=[], uuidRepresentation=UNSPECIFIED, serverApi=null, autoEncryptionSettings=null, dnsClient=null, inetAddressResolver=null, contextProvider=null, timeoutMS=null}
2026-03-25 12:57:23 [cluster-ClusterId{value='69c38e5b2e0beb088bfd4285', description='null'}-srv-cluster0.en0pykp.mongodb.net] INFO  org.mongodb.driver.cluster - Adding discovered server ac-aoerbz6-shard-00-01.en0pykp.mongodb.net:27017 to client view of cluster
2026-03-25 12:57:23 [cluster-ClusterId{value='69c38e5b2e0beb088bfd4285', description='null'}-srv-cluster0.en0pykp.mongodb.net] INFO  org.mongodb.driver.cluster - Adding discovered server ac-aoerbz6-shard-00-00.en0pykp.mongodb.net:27017 to client view of cluster
2026-03-25 12:57:23 [cluster-ClusterId{value='69c38e5b2e0beb088bfd4285', description='null'}-srv-cluster0.en0pykp.mongodb.net] INFO  org.mongodb.driver.cluster - Adding discovered server ac-aoerbz6-shard-00-02.en0pykp.mongodb.net:27017 to client view of cluster
2026-03-25 12:57:23 [cluster-ClusterId{value='69c38e5b2e0beb088bfd4285', description='null'}-ac-aoerbz6-shard-00-00.en0pykp.mongodb.net:27017] INFO  org.mongodb.driver.cluster - Monitor thread successfully connected to server with description ServerDescription{address=ac-aoerbz6-shard-00-00.en0pykp.mongodb.net:27017, type=REPLICA_SET_SECONDARY, cryptd=false, state=CONNECTED, ok=true, minWireVersion=0, maxWireVersion=25, maxDocumentSize=16777216, logicalSessionTimeoutMinutes=30, roundTripTimeNanos=231740300, minRoundTripTimeNanos=0, setName='atlas-zt48hn-shard-0', canonicalAddress=ac-aoerbz6-shard-00-00.en0pykp.mongodb.net:27017, hosts=[ac-aoerbz6-shard-00-01.en0pykp.mongodb.net:27017, ac-aoerbz6-shard-00-00.en0pykp.mongodb.net:27017, ac-aoerbz6-shard-00-02.en0pykp.mongodb.net:27017], passives=[], arbiters=[], primary='ac-aoerbz6-shard-00-02.en0pykp.mongodb.net:27017', tagSet=TagSet{[Tag{name='availabilityZone', value='aps1-az1'}, Tag{name='diskState', value='READY'}, Tag{name='nodeType', value='ELECTABLE'}, Tag{name='provider', value='AWS'}, Tag{name='region', value='AP_SOUTH_1'}, Tag{name='workloadType', value='OPERATIONAL'}]}, electionId=null, setVersion=391, topologyVersion=TopologyVersion{processId=69b855abb14686967b76fdd6, counter=4}, lastWriteDate=Wed Mar 25 12:57:23 IST 2026, lastUpdateTimeNanos=158741344519700}
2026-03-25 12:57:23 [cluster-ClusterId{value='69c38e5b2e0beb088bfd4285', description='null'}-ac-aoerbz6-shard-00-01.en0pykp.mongodb.net:27017] INFO  org.mongodb.driver.cluster - Monitor thread successfully connected to server with description ServerDescription{address=ac-aoerbz6-shard-00-01.en0pykp.mongodb.net:27017, type=REPLICA_SET_SECONDARY, cryptd=false, state=CONNECTED, ok=true, minWireVersion=0, maxWireVersion=25, maxDocumentSize=16777216, logicalSessionTimeoutMinutes=30, roundTripTimeNanos=239244700, minRoundTripTimeNanos=0, setName='atlas-zt48hn-shard-0', canonicalAddress=ac-aoerbz6-shard-00-01.en0pykp.mongodb.net:27017, hosts=[ac-aoerbz6-shard-00-01.en0pykp.mongodb.net:27017, ac-aoerbz6-shard-00-00.en0pykp.mongodb.net:27017, ac-aoerbz6-shard-00-02.en0pykp.mongodb.net:27017], passives=[], arbiters=[], primary='ac-aoerbz6-shard-00-02.en0pykp.mongodb.net:27017', tagSet=TagSet{[Tag{name='availabilityZone', value='aps1-az3'}, Tag{name='diskState', value='READY'}, Tag{name='nodeType', value='ELECTABLE'}, Tag{name='provider', value='AWS'}, Tag{name='region', value='AP_SOUTH_1'}, Tag{name='workloadType', value='OPERATIONAL'}]}, electionId=null, setVersion=391, topologyVersion=TopologyVersion{processId=69b85ccb4b84e800f9f6512d, counter=3}, lastWriteDate=Wed Mar 25 12:57:23 IST 2026, lastUpdateTimeNanos=158741344519800}
2026-03-25 12:57:23 [cluster-ClusterId{value='69c38e5b2e0beb088bfd4285', description='null'}-ac-aoerbz6-shard-00-02.en0pykp.mongodb.net:27017] INFO  org.mongodb.driver.cluster - Monitor thread successfully connected to server with description ServerDescription{address=ac-aoerbz6-shard-00-02.en0pykp.mongodb.net:27017, type=REPLICA_SET_PRIMARY, cryptd=false, state=CONNECTED, ok=true, minWireVersion=0, maxWireVersion=25, maxDocumentSize=16777216, logicalSessionTimeoutMinutes=30, roundTripTimeNanos=239580400, minRoundTripTimeNanos=0, setName='atlas-zt48hn-shard-0', canonicalAddress=ac-aoerbz6-shard-00-02.en0pykp.mongodb.net:27017, hosts=[ac-aoerbz6-shard-00-01.en0pykp.mongodb.net:27017, ac-aoerbz6-shard-00-00.en0pykp.mongodb.net:27017, ac-aoerbz6-shard-00-02.en0pykp.mongodb.net:27017], passives=[], arbiters=[], primary='ac-aoerbz6-shard-00-02.en0pykp.mongodb.net:27017', tagSet=TagSet{[Tag{name='availabilityZone', value='aps1-az2'}, Tag{name='diskState', value='READY'}, Tag{name='nodeType', value='ELECTABLE'}, Tag{name='provider', value='AWS'}, Tag{name='region', value='AP_SOUTH_1'}, Tag{name='workloadType', value='OPERATIONAL'}]}, electionId=7fffffff0000000000000156, setVersion=391, topologyVersion=TopologyVersion{processId=69b859a89b4f2018f8b26ac6, counter=6}, lastWriteDate=Wed Mar 25 12:57:23 IST 2026, lastUpdateTimeNanos=158741344519700}
2026-03-25 12:57:23 [cluster-ClusterId{value='69c38e5b2e0beb088bfd4285', description='null'}-ac-aoerbz6-shard-00-02.en0pykp.mongodb.net:27017] INFO  org.mongodb.driver.cluster - Discovered replica set primary ac-aoerbz6-shard-00-02.en0pykp.mongodb.net:27017 with max election id 7fffffff0000000000000156 and max set version 391
2026-03-25 12:57:23 [main] WARN  com.password4j.PropertyReader - bcrypt minor version is not defined. Default value is used (b). Please set property hash.bcrypt.minor in your psw4j.properties file.
2026-03-25 12:57:23 [main] WARN  com.password4j.PropertyReader - bcrypt rounds are not defined. Default value is used (10). Please set property hash.bcrypt.rounds in your psw4j.properties file.
2026-03-25 12:57:23 [main] INFO  org.springframework.security.config.annotation.authentication.configuration.InitializeUserDetailsBeanManagerConfigurer$InitializeUserDetailsManagerConfigurer - Global AuthenticationManager configured with UserDetailsService bean with name userDetailsImpl
2026-03-25 12:57:24 [main] INFO  org.apache.coyote.http11.Http11NioProtocol - Starting ProtocolHandler ["http-nio-8080"]
2026-03-25 12:57:24 [main] INFO  org.springframework.boot.tomcat.TomcatWebServer - Tomcat started on port 8080 (http) with context path '/'
2026-03-25 12:57:24 [main] INFO  com.example.BookingApplication.BookingApplication - Started BookingApplication in 2.594 seconds (process running for 3.088)
2026-03-25 12:57:26 [http-nio-8080-exec-3] INFO  org.apache.catalina.core.ContainerBase.[Tomcat].[localhost].[/] - Initializing Spring DispatcherServlet 'dispatcherServlet'
2026-03-25 12:57:26 [http-nio-8080-exec-3] INFO  org.springframework.web.servlet.DispatcherServlet - Initializing Servlet 'dispatcherServlet'
2026-03-25 12:57:26 [http-nio-8080-exec-3] INFO  org.springframework.web.servlet.DispatcherServlet - Completed initialization in 1 ms
2026-03-25 12:57:26 [http-nio-8080-exec-3] WARN  org.springframework.web.servlet.handler.HandlerMappingIntrospector - Cache miss for REQUEST dispatch to '/getstarted/login' (previous null). Performing CorsConfiguration lookup. This is logged once only at WARN level, and every time at TRACE.
2026-03-25 12:58:58 [http-nio-8080-exec-7] ERROR org.apache.catalina.core.ContainerBase.[Tomcat].[localhost].[/].[dispatcherServlet] - Servlet.service() for servlet [dispatcherServlet] in context with path [] threw exception [Request processing failed: java.lang.NullPointerException: Cannot invoke "com.google.gson.JsonElement.getAsString()" because the return value of "com.google.gson.JsonObject.get(String)" is null] with root cause
java.lang.NullPointerException: Cannot invoke "com.google.gson.JsonElement.getAsString()" because the return value of "com.google.gson.JsonObject.get(String)" is null
	at com.example.BookingApplication.Controllers.WebhookController.handleWebhook(WebhookController.java:60)
	at java.base/jdk.internal.reflect.DirectMethodHandleAccessor.invoke(DirectMethodHandleAccessor.java:103)
	at java.base/java.lang.reflect.Method.invoke(Method.java:580)
	at org.springframework.web.method.support.InvocableHandlerMethod.doInvoke(InvocableHandlerMethod.java:252)
	at org.springframework.web.method.support.InvocableHandlerMethod.invokeForRequest(InvocableHandlerMethod.java:184)
	at org.springframework.web.servlet.mvc.method.annotation.ServletInvocableHandlerMethod.invokeAndHandle(ServletInvocableHandlerMethod.java:117)
	at org.springframework.web.servlet.mvc.method.annotation.RequestMappingHandlerAdapter.invokeHandlerMethod(RequestMappingHandlerAdapter.java:934)
	at org.springframework.web.servlet.mvc.method.annotation.RequestMappingHandlerAdapter.handleInternal(RequestMappingHandlerAdapter.java:853)
	at org.springframework.web.servlet.mvc.method.AbstractHandlerMethodAdapter.handle(AbstractHandlerMethodAdapter.java:86)
	at org.springframework.web.servlet.DispatcherServlet.doDispatch(DispatcherServlet.java:963)
	at org.springframework.web.servlet.DispatcherServlet.doService(DispatcherServlet.java:866)
	at org.springframework.web.servlet.FrameworkServlet.processRequest(FrameworkServlet.java:1000)
	at org.springframework.web.servlet.FrameworkServlet.doPost(FrameworkServlet.java:903)
	at jakarta.servlet.http.HttpServlet.service(HttpServlet.java:649)
	at org.springframework.web.servlet.FrameworkServlet.service(FrameworkServlet.java:874)
	at jakarta.servlet.http.HttpServlet.service(HttpServlet.java:710)
	at org.apache.catalina.core.ApplicationFilterChain.doFilter(ApplicationFilterChain.java:128)
	at org.apache.tomcat.websocket.server.WsFilter.doFilter(WsFilter.java:53)
	at org.apache.catalina.core.ApplicationFilterChain.doFilter(ApplicationFilterChain.java:107)
	at org.springframework.web.filter.OncePerRequestFilter.doFilter(OncePerRequestFilter.java:110)
	at org.apache.catalina.core.ApplicationFilterChain.doFilter(ApplicationFilterChain.java:107)
	at org.springframework.web.filter.CompositeFilter$VirtualFilterChain.doFilter(CompositeFilter.java:108)
	at org.springframework.security.web.FilterChainProxy.lambda$doFilterInternal$3(FilterChainProxy.java:235)
	at org.springframework.security.web.FilterChainProxy$VirtualFilterChain.doFilter(FilterChainProxy.java:371)
	at org.springframework.security.web.access.intercept.AuthorizationFilter.doFilter(AuthorizationFilter.java:101)
	at org.springframework.security.web.FilterChainProxy$VirtualFilterChain.doFilter(FilterChainProxy.java:380)
	at org.springframework.security.web.access.ExceptionTranslationFilter.doFilter(ExceptionTranslationFilter.java:126)
	at org.springframework.security.web.access.ExceptionTranslationFilter.doFilter(ExceptionTranslationFilter.java:120)
	at org.springframework.security.web.FilterChainProxy$VirtualFilterChain.doFilter(FilterChainProxy.java:380)
	at org.springframework.security.web.authentication.AnonymousAuthenticationFilter.doFilter(AnonymousAuthenticationFilter.java:100)
	at org.springframework.security.web.FilterChainProxy$VirtualFilterChain.doFilter(FilterChainProxy.java:380)
	at org.springframework.security.web.servletapi.SecurityContextHolderAwareRequestFilter.doFilter(SecurityContextHolderAwareRequestFilter.java:181)
	at org.springframework.security.web.FilterChainProxy$VirtualFilterChain.doFilter(FilterChainProxy.java:380)
	at org.springframework.security.web.savedrequest.RequestCacheAwareFilter.doFilter(RequestCacheAwareFilter.java:63)
	at org.springframework.security.web.FilterChainProxy$VirtualFilterChain.doFilter(FilterChainProxy.java:380)
	at com.example.BookingApplication.Filter.Filterjwt.doFilterInternal(Filterjwt.java:51)
	at org.springframework.web.filter.OncePerRequestFilter.doFilter(OncePerRequestFilter.java:116)
	at org.springframework.security.web.FilterChainProxy$VirtualFilterChain.doFilter(FilterChainProxy.java:380)
	at org.springframework.security.web.authentication.logout.LogoutFilter.doFilter(LogoutFilter.java:110)
	at org.springframework.security.web.authentication.logout.LogoutFilter.doFilter(LogoutFilter.java:96)
	at org.springframework.security.web.FilterChainProxy$VirtualFilterChain.doFilter(FilterChainProxy.java:380)
	at org.springframework.web.filter.CorsFilter.doFilterInternal(CorsFilter.java:91)
	at org.springframework.web.filter.OncePerRequestFilter.doFilter(OncePerRequestFilter.java:116)
	at org.springframework.security.web.FilterChainProxy$VirtualFilterChain.doFilter(FilterChainProxy.java:380)
	at org.springframework.security.web.header.HeaderWriterFilter.doHeadersAfter(HeaderWriterFilter.java:90)
	at org.springframework.security.web.header.HeaderWriterFilter.doFilterInternal(HeaderWriterFilter.java:75)
	at org.springframework.web.filter.OncePerRequestFilter.doFilter(OncePerRequestFilter.java:116)
	at org.springframework.security.web.FilterChainProxy$VirtualFilterChain.doFilter(FilterChainProxy.java:380)
	at org.springframework.security.web.context.SecurityContextHolderFilter.doFilter(SecurityContextHolderFilter.java:82)
	at org.springframework.security.web.context.SecurityContextHolderFilter.doFilter(SecurityContextHolderFilter.java:69)
	at org.springframework.security.web.FilterChainProxy$VirtualFilterChain.doFilter(FilterChainProxy.java:380)
	at org.springframework.security.web.context.request.async.WebAsyncManagerIntegrationFilter.doFilterInternal(WebAsyncManagerIntegrationFilter.java:62)
	at org.springframework.web.filter.OncePerRequestFilter.doFilter(OncePerRequestFilter.java:116)
	at org.springframework.security.web.FilterChainProxy$VirtualFilterChain.doFilter(FilterChainProxy.java:380)
	at org.springframework.security.web.session.DisableEncodeUrlFilter.doFilterInternal(DisableEncodeUrlFilter.java:42)
	at org.springframework.web.filter.OncePerRequestFilter.doFilter(OncePerRequestFilter.java:116)
	at org.springframework.security.web.FilterChainProxy$VirtualFilterChain.doFilter(FilterChainProxy.java:380)
	at org.springframework.security.web.FilterChainProxy.doFilterInternal(FilterChainProxy.java:237)
	at org.springframework.security.web.FilterChainProxy.doFilter(FilterChainProxy.java:195)
	at org.springframework.web.filter.CompositeFilter$VirtualFilterChain.doFilter(CompositeFilter.java:113)
	at org.springframework.web.filter.ServletRequestPathFilter.doFilter(ServletRequestPathFilter.java:52)
	at org.springframework.web.filter.CompositeFilter$VirtualFilterChain.doFilter(CompositeFilter.java:113)
	at org.springframework.web.filter.CompositeFilter.doFilter(CompositeFilter.java:74)
	at org.springframework.security.config.annotation.web.configuration.WebSecurityConfiguration$CompositeFilterChainProxy.doFilter(WebSecurityConfiguration.java:317)
	at org.springframework.web.filter.DelegatingFilterProxy.invokeDelegate(DelegatingFilterProxy.java:355)
	at org.springframework.web.filter.DelegatingFilterProxy.doFilter(DelegatingFilterProxy.java:272)
	at org.apache.catalina.core.ApplicationFilterChain.doFilter(ApplicationFilterChain.java:107)
	at org.springframework.web.filter.RequestContextFilter.doFilterInternal(RequestContextFilter.java:100)
	at org.springframework.web.filter.OncePerRequestFilter.doFilter(OncePerRequestFilter.java:116)
	at org.apache.catalina.core.ApplicationFilterChain.doFilter(ApplicationFilterChain.java:107)
	at org.springframework.web.filter.FormContentFilter.doFilterInternal(FormContentFilter.java:93)
	at org.springframework.web.filter.OncePerRequestFilter.doFilter(OncePerRequestFilter.java:116)
	at org.apache.catalina.core.ApplicationFilterChain.doFilter(ApplicationFilterChain.java:107)
	at org.springframework.web.filter.CharacterEncodingFilter.doFilterInternal(CharacterEncodingFilter.java:199)
	at org.springframework.web.filter.OncePerRequestFilter.doFilter(OncePerRequestFilter.java:116)
	at org.apache.catalina.core.ApplicationFilterChain.doFilter(ApplicationFilterChain.java:107)
	at org.apache.catalina.core.StandardWrapperValve.invoke(StandardWrapperValve.java:165)
	at org.apache.catalina.core.StandardContextValve.invoke(StandardContextValve.java:77)
	at org.apache.catalina.authenticator.AuthenticatorBase.invoke(AuthenticatorBase.java:492)
	at org.apache.catalina.core.StandardHostValve.invoke(StandardHostValve.java:113)
	at org.apache.catalina.valves.ErrorReportValve.invoke(ErrorReportValve.java:83)
	at org.apache.catalina.core.StandardEngineValve.invoke(StandardEngineValve.java:72)
	at org.apache.catalina.connector.CoyoteAdapter.service(CoyoteAdapter.java:341)
	at org.apache.coyote.http11.Http11Processor.service(Http11Processor.java:397)
	at org.apache.coyote.AbstractProcessorLight.process(AbstractProcessorLight.java:63)
	at org.apache.coyote.AbstractProtocol$ConnectionHandler.process(AbstractProtocol.java:903)
	at org.apache.tomcat.util.net.NioEndpoint$SocketProcessor.doRun(NioEndpoint.java:1779)
	at org.apache.tomcat.util.net.SocketProcessorBase.run(SocketProcessorBase.java:52)
	at org.apache.tomcat.util.threads.ThreadPoolExecutor.runWorker(ThreadPoolExecutor.java:946)
	at org.apache.tomcat.util.threads.ThreadPoolExecutor$Worker.run(ThreadPoolExecutor.java:480)
	at org.apache.tomcat.util.threads.TaskThread$WrappingRunnable.run(TaskThread.java:57)
	at java.base/java.lang.Thread.run(Thread.java:1583)
2026-03-25 13:08:34 [SpringApplicationShutdownHook] INFO  org.springframework.boot.tomcat.GracefulShutdown - Commencing graceful shutdown. Waiting for active requests to complete
2026-03-25 13:08:34 [tomcat-shutdown] INFO  org.springframework.boot.tomcat.GracefulShutdown - Graceful shutdown complete
2026-03-25 13:34:20 [main] INFO  com.example.BookingApplication.BookingApplication - Starting BookingApplication using Java 21.0.7 with PID 17496 (C:\Users\ADMIN\Downloads\BookingApplication\BookingApplication\target\classes started by ADMIN in C:\Users\ADMIN\Downloads\BookingApplication)
2026-03-25 13:34:20 [main] INFO  com.example.BookingApplication.BookingApplication - No active profile set, falling back to 1 default profile: "default"
2026-03-25 13:34:20 [main] INFO  org.springframework.data.repository.config.RepositoryConfigurationDelegate - Multiple Spring Data modules found, entering strict repository configuration mode
2026-03-25 13:34:20 [main] INFO  org.springframework.data.repository.config.RepositoryConfigurationDelegate - Bootstrapping Spring Data MongoDB repositories in DEFAULT mode.
2026-03-25 13:34:21 [main] INFO  org.springframework.data.repository.config.RepositoryConfigurationDelegate - Finished Spring Data repository scanning in 78 ms. Found 3 MongoDB repository interfaces.
2026-03-25 13:34:21 [main] INFO  org.springframework.data.repository.config.RepositoryConfigurationDelegate - Multiple Spring Data modules found, entering strict repository configuration mode
2026-03-25 13:34:21 [main] INFO  org.springframework.data.repository.config.RepositoryConfigurationDelegate - Bootstrapping Spring Data Redis repositories in DEFAULT mode.
2026-03-25 13:34:21 [main] INFO  org.springframework.data.repository.config.RepositoryConfigurationExtensionSupport - Spring Data Redis - Could not safely identify store assignment for repository candidate interface com.example.BookingApplication.Repositories.BookingsRepository; If you want this repository to be a Redis repository, consider annotating your entities with one of these annotations: org.springframework.data.redis.core.RedisHash (preferred), or consider extending one of the following types with your repository: org.springframework.data.keyvalue.repository.KeyValueRepository
2026-03-25 13:34:21 [main] INFO  org.springframework.data.repository.config.RepositoryConfigurationExtensionSupport - Spring Data Redis - Could not safely identify store assignment for repository candidate interface com.example.BookingApplication.Repositories.StudioRepository; If you want this repository to be a Redis repository, consider annotating your entities with one of these annotations: org.springframework.data.redis.core.RedisHash (preferred), or consider extending one of the following types with your repository: org.springframework.data.keyvalue.repository.KeyValueRepository
2026-03-25 13:34:21 [main] INFO  org.springframework.data.repository.config.RepositoryConfigurationExtensionSupport - Spring Data Redis - Could not safely identify store assignment for repository candidate interface com.example.BookingApplication.Repositories.UserRepository; If you want this repository to be a Redis repository, consider annotating your entities with one of these annotations: org.springframework.data.redis.core.RedisHash (preferred), or consider extending one of the following types with your repository: org.springframework.data.keyvalue.repository.KeyValueRepository
2026-03-25 13:34:21 [main] INFO  org.springframework.data.repository.config.RepositoryConfigurationDelegate - Finished Spring Data repository scanning in 5 ms. Found 0 Redis repository interfaces.
2026-03-25 13:34:21 [main] INFO  org.springframework.boot.tomcat.TomcatWebServer - Tomcat initialized with port 8080 (http)
2026-03-25 13:34:21 [main] INFO  org.apache.coyote.http11.Http11NioProtocol - Initializing ProtocolHandler ["http-nio-8080"]
2026-03-25 13:34:21 [main] INFO  org.apache.catalina.core.StandardService - Starting service [Tomcat]
2026-03-25 13:34:21 [main] INFO  org.apache.catalina.core.StandardEngine - Starting Servlet engine: [Apache Tomcat/11.0.18]
2026-03-25 13:34:21 [main] INFO  org.springframework.boot.web.context.servlet.WebApplicationContextInitializer - Root WebApplicationContext: initialization completed in 1023 ms
2026-03-25 13:34:21 [main] INFO  org.mongodb.driver.client - MongoClient with metadata {"driver": {"name": "mongo-java-driver|spring-boot|sync", "version": "5.6.4"}, "os": {"type": "Windows", "name": "Windows 11", "architecture": "amd64", "version": "10.0"}, "platform": "Java/Oracle Corporation/21.0.7+8-LTS-245"} created with settings MongoClientSettings{readPreference=primary, writeConcern=WriteConcern{w=majority, wTimeout=null ms, journal=null}, retryWrites=true, retryReads=true, readConcern=ReadConcern{level=null}, credential=MongoCredential{mechanism=null, userName='root', source='admin', password=<hidden>, mechanismProperties=<hidden>}, transportSettings=null, commandListeners=[], codecRegistry=ProvidersCodecRegistry{codecProviders=[ValueCodecProvider{}, BsonValueCodecProvider{}, DBRefCodecProvider{}, DBObjectCodecProvider{}, DocumentCodecProvider{}, CollectionCodecProvider{}, IterableCodecProvider{}, MapCodecProvider{}, GeoJsonCodecProvider{}, GridFSFileCodecProvider{}, Jsr310CodecProvider{}, JsonObjectCodecProvider{}, BsonCodecProvider{}, com.mongodb.client.model.mql.ExpressionCodecProvider@9a9aa68, com.mongodb.Jep395RecordCodecProvider@3a3883c4, com.mongodb.KotlinCodecProvider@1537e43, EnumCodecProvider{}]}, loggerSettings=LoggerSettings{maxDocumentLength=1000}, clusterSettings={hosts=[127.0.0.1:27017], srvHost=cluster0.en0pykp.mongodb.net, srvServiceName=mongodb, mode=MULTIPLE, requiredClusterType=REPLICA_SET, requiredReplicaSetName='atlas-zt48hn-shard-0', serverSelector='null', clusterListeners='[]', serverSelectionTimeout='30000 ms', localThreshold='15 ms'}, socketSettings=SocketSettings{connectTimeoutMS=10000, readTimeoutMS=0, receiveBufferSize=0, proxySettings=ProxySettings{host=null, port=null, username=null, password=null}}, heartbeatSocketSettings=SocketSettings{connectTimeoutMS=10000, readTimeoutMS=10000, receiveBufferSize=0, proxySettings=ProxySettings{host=null, port=null, username=null, password=null}}, connectionPoolSettings=ConnectionPoolSettings{maxSize=100, minSize=0, maxWaitTimeMS=120000, maxConnectionLifeTimeMS=0, maxConnectionIdleTimeMS=0, maintenanceInitialDelayMS=0, maintenanceFrequencyMS=60000, connectionPoolListeners=[], maxConnecting=2}, serverSettings=ServerSettings{heartbeatFrequencyMS=10000, minHeartbeatFrequencyMS=500, serverMonitoringMode=AUTO, serverListeners='[]', serverMonitorListeners='[]'}, sslSettings=SslSettings{enabled=true, invalidHostNameAllowed=false, context=null}, applicationName='null', compressorList=[], uuidRepresentation=UNSPECIFIED, serverApi=null, autoEncryptionSettings=null, dnsClient=null, inetAddressResolver=null, contextProvider=null, timeoutMS=null}
2026-03-25 13:34:21 [cluster-ClusterId{value='69c39705c986a8771fbc33bb', description='null'}-srv-cluster0.en0pykp.mongodb.net] INFO  org.mongodb.driver.cluster - Adding discovered server ac-aoerbz6-shard-00-01.en0pykp.mongodb.net:27017 to client view of cluster
2026-03-25 13:34:21 [cluster-ClusterId{value='69c39705c986a8771fbc33bb', description='null'}-srv-cluster0.en0pykp.mongodb.net] INFO  org.mongodb.driver.cluster - Adding discovered server ac-aoerbz6-shard-00-00.en0pykp.mongodb.net:27017 to client view of cluster
2026-03-25 13:34:21 [cluster-ClusterId{value='69c39705c986a8771fbc33bb', description='null'}-srv-cluster0.en0pykp.mongodb.net] INFO  org.mongodb.driver.cluster - Adding discovered server ac-aoerbz6-shard-00-02.en0pykp.mongodb.net:27017 to client view of cluster
2026-03-25 13:34:22 [cluster-ClusterId{value='69c39705c986a8771fbc33bb', description='null'}-ac-aoerbz6-shard-00-01.en0pykp.mongodb.net:27017] INFO  org.mongodb.driver.cluster - Monitor thread successfully connected to server with description ServerDescription{address=ac-aoerbz6-shard-00-01.en0pykp.mongodb.net:27017, type=REPLICA_SET_SECONDARY, cryptd=false, state=CONNECTED, ok=true, minWireVersion=0, maxWireVersion=25, maxDocumentSize=16777216, logicalSessionTimeoutMinutes=30, roundTripTimeNanos=252379300, minRoundTripTimeNanos=0, setName='atlas-zt48hn-shard-0', canonicalAddress=ac-aoerbz6-shard-00-01.en0pykp.mongodb.net:27017, hosts=[ac-aoerbz6-shard-00-01.en0pykp.mongodb.net:27017, ac-aoerbz6-shard-00-00.en0pykp.mongodb.net:27017, ac-aoerbz6-shard-00-02.en0pykp.mongodb.net:27017], passives=[], arbiters=[], primary='ac-aoerbz6-shard-00-02.en0pykp.mongodb.net:27017', tagSet=TagSet{[Tag{name='availabilityZone', value='aps1-az3'}, Tag{name='diskState', value='READY'}, Tag{name='nodeType', value='ELECTABLE'}, Tag{name='provider', value='AWS'}, Tag{name='region', value='AP_SOUTH_1'}, Tag{name='workloadType', value='OPERATIONAL'}]}, electionId=null, setVersion=391, topologyVersion=TopologyVersion{processId=69b85ccb4b84e800f9f6512d, counter=3}, lastWriteDate=Wed Mar 25 13:34:21 IST 2026, lastUpdateTimeNanos=160959864451200}
2026-03-25 13:34:22 [cluster-ClusterId{value='69c39705c986a8771fbc33bb', description='null'}-ac-aoerbz6-shard-00-02.en0pykp.mongodb.net:27017] INFO  org.mongodb.driver.cluster - Monitor thread successfully connected to server with description ServerDescription{address=ac-aoerbz6-shard-00-02.en0pykp.mongodb.net:27017, type=REPLICA_SET_PRIMARY, cryptd=false, state=CONNECTED, ok=true, minWireVersion=0, maxWireVersion=25, maxDocumentSize=16777216, logicalSessionTimeoutMinutes=30, roundTripTimeNanos=252036100, minRoundTripTimeNanos=0, setName='atlas-zt48hn-shard-0', canonicalAddress=ac-aoerbz6-shard-00-02.en0pykp.mongodb.net:27017, hosts=[ac-aoerbz6-shard-00-01.en0pykp.mongodb.net:27017, ac-aoerbz6-shard-00-00.en0pykp.mongodb.net:27017, ac-aoerbz6-shard-00-02.en0pykp.mongodb.net:27017], passives=[], arbiters=[], primary='ac-aoerbz6-shard-00-02.en0pykp.mongodb.net:27017', tagSet=TagSet{[Tag{name='availabilityZone', value='aps1-az2'}, Tag{name='diskState', value='READY'}, Tag{name='nodeType', value='ELECTABLE'}, Tag{name='provider', value='AWS'}, Tag{name='region', value='AP_SOUTH_1'}, Tag{name='workloadType', value='OPERATIONAL'}]}, electionId=7fffffff0000000000000156, setVersion=391, topologyVersion=TopologyVersion{processId=69b859a89b4f2018f8b26ac6, counter=6}, lastWriteDate=Wed Mar 25 13:34:21 GMT+05:30 2026, lastUpdateTimeNanos=160959864451100}
2026-03-25 13:34:22 [cluster-ClusterId{value='69c39705c986a8771fbc33bb', description='null'}-ac-aoerbz6-shard-00-00.en0pykp.mongodb.net:27017] INFO  org.mongodb.driver.cluster - Monitor thread successfully connected to server with description ServerDescription{address=ac-aoerbz6-shard-00-00.en0pykp.mongodb.net:27017, type=REPLICA_SET_SECONDARY, cryptd=false, state=CONNECTED, ok=true, minWireVersion=0, maxWireVersion=25, maxDocumentSize=16777216, logicalSessionTimeoutMinutes=30, roundTripTimeNanos=252379200, minRoundTripTimeNanos=0, setName='atlas-zt48hn-shard-0', canonicalAddress=ac-aoerbz6-shard-00-00.en0pykp.mongodb.net:27017, hosts=[ac-aoerbz6-shard-00-01.en0pykp.mongodb.net:27017, ac-aoerbz6-shard-00-00.en0pykp.mongodb.net:27017, ac-aoerbz6-shard-00-02.en0pykp.mongodb.net:27017], passives=[], arbiters=[], primary='ac-aoerbz6-shard-00-02.en0pykp.mongodb.net:27017', tagSet=TagSet{[Tag{name='availabilityZone', value='aps1-az1'}, Tag{name='diskState', value='READY'}, Tag{name='nodeType', value='ELECTABLE'}, Tag{name='provider', value='AWS'}, Tag{name='region', value='AP_SOUTH_1'}, Tag{name='workloadType', value='OPERATIONAL'}]}, electionId=null, setVersion=391, topologyVersion=TopologyVersion{processId=69b855abb14686967b76fdd6, counter=4}, lastWriteDate=Wed Mar 25 13:34:21 GMT+05:30 2026, lastUpdateTimeNanos=160959864451100}
2026-03-25 13:34:22 [cluster-ClusterId{value='69c39705c986a8771fbc33bb', description='null'}-ac-aoerbz6-shard-00-02.en0pykp.mongodb.net:27017] INFO  org.mongodb.driver.cluster - Discovered replica set primary ac-aoerbz6-shard-00-02.en0pykp.mongodb.net:27017 with max election id 7fffffff0000000000000156 and max set version 391
2026-03-25 13:34:22 [main] WARN  com.password4j.PropertyReader - bcrypt minor version is not defined. Default value is used (b). Please set property hash.bcrypt.minor in your psw4j.properties file.
2026-03-25 13:34:22 [main] WARN  com.password4j.PropertyReader - bcrypt rounds are not defined. Default value is used (10). Please set property hash.bcrypt.rounds in your psw4j.properties file.
2026-03-25 13:34:22 [main] INFO  org.springframework.security.config.annotation.authentication.configuration.InitializeUserDetailsBeanManagerConfigurer$InitializeUserDetailsManagerConfigurer - Global AuthenticationManager configured with UserDetailsService bean with name userDetailsImpl
2026-03-25 13:34:22 [main] INFO  org.apache.coyote.http11.Http11NioProtocol - Starting ProtocolHandler ["http-nio-8080"]
2026-03-25 13:34:22 [main] INFO  org.springframework.boot.tomcat.TomcatWebServer - Tomcat started on port 8080 (http) with context path '/'
2026-03-25 13:34:22 [main] INFO  com.example.BookingApplication.BookingApplication - Started BookingApplication in 2.652 seconds (process running for 3.089)
2026-03-25 13:34:26 [http-nio-8080-exec-1] INFO  org.apache.catalina.core.ContainerBase.[Tomcat].[localhost].[/] - Initializing Spring DispatcherServlet 'dispatcherServlet'
2026-03-25 13:34:26 [http-nio-8080-exec-1] INFO  org.springframework.web.servlet.DispatcherServlet - Initializing Servlet 'dispatcherServlet'
2026-03-25 13:34:26 [http-nio-8080-exec-1] INFO  org.springframework.web.servlet.DispatcherServlet - Completed initialization in 1 ms
2026-03-25 13:34:26 [http-nio-8080-exec-2] WARN  org.springframework.web.servlet.handler.HandlerMappingIntrospector - Cache miss for REQUEST dispatch to '/getstarted/List' (previous null). Performing CorsConfiguration lookup. This is logged once only at WARN level, and every time at TRACE.
2026-03-25 13:36:05 [http-nio-8080-exec-2] ERROR org.apache.catalina.core.ContainerBase.[Tomcat].[localhost].[/].[dispatcherServlet] - Servlet.service() for servlet [dispatcherServlet] in context with path [] threw exception [Request processing failed: java.lang.NullPointerException: Cannot invoke "com.google.gson.JsonElement.getAsString()" because the return value of "com.google.gson.JsonObject.get(String)" is null] with root cause
java.lang.NullPointerException: Cannot invoke "com.google.gson.JsonElement.getAsString()" because the return value of "com.google.gson.JsonObject.get(String)" is null
	at com.example.BookingApplication.Controllers.WebhookController.handleWebhook(WebhookController.java:60)
	at java.base/jdk.internal.reflect.DirectMethodHandleAccessor.invoke(DirectMethodHandleAccessor.java:103)
	at java.base/java.lang.reflect.Method.invoke(Method.java:580)
	at org.springframework.web.method.support.InvocableHandlerMethod.doInvoke(InvocableHandlerMethod.java:252)
	at org.springframework.web.method.support.InvocableHandlerMethod.invokeForRequest(InvocableHandlerMethod.java:184)
	at org.springframework.web.servlet.mvc.method.annotation.ServletInvocableHandlerMethod.invokeAndHandle(ServletInvocableHandlerMethod.java:117)
	at org.springframework.web.servlet.mvc.method.annotation.RequestMappingHandlerAdapter.invokeHandlerMethod(RequestMappingHandlerAdapter.java:934)
	at org.springframework.web.servlet.mvc.method.annotation.RequestMappingHandlerAdapter.handleInternal(RequestMappingHandlerAdapter.java:853)
	at org.springframework.web.servlet.mvc.method.AbstractHandlerMethodAdapter.handle(AbstractHandlerMethodAdapter.java:86)
	at org.springframework.web.servlet.DispatcherServlet.doDispatch(DispatcherServlet.java:963)
	at org.springframework.web.servlet.DispatcherServlet.doService(DispatcherServlet.java:866)
	at org.springframework.web.servlet.FrameworkServlet.processRequest(FrameworkServlet.java:1000)
	at org.springframework.web.servlet.FrameworkServlet.doPost(FrameworkServlet.java:903)
	at jakarta.servlet.http.HttpServlet.service(HttpServlet.java:649)
	at org.springframework.web.servlet.FrameworkServlet.service(FrameworkServlet.java:874)
	at jakarta.servlet.http.HttpServlet.service(HttpServlet.java:710)
	at org.apache.catalina.core.ApplicationFilterChain.doFilter(ApplicationFilterChain.java:128)
	at org.apache.tomcat.websocket.server.WsFilter.doFilter(WsFilter.java:53)
	at org.apache.catalina.core.ApplicationFilterChain.doFilter(ApplicationFilterChain.java:107)
	at org.springframework.web.filter.OncePerRequestFilter.doFilter(OncePerRequestFilter.java:110)
	at org.apache.catalina.core.ApplicationFilterChain.doFilter(ApplicationFilterChain.java:107)
	at org.springframework.web.filter.CompositeFilter$VirtualFilterChain.doFilter(CompositeFilter.java:108)
	at org.springframework.security.web.FilterChainProxy.lambda$doFilterInternal$3(FilterChainProxy.java:235)
	at org.springframework.security.web.FilterChainProxy$VirtualFilterChain.doFilter(FilterChainProxy.java:371)
	at org.springframework.security.web.access.intercept.AuthorizationFilter.doFilter(AuthorizationFilter.java:101)
	at org.springframework.security.web.FilterChainProxy$VirtualFilterChain.doFilter(FilterChainProxy.java:380)
	at org.springframework.security.web.access.ExceptionTranslationFilter.doFilter(ExceptionTranslationFilter.java:126)
	at org.springframework.security.web.access.ExceptionTranslationFilter.doFilter(ExceptionTranslationFilter.java:120)
	at org.springframework.security.web.FilterChainProxy$VirtualFilterChain.doFilter(FilterChainProxy.java:380)
	at org.springframework.security.web.authentication.AnonymousAuthenticationFilter.doFilter(AnonymousAuthenticationFilter.java:100)
	at org.springframework.security.web.FilterChainProxy$VirtualFilterChain.doFilter(FilterChainProxy.java:380)
	at org.springframework.security.web.servletapi.SecurityContextHolderAwareRequestFilter.doFilter(SecurityContextHolderAwareRequestFilter.java:181)
	at org.springframework.security.web.FilterChainProxy$VirtualFilterChain.doFilter(FilterChainProxy.java:380)
	at org.springframework.security.web.savedrequest.RequestCacheAwareFilter.doFilter(RequestCacheAwareFilter.java:63)
	at org.springframework.security.web.FilterChainProxy$VirtualFilterChain.doFilter(FilterChainProxy.java:380)
	at com.example.BookingApplication.Filter.Filterjwt.doFilterInternal(Filterjwt.java:51)
	at org.springframework.web.filter.OncePerRequestFilter.doFilter(OncePerRequestFilter.java:116)
	at org.springframework.security.web.FilterChainProxy$VirtualFilterChain.doFilter(FilterChainProxy.java:380)
	at org.springframework.security.web.authentication.logout.LogoutFilter.doFilter(LogoutFilter.java:110)
	at org.springframework.security.web.authentication.logout.LogoutFilter.doFilter(LogoutFilter.java:96)
	at org.springframework.security.web.FilterChainProxy$VirtualFilterChain.doFilter(FilterChainProxy.java:380)
	at org.springframework.web.filter.CorsFilter.doFilterInternal(CorsFilter.java:91)
	at org.springframework.web.filter.OncePerRequestFilter.doFilter(OncePerRequestFilter.java:116)
	at org.springframework.security.web.FilterChainProxy$VirtualFilterChain.doFilter(FilterChainProxy.java:380)
	at org.springframework.security.web.header.HeaderWriterFilter.doHeadersAfter(HeaderWriterFilter.java:90)
	at org.springframework.security.web.header.HeaderWriterFilter.doFilterInternal(HeaderWriterFilter.java:75)
	at org.springframework.web.filter.OncePerRequestFilter.doFilter(OncePerRequestFilter.java:116)
	at org.springframework.security.web.FilterChainProxy$VirtualFilterChain.doFilter(FilterChainProxy.java:380)
	at org.springframework.security.web.context.SecurityContextHolderFilter.doFilter(SecurityContextHolderFilter.java:82)
	at org.springframework.security.web.context.SecurityContextHolderFilter.doFilter(SecurityContextHolderFilter.java:69)
	at org.springframework.security.web.FilterChainProxy$VirtualFilterChain.doFilter(FilterChainProxy.java:380)
	at org.springframework.security.web.context.request.async.WebAsyncManagerIntegrationFilter.doFilterInternal(WebAsyncManagerIntegrationFilter.java:62)
	at org.springframework.web.filter.OncePerRequestFilter.doFilter(OncePerRequestFilter.java:116)
	at org.springframework.security.web.FilterChainProxy$VirtualFilterChain.doFilter(FilterChainProxy.java:380)
	at org.springframework.security.web.session.DisableEncodeUrlFilter.doFilterInternal(DisableEncodeUrlFilter.java:42)
	at org.springframework.web.filter.OncePerRequestFilter.doFilter(OncePerRequestFilter.java:116)
	at org.springframework.security.web.FilterChainProxy$VirtualFilterChain.doFilter(FilterChainProxy.java:380)
	at org.springframework.security.web.FilterChainProxy.doFilterInternal(FilterChainProxy.java:237)
	at org.springframework.security.web.FilterChainProxy.doFilter(FilterChainProxy.java:195)
	at org.springframework.web.filter.CompositeFilter$VirtualFilterChain.doFilter(CompositeFilter.java:113)
	at org.springframework.web.filter.ServletRequestPathFilter.doFilter(ServletRequestPathFilter.java:52)
	at org.springframework.web.filter.CompositeFilter$VirtualFilterChain.doFilter(CompositeFilter.java:113)
	at org.springframework.web.filter.CompositeFilter.doFilter(CompositeFilter.java:74)
	at org.springframework.security.config.annotation.web.configuration.WebSecurityConfiguration$CompositeFilterChainProxy.doFilter(WebSecurityConfiguration.java:317)
	at org.springframework.web.filter.DelegatingFilterProxy.invokeDelegate(DelegatingFilterProxy.java:355)
	at org.springframework.web.filter.DelegatingFilterProxy.doFilter(DelegatingFilterProxy.java:272)
	at org.apache.catalina.core.ApplicationFilterChain.doFilter(ApplicationFilterChain.java:107)
	at org.springframework.web.filter.RequestContextFilter.doFilterInternal(RequestContextFilter.java:100)
	at org.springframework.web.filter.OncePerRequestFilter.doFilter(OncePerRequestFilter.java:116)
	at org.apache.catalina.core.ApplicationFilterChain.doFilter(ApplicationFilterChain.java:107)
	at org.springframework.web.filter.FormContentFilter.doFilterInternal(FormContentFilter.java:93)
	at org.springframework.web.filter.OncePerRequestFilter.doFilter(OncePerRequestFilter.java:116)
	at org.apache.catalina.core.ApplicationFilterChain.doFilter(ApplicationFilterChain.java:107)
	at org.springframework.web.filter.CharacterEncodingFilter.doFilterInternal(CharacterEncodingFilter.java:199)
	at org.springframework.web.filter.OncePerRequestFilter.doFilter(OncePerRequestFilter.java:116)
	at org.apache.catalina.core.ApplicationFilterChain.doFilter(ApplicationFilterChain.java:107)
	at org.apache.catalina.core.StandardWrapperValve.invoke(StandardWrapperValve.java:165)
	at org.apache.catalina.core.StandardContextValve.invoke(StandardContextValve.java:77)
	at org.apache.catalina.authenticator.AuthenticatorBase.invoke(AuthenticatorBase.java:492)
	at org.apache.catalina.core.StandardHostValve.invoke(StandardHostValve.java:113)
	at org.apache.catalina.valves.ErrorReportValve.invoke(ErrorReportValve.java:83)
	at org.apache.catalina.core.StandardEngineValve.invoke(StandardEngineValve.java:72)
	at org.apache.catalina.connector.CoyoteAdapter.service(CoyoteAdapter.java:341)
	at org.apache.coyote.http11.Http11Processor.service(Http11Processor.java:397)
	at org.apache.coyote.AbstractProcessorLight.process(AbstractProcessorLight.java:63)
	at org.apache.coyote.AbstractProtocol$ConnectionHandler.process(AbstractProtocol.java:903)
	at org.apache.tomcat.util.net.NioEndpoint$SocketProcessor.doRun(NioEndpoint.java:1779)
	at org.apache.tomcat.util.net.SocketProcessorBase.run(SocketProcessorBase.java:52)
	at org.apache.tomcat.util.threads.ThreadPoolExecutor.runWorker(ThreadPoolExecutor.java:946)
	at org.apache.tomcat.util.threads.ThreadPoolExecutor$Worker.run(ThreadPoolExecutor.java:480)
	at org.apache.tomcat.util.threads.TaskThread$WrappingRunnable.run(TaskThread.java:57)
	at java.base/java.lang.Thread.run(Thread.java:1583)
2026-03-25 13:39:29 [SpringApplicationShutdownHook] INFO  org.springframework.boot.tomcat.GracefulShutdown - Commencing graceful shutdown. Waiting for active requests to complete
2026-03-25 13:39:29 [tomcat-shutdown] INFO  org.springframework.boot.tomcat.GracefulShutdown - Graceful shutdown complete
2026-03-25 13:39:31 [main] INFO  com.example.BookingApplication.BookingApplication - Starting BookingApplication using Java 21.0.7 with PID 31708 (C:\Users\ADMIN\Downloads\BookingApplication\BookingApplication\target\classes started by ADMIN in C:\Users\ADMIN\Downloads\BookingApplication)
2026-03-25 13:39:31 [main] INFO  com.example.BookingApplication.BookingApplication - No active profile set, falling back to 1 default profile: "default"
2026-03-25 13:39:32 [main] INFO  org.springframework.data.repository.config.RepositoryConfigurationDelegate - Multiple Spring Data modules found, entering strict repository configuration mode
2026-03-25 13:39:32 [main] INFO  org.springframework.data.repository.config.RepositoryConfigurationDelegate - Bootstrapping Spring Data MongoDB repositories in DEFAULT mode.
2026-03-25 13:39:32 [main] INFO  org.springframework.data.repository.config.RepositoryConfigurationDelegate - Finished Spring Data repository scanning in 72 ms. Found 3 MongoDB repository interfaces.
2026-03-25 13:39:32 [main] INFO  org.springframework.data.repository.config.RepositoryConfigurationDelegate - Multiple Spring Data modules found, entering strict repository configuration mode
2026-03-25 13:39:32 [main] INFO  org.springframework.data.repository.config.RepositoryConfigurationDelegate - Bootstrapping Spring Data Redis repositories in DEFAULT mode.
2026-03-25 13:39:32 [main] INFO  org.springframework.data.repository.config.RepositoryConfigurationExtensionSupport - Spring Data Redis - Could not safely identify store assignment for repository candidate interface com.example.BookingApplication.Repositories.BookingsRepository; If you want this repository to be a Redis repository, consider annotating your entities with one of these annotations: org.springframework.data.redis.core.RedisHash (preferred), or consider extending one of the following types with your repository: org.springframework.data.keyvalue.repository.KeyValueRepository
2026-03-25 13:39:32 [main] INFO  org.springframework.data.repository.config.RepositoryConfigurationExtensionSupport - Spring Data Redis - Could not safely identify store assignment for repository candidate interface com.example.BookingApplication.Repositories.StudioRepository; If you want this repository to be a Redis repository, consider annotating your entities with one of these annotations: org.springframework.data.redis.core.RedisHash (preferred), or consider extending one of the following types with your repository: org.springframework.data.keyvalue.repository.KeyValueRepository
2026-03-25 13:39:32 [main] INFO  org.springframework.data.repository.config.RepositoryConfigurationExtensionSupport - Spring Data Redis - Could not safely identify store assignment for repository candidate interface com.example.BookingApplication.Repositories.UserRepository; If you want this repository to be a Redis repository, consider annotating your entities with one of these annotations: org.springframework.data.redis.core.RedisHash (preferred), or consider extending one of the following types with your repository: org.springframework.data.keyvalue.repository.KeyValueRepository
2026-03-25 13:39:32 [main] INFO  org.springframework.data.repository.config.RepositoryConfigurationDelegate - Finished Spring Data repository scanning in 5 ms. Found 0 Redis repository interfaces.
2026-03-25 13:39:32 [main] INFO  org.springframework.boot.tomcat.TomcatWebServer - Tomcat initialized with port 8080 (http)
2026-03-25 13:39:32 [main] INFO  org.apache.coyote.http11.Http11NioProtocol - Initializing ProtocolHandler ["http-nio-8080"]
2026-03-25 13:39:32 [main] INFO  org.apache.catalina.core.StandardService - Starting service [Tomcat]
2026-03-25 13:39:32 [main] INFO  org.apache.catalina.core.StandardEngine - Starting Servlet engine: [Apache Tomcat/11.0.18]
2026-03-25 13:39:32 [main] INFO  org.springframework.boot.web.context.servlet.WebApplicationContextInitializer - Root WebApplicationContext: initialization completed in 1003 ms
2026-03-25 13:39:32 [cluster-ClusterId{value='69c3983ceadec7e3738842f3', description='null'}-srv-cluster0.en0pykp.mongodb.net] INFO  org.mongodb.driver.cluster - Adding discovered server ac-aoerbz6-shard-00-01.en0pykp.mongodb.net:27017 to client view of cluster
2026-03-25 13:39:32 [main] INFO  org.mongodb.driver.client - MongoClient with metadata {"driver": {"name": "mongo-java-driver|spring-boot|sync", "version": "5.6.4"}, "os": {"type": "Windows", "name": "Windows 11", "architecture": "amd64", "version": "10.0"}, "platform": "Java/Oracle Corporation/21.0.7+8-LTS-245"} created with settings MongoClientSettings{readPreference=primary, writeConcern=WriteConcern{w=majority, wTimeout=null ms, journal=null}, retryWrites=true, retryReads=true, readConcern=ReadConcern{level=null}, credential=MongoCredential{mechanism=null, userName='root', source='admin', password=<hidden>, mechanismProperties=<hidden>}, transportSettings=null, commandListeners=[], codecRegistry=ProvidersCodecRegistry{codecProviders=[ValueCodecProvider{}, BsonValueCodecProvider{}, DBRefCodecProvider{}, DBObjectCodecProvider{}, DocumentCodecProvider{}, CollectionCodecProvider{}, IterableCodecProvider{}, MapCodecProvider{}, GeoJsonCodecProvider{}, GridFSFileCodecProvider{}, Jsr310CodecProvider{}, JsonObjectCodecProvider{}, BsonCodecProvider{}, com.mongodb.client.model.mql.ExpressionCodecProvider@9a9aa68, com.mongodb.Jep395RecordCodecProvider@3a3883c4, com.mongodb.KotlinCodecProvider@1537e43, EnumCodecProvider{}]}, loggerSettings=LoggerSettings{maxDocumentLength=1000}, clusterSettings={hosts=[127.0.0.1:27017], srvHost=cluster0.en0pykp.mongodb.net, srvServiceName=mongodb, mode=MULTIPLE, requiredClusterType=REPLICA_SET, requiredReplicaSetName='atlas-zt48hn-shard-0', serverSelector='null', clusterListeners='[]', serverSelectionTimeout='30000 ms', localThreshold='15 ms'}, socketSettings=SocketSettings{connectTimeoutMS=10000, readTimeoutMS=0, receiveBufferSize=0, proxySettings=ProxySettings{host=null, port=null, username=null, password=null}}, heartbeatSocketSettings=SocketSettings{connectTimeoutMS=10000, readTimeoutMS=10000, receiveBufferSize=0, proxySettings=ProxySettings{host=null, port=null, username=null, password=null}}, connectionPoolSettings=ConnectionPoolSettings{maxSize=100, minSize=0, maxWaitTimeMS=120000, maxConnectionLifeTimeMS=0, maxConnectionIdleTimeMS=0, maintenanceInitialDelayMS=0, maintenanceFrequencyMS=60000, connectionPoolListeners=[], maxConnecting=2}, serverSettings=ServerSettings{heartbeatFrequencyMS=10000, minHeartbeatFrequencyMS=500, serverMonitoringMode=AUTO, serverListeners='[]', serverMonitorListeners='[]'}, sslSettings=SslSettings{enabled=true, invalidHostNameAllowed=false, context=null}, applicationName='null', compressorList=[], uuidRepresentation=UNSPECIFIED, serverApi=null, autoEncryptionSettings=null, dnsClient=null, inetAddressResolver=null, contextProvider=null, timeoutMS=null}
2026-03-25 13:39:32 [cluster-ClusterId{value='69c3983ceadec7e3738842f3', description='null'}-srv-cluster0.en0pykp.mongodb.net] INFO  org.mongodb.driver.cluster - Adding discovered server ac-aoerbz6-shard-00-00.en0pykp.mongodb.net:27017 to client view of cluster
2026-03-25 13:39:32 [cluster-ClusterId{value='69c3983ceadec7e3738842f3', description='null'}-srv-cluster0.en0pykp.mongodb.net] INFO  org.mongodb.driver.cluster - Adding discovered server ac-aoerbz6-shard-00-02.en0pykp.mongodb.net:27017 to client view of cluster
2026-03-25 13:39:33 [cluster-ClusterId{value='69c3983ceadec7e3738842f3', description='null'}-ac-aoerbz6-shard-00-00.en0pykp.mongodb.net:27017] INFO  org.mongodb.driver.cluster - Monitor thread successfully connected to server with description ServerDescription{address=ac-aoerbz6-shard-00-00.en0pykp.mongodb.net:27017, type=REPLICA_SET_SECONDARY, cryptd=false, state=CONNECTED, ok=true, minWireVersion=0, maxWireVersion=25, maxDocumentSize=16777216, logicalSessionTimeoutMinutes=30, roundTripTimeNanos=234645100, minRoundTripTimeNanos=0, setName='atlas-zt48hn-shard-0', canonicalAddress=ac-aoerbz6-shard-00-00.en0pykp.mongodb.net:27017, hosts=[ac-aoerbz6-shard-00-01.en0pykp.mongodb.net:27017, ac-aoerbz6-shard-00-00.en0pykp.mongodb.net:27017, ac-aoerbz6-shard-00-02.en0pykp.mongodb.net:27017], passives=[], arbiters=[], primary='ac-aoerbz6-shard-00-02.en0pykp.mongodb.net:27017', tagSet=TagSet{[Tag{name='availabilityZone', value='aps1-az1'}, Tag{name='diskState', value='READY'}, Tag{name='nodeType', value='ELECTABLE'}, Tag{name='provider', value='AWS'}, Tag{name='region', value='AP_SOUTH_1'}, Tag{name='workloadType', value='OPERATIONAL'}]}, electionId=null, setVersion=391, topologyVersion=TopologyVersion{processId=69b855abb14686967b76fdd6, counter=4}, lastWriteDate=Wed Mar 25 13:39:32 IST 2026, lastUpdateTimeNanos=161270838390100}
2026-03-25 13:39:33 [cluster-ClusterId{value='69c3983ceadec7e3738842f3', description='null'}-ac-aoerbz6-shard-00-01.en0pykp.mongodb.net:27017] INFO  org.mongodb.driver.cluster - Monitor thread successfully connected to server with description ServerDescription{address=ac-aoerbz6-shard-00-01.en0pykp.mongodb.net:27017, type=REPLICA_SET_SECONDARY, cryptd=false, state=CONNECTED, ok=true, minWireVersion=0, maxWireVersion=25, maxDocumentSize=16777216, logicalSessionTimeoutMinutes=30, roundTripTimeNanos=225665700, minRoundTripTimeNanos=0, setName='atlas-zt48hn-shard-0', canonicalAddress=ac-aoerbz6-shard-00-01.en0pykp.mongodb.net:27017, hosts=[ac-aoerbz6-shard-00-01.en0pykp.mongodb.net:27017, ac-aoerbz6-shard-00-00.en0pykp.mongodb.net:27017, ac-aoerbz6-shard-00-02.en0pykp.mongodb.net:27017], passives=[], arbiters=[], primary='ac-aoerbz6-shard-00-02.en0pykp.mongodb.net:27017', tagSet=TagSet{[Tag{name='availabilityZone', value='aps1-az3'}, Tag{name='diskState', value='READY'}, Tag{name='nodeType', value='ELECTABLE'}, Tag{name='provider', value='AWS'}, Tag{name='region', value='AP_SOUTH_1'}, Tag{name='workloadType', value='OPERATIONAL'}]}, electionId=null, setVersion=391, topologyVersion=TopologyVersion{processId=69b85ccb4b84e800f9f6512d, counter=3}, lastWriteDate=Wed Mar 25 13:39:32 IST 2026, lastUpdateTimeNanos=161270838390100}
2026-03-25 13:39:33 [cluster-ClusterId{value='69c3983ceadec7e3738842f3', description='null'}-ac-aoerbz6-shard-00-02.en0pykp.mongodb.net:27017] INFO  org.mongodb.driver.cluster - Monitor thread successfully connected to server with description ServerDescription{address=ac-aoerbz6-shard-00-02.en0pykp.mongodb.net:27017, type=REPLICA_SET_PRIMARY, cryptd=false, state=CONNECTED, ok=true, minWireVersion=0, maxWireVersion=25, maxDocumentSize=16777216, logicalSessionTimeoutMinutes=30, roundTripTimeNanos=209543400, minRoundTripTimeNanos=0, setName='atlas-zt48hn-shard-0', canonicalAddress=ac-aoerbz6-shard-00-02.en0pykp.mongodb.net:27017, hosts=[ac-aoerbz6-shard-00-01.en0pykp.mongodb.net:27017, ac-aoerbz6-shard-00-00.en0pykp.mongodb.net:27017, ac-aoerbz6-shard-00-02.en0pykp.mongodb.net:27017], passives=[], arbiters=[], primary='ac-aoerbz6-shard-00-02.en0pykp.mongodb.net:27017', tagSet=TagSet{[Tag{name='availabilityZone', value='aps1-az2'}, Tag{name='diskState', value='READY'}, Tag{name='nodeType', value='ELECTABLE'}, Tag{name='provider', value='AWS'}, Tag{name='region', value='AP_SOUTH_1'}, Tag{name='workloadType', value='OPERATIONAL'}]}, electionId=7fffffff0000000000000156, setVersion=391, topologyVersion=TopologyVersion{processId=69b859a89b4f2018f8b26ac6, counter=6}, lastWriteDate=Wed Mar 25 13:39:32 IST 2026, lastUpdateTimeNanos=161270838390000}
2026-03-25 13:39:33 [cluster-ClusterId{value='69c3983ceadec7e3738842f3', description='null'}-ac-aoerbz6-shard-00-02.en0pykp.mongodb.net:27017] INFO  org.mongodb.driver.cluster - Discovered replica set primary ac-aoerbz6-shard-00-02.en0pykp.mongodb.net:27017 with max election id 7fffffff0000000000000156 and max set version 391
2026-03-25 13:39:33 [main] WARN  com.password4j.PropertyReader - bcrypt minor version is not defined. Default value is used (b). Please set property hash.bcrypt.minor in your psw4j.properties file.
2026-03-25 13:39:33 [main] WARN  com.password4j.PropertyReader - bcrypt rounds are not defined. Default value is used (10). Please set property hash.bcrypt.rounds in your psw4j.properties file.
2026-03-25 13:39:33 [main] INFO  org.springframework.security.config.annotation.authentication.configuration.InitializeUserDetailsBeanManagerConfigurer$InitializeUserDetailsManagerConfigurer - Global AuthenticationManager configured with UserDetailsService bean with name userDetailsImpl
2026-03-25 13:39:33 [main] INFO  org.apache.coyote.http11.Http11NioProtocol - Starting ProtocolHandler ["http-nio-8080"]
2026-03-25 13:39:33 [main] INFO  org.springframework.boot.tomcat.TomcatWebServer - Tomcat started on port 8080 (http) with context path '/'
2026-03-25 13:39:33 [main] INFO  com.example.BookingApplication.BookingApplication - Started BookingApplication in 2.554 seconds (process running for 2.976)
2026-03-25 13:40:31 [http-nio-8080-exec-1] INFO  org.apache.catalina.core.ContainerBase.[Tomcat].[localhost].[/] - Initializing Spring DispatcherServlet 'dispatcherServlet'
2026-03-25 13:40:31 [http-nio-8080-exec-1] INFO  org.springframework.web.servlet.DispatcherServlet - Initializing Servlet 'dispatcherServlet'
2026-03-25 13:40:31 [http-nio-8080-exec-1] INFO  org.springframework.web.servlet.DispatcherServlet - Completed initialization in 1 ms
2026-03-25 13:40:31 [http-nio-8080-exec-1] WARN  org.springframework.web.servlet.handler.HandlerMappingIntrospector - Cache miss for REQUEST dispatch to '/getstarted/List' (previous null). Performing CorsConfiguration lookup. This is logged once only at WARN level, and every time at TRACE.
2026-03-25 13:41:06 [http-nio-8080-exec-7] ERROR org.apache.catalina.core.ContainerBase.[Tomcat].[localhost].[/].[dispatcherServlet] - Servlet.service() for servlet [dispatcherServlet] in context with path [] threw exception [Request processing failed: java.lang.NullPointerException: Cannot invoke "com.google.gson.JsonElement.getAsString()" because the return value of "com.google.gson.JsonObject.get(String)" is null] with root cause
java.lang.NullPointerException: Cannot invoke "com.google.gson.JsonElement.getAsString()" because the return value of "com.google.gson.JsonObject.get(String)" is null
	at com.example.BookingApplication.Controllers.WebhookController.handleWebhook(WebhookController.java:60)
	at java.base/jdk.internal.reflect.DirectMethodHandleAccessor.invoke(DirectMethodHandleAccessor.java:103)
	at java.base/java.lang.reflect.Method.invoke(Method.java:580)
	at org.springframework.web.method.support.InvocableHandlerMethod.doInvoke(InvocableHandlerMethod.java:252)
	at org.springframework.web.method.support.InvocableHandlerMethod.invokeForRequest(InvocableHandlerMethod.java:184)
	at org.springframework.web.servlet.mvc.method.annotation.ServletInvocableHandlerMethod.invokeAndHandle(ServletInvocableHandlerMethod.java:117)
	at org.springframework.web.servlet.mvc.method.annotation.RequestMappingHandlerAdapter.invokeHandlerMethod(RequestMappingHandlerAdapter.java:934)
	at org.springframework.web.servlet.mvc.method.annotation.RequestMappingHandlerAdapter.handleInternal(RequestMappingHandlerAdapter.java:853)
	at org.springframework.web.servlet.mvc.method.AbstractHandlerMethodAdapter.handle(AbstractHandlerMethodAdapter.java:86)
	at org.springframework.web.servlet.DispatcherServlet.doDispatch(DispatcherServlet.java:963)
	at org.springframework.web.servlet.DispatcherServlet.doService(DispatcherServlet.java:866)
	at org.springframework.web.servlet.FrameworkServlet.processRequest(FrameworkServlet.java:1000)
	at org.springframework.web.servlet.FrameworkServlet.doPost(FrameworkServlet.java:903)
	at jakarta.servlet.http.HttpServlet.service(HttpServlet.java:649)
	at org.springframework.web.servlet.FrameworkServlet.service(FrameworkServlet.java:874)
	at jakarta.servlet.http.HttpServlet.service(HttpServlet.java:710)
	at org.apache.catalina.core.ApplicationFilterChain.doFilter(ApplicationFilterChain.java:128)
	at org.apache.tomcat.websocket.server.WsFilter.doFilter(WsFilter.java:53)
	at org.apache.catalina.core.ApplicationFilterChain.doFilter(ApplicationFilterChain.java:107)
	at org.springframework.web.filter.OncePerRequestFilter.doFilter(OncePerRequestFilter.java:110)
	at org.apache.catalina.core.ApplicationFilterChain.doFilter(ApplicationFilterChain.java:107)
	at org.springframework.web.filter.CompositeFilter$VirtualFilterChain.doFilter(CompositeFilter.java:108)
	at org.springframework.security.web.FilterChainProxy.lambda$doFilterInternal$3(FilterChainProxy.java:235)
	at org.springframework.security.web.FilterChainProxy$VirtualFilterChain.doFilter(FilterChainProxy.java:371)
	at org.springframework.security.web.access.intercept.AuthorizationFilter.doFilter(AuthorizationFilter.java:101)
	at org.springframework.security.web.FilterChainProxy$VirtualFilterChain.doFilter(FilterChainProxy.java:380)
	at org.springframework.security.web.access.ExceptionTranslationFilter.doFilter(ExceptionTranslationFilter.java:126)
	at org.springframework.security.web.access.ExceptionTranslationFilter.doFilter(ExceptionTranslationFilter.java:120)
	at org.springframework.security.web.FilterChainProxy$VirtualFilterChain.doFilter(FilterChainProxy.java:380)
	at org.springframework.security.web.authentication.AnonymousAuthenticationFilter.doFilter(AnonymousAuthenticationFilter.java:100)
	at org.springframework.security.web.FilterChainProxy$VirtualFilterChain.doFilter(FilterChainProxy.java:380)
	at org.springframework.security.web.servletapi.SecurityContextHolderAwareRequestFilter.doFilter(SecurityContextHolderAwareRequestFilter.java:181)
	at org.springframework.security.web.FilterChainProxy$VirtualFilterChain.doFilter(FilterChainProxy.java:380)
	at org.springframework.security.web.savedrequest.RequestCacheAwareFilter.doFilter(RequestCacheAwareFilter.java:63)
	at org.springframework.security.web.FilterChainProxy$VirtualFilterChain.doFilter(FilterChainProxy.java:380)
	at com.example.BookingApplication.Filter.Filterjwt.doFilterInternal(Filterjwt.java:51)
	at org.springframework.web.filter.OncePerRequestFilter.doFilter(OncePerRequestFilter.java:116)
	at org.springframework.security.web.FilterChainProxy$VirtualFilterChain.doFilter(FilterChainProxy.java:380)
	at org.springframework.security.web.authentication.logout.LogoutFilter.doFilter(LogoutFilter.java:110)
	at org.springframework.security.web.authentication.logout.LogoutFilter.doFilter(LogoutFilter.java:96)
	at org.springframework.security.web.FilterChainProxy$VirtualFilterChain.doFilter(FilterChainProxy.java:380)
	at org.springframework.web.filter.CorsFilter.doFilterInternal(CorsFilter.java:91)
	at org.springframework.web.filter.OncePerRequestFilter.doFilter(OncePerRequestFilter.java:116)
	at org.springframework.security.web.FilterChainProxy$VirtualFilterChain.doFilter(FilterChainProxy.java:380)
	at org.springframework.security.web.header.HeaderWriterFilter.doHeadersAfter(HeaderWriterFilter.java:90)
	at org.springframework.security.web.header.HeaderWriterFilter.doFilterInternal(HeaderWriterFilter.java:75)
	at org.springframework.web.filter.OncePerRequestFilter.doFilter(OncePerRequestFilter.java:116)
	at org.springframework.security.web.FilterChainProxy$VirtualFilterChain.doFilter(FilterChainProxy.java:380)
	at org.springframework.security.web.context.SecurityContextHolderFilter.doFilter(SecurityContextHolderFilter.java:82)
	at org.springframework.security.web.context.SecurityContextHolderFilter.doFilter(SecurityContextHolderFilter.java:69)
	at org.springframework.security.web.FilterChainProxy$VirtualFilterChain.doFilter(FilterChainProxy.java:380)
	at org.springframework.security.web.context.request.async.WebAsyncManagerIntegrationFilter.doFilterInternal(WebAsyncManagerIntegrationFilter.java:62)
	at org.springframework.web.filter.OncePerRequestFilter.doFilter(OncePerRequestFilter.java:116)
	at org.springframework.security.web.FilterChainProxy$VirtualFilterChain.doFilter(FilterChainProxy.java:380)
	at org.springframework.security.web.session.DisableEncodeUrlFilter.doFilterInternal(DisableEncodeUrlFilter.java:42)
	at org.springframework.web.filter.OncePerRequestFilter.doFilter(OncePerRequestFilter.java:116)
	at org.springframework.security.web.FilterChainProxy$VirtualFilterChain.doFilter(FilterChainProxy.java:380)
	at org.springframework.security.web.FilterChainProxy.doFilterInternal(FilterChainProxy.java:237)
	at org.springframework.security.web.FilterChainProxy.doFilter(FilterChainProxy.java:195)
	at org.springframework.web.filter.CompositeFilter$VirtualFilterChain.doFilter(CompositeFilter.java:113)
	at org.springframework.web.filter.ServletRequestPathFilter.doFilter(ServletRequestPathFilter.java:52)
	at org.springframework.web.filter.CompositeFilter$VirtualFilterChain.doFilter(CompositeFilter.java:113)
	at org.springframework.web.filter.CompositeFilter.doFilter(CompositeFilter.java:74)
	at org.springframework.security.config.annotation.web.configuration.WebSecurityConfiguration$CompositeFilterChainProxy.doFilter(WebSecurityConfiguration.java:317)
	at org.springframework.web.filter.DelegatingFilterProxy.invokeDelegate(DelegatingFilterProxy.java:355)
	at org.springframework.web.filter.DelegatingFilterProxy.doFilter(DelegatingFilterProxy.java:272)
	at org.apache.catalina.core.ApplicationFilterChain.doFilter(ApplicationFilterChain.java:107)
	at org.springframework.web.filter.RequestContextFilter.doFilterInternal(RequestContextFilter.java:100)
	at org.springframework.web.filter.OncePerRequestFilter.doFilter(OncePerRequestFilter.java:116)
	at org.apache.catalina.core.ApplicationFilterChain.doFilter(ApplicationFilterChain.java:107)
	at org.springframework.web.filter.FormContentFilter.doFilterInternal(FormContentFilter.java:93)
	at org.springframework.web.filter.OncePerRequestFilter.doFilter(OncePerRequestFilter.java:116)
	at org.apache.catalina.core.ApplicationFilterChain.doFilter(ApplicationFilterChain.java:107)
	at org.springframework.web.filter.CharacterEncodingFilter.doFilterInternal(CharacterEncodingFilter.java:199)
	at org.springframework.web.filter.OncePerRequestFilter.doFilter(OncePerRequestFilter.java:116)
	at org.apache.catalina.core.ApplicationFilterChain.doFilter(ApplicationFilterChain.java:107)
	at org.apache.catalina.core.StandardWrapperValve.invoke(StandardWrapperValve.java:165)
	at org.apache.catalina.core.StandardContextValve.invoke(StandardContextValve.java:77)
	at org.apache.catalina.authenticator.AuthenticatorBase.invoke(AuthenticatorBase.java:492)
	at org.apache.catalina.core.StandardHostValve.invoke(StandardHostValve.java:113)
	at org.apache.catalina.valves.ErrorReportValve.invoke(ErrorReportValve.java:83)
	at org.apache.catalina.core.StandardEngineValve.invoke(StandardEngineValve.java:72)
	at org.apache.catalina.connector.CoyoteAdapter.service(CoyoteAdapter.java:341)
	at org.apache.coyote.http11.Http11Processor.service(Http11Processor.java:397)
	at org.apache.coyote.AbstractProcessorLight.process(AbstractProcessorLight.java:63)
	at org.apache.coyote.AbstractProtocol$ConnectionHandler.process(AbstractProtocol.java:903)
	at org.apache.tomcat.util.net.NioEndpoint$SocketProcessor.doRun(NioEndpoint.java:1779)
	at org.apache.tomcat.util.net.SocketProcessorBase.run(SocketProcessorBase.java:52)
	at org.apache.tomcat.util.threads.ThreadPoolExecutor.runWorker(ThreadPoolExecutor.java:946)
	at org.apache.tomcat.util.threads.ThreadPoolExecutor$Worker.run(ThreadPoolExecutor.java:480)
	at org.apache.tomcat.util.threads.TaskThread$WrappingRunnable.run(TaskThread.java:57)
	at java.base/java.lang.Thread.run(Thread.java:1583)
2026-03-25 13:51:40 [SpringApplicationShutdownHook] INFO  org.springframework.boot.tomcat.GracefulShutdown - Commencing graceful shutdown. Waiting for active requests to complete
2026-03-25 13:51:40 [tomcat-shutdown] INFO  org.springframework.boot.tomcat.GracefulShutdown - Graceful shutdown complete
2026-03-25 13:53:58 [main] INFO  com.example.BookingApplication.BookingApplication - Starting BookingApplication using Java 21.0.7 with PID 412 (C:\Users\ADMIN\Downloads\BookingApplication\BookingApplication\target\classes started by ADMIN in C:\Users\ADMIN\Downloads\BookingApplication)
2026-03-25 13:53:58 [main] INFO  com.example.BookingApplication.BookingApplication - No active profile set, falling back to 1 default profile: "default"
2026-03-25 13:53:59 [main] INFO  org.springframework.data.repository.config.RepositoryConfigurationDelegate - Multiple Spring Data modules found, entering strict repository configuration mode
2026-03-25 13:53:59 [main] INFO  org.springframework.data.repository.config.RepositoryConfigurationDelegate - Bootstrapping Spring Data MongoDB repositories in DEFAULT mode.
2026-03-25 13:53:59 [main] INFO  org.springframework.data.repository.config.RepositoryConfigurationDelegate - Finished Spring Data repository scanning in 83 ms. Found 3 MongoDB repository interfaces.
2026-03-25 13:53:59 [main] INFO  org.springframework.data.repository.config.RepositoryConfigurationDelegate - Multiple Spring Data modules found, entering strict repository configuration mode
2026-03-25 13:53:59 [main] INFO  org.springframework.data.repository.config.RepositoryConfigurationDelegate - Bootstrapping Spring Data Redis repositories in DEFAULT mode.
2026-03-25 13:53:59 [main] INFO  org.springframework.data.repository.config.RepositoryConfigurationExtensionSupport - Spring Data Redis - Could not safely identify store assignment for repository candidate interface com.example.BookingApplication.Repositories.BookingsRepository; If you want this repository to be a Redis repository, consider annotating your entities with one of these annotations: org.springframework.data.redis.core.RedisHash (preferred), or consider extending one of the following types with your repository: org.springframework.data.keyvalue.repository.KeyValueRepository
2026-03-25 13:53:59 [main] INFO  org.springframework.data.repository.config.RepositoryConfigurationExtensionSupport - Spring Data Redis - Could not safely identify store assignment for repository candidate interface com.example.BookingApplication.Repositories.StudioRepository; If you want this repository to be a Redis repository, consider annotating your entities with one of these annotations: org.springframework.data.redis.core.RedisHash (preferred), or consider extending one of the following types with your repository: org.springframework.data.keyvalue.repository.KeyValueRepository
2026-03-25 13:53:59 [main] INFO  org.springframework.data.repository.config.RepositoryConfigurationExtensionSupport - Spring Data Redis - Could not safely identify store assignment for repository candidate interface com.example.BookingApplication.Repositories.UserRepository; If you want this repository to be a Redis repository, consider annotating your entities with one of these annotations: org.springframework.data.redis.core.RedisHash (preferred), or consider extending one of the following types with your repository: org.springframework.data.keyvalue.repository.KeyValueRepository
2026-03-25 13:53:59 [main] INFO  org.springframework.data.repository.config.RepositoryConfigurationDelegate - Finished Spring Data repository scanning in 5 ms. Found 0 Redis repository interfaces.
2026-03-25 13:53:59 [main] INFO  org.springframework.boot.tomcat.TomcatWebServer - Tomcat initialized with port 8080 (http)
2026-03-25 13:53:59 [main] INFO  org.apache.coyote.http11.Http11NioProtocol - Initializing ProtocolHandler ["http-nio-8080"]
2026-03-25 13:53:59 [main] INFO  org.apache.catalina.core.StandardService - Starting service [Tomcat]
2026-03-25 13:53:59 [main] INFO  org.apache.catalina.core.StandardEngine - Starting Servlet engine: [Apache Tomcat/11.0.18]
2026-03-25 13:53:59 [main] INFO  org.springframework.boot.web.context.servlet.WebApplicationContextInitializer - Root WebApplicationContext: initialization completed in 975 ms
2026-03-25 13:54:00 [main] INFO  org.mongodb.driver.client - MongoClient with metadata {"driver": {"name": "mongo-java-driver|spring-boot|sync", "version": "5.6.4"}, "os": {"type": "Windows", "name": "Windows 11", "architecture": "amd64", "version": "10.0"}, "platform": "Java/Oracle Corporation/21.0.7+8-LTS-245"} created with settings MongoClientSettings{readPreference=primary, writeConcern=WriteConcern{w=majority, wTimeout=null ms, journal=null}, retryWrites=true, retryReads=true, readConcern=ReadConcern{level=null}, credential=MongoCredential{mechanism=null, userName='root', source='admin', password=<hidden>, mechanismProperties=<hidden>}, transportSettings=null, commandListeners=[], codecRegistry=ProvidersCodecRegistry{codecProviders=[ValueCodecProvider{}, BsonValueCodecProvider{}, DBRefCodecProvider{}, DBObjectCodecProvider{}, DocumentCodecProvider{}, CollectionCodecProvider{}, IterableCodecProvider{}, MapCodecProvider{}, GeoJsonCodecProvider{}, GridFSFileCodecProvider{}, Jsr310CodecProvider{}, JsonObjectCodecProvider{}, BsonCodecProvider{}, com.mongodb.client.model.mql.ExpressionCodecProvider@9a9aa68, com.mongodb.Jep395RecordCodecProvider@3a3883c4, com.mongodb.KotlinCodecProvider@1537e43, EnumCodecProvider{}]}, loggerSettings=LoggerSettings{maxDocumentLength=1000}, clusterSettings={hosts=[127.0.0.1:27017], srvHost=cluster0.en0pykp.mongodb.net, srvServiceName=mongodb, mode=MULTIPLE, requiredClusterType=REPLICA_SET, requiredReplicaSetName='atlas-zt48hn-shard-0', serverSelector='null', clusterListeners='[]', serverSelectionTimeout='30000 ms', localThreshold='15 ms'}, socketSettings=SocketSettings{connectTimeoutMS=10000, readTimeoutMS=0, receiveBufferSize=0, proxySettings=ProxySettings{host=null, port=null, username=null, password=null}}, heartbeatSocketSettings=SocketSettings{connectTimeoutMS=10000, readTimeoutMS=10000, receiveBufferSize=0, proxySettings=ProxySettings{host=null, port=null, username=null, password=null}}, connectionPoolSettings=ConnectionPoolSettings{maxSize=100, minSize=0, maxWaitTimeMS=120000, maxConnectionLifeTimeMS=0, maxConnectionIdleTimeMS=0, maintenanceInitialDelayMS=0, maintenanceFrequencyMS=60000, connectionPoolListeners=[], maxConnecting=2}, serverSettings=ServerSettings{heartbeatFrequencyMS=10000, minHeartbeatFrequencyMS=500, serverMonitoringMode=AUTO, serverListeners='[]', serverMonitorListeners='[]'}, sslSettings=SslSettings{enabled=true, invalidHostNameAllowed=false, context=null}, applicationName='null', compressorList=[], uuidRepresentation=UNSPECIFIED, serverApi=null, autoEncryptionSettings=null, dnsClient=null, inetAddressResolver=null, contextProvider=null, timeoutMS=null}
2026-03-25 13:54:00 [cluster-ClusterId{value='69c39ba0fd6499dd0682064d', description='null'}-srv-cluster0.en0pykp.mongodb.net] INFO  org.mongodb.driver.cluster - Adding discovered server ac-aoerbz6-shard-00-01.en0pykp.mongodb.net:27017 to client view of cluster
2026-03-25 13:54:00 [cluster-ClusterId{value='69c39ba0fd6499dd0682064d', description='null'}-srv-cluster0.en0pykp.mongodb.net] INFO  org.mongodb.driver.cluster - Adding discovered server ac-aoerbz6-shard-00-00.en0pykp.mongodb.net:27017 to client view of cluster
2026-03-25 13:54:00 [cluster-ClusterId{value='69c39ba0fd6499dd0682064d', description='null'}-srv-cluster0.en0pykp.mongodb.net] INFO  org.mongodb.driver.cluster - Adding discovered server ac-aoerbz6-shard-00-02.en0pykp.mongodb.net:27017 to client view of cluster
2026-03-25 13:54:00 [cluster-ClusterId{value='69c39ba0fd6499dd0682064d', description='null'}-ac-aoerbz6-shard-00-00.en0pykp.mongodb.net:27017] INFO  org.mongodb.driver.cluster - Monitor thread successfully connected to server with description ServerDescription{address=ac-aoerbz6-shard-00-00.en0pykp.mongodb.net:27017, type=REPLICA_SET_SECONDARY, cryptd=false, state=CONNECTED, ok=true, minWireVersion=0, maxWireVersion=25, maxDocumentSize=16777216, logicalSessionTimeoutMinutes=30, roundTripTimeNanos=252294500, minRoundTripTimeNanos=0, setName='atlas-zt48hn-shard-0', canonicalAddress=ac-aoerbz6-shard-00-00.en0pykp.mongodb.net:27017, hosts=[ac-aoerbz6-shard-00-01.en0pykp.mongodb.net:27017, ac-aoerbz6-shard-00-00.en0pykp.mongodb.net:27017, ac-aoerbz6-shard-00-02.en0pykp.mongodb.net:27017], passives=[], arbiters=[], primary='ac-aoerbz6-shard-00-02.en0pykp.mongodb.net:27017', tagSet=TagSet{[Tag{name='availabilityZone', value='aps1-az1'}, Tag{name='diskState', value='READY'}, Tag{name='nodeType', value='ELECTABLE'}, Tag{name='provider', value='AWS'}, Tag{name='region', value='AP_SOUTH_1'}, Tag{name='workloadType', value='OPERATIONAL'}]}, electionId=null, setVersion=391, topologyVersion=TopologyVersion{processId=69b855abb14686967b76fdd6, counter=4}, lastWriteDate=Wed Mar 25 13:54:00 IST 2026, lastUpdateTimeNanos=162138240507100}
2026-03-25 13:54:00 [cluster-ClusterId{value='69c39ba0fd6499dd0682064d', description='null'}-ac-aoerbz6-shard-00-01.en0pykp.mongodb.net:27017] INFO  org.mongodb.driver.cluster - Monitor thread successfully connected to server with description ServerDescription{address=ac-aoerbz6-shard-00-01.en0pykp.mongodb.net:27017, type=REPLICA_SET_SECONDARY, cryptd=false, state=CONNECTED, ok=true, minWireVersion=0, maxWireVersion=25, maxDocumentSize=16777216, logicalSessionTimeoutMinutes=30, roundTripTimeNanos=252294500, minRoundTripTimeNanos=0, setName='atlas-zt48hn-shard-0', canonicalAddress=ac-aoerbz6-shard-00-01.en0pykp.mongodb.net:27017, hosts=[ac-aoerbz6-shard-00-01.en0pykp.mongodb.net:27017, ac-aoerbz6-shard-00-00.en0pykp.mongodb.net:27017, ac-aoerbz6-shard-00-02.en0pykp.mongodb.net:27017], passives=[], arbiters=[], primary='ac-aoerbz6-shard-00-02.en0pykp.mongodb.net:27017', tagSet=TagSet{[Tag{name='availabilityZone', value='aps1-az3'}, Tag{name='diskState', value='READY'}, Tag{name='nodeType', value='ELECTABLE'}, Tag{name='provider', value='AWS'}, Tag{name='region', value='AP_SOUTH_1'}, Tag{name='workloadType', value='OPERATIONAL'}]}, electionId=null, setVersion=391, topologyVersion=TopologyVersion{processId=69b85ccb4b84e800f9f6512d, counter=3}, lastWriteDate=Wed Mar 25 13:54:00 IST 2026, lastUpdateTimeNanos=162138240507200}
2026-03-25 13:54:00 [cluster-ClusterId{value='69c39ba0fd6499dd0682064d', description='null'}-ac-aoerbz6-shard-00-02.en0pykp.mongodb.net:27017] INFO  org.mongodb.driver.cluster - Monitor thread successfully connected to server with description ServerDescription{address=ac-aoerbz6-shard-00-02.en0pykp.mongodb.net:27017, type=REPLICA_SET_PRIMARY, cryptd=false, state=CONNECTED, ok=true, minWireVersion=0, maxWireVersion=25, maxDocumentSize=16777216, logicalSessionTimeoutMinutes=30, roundTripTimeNanos=238129300, minRoundTripTimeNanos=0, setName='atlas-zt48hn-shard-0', canonicalAddress=ac-aoerbz6-shard-00-02.en0pykp.mongodb.net:27017, hosts=[ac-aoerbz6-shard-00-01.en0pykp.mongodb.net:27017, ac-aoerbz6-shard-00-00.en0pykp.mongodb.net:27017, ac-aoerbz6-shard-00-02.en0pykp.mongodb.net:27017], passives=[], arbiters=[], primary='ac-aoerbz6-shard-00-02.en0pykp.mongodb.net:27017', tagSet=TagSet{[Tag{name='availabilityZone', value='aps1-az2'}, Tag{name='diskState', value='READY'}, Tag{name='nodeType', value='ELECTABLE'}, Tag{name='provider', value='AWS'}, Tag{name='region', value='AP_SOUTH_1'}, Tag{name='workloadType', value='OPERATIONAL'}]}, electionId=7fffffff0000000000000156, setVersion=391, topologyVersion=TopologyVersion{processId=69b859a89b4f2018f8b26ac6, counter=6}, lastWriteDate=Wed Mar 25 13:54:00 IST 2026, lastUpdateTimeNanos=162138240507100}
2026-03-25 13:54:00 [cluster-ClusterId{value='69c39ba0fd6499dd0682064d', description='null'}-ac-aoerbz6-shard-00-02.en0pykp.mongodb.net:27017] INFO  org.mongodb.driver.cluster - Discovered replica set primary ac-aoerbz6-shard-00-02.en0pykp.mongodb.net:27017 with max election id 7fffffff0000000000000156 and max set version 391
2026-03-25 13:54:00 [main] WARN  com.password4j.PropertyReader - bcrypt minor version is not defined. Default value is used (b). Please set property hash.bcrypt.minor in your psw4j.properties file.
2026-03-25 13:54:00 [main] WARN  com.password4j.PropertyReader - bcrypt rounds are not defined. Default value is used (10). Please set property hash.bcrypt.rounds in your psw4j.properties file.
2026-03-25 13:54:00 [main] INFO  org.springframework.security.config.annotation.authentication.configuration.InitializeUserDetailsBeanManagerConfigurer$InitializeUserDetailsManagerConfigurer - Global AuthenticationManager configured with UserDetailsService bean with name userDetailsImpl
2026-03-25 13:54:01 [main] INFO  org.apache.coyote.http11.Http11NioProtocol - Starting ProtocolHandler ["http-nio-8080"]
2026-03-25 13:54:01 [main] INFO  org.springframework.boot.tomcat.TomcatWebServer - Tomcat started on port 8080 (http) with context path '/'
2026-03-25 13:54:01 [main] INFO  com.example.BookingApplication.BookingApplication - Started BookingApplication in 2.565 seconds (process running for 3.045)
2026-03-25 13:54:07 [http-nio-8080-exec-1] INFO  org.apache.catalina.core.ContainerBase.[Tomcat].[localhost].[/] - Initializing Spring DispatcherServlet 'dispatcherServlet'
2026-03-25 13:54:07 [http-nio-8080-exec-1] INFO  org.springframework.web.servlet.DispatcherServlet - Initializing Servlet 'dispatcherServlet'
2026-03-25 13:54:07 [http-nio-8080-exec-1] INFO  org.springframework.web.servlet.DispatcherServlet - Completed initialization in 3 ms
2026-03-25 13:54:07 [http-nio-8080-exec-1] WARN  org.springframework.web.servlet.handler.HandlerMappingIntrospector - Cache miss for REQUEST dispatch to '/getstarted/List' (previous null). Performing CorsConfiguration lookup. This is logged once only at WARN level, and every time at TRACE.
2026-03-25 13:55:03 [SpringApplicationShutdownHook] INFO  org.springframework.boot.tomcat.GracefulShutdown - Commencing graceful shutdown. Waiting for active requests to complete
2026-03-25 13:55:03 [tomcat-shutdown] INFO  org.springframework.boot.tomcat.GracefulShutdown - Graceful shutdown complete
2026-03-25 13:55:05 [main] INFO  com.example.BookingApplication.BookingApplication - Starting BookingApplication using Java 21.0.7 with PID 28652 (C:\Users\ADMIN\Downloads\BookingApplication\BookingApplication\target\classes started by ADMIN in C:\Users\ADMIN\Downloads\BookingApplication)
2026-03-25 13:55:05 [main] INFO  com.example.BookingApplication.BookingApplication - No active profile set, falling back to 1 default profile: "default"
2026-03-25 13:55:05 [main] INFO  org.springframework.data.repository.config.RepositoryConfigurationDelegate - Multiple Spring Data modules found, entering strict repository configuration mode
2026-03-25 13:55:05 [main] INFO  org.springframework.data.repository.config.RepositoryConfigurationDelegate - Bootstrapping Spring Data MongoDB repositories in DEFAULT mode.
2026-03-25 13:55:05 [main] INFO  org.springframework.data.repository.config.RepositoryConfigurationDelegate - Finished Spring Data repository scanning in 80 ms. Found 3 MongoDB repository interfaces.
2026-03-25 13:55:05 [main] INFO  org.springframework.data.repository.config.RepositoryConfigurationDelegate - Multiple Spring Data modules found, entering strict repository configuration mode
2026-03-25 13:55:05 [main] INFO  org.springframework.data.repository.config.RepositoryConfigurationDelegate - Bootstrapping Spring Data Redis repositories in DEFAULT mode.
2026-03-25 13:55:05 [main] INFO  org.springframework.data.repository.config.RepositoryConfigurationExtensionSupport - Spring Data Redis - Could not safely identify store assignment for repository candidate interface com.example.BookingApplication.Repositories.BookingsRepository; If you want this repository to be a Redis repository, consider annotating your entities with one of these annotations: org.springframework.data.redis.core.RedisHash (preferred), or consider extending one of the following types with your repository: org.springframework.data.keyvalue.repository.KeyValueRepository
2026-03-25 13:55:05 [main] INFO  org.springframework.data.repository.config.RepositoryConfigurationExtensionSupport - Spring Data Redis - Could not safely identify store assignment for repository candidate interface com.example.BookingApplication.Repositories.StudioRepository; If you want this repository to be a Redis repository, consider annotating your entities with one of these annotations: org.springframework.data.redis.core.RedisHash (preferred), or consider extending one of the following types with your repository: org.springframework.data.keyvalue.repository.KeyValueRepository
2026-03-25 13:55:05 [main] INFO  org.springframework.data.repository.config.RepositoryConfigurationExtensionSupport - Spring Data Redis - Could not safely identify store assignment for repository candidate interface com.example.BookingApplication.Repositories.UserRepository; If you want this repository to be a Redis repository, consider annotating your entities with one of these annotations: org.springframework.data.redis.core.RedisHash (preferred), or consider extending one of the following types with your repository: org.springframework.data.keyvalue.repository.KeyValueRepository
2026-03-25 13:55:05 [main] INFO  org.springframework.data.repository.config.RepositoryConfigurationDelegate - Finished Spring Data repository scanning in 6 ms. Found 0 Redis repository interfaces.
2026-03-25 13:55:06 [main] INFO  org.springframework.boot.tomcat.TomcatWebServer - Tomcat initialized with port 8080 (http)
2026-03-25 13:55:06 [main] INFO  org.apache.coyote.http11.Http11NioProtocol - Initializing ProtocolHandler ["http-nio-8080"]
2026-03-25 13:55:06 [main] INFO  org.apache.catalina.core.StandardService - Starting service [Tomcat]
2026-03-25 13:55:06 [main] INFO  org.apache.catalina.core.StandardEngine - Starting Servlet engine: [Apache Tomcat/11.0.18]
2026-03-25 13:55:06 [main] INFO  org.springframework.boot.web.context.servlet.WebApplicationContextInitializer - Root WebApplicationContext: initialization completed in 1059 ms
2026-03-25 13:55:06 [main] INFO  org.mongodb.driver.client - MongoClient with metadata {"driver": {"name": "mongo-java-driver|spring-boot|sync", "version": "5.6.4"}, "os": {"type": "Windows", "name": "Windows 11", "architecture": "amd64", "version": "10.0"}, "platform": "Java/Oracle Corporation/21.0.7+8-LTS-245"} created with settings MongoClientSettings{readPreference=primary, writeConcern=WriteConcern{w=majority, wTimeout=null ms, journal=null}, retryWrites=true, retryReads=true, readConcern=ReadConcern{level=null}, credential=MongoCredential{mechanism=null, userName='root', source='admin', password=<hidden>, mechanismProperties=<hidden>}, transportSettings=null, commandListeners=[], codecRegistry=ProvidersCodecRegistry{codecProviders=[ValueCodecProvider{}, BsonValueCodecProvider{}, DBRefCodecProvider{}, DBObjectCodecProvider{}, DocumentCodecProvider{}, CollectionCodecProvider{}, IterableCodecProvider{}, MapCodecProvider{}, GeoJsonCodecProvider{}, GridFSFileCodecProvider{}, Jsr310CodecProvider{}, JsonObjectCodecProvider{}, BsonCodecProvider{}, com.mongodb.client.model.mql.ExpressionCodecProvider@9a9aa68, com.mongodb.Jep395RecordCodecProvider@3a3883c4, com.mongodb.KotlinCodecProvider@1537e43, EnumCodecProvider{}]}, loggerSettings=LoggerSettings{maxDocumentLength=1000}, clusterSettings={hosts=[127.0.0.1:27017], srvHost=cluster0.en0pykp.mongodb.net, srvServiceName=mongodb, mode=MULTIPLE, requiredClusterType=REPLICA_SET, requiredReplicaSetName='atlas-zt48hn-shard-0', serverSelector='null', clusterListeners='[]', serverSelectionTimeout='30000 ms', localThreshold='15 ms'}, socketSettings=SocketSettings{connectTimeoutMS=10000, readTimeoutMS=0, receiveBufferSize=0, proxySettings=ProxySettings{host=null, port=null, username=null, password=null}}, heartbeatSocketSettings=SocketSettings{connectTimeoutMS=10000, readTimeoutMS=10000, receiveBufferSize=0, proxySettings=ProxySettings{host=null, port=null, username=null, password=null}}, connectionPoolSettings=ConnectionPoolSettings{maxSize=100, minSize=0, maxWaitTimeMS=120000, maxConnectionLifeTimeMS=0, maxConnectionIdleTimeMS=0, maintenanceInitialDelayMS=0, maintenanceFrequencyMS=60000, connectionPoolListeners=[], maxConnecting=2}, serverSettings=ServerSettings{heartbeatFrequencyMS=10000, minHeartbeatFrequencyMS=500, serverMonitoringMode=AUTO, serverListeners='[]', serverMonitorListeners='[]'}, sslSettings=SslSettings{enabled=true, invalidHostNameAllowed=false, context=null}, applicationName='null', compressorList=[], uuidRepresentation=UNSPECIFIED, serverApi=null, autoEncryptionSettings=null, dnsClient=null, inetAddressResolver=null, contextProvider=null, timeoutMS=null}
2026-03-25 13:55:06 [cluster-ClusterId{value='69c39be22917a68603113936', description='null'}-srv-cluster0.en0pykp.mongodb.net] INFO  org.mongodb.driver.cluster - Adding discovered server ac-aoerbz6-shard-00-01.en0pykp.mongodb.net:27017 to client view of cluster
2026-03-25 13:55:06 [cluster-ClusterId{value='69c39be22917a68603113936', description='null'}-srv-cluster0.en0pykp.mongodb.net] INFO  org.mongodb.driver.cluster - Adding discovered server ac-aoerbz6-shard-00-00.en0pykp.mongodb.net:27017 to client view of cluster
2026-03-25 13:55:06 [cluster-ClusterId{value='69c39be22917a68603113936', description='null'}-srv-cluster0.en0pykp.mongodb.net] INFO  org.mongodb.driver.cluster - Adding discovered server ac-aoerbz6-shard-00-02.en0pykp.mongodb.net:27017 to client view of cluster
2026-03-25 13:55:06 [cluster-ClusterId{value='69c39be22917a68603113936', description='null'}-ac-aoerbz6-shard-00-01.en0pykp.mongodb.net:27017] INFO  org.mongodb.driver.cluster - Monitor thread successfully connected to server with description ServerDescription{address=ac-aoerbz6-shard-00-01.en0pykp.mongodb.net:27017, type=REPLICA_SET_SECONDARY, cryptd=false, state=CONNECTED, ok=true, minWireVersion=0, maxWireVersion=25, maxDocumentSize=16777216, logicalSessionTimeoutMinutes=30, roundTripTimeNanos=231702300, minRoundTripTimeNanos=0, setName='atlas-zt48hn-shard-0', canonicalAddress=ac-aoerbz6-shard-00-01.en0pykp.mongodb.net:27017, hosts=[ac-aoerbz6-shard-00-01.en0pykp.mongodb.net:27017, ac-aoerbz6-shard-00-00.en0pykp.mongodb.net:27017, ac-aoerbz6-shard-00-02.en0pykp.mongodb.net:27017], passives=[], arbiters=[], primary='ac-aoerbz6-shard-00-02.en0pykp.mongodb.net:27017', tagSet=TagSet{[Tag{name='availabilityZone', value='aps1-az3'}, Tag{name='diskState', value='READY'}, Tag{name='nodeType', value='ELECTABLE'}, Tag{name='provider', value='AWS'}, Tag{name='region', value='AP_SOUTH_1'}, Tag{name='workloadType', value='OPERATIONAL'}]}, electionId=null, setVersion=391, topologyVersion=TopologyVersion{processId=69b85ccb4b84e800f9f6512d, counter=3}, lastWriteDate=Wed Mar 25 13:55:06 IST 2026, lastUpdateTimeNanos=162204343847400}
2026-03-25 13:55:06 [cluster-ClusterId{value='69c39be22917a68603113936', description='null'}-ac-aoerbz6-shard-00-02.en0pykp.mongodb.net:27017] INFO  org.mongodb.driver.cluster - Monitor thread successfully connected to server with description ServerDescription{address=ac-aoerbz6-shard-00-02.en0pykp.mongodb.net:27017, type=REPLICA_SET_PRIMARY, cryptd=false, state=CONNECTED, ok=true, minWireVersion=0, maxWireVersion=25, maxDocumentSize=16777216, logicalSessionTimeoutMinutes=30, roundTripTimeNanos=232422100, minRoundTripTimeNanos=0, setName='atlas-zt48hn-shard-0', canonicalAddress=ac-aoerbz6-shard-00-02.en0pykp.mongodb.net:27017, hosts=[ac-aoerbz6-shard-00-01.en0pykp.mongodb.net:27017, ac-aoerbz6-shard-00-00.en0pykp.mongodb.net:27017, ac-aoerbz6-shard-00-02.en0pykp.mongodb.net:27017], passives=[], arbiters=[], primary='ac-aoerbz6-shard-00-02.en0pykp.mongodb.net:27017', tagSet=TagSet{[Tag{name='availabilityZone', value='aps1-az2'}, Tag{name='diskState', value='READY'}, Tag{name='nodeType', value='ELECTABLE'}, Tag{name='provider', value='AWS'}, Tag{name='region', value='AP_SOUTH_1'}, Tag{name='workloadType', value='OPERATIONAL'}]}, electionId=7fffffff0000000000000156, setVersion=391, topologyVersion=TopologyVersion{processId=69b859a89b4f2018f8b26ac6, counter=6}, lastWriteDate=Wed Mar 25 13:55:06 GMT+05:30 2026, lastUpdateTimeNanos=162204343847400}
2026-03-25 13:55:06 [cluster-ClusterId{value='69c39be22917a68603113936', description='null'}-ac-aoerbz6-shard-00-00.en0pykp.mongodb.net:27017] INFO  org.mongodb.driver.cluster - Monitor thread successfully connected to server with description ServerDescription{address=ac-aoerbz6-shard-00-00.en0pykp.mongodb.net:27017, type=REPLICA_SET_SECONDARY, cryptd=false, state=CONNECTED, ok=true, minWireVersion=0, maxWireVersion=25, maxDocumentSize=16777216, logicalSessionTimeoutMinutes=30, roundTripTimeNanos=231489400, minRoundTripTimeNanos=0, setName='atlas-zt48hn-shard-0', canonicalAddress=ac-aoerbz6-shard-00-00.en0pykp.mongodb.net:27017, hosts=[ac-aoerbz6-shard-00-01.en0pykp.mongodb.net:27017, ac-aoerbz6-shard-00-00.en0pykp.mongodb.net:27017, ac-aoerbz6-shard-00-02.en0pykp.mongodb.net:27017], passives=[], arbiters=[], primary='ac-aoerbz6-shard-00-02.en0pykp.mongodb.net:27017', tagSet=TagSet{[Tag{name='availabilityZone', value='aps1-az1'}, Tag{name='diskState', value='READY'}, Tag{name='nodeType', value='ELECTABLE'}, Tag{name='provider', value='AWS'}, Tag{name='region', value='AP_SOUTH_1'}, Tag{name='workloadType', value='OPERATIONAL'}]}, electionId=null, setVersion=391, topologyVersion=TopologyVersion{processId=69b855abb14686967b76fdd6, counter=4}, lastWriteDate=Wed Mar 25 13:55:06 GMT+05:30 2026, lastUpdateTimeNanos=162204343847400}
2026-03-25 13:55:06 [cluster-ClusterId{value='69c39be22917a68603113936', description='null'}-ac-aoerbz6-shard-00-02.en0pykp.mongodb.net:27017] INFO  org.mongodb.driver.cluster - Discovered replica set primary ac-aoerbz6-shard-00-02.en0pykp.mongodb.net:27017 with max election id 7fffffff0000000000000156 and max set version 391
2026-03-25 13:55:06 [main] WARN  com.password4j.PropertyReader - bcrypt minor version is not defined. Default value is used (b). Please set property hash.bcrypt.minor in your psw4j.properties file.
2026-03-25 13:55:06 [main] WARN  com.password4j.PropertyReader - bcrypt rounds are not defined. Default value is used (10). Please set property hash.bcrypt.rounds in your psw4j.properties file.
2026-03-25 13:55:06 [main] INFO  org.springframework.security.config.annotation.authentication.configuration.InitializeUserDetailsBeanManagerConfigurer$InitializeUserDetailsManagerConfigurer - Global AuthenticationManager configured with UserDetailsService bean with name userDetailsImpl
2026-03-25 13:55:07 [main] INFO  org.apache.coyote.http11.Http11NioProtocol - Starting ProtocolHandler ["http-nio-8080"]
2026-03-25 13:55:07 [main] INFO  org.springframework.boot.tomcat.TomcatWebServer - Tomcat started on port 8080 (http) with context path '/'
2026-03-25 13:55:07 [main] INFO  com.example.BookingApplication.BookingApplication - Started BookingApplication in 2.655 seconds (process running for 3.128)
2026-03-25 13:55:08 [http-nio-8080-exec-1] INFO  org.apache.catalina.core.ContainerBase.[Tomcat].[localhost].[/] - Initializing Spring DispatcherServlet 'dispatcherServlet'
2026-03-25 13:55:08 [http-nio-8080-exec-1] INFO  org.springframework.web.servlet.DispatcherServlet - Initializing Servlet 'dispatcherServlet'
2026-03-25 13:55:08 [http-nio-8080-exec-1] INFO  org.springframework.web.servlet.DispatcherServlet - Completed initialization in 1 ms
2026-03-25 13:55:08 [http-nio-8080-exec-1] WARN  org.springframework.web.servlet.handler.HandlerMappingIntrospector - Cache miss for REQUEST dispatch to '/getstarted/List' (previous null). Performing CorsConfiguration lookup. This is logged once only at WARN level, and every time at TRACE.
2026-03-25 13:56:49 [SpringApplicationShutdownHook] INFO  org.springframework.boot.tomcat.GracefulShutdown - Commencing graceful shutdown. Waiting for active requests to complete
2026-03-25 13:56:49 [tomcat-shutdown] INFO  org.springframework.boot.tomcat.GracefulShutdown - Graceful shutdown complete
2026-03-25 13:56:51 [main] INFO  com.example.BookingApplication.BookingApplication - Starting BookingApplication using Java 21.0.7 with PID 5944 (C:\Users\ADMIN\Downloads\BookingApplication\BookingApplication\target\classes started by ADMIN in C:\Users\ADMIN\Downloads\BookingApplication)
2026-03-25 13:56:51 [main] INFO  com.example.BookingApplication.BookingApplication - No active profile set, falling back to 1 default profile: "default"
2026-03-25 13:56:52 [main] INFO  org.springframework.data.repository.config.RepositoryConfigurationDelegate - Multiple Spring Data modules found, entering strict repository configuration mode
2026-03-25 13:56:52 [main] INFO  org.springframework.data.repository.config.RepositoryConfigurationDelegate - Bootstrapping Spring Data MongoDB repositories in DEFAULT mode.
2026-03-25 13:56:52 [main] INFO  org.springframework.data.repository.config.RepositoryConfigurationDelegate - Finished Spring Data repository scanning in 98 ms. Found 3 MongoDB repository interfaces.
2026-03-25 13:56:52 [main] INFO  org.springframework.data.repository.config.RepositoryConfigurationDelegate - Multiple Spring Data modules found, entering strict repository configuration mode
2026-03-25 13:56:52 [main] INFO  org.springframework.data.repository.config.RepositoryConfigurationDelegate - Bootstrapping Spring Data Redis repositories in DEFAULT mode.
2026-03-25 13:56:52 [main] INFO  org.springframework.data.repository.config.RepositoryConfigurationExtensionSupport - Spring Data Redis - Could not safely identify store assignment for repository candidate interface com.example.BookingApplication.Repositories.BookingsRepository; If you want this repository to be a Redis repository, consider annotating your entities with one of these annotations: org.springframework.data.redis.core.RedisHash (preferred), or consider extending one of the following types with your repository: org.springframework.data.keyvalue.repository.KeyValueRepository
2026-03-25 13:56:52 [main] INFO  org.springframework.data.repository.config.RepositoryConfigurationExtensionSupport - Spring Data Redis - Could not safely identify store assignment for repository candidate interface com.example.BookingApplication.Repositories.StudioRepository; If you want this repository to be a Redis repository, consider annotating your entities with one of these annotations: org.springframework.data.redis.core.RedisHash (preferred), or consider extending one of the following types with your repository: org.springframework.data.keyvalue.repository.KeyValueRepository
2026-03-25 13:56:52 [main] INFO  org.springframework.data.repository.config.RepositoryConfigurationExtensionSupport - Spring Data Redis - Could not safely identify store assignment for repository candidate interface com.example.BookingApplication.Repositories.UserRepository; If you want this repository to be a Redis repository, consider annotating your entities with one of these annotations: org.springframework.data.redis.core.RedisHash (preferred), or consider extending one of the following types with your repository: org.springframework.data.keyvalue.repository.KeyValueRepository
2026-03-25 13:56:52 [main] INFO  org.springframework.data.repository.config.RepositoryConfigurationDelegate - Finished Spring Data repository scanning in 6 ms. Found 0 Redis repository interfaces.
2026-03-25 13:56:52 [main] INFO  org.springframework.boot.tomcat.TomcatWebServer - Tomcat initialized with port 8080 (http)
2026-03-25 13:56:52 [main] INFO  org.apache.coyote.http11.Http11NioProtocol - Initializing ProtocolHandler ["http-nio-8080"]
2026-03-25 13:56:52 [main] INFO  org.apache.catalina.core.StandardService - Starting service [Tomcat]
2026-03-25 13:56:52 [main] INFO  org.apache.catalina.core.StandardEngine - Starting Servlet engine: [Apache Tomcat/11.0.18]
2026-03-25 13:56:52 [main] INFO  org.springframework.boot.web.context.servlet.WebApplicationContextInitializer - Root WebApplicationContext: initialization completed in 1039 ms
2026-03-25 13:56:52 [main] INFO  org.mongodb.driver.client - MongoClient with metadata {"driver": {"name": "mongo-java-driver|spring-boot|sync", "version": "5.6.4"}, "os": {"type": "Windows", "name": "Windows 11", "architecture": "amd64", "version": "10.0"}, "platform": "Java/Oracle Corporation/21.0.7+8-LTS-245"} created with settings MongoClientSettings{readPreference=primary, writeConcern=WriteConcern{w=majority, wTimeout=null ms, journal=null}, retryWrites=true, retryReads=true, readConcern=ReadConcern{level=null}, credential=MongoCredential{mechanism=null, userName='root', source='admin', password=<hidden>, mechanismProperties=<hidden>}, transportSettings=null, commandListeners=[], codecRegistry=ProvidersCodecRegistry{codecProviders=[ValueCodecProvider{}, BsonValueCodecProvider{}, DBRefCodecProvider{}, DBObjectCodecProvider{}, DocumentCodecProvider{}, CollectionCodecProvider{}, IterableCodecProvider{}, MapCodecProvider{}, GeoJsonCodecProvider{}, GridFSFileCodecProvider{}, Jsr310CodecProvider{}, JsonObjectCodecProvider{}, BsonCodecProvider{}, com.mongodb.client.model.mql.ExpressionCodecProvider@1fcaea93, com.mongodb.Jep395RecordCodecProvider@6c9bf3b5, com.mongodb.KotlinCodecProvider@6f07d414, EnumCodecProvider{}]}, loggerSettings=LoggerSettings{maxDocumentLength=1000}, clusterSettings={hosts=[127.0.0.1:27017], srvHost=cluster0.en0pykp.mongodb.net, srvServiceName=mongodb, mode=MULTIPLE, requiredClusterType=REPLICA_SET, requiredReplicaSetName='atlas-zt48hn-shard-0', serverSelector='null', clusterListeners='[]', serverSelectionTimeout='30000 ms', localThreshold='15 ms'}, socketSettings=SocketSettings{connectTimeoutMS=10000, readTimeoutMS=0, receiveBufferSize=0, proxySettings=ProxySettings{host=null, port=null, username=null, password=null}}, heartbeatSocketSettings=SocketSettings{connectTimeoutMS=10000, readTimeoutMS=10000, receiveBufferSize=0, proxySettings=ProxySettings{host=null, port=null, username=null, password=null}}, connectionPoolSettings=ConnectionPoolSettings{maxSize=100, minSize=0, maxWaitTimeMS=120000, maxConnectionLifeTimeMS=0, maxConnectionIdleTimeMS=0, maintenanceInitialDelayMS=0, maintenanceFrequencyMS=60000, connectionPoolListeners=[], maxConnecting=2}, serverSettings=ServerSettings{heartbeatFrequencyMS=10000, minHeartbeatFrequencyMS=500, serverMonitoringMode=AUTO, serverListeners='[]', serverMonitorListeners='[]'}, sslSettings=SslSettings{enabled=true, invalidHostNameAllowed=false, context=null}, applicationName='null', compressorList=[], uuidRepresentation=UNSPECIFIED, serverApi=null, autoEncryptionSettings=null, dnsClient=null, inetAddressResolver=null, contextProvider=null, timeoutMS=null}
2026-03-25 13:56:52 [cluster-ClusterId{value='69c39c4c879a39d38922f23f', description='null'}-srv-cluster0.en0pykp.mongodb.net] INFO  org.mongodb.driver.cluster - Adding discovered server ac-aoerbz6-shard-00-01.en0pykp.mongodb.net:27017 to client view of cluster
2026-03-25 13:56:52 [cluster-ClusterId{value='69c39c4c879a39d38922f23f', description='null'}-srv-cluster0.en0pykp.mongodb.net] INFO  org.mongodb.driver.cluster - Adding discovered server ac-aoerbz6-shard-00-00.en0pykp.mongodb.net:27017 to client view of cluster
2026-03-25 13:56:52 [cluster-ClusterId{value='69c39c4c879a39d38922f23f', description='null'}-srv-cluster0.en0pykp.mongodb.net] INFO  org.mongodb.driver.cluster - Adding discovered server ac-aoerbz6-shard-00-02.en0pykp.mongodb.net:27017 to client view of cluster
2026-03-25 13:56:53 [cluster-ClusterId{value='69c39c4c879a39d38922f23f', description='null'}-ac-aoerbz6-shard-00-02.en0pykp.mongodb.net:27017] INFO  org.mongodb.driver.cluster - Monitor thread successfully connected to server with description ServerDescription{address=ac-aoerbz6-shard-00-02.en0pykp.mongodb.net:27017, type=REPLICA_SET_PRIMARY, cryptd=false, state=CONNECTED, ok=true, minWireVersion=0, maxWireVersion=25, maxDocumentSize=16777216, logicalSessionTimeoutMinutes=30, roundTripTimeNanos=207790400, minRoundTripTimeNanos=0, setName='atlas-zt48hn-shard-0', canonicalAddress=ac-aoerbz6-shard-00-02.en0pykp.mongodb.net:27017, hosts=[ac-aoerbz6-shard-00-01.en0pykp.mongodb.net:27017, ac-aoerbz6-shard-00-00.en0pykp.mongodb.net:27017, ac-aoerbz6-shard-00-02.en0pykp.mongodb.net:27017], passives=[], arbiters=[], primary='ac-aoerbz6-shard-00-02.en0pykp.mongodb.net:27017', tagSet=TagSet{[Tag{name='availabilityZone', value='aps1-az2'}, Tag{name='diskState', value='READY'}, Tag{name='nodeType', value='ELECTABLE'}, Tag{name='provider', value='AWS'}, Tag{name='region', value='AP_SOUTH_1'}, Tag{name='workloadType', value='OPERATIONAL'}]}, electionId=7fffffff0000000000000156, setVersion=391, topologyVersion=TopologyVersion{processId=69b859a89b4f2018f8b26ac6, counter=6}, lastWriteDate=Wed Mar 25 13:56:52 IST 2026, lastUpdateTimeNanos=162311001835200}
2026-03-25 13:56:53 [cluster-ClusterId{value='69c39c4c879a39d38922f23f', description='null'}-ac-aoerbz6-shard-00-01.en0pykp.mongodb.net:27017] INFO  org.mongodb.driver.cluster - Monitor thread successfully connected to server with description ServerDescription{address=ac-aoerbz6-shard-00-01.en0pykp.mongodb.net:27017, type=REPLICA_SET_SECONDARY, cryptd=false, state=CONNECTED, ok=true, minWireVersion=0, maxWireVersion=25, maxDocumentSize=16777216, logicalSessionTimeoutMinutes=30, roundTripTimeNanos=243625000, minRoundTripTimeNanos=0, setName='atlas-zt48hn-shard-0', canonicalAddress=ac-aoerbz6-shard-00-01.en0pykp.mongodb.net:27017, hosts=[ac-aoerbz6-shard-00-01.en0pykp.mongodb.net:27017, ac-aoerbz6-shard-00-00.en0pykp.mongodb.net:27017, ac-aoerbz6-shard-00-02.en0pykp.mongodb.net:27017], passives=[], arbiters=[], primary='ac-aoerbz6-shard-00-02.en0pykp.mongodb.net:27017', tagSet=TagSet{[Tag{name='availabilityZone', value='aps1-az3'}, Tag{name='diskState', value='READY'}, Tag{name='nodeType', value='ELECTABLE'}, Tag{name='provider', value='AWS'}, Tag{name='region', value='AP_SOUTH_1'}, Tag{name='workloadType', value='OPERATIONAL'}]}, electionId=null, setVersion=391, topologyVersion=TopologyVersion{processId=69b85ccb4b84e800f9f6512d, counter=3}, lastWriteDate=Wed Mar 25 13:56:52 IST 2026, lastUpdateTimeNanos=162311001835100}
2026-03-25 13:56:53 [cluster-ClusterId{value='69c39c4c879a39d38922f23f', description='null'}-ac-aoerbz6-shard-00-00.en0pykp.mongodb.net:27017] INFO  org.mongodb.driver.cluster - Monitor thread successfully connected to server with description ServerDescription{address=ac-aoerbz6-shard-00-00.en0pykp.mongodb.net:27017, type=REPLICA_SET_SECONDARY, cryptd=false, state=CONNECTED, ok=true, minWireVersion=0, maxWireVersion=25, maxDocumentSize=16777216, logicalSessionTimeoutMinutes=30, roundTripTimeNanos=243624100, minRoundTripTimeNanos=0, setName='atlas-zt48hn-shard-0', canonicalAddress=ac-aoerbz6-shard-00-00.en0pykp.mongodb.net:27017, hosts=[ac-aoerbz6-shard-00-01.en0pykp.mongodb.net:27017, ac-aoerbz6-shard-00-00.en0pykp.mongodb.net:27017, ac-aoerbz6-shard-00-02.en0pykp.mongodb.net:27017], passives=[], arbiters=[], primary='ac-aoerbz6-shard-00-02.en0pykp.mongodb.net:27017', tagSet=TagSet{[Tag{name='availabilityZone', value='aps1-az1'}, Tag{name='diskState', value='READY'}, Tag{name='nodeType', value='ELECTABLE'}, Tag{name='provider', value='AWS'}, Tag{name='region', value='AP_SOUTH_1'}, Tag{name='workloadType', value='OPERATIONAL'}]}, electionId=null, setVersion=391, topologyVersion=TopologyVersion{processId=69b855abb14686967b76fdd6, counter=4}, lastWriteDate=Wed Mar 25 13:56:52 IST 2026, lastUpdateTimeNanos=162311001835200}
2026-03-25 13:56:53 [cluster-ClusterId{value='69c39c4c879a39d38922f23f', description='null'}-ac-aoerbz6-shard-00-02.en0pykp.mongodb.net:27017] INFO  org.mongodb.driver.cluster - Discovered replica set primary ac-aoerbz6-shard-00-02.en0pykp.mongodb.net:27017 with max election id 7fffffff0000000000000156 and max set version 391
2026-03-25 13:56:53 [main] WARN  com.password4j.PropertyReader - bcrypt minor version is not defined. Default value is used (b). Please set property hash.bcrypt.minor in your psw4j.properties file.
2026-03-25 13:56:53 [main] WARN  com.password4j.PropertyReader - bcrypt rounds are not defined. Default value is used (10). Please set property hash.bcrypt.rounds in your psw4j.properties file.
2026-03-25 13:56:53 [main] INFO  org.springframework.security.config.annotation.authentication.configuration.InitializeUserDetailsBeanManagerConfigurer$InitializeUserDetailsManagerConfigurer - Global AuthenticationManager configured with UserDetailsService bean with name userDetailsImpl
2026-03-25 13:56:54 [main] INFO  org.apache.coyote.http11.Http11NioProtocol - Starting ProtocolHandler ["http-nio-8080"]
2026-03-25 13:56:54 [main] INFO  org.springframework.boot.tomcat.TomcatWebServer - Tomcat started on port 8080 (http) with context path '/'
2026-03-25 13:56:54 [main] INFO  com.example.BookingApplication.BookingApplication - Started BookingApplication in 2.685 seconds (process running for 3.431)
2026-03-25 13:57:10 [http-nio-8080-exec-1] INFO  org.apache.catalina.core.ContainerBase.[Tomcat].[localhost].[/] - Initializing Spring DispatcherServlet 'dispatcherServlet'
2026-03-25 13:57:10 [http-nio-8080-exec-1] INFO  org.springframework.web.servlet.DispatcherServlet - Initializing Servlet 'dispatcherServlet'
2026-03-25 13:57:10 [http-nio-8080-exec-1] INFO  org.springframework.web.servlet.DispatcherServlet - Completed initialization in 1 ms
2026-03-25 13:57:10 [http-nio-8080-exec-1] WARN  org.springframework.web.servlet.handler.HandlerMappingIntrospector - Cache miss for REQUEST dispatch to '/Booking/new' (previous null). Performing CorsConfiguration lookup. This is logged once only at WARN level, and every time at TRACE.
2026-03-25 13:58:19 [SpringApplicationShutdownHook] INFO  org.springframework.boot.tomcat.GracefulShutdown - Commencing graceful shutdown. Waiting for active requests to complete
2026-03-25 13:58:19 [tomcat-shutdown] INFO  org.springframework.boot.tomcat.GracefulShutdown - Graceful shutdown complete
2026-03-25 13:59:38 [main] INFO  com.example.BookingApplication.BookingApplication - Starting BookingApplication using Java 21.0.7 with PID 29740 (C:\Users\ADMIN\Downloads\BookingApplication\BookingApplication\target\classes started by ADMIN in C:\Users\ADMIN\Downloads\BookingApplication)
2026-03-25 13:59:38 [main] INFO  com.example.BookingApplication.BookingApplication - No active profile set, falling back to 1 default profile: "default"
2026-03-25 13:59:39 [main] INFO  org.springframework.data.repository.config.RepositoryConfigurationDelegate - Multiple Spring Data modules found, entering strict repository configuration mode
2026-03-25 13:59:39 [main] INFO  org.springframework.data.repository.config.RepositoryConfigurationDelegate - Bootstrapping Spring Data MongoDB repositories in DEFAULT mode.
2026-03-25 13:59:39 [main] INFO  org.springframework.data.repository.config.RepositoryConfigurationDelegate - Finished Spring Data repository scanning in 88 ms. Found 3 MongoDB repository interfaces.
2026-03-25 13:59:39 [main] INFO  org.springframework.data.repository.config.RepositoryConfigurationDelegate - Multiple Spring Data modules found, entering strict repository configuration mode
2026-03-25 13:59:39 [main] INFO  org.springframework.data.repository.config.RepositoryConfigurationDelegate - Bootstrapping Spring Data Redis repositories in DEFAULT mode.
2026-03-25 13:59:39 [main] INFO  org.springframework.data.repository.config.RepositoryConfigurationExtensionSupport - Spring Data Redis - Could not safely identify store assignment for repository candidate interface com.example.BookingApplication.Repositories.BookingsRepository; If you want this repository to be a Redis repository, consider annotating your entities with one of these annotations: org.springframework.data.redis.core.RedisHash (preferred), or consider extending one of the following types with your repository: org.springframework.data.keyvalue.repository.KeyValueRepository
2026-03-25 13:59:39 [main] INFO  org.springframework.data.repository.config.RepositoryConfigurationExtensionSupport - Spring Data Redis - Could not safely identify store assignment for repository candidate interface com.example.BookingApplication.Repositories.StudioRepository; If you want this repository to be a Redis repository, consider annotating your entities with one of these annotations: org.springframework.data.redis.core.RedisHash (preferred), or consider extending one of the following types with your repository: org.springframework.data.keyvalue.repository.KeyValueRepository
2026-03-25 13:59:39 [main] INFO  org.springframework.data.repository.config.RepositoryConfigurationExtensionSupport - Spring Data Redis - Could not safely identify store assignment for repository candidate interface com.example.BookingApplication.Repositories.UserRepository; If you want this repository to be a Redis repository, consider annotating your entities with one of these annotations: org.springframework.data.redis.core.RedisHash (preferred), or consider extending one of the following types with your repository: org.springframework.data.keyvalue.repository.KeyValueRepository
2026-03-25 13:59:39 [main] INFO  org.springframework.data.repository.config.RepositoryConfigurationDelegate - Finished Spring Data repository scanning in 5 ms. Found 0 Redis repository interfaces.
2026-03-25 13:59:39 [main] INFO  org.springframework.boot.tomcat.TomcatWebServer - Tomcat initialized with port 8080 (http)
2026-03-25 13:59:39 [main] INFO  org.apache.coyote.http11.Http11NioProtocol - Initializing ProtocolHandler ["http-nio-8080"]
2026-03-25 13:59:39 [main] INFO  org.apache.catalina.core.StandardService - Starting service [Tomcat]
2026-03-25 13:59:39 [main] INFO  org.apache.catalina.core.StandardEngine - Starting Servlet engine: [Apache Tomcat/11.0.18]
2026-03-25 13:59:39 [main] INFO  org.springframework.boot.web.context.servlet.WebApplicationContextInitializer - Root WebApplicationContext: initialization completed in 998 ms
2026-03-25 13:59:40 [main] INFO  org.mongodb.driver.client - MongoClient with metadata {"driver": {"name": "mongo-java-driver|spring-boot|sync", "version": "5.6.4"}, "os": {"type": "Windows", "name": "Windows 11", "architecture": "amd64", "version": "10.0"}, "platform": "Java/Oracle Corporation/21.0.7+8-LTS-245"} created with settings MongoClientSettings{readPreference=primary, writeConcern=WriteConcern{w=majority, wTimeout=null ms, journal=null}, retryWrites=true, retryReads=true, readConcern=ReadConcern{level=null}, credential=MongoCredential{mechanism=null, userName='root', source='admin', password=<hidden>, mechanismProperties=<hidden>}, transportSettings=null, commandListeners=[], codecRegistry=ProvidersCodecRegistry{codecProviders=[ValueCodecProvider{}, BsonValueCodecProvider{}, DBRefCodecProvider{}, DBObjectCodecProvider{}, DocumentCodecProvider{}, CollectionCodecProvider{}, IterableCodecProvider{}, MapCodecProvider{}, GeoJsonCodecProvider{}, GridFSFileCodecProvider{}, Jsr310CodecProvider{}, JsonObjectCodecProvider{}, BsonCodecProvider{}, com.mongodb.client.model.mql.ExpressionCodecProvider@787178b1, com.mongodb.Jep395RecordCodecProvider@24a4e2c5, com.mongodb.KotlinCodecProvider@27da994b, EnumCodecProvider{}]}, loggerSettings=LoggerSettings{maxDocumentLength=1000}, clusterSettings={hosts=[127.0.0.1:27017], srvHost=cluster0.en0pykp.mongodb.net, srvServiceName=mongodb, mode=MULTIPLE, requiredClusterType=REPLICA_SET, requiredReplicaSetName='atlas-zt48hn-shard-0', serverSelector='null', clusterListeners='[]', serverSelectionTimeout='30000 ms', localThreshold='15 ms'}, socketSettings=SocketSettings{connectTimeoutMS=10000, readTimeoutMS=0, receiveBufferSize=0, proxySettings=ProxySettings{host=null, port=null, username=null, password=null}}, heartbeatSocketSettings=SocketSettings{connectTimeoutMS=10000, readTimeoutMS=10000, receiveBufferSize=0, proxySettings=ProxySettings{host=null, port=null, username=null, password=null}}, connectionPoolSettings=ConnectionPoolSettings{maxSize=100, minSize=0, maxWaitTimeMS=120000, maxConnectionLifeTimeMS=0, maxConnectionIdleTimeMS=0, maintenanceInitialDelayMS=0, maintenanceFrequencyMS=60000, connectionPoolListeners=[], maxConnecting=2}, serverSettings=ServerSettings{heartbeatFrequencyMS=10000, minHeartbeatFrequencyMS=500, serverMonitoringMode=AUTO, serverListeners='[]', serverMonitorListeners='[]'}, sslSettings=SslSettings{enabled=true, invalidHostNameAllowed=false, context=null}, applicationName='null', compressorList=[], uuidRepresentation=UNSPECIFIED, serverApi=null, autoEncryptionSettings=null, dnsClient=null, inetAddressResolver=null, contextProvider=null, timeoutMS=null}
2026-03-25 13:59:40 [cluster-ClusterId{value='69c39cf417a5a14107ddf113', description='null'}-srv-cluster0.en0pykp.mongodb.net] INFO  org.mongodb.driver.cluster - Adding discovered server ac-aoerbz6-shard-00-01.en0pykp.mongodb.net:27017 to client view of cluster
2026-03-25 13:59:40 [cluster-ClusterId{value='69c39cf417a5a14107ddf113', description='null'}-srv-cluster0.en0pykp.mongodb.net] INFO  org.mongodb.driver.cluster - Adding discovered server ac-aoerbz6-shard-00-00.en0pykp.mongodb.net:27017 to client view of cluster
2026-03-25 13:59:40 [cluster-ClusterId{value='69c39cf417a5a14107ddf113', description='null'}-srv-cluster0.en0pykp.mongodb.net] INFO  org.mongodb.driver.cluster - Adding discovered server ac-aoerbz6-shard-00-02.en0pykp.mongodb.net:27017 to client view of cluster
2026-03-25 13:59:40 [cluster-ClusterId{value='69c39cf417a5a14107ddf113', description='null'}-ac-aoerbz6-shard-00-00.en0pykp.mongodb.net:27017] INFO  org.mongodb.driver.cluster - Monitor thread successfully connected to server with description ServerDescription{address=ac-aoerbz6-shard-00-00.en0pykp.mongodb.net:27017, type=REPLICA_SET_SECONDARY, cryptd=false, state=CONNECTED, ok=true, minWireVersion=0, maxWireVersion=25, maxDocumentSize=16777216, logicalSessionTimeoutMinutes=30, roundTripTimeNanos=244507100, minRoundTripTimeNanos=0, setName='atlas-zt48hn-shard-0', canonicalAddress=ac-aoerbz6-shard-00-00.en0pykp.mongodb.net:27017, hosts=[ac-aoerbz6-shard-00-01.en0pykp.mongodb.net:27017, ac-aoerbz6-shard-00-00.en0pykp.mongodb.net:27017, ac-aoerbz6-shard-00-02.en0pykp.mongodb.net:27017], passives=[], arbiters=[], primary='ac-aoerbz6-shard-00-02.en0pykp.mongodb.net:27017', tagSet=TagSet{[Tag{name='availabilityZone', value='aps1-az1'}, Tag{name='diskState', value='READY'}, Tag{name='nodeType', value='ELECTABLE'}, Tag{name='provider', value='AWS'}, Tag{name='region', value='AP_SOUTH_1'}, Tag{name='workloadType', value='OPERATIONAL'}]}, electionId=null, setVersion=391, topologyVersion=TopologyVersion{processId=69b855abb14686967b76fdd6, counter=4}, lastWriteDate=Wed Mar 25 13:59:40 IST 2026, lastUpdateTimeNanos=162478175685600}
2026-03-25 13:59:40 [cluster-ClusterId{value='69c39cf417a5a14107ddf113', description='null'}-ac-aoerbz6-shard-00-01.en0pykp.mongodb.net:27017] INFO  org.mongodb.driver.cluster - Monitor thread successfully connected to server with description ServerDescription{address=ac-aoerbz6-shard-00-01.en0pykp.mongodb.net:27017, type=REPLICA_SET_SECONDARY, cryptd=false, state=CONNECTED, ok=true, minWireVersion=0, maxWireVersion=25, maxDocumentSize=16777216, logicalSessionTimeoutMinutes=30, roundTripTimeNanos=241172500, minRoundTripTimeNanos=0, setName='atlas-zt48hn-shard-0', canonicalAddress=ac-aoerbz6-shard-00-01.en0pykp.mongodb.net:27017, hosts=[ac-aoerbz6-shard-00-01.en0pykp.mongodb.net:27017, ac-aoerbz6-shard-00-00.en0pykp.mongodb.net:27017, ac-aoerbz6-shard-00-02.en0pykp.mongodb.net:27017], passives=[], arbiters=[], primary='ac-aoerbz6-shard-00-02.en0pykp.mongodb.net:27017', tagSet=TagSet{[Tag{name='availabilityZone', value='aps1-az3'}, Tag{name='diskState', value='READY'}, Tag{name='nodeType', value='ELECTABLE'}, Tag{name='provider', value='AWS'}, Tag{name='region', value='AP_SOUTH_1'}, Tag{name='workloadType', value='OPERATIONAL'}]}, electionId=null, setVersion=391, topologyVersion=TopologyVersion{processId=69b85ccb4b84e800f9f6512d, counter=3}, lastWriteDate=Wed Mar 25 13:59:40 IST 2026, lastUpdateTimeNanos=162478175685600}
2026-03-25 13:59:40 [cluster-ClusterId{value='69c39cf417a5a14107ddf113', description='null'}-ac-aoerbz6-shard-00-02.en0pykp.mongodb.net:27017] INFO  org.mongodb.driver.cluster - Monitor thread successfully connected to server with description ServerDescription{address=ac-aoerbz6-shard-00-02.en0pykp.mongodb.net:27017, type=REPLICA_SET_PRIMARY, cryptd=false, state=CONNECTED, ok=true, minWireVersion=0, maxWireVersion=25, maxDocumentSize=16777216, logicalSessionTimeoutMinutes=30, roundTripTimeNanos=244507100, minRoundTripTimeNanos=0, setName='atlas-zt48hn-shard-0', canonicalAddress=ac-aoerbz6-shard-00-02.en0pykp.mongodb.net:27017, hosts=[ac-aoerbz6-shard-00-01.en0pykp.mongodb.net:27017, ac-aoerbz6-shard-00-00.en0pykp.mongodb.net:27017, ac-aoerbz6-shard-00-02.en0pykp.mongodb.net:27017], passives=[], arbiters=[], primary='ac-aoerbz6-shard-00-02.en0pykp.mongodb.net:27017', tagSet=TagSet{[Tag{name='availabilityZone', value='aps1-az2'}, Tag{name='diskState', value='READY'}, Tag{name='nodeType', value='ELECTABLE'}, Tag{name='provider', value='AWS'}, Tag{name='region', value='AP_SOUTH_1'}, Tag{name='workloadType', value='OPERATIONAL'}]}, electionId=7fffffff0000000000000156, setVersion=391, topologyVersion=TopologyVersion{processId=69b859a89b4f2018f8b26ac6, counter=6}, lastWriteDate=Wed Mar 25 13:59:40 IST 2026, lastUpdateTimeNanos=162478175685500}
2026-03-25 13:59:40 [cluster-ClusterId{value='69c39cf417a5a14107ddf113', description='null'}-ac-aoerbz6-shard-00-02.en0pykp.mongodb.net:27017] INFO  org.mongodb.driver.cluster - Discovered replica set primary ac-aoerbz6-shard-00-02.en0pykp.mongodb.net:27017 with max election id 7fffffff0000000000000156 and max set version 391
2026-03-25 13:59:40 [main] WARN  com.password4j.PropertyReader - bcrypt minor version is not defined. Default value is used (b). Please set property hash.bcrypt.minor in your psw4j.properties file.
2026-03-25 13:59:40 [main] WARN  com.password4j.PropertyReader - bcrypt rounds are not defined. Default value is used (10). Please set property hash.bcrypt.rounds in your psw4j.properties file.
2026-03-25 13:59:40 [main] INFO  org.springframework.security.config.annotation.authentication.configuration.InitializeUserDetailsBeanManagerConfigurer$InitializeUserDetailsManagerConfigurer - Global AuthenticationManager configured with UserDetailsService bean with name userDetailsImpl
2026-03-25 13:59:41 [main] INFO  org.apache.coyote.http11.Http11NioProtocol - Starting ProtocolHandler ["http-nio-8080"]
2026-03-25 13:59:41 [main] INFO  org.springframework.boot.tomcat.TomcatWebServer - Tomcat started on port 8080 (http) with context path '/'
2026-03-25 13:59:41 [main] INFO  com.example.BookingApplication.BookingApplication - Started BookingApplication in 2.57 seconds (process running for 3.028)
2026-03-25 13:59:45 [http-nio-8080-exec-1] INFO  org.apache.catalina.core.ContainerBase.[Tomcat].[localhost].[/] - Initializing Spring DispatcherServlet 'dispatcherServlet'
2026-03-25 13:59:45 [http-nio-8080-exec-1] INFO  org.springframework.web.servlet.DispatcherServlet - Initializing Servlet 'dispatcherServlet'
2026-03-25 13:59:45 [http-nio-8080-exec-1] INFO  org.springframework.web.servlet.DispatcherServlet - Completed initialization in 2 ms
2026-03-25 13:59:45 [http-nio-8080-exec-1] WARN  org.springframework.web.servlet.handler.HandlerMappingIntrospector - Cache miss for REQUEST dispatch to '/getstarted/List' (previous null). Performing CorsConfiguration lookup. This is logged once only at WARN level, and every time at TRACE.
2026-03-25 14:00:02 [http-nio-8080-exec-3] ERROR org.apache.catalina.core.ContainerBase.[Tomcat].[localhost].[/].[dispatcherServlet] - Servlet.service() for servlet [dispatcherServlet] in context with path [] threw exception
io.jsonwebtoken.ExpiredJwtException: JWT expired 156204 milliseconds ago at 2026-03-25T08:27:26.000Z. Current time: 2026-03-25T08:30:02.204Z. Allowed clock skew: 0 milliseconds.
	at io.jsonwebtoken.impl.DefaultJwtParser.parse(DefaultJwtParser.java:688)
	at io.jsonwebtoken.impl.DefaultJwtParser.parse(DefaultJwtParser.java:364)
	at io.jsonwebtoken.impl.DefaultJwtParser.parse(DefaultJwtParser.java:94)
	at io.jsonwebtoken.impl.io.AbstractParser.parse(AbstractParser.java:36)
	at io.jsonwebtoken.impl.io.AbstractParser.parse(AbstractParser.java:29)
	at io.jsonwebtoken.impl.DefaultJwtParser.parseSignedClaims(DefaultJwtParser.java:827)
	at com.example.BookingApplication.JwtUtil.Jwtutil.Extractallclaims(Jwtutil.java:49)
	at com.example.BookingApplication.JwtUtil.Jwtutil.Extractusername(Jwtutil.java:53)
	at com.example.BookingApplication.Filter.Filterjwt.doFilterInternal(Filterjwt.java:38)
	at org.springframework.web.filter.OncePerRequestFilter.doFilter(OncePerRequestFilter.java:116)
	at org.springframework.security.web.FilterChainProxy$VirtualFilterChain.doFilter(FilterChainProxy.java:380)
	at org.springframework.security.web.authentication.logout.LogoutFilter.doFilter(LogoutFilter.java:110)
	at org.springframework.security.web.authentication.logout.LogoutFilter.doFilter(LogoutFilter.java:96)
	at org.springframework.security.web.FilterChainProxy$VirtualFilterChain.doFilter(FilterChainProxy.java:380)
	at org.springframework.web.filter.CorsFilter.doFilterInternal(CorsFilter.java:91)
	at org.springframework.web.filter.OncePerRequestFilter.doFilter(OncePerRequestFilter.java:116)
	at org.springframework.security.web.FilterChainProxy$VirtualFilterChain.doFilter(FilterChainProxy.java:380)
	at org.springframework.security.web.header.HeaderWriterFilter.doHeadersAfter(HeaderWriterFilter.java:90)
	at org.springframework.security.web.header.HeaderWriterFilter.doFilterInternal(HeaderWriterFilter.java:75)
	at org.springframework.web.filter.OncePerRequestFilter.doFilter(OncePerRequestFilter.java:116)
	at org.springframework.security.web.FilterChainProxy$VirtualFilterChain.doFilter(FilterChainProxy.java:380)
	at org.springframework.security.web.context.SecurityContextHolderFilter.doFilter(SecurityContextHolderFilter.java:82)
	at org.springframework.security.web.context.SecurityContextHolderFilter.doFilter(SecurityContextHolderFilter.java:69)
	at org.springframework.security.web.FilterChainProxy$VirtualFilterChain.doFilter(FilterChainProxy.java:380)
	at org.springframework.security.web.context.request.async.WebAsyncManagerIntegrationFilter.doFilterInternal(WebAsyncManagerIntegrationFilter.java:62)
	at org.springframework.web.filter.OncePerRequestFilter.doFilter(OncePerRequestFilter.java:116)
	at org.springframework.security.web.FilterChainProxy$VirtualFilterChain.doFilter(FilterChainProxy.java:380)
	at org.springframework.security.web.session.DisableEncodeUrlFilter.doFilterInternal(DisableEncodeUrlFilter.java:42)
	at org.springframework.web.filter.OncePerRequestFilter.doFilter(OncePerRequestFilter.java:116)
	at org.springframework.security.web.FilterChainProxy$VirtualFilterChain.doFilter(FilterChainProxy.java:380)
	at org.springframework.security.web.FilterChainProxy.doFilterInternal(FilterChainProxy.java:237)
	at org.springframework.security.web.FilterChainProxy.doFilter(FilterChainProxy.java:195)
	at org.springframework.web.filter.CompositeFilter$VirtualFilterChain.doFilter(CompositeFilter.java:113)
	at org.springframework.web.filter.ServletRequestPathFilter.doFilter(ServletRequestPathFilter.java:52)
	at org.springframework.web.filter.CompositeFilter$VirtualFilterChain.doFilter(CompositeFilter.java:113)
	at org.springframework.web.filter.CompositeFilter.doFilter(CompositeFilter.java:74)
	at org.springframework.security.config.annotation.web.configuration.WebSecurityConfiguration$CompositeFilterChainProxy.doFilter(WebSecurityConfiguration.java:317)
	at org.springframework.web.filter.DelegatingFilterProxy.invokeDelegate(DelegatingFilterProxy.java:355)
	at org.springframework.web.filter.DelegatingFilterProxy.doFilter(DelegatingFilterProxy.java:272)
	at org.apache.catalina.core.ApplicationFilterChain.doFilter(ApplicationFilterChain.java:107)
	at org.springframework.web.filter.RequestContextFilter.doFilterInternal(RequestContextFilter.java:100)
	at org.springframework.web.filter.OncePerRequestFilter.doFilter(OncePerRequestFilter.java:116)
	at org.apache.catalina.core.ApplicationFilterChain.doFilter(ApplicationFilterChain.java:107)
	at org.springframework.web.filter.FormContentFilter.doFilterInternal(FormContentFilter.java:93)
	at org.springframework.web.filter.OncePerRequestFilter.doFilter(OncePerRequestFilter.java:116)
	at org.apache.catalina.core.ApplicationFilterChain.doFilter(ApplicationFilterChain.java:107)
	at org.springframework.web.filter.CharacterEncodingFilter.doFilterInternal(CharacterEncodingFilter.java:199)
	at org.springframework.web.filter.OncePerRequestFilter.doFilter(OncePerRequestFilter.java:116)
	at org.apache.catalina.core.ApplicationFilterChain.doFilter(ApplicationFilterChain.java:107)
	at org.apache.catalina.core.StandardWrapperValve.invoke(StandardWrapperValve.java:165)
	at org.apache.catalina.core.StandardContextValve.invoke(StandardContextValve.java:77)
	at org.apache.catalina.authenticator.AuthenticatorBase.invoke(AuthenticatorBase.java:492)
	at org.apache.catalina.core.StandardHostValve.invoke(StandardHostValve.java:113)
	at org.apache.catalina.valves.ErrorReportValve.invoke(ErrorReportValve.java:83)
	at org.apache.catalina.core.StandardEngineValve.invoke(StandardEngineValve.java:72)
	at org.apache.catalina.connector.CoyoteAdapter.service(CoyoteAdapter.java:341)
	at org.apache.coyote.http11.Http11Processor.service(Http11Processor.java:397)
	at org.apache.coyote.AbstractProcessorLight.process(AbstractProcessorLight.java:63)
	at org.apache.coyote.AbstractProtocol$ConnectionHandler.process(AbstractProtocol.java:903)
	at org.apache.tomcat.util.net.NioEndpoint$SocketProcessor.doRun(NioEndpoint.java:1779)
	at org.apache.tomcat.util.net.SocketProcessorBase.run(SocketProcessorBase.java:52)
	at org.apache.tomcat.util.threads.ThreadPoolExecutor.runWorker(ThreadPoolExecutor.java:946)
	at org.apache.tomcat.util.threads.ThreadPoolExecutor$Worker.run(ThreadPoolExecutor.java:480)
	at org.apache.tomcat.util.threads.TaskThread$WrappingRunnable.run(TaskThread.java:57)
	at java.base/java.lang.Thread.run(Thread.java:1583)
2026-03-25 14:01:32 [SpringApplicationShutdownHook] INFO  org.springframework.boot.tomcat.GracefulShutdown - Commencing graceful shutdown. Waiting for active requests to complete
2026-03-25 14:01:32 [tomcat-shutdown] INFO  org.springframework.boot.tomcat.GracefulShutdown - Graceful shutdown complete
2026-03-25 14:05:07 [main] INFO  com.example.BookingApplication.BookingApplication - Starting BookingApplication using Java 21.0.7 with PID 3012 (C:\Users\ADMIN\Downloads\BookingApplication\BookingApplication\target\classes started by ADMIN in C:\Users\ADMIN\Downloads\BookingApplication)
2026-03-25 14:05:07 [main] INFO  com.example.BookingApplication.BookingApplication - No active profile set, falling back to 1 default profile: "default"
2026-03-25 14:05:07 [main] INFO  org.springframework.data.repository.config.RepositoryConfigurationDelegate - Multiple Spring Data modules found, entering strict repository configuration mode
2026-03-25 14:05:07 [main] INFO  org.springframework.data.repository.config.RepositoryConfigurationDelegate - Bootstrapping Spring Data MongoDB repositories in DEFAULT mode.
2026-03-25 14:05:07 [main] INFO  org.springframework.data.repository.config.RepositoryConfigurationDelegate - Finished Spring Data repository scanning in 102 ms. Found 3 MongoDB repository interfaces.
2026-03-25 14:05:07 [main] INFO  org.springframework.data.repository.config.RepositoryConfigurationDelegate - Multiple Spring Data modules found, entering strict repository configuration mode
2026-03-25 14:05:07 [main] INFO  org.springframework.data.repository.config.RepositoryConfigurationDelegate - Bootstrapping Spring Data Redis repositories in DEFAULT mode.
2026-03-25 14:05:07 [main] INFO  org.springframework.data.repository.config.RepositoryConfigurationExtensionSupport - Spring Data Redis - Could not safely identify store assignment for repository candidate interface com.example.BookingApplication.Repositories.BookingsRepository; If you want this repository to be a Redis repository, consider annotating your entities with one of these annotations: org.springframework.data.redis.core.RedisHash (preferred), or consider extending one of the following types with your repository: org.springframework.data.keyvalue.repository.KeyValueRepository
2026-03-25 14:05:07 [main] INFO  org.springframework.data.repository.config.RepositoryConfigurationExtensionSupport - Spring Data Redis - Could not safely identify store assignment for repository candidate interface com.example.BookingApplication.Repositories.StudioRepository; If you want this repository to be a Redis repository, consider annotating your entities with one of these annotations: org.springframework.data.redis.core.RedisHash (preferred), or consider extending one of the following types with your repository: org.springframework.data.keyvalue.repository.KeyValueRepository
2026-03-25 14:05:07 [main] INFO  org.springframework.data.repository.config.RepositoryConfigurationExtensionSupport - Spring Data Redis - Could not safely identify store assignment for repository candidate interface com.example.BookingApplication.Repositories.UserRepository; If you want this repository to be a Redis repository, consider annotating your entities with one of these annotations: org.springframework.data.redis.core.RedisHash (preferred), or consider extending one of the following types with your repository: org.springframework.data.keyvalue.repository.KeyValueRepository
2026-03-25 14:05:07 [main] INFO  org.springframework.data.repository.config.RepositoryConfigurationDelegate - Finished Spring Data repository scanning in 6 ms. Found 0 Redis repository interfaces.
2026-03-25 14:05:08 [main] INFO  org.springframework.boot.tomcat.TomcatWebServer - Tomcat initialized with port 8080 (http)
2026-03-25 14:05:08 [main] INFO  org.apache.coyote.http11.Http11NioProtocol - Initializing ProtocolHandler ["http-nio-8080"]
2026-03-25 14:05:08 [main] INFO  org.apache.catalina.core.StandardService - Starting service [Tomcat]
2026-03-25 14:05:08 [main] INFO  org.apache.catalina.core.StandardEngine - Starting Servlet engine: [Apache Tomcat/11.0.18]
2026-03-25 14:05:08 [main] INFO  org.springframework.boot.web.context.servlet.WebApplicationContextInitializer - Root WebApplicationContext: initialization completed in 954 ms
2026-03-25 14:05:08 [main] INFO  org.mongodb.driver.client - MongoClient with metadata {"driver": {"name": "mongo-java-driver|spring-boot|sync", "version": "5.6.4"}, "os": {"type": "Windows", "name": "Windows 11", "architecture": "amd64", "version": "10.0"}, "platform": "Java/Oracle Corporation/21.0.7+8-LTS-245"} created with settings MongoClientSettings{readPreference=primary, writeConcern=WriteConcern{w=majority, wTimeout=null ms, journal=null}, retryWrites=true, retryReads=true, readConcern=ReadConcern{level=null}, credential=MongoCredential{mechanism=null, userName='root', source='admin', password=<hidden>, mechanismProperties=<hidden>}, transportSettings=null, commandListeners=[], codecRegistry=ProvidersCodecRegistry{codecProviders=[ValueCodecProvider{}, BsonValueCodecProvider{}, DBRefCodecProvider{}, DBObjectCodecProvider{}, DocumentCodecProvider{}, CollectionCodecProvider{}, IterableCodecProvider{}, MapCodecProvider{}, GeoJsonCodecProvider{}, GridFSFileCodecProvider{}, Jsr310CodecProvider{}, JsonObjectCodecProvider{}, BsonCodecProvider{}, com.mongodb.client.model.mql.ExpressionCodecProvider@1c00d406, com.mongodb.Jep395RecordCodecProvider@16ac4d3d, com.mongodb.KotlinCodecProvider@559d19c, EnumCodecProvider{}]}, loggerSettings=LoggerSettings{maxDocumentLength=1000}, clusterSettings={hosts=[127.0.0.1:27017], srvHost=cluster0.en0pykp.mongodb.net, srvServiceName=mongodb, mode=MULTIPLE, requiredClusterType=REPLICA_SET, requiredReplicaSetName='atlas-zt48hn-shard-0', serverSelector='null', clusterListeners='[]', serverSelectionTimeout='30000 ms', localThreshold='15 ms'}, socketSettings=SocketSettings{connectTimeoutMS=10000, readTimeoutMS=0, receiveBufferSize=0, proxySettings=ProxySettings{host=null, port=null, username=null, password=null}}, heartbeatSocketSettings=SocketSettings{connectTimeoutMS=10000, readTimeoutMS=10000, receiveBufferSize=0, proxySettings=ProxySettings{host=null, port=null, username=null, password=null}}, connectionPoolSettings=ConnectionPoolSettings{maxSize=100, minSize=0, maxWaitTimeMS=120000, maxConnectionLifeTimeMS=0, maxConnectionIdleTimeMS=0, maintenanceInitialDelayMS=0, maintenanceFrequencyMS=60000, connectionPoolListeners=[], maxConnecting=2}, serverSettings=ServerSettings{heartbeatFrequencyMS=10000, minHeartbeatFrequencyMS=500, serverMonitoringMode=AUTO, serverListeners='[]', serverMonitorListeners='[]'}, sslSettings=SslSettings{enabled=true, invalidHostNameAllowed=false, context=null}, applicationName='null', compressorList=[], uuidRepresentation=UNSPECIFIED, serverApi=null, autoEncryptionSettings=null, dnsClient=null, inetAddressResolver=null, contextProvider=null, timeoutMS=null}
2026-03-25 14:05:08 [cluster-ClusterId{value='69c39e3c8b27dc12c4c54d68', description='null'}-srv-cluster0.en0pykp.mongodb.net] INFO  org.mongodb.driver.cluster - Adding discovered server ac-aoerbz6-shard-00-01.en0pykp.mongodb.net:27017 to client view of cluster
2026-03-25 14:05:08 [cluster-ClusterId{value='69c39e3c8b27dc12c4c54d68', description='null'}-srv-cluster0.en0pykp.mongodb.net] INFO  org.mongodb.driver.cluster - Adding discovered server ac-aoerbz6-shard-00-00.en0pykp.mongodb.net:27017 to client view of cluster
2026-03-25 14:05:08 [cluster-ClusterId{value='69c39e3c8b27dc12c4c54d68', description='null'}-srv-cluster0.en0pykp.mongodb.net] INFO  org.mongodb.driver.cluster - Adding discovered server ac-aoerbz6-shard-00-02.en0pykp.mongodb.net:27017 to client view of cluster
2026-03-25 14:05:08 [cluster-ClusterId{value='69c39e3c8b27dc12c4c54d68', description='null'}-ac-aoerbz6-shard-00-01.en0pykp.mongodb.net:27017] INFO  org.mongodb.driver.cluster - Monitor thread successfully connected to server with description ServerDescription{address=ac-aoerbz6-shard-00-01.en0pykp.mongodb.net:27017, type=REPLICA_SET_SECONDARY, cryptd=false, state=CONNECTED, ok=true, minWireVersion=0, maxWireVersion=25, maxDocumentSize=16777216, logicalSessionTimeoutMinutes=30, roundTripTimeNanos=234599200, minRoundTripTimeNanos=0, setName='atlas-zt48hn-shard-0', canonicalAddress=ac-aoerbz6-shard-00-01.en0pykp.mongodb.net:27017, hosts=[ac-aoerbz6-shard-00-01.en0pykp.mongodb.net:27017, ac-aoerbz6-shard-00-00.en0pykp.mongodb.net:27017, ac-aoerbz6-shard-00-02.en0pykp.mongodb.net:27017], passives=[], arbiters=[], primary='ac-aoerbz6-shard-00-02.en0pykp.mongodb.net:27017', tagSet=TagSet{[Tag{name='availabilityZone', value='aps1-az3'}, Tag{name='diskState', value='READY'}, Tag{name='nodeType', value='ELECTABLE'}, Tag{name='provider', value='AWS'}, Tag{name='region', value='AP_SOUTH_1'}, Tag{name='workloadType', value='OPERATIONAL'}]}, electionId=null, setVersion=391, topologyVersion=TopologyVersion{processId=69b85ccb4b84e800f9f6512d, counter=3}, lastWriteDate=Wed Mar 25 14:05:08 IST 2026, lastUpdateTimeNanos=162806432181000}
2026-03-25 14:05:08 [cluster-ClusterId{value='69c39e3c8b27dc12c4c54d68', description='null'}-ac-aoerbz6-shard-00-02.en0pykp.mongodb.net:27017] INFO  org.mongodb.driver.cluster - Monitor thread successfully connected to server with description ServerDescription{address=ac-aoerbz6-shard-00-02.en0pykp.mongodb.net:27017, type=REPLICA_SET_PRIMARY, cryptd=false, state=CONNECTED, ok=true, minWireVersion=0, maxWireVersion=25, maxDocumentSize=16777216, logicalSessionTimeoutMinutes=30, roundTripTimeNanos=231430400, minRoundTripTimeNanos=0, setName='atlas-zt48hn-shard-0', canonicalAddress=ac-aoerbz6-shard-00-02.en0pykp.mongodb.net:27017, hosts=[ac-aoerbz6-shard-00-01.en0pykp.mongodb.net:27017, ac-aoerbz6-shard-00-00.en0pykp.mongodb.net:27017, ac-aoerbz6-shard-00-02.en0pykp.mongodb.net:27017], passives=[], arbiters=[], primary='ac-aoerbz6-shard-00-02.en0pykp.mongodb.net:27017', tagSet=TagSet{[Tag{name='availabilityZone', value='aps1-az2'}, Tag{name='diskState', value='READY'}, Tag{name='nodeType', value='ELECTABLE'}, Tag{name='provider', value='AWS'}, Tag{name='region', value='AP_SOUTH_1'}, Tag{name='workloadType', value='OPERATIONAL'}]}, electionId=7fffffff0000000000000156, setVersion=391, topologyVersion=TopologyVersion{processId=69b859a89b4f2018f8b26ac6, counter=6}, lastWriteDate=Wed Mar 25 14:05:08 IST 2026, lastUpdateTimeNanos=162806432181000}
2026-03-25 14:05:08 [cluster-ClusterId{value='69c39e3c8b27dc12c4c54d68', description='null'}-ac-aoerbz6-shard-00-00.en0pykp.mongodb.net:27017] INFO  org.mongodb.driver.cluster - Monitor thread successfully connected to server with description ServerDescription{address=ac-aoerbz6-shard-00-00.en0pykp.mongodb.net:27017, type=REPLICA_SET_SECONDARY, cryptd=false, state=CONNECTED, ok=true, minWireVersion=0, maxWireVersion=25, maxDocumentSize=16777216, logicalSessionTimeoutMinutes=30, roundTripTimeNanos=214597700, minRoundTripTimeNanos=0, setName='atlas-zt48hn-shard-0', canonicalAddress=ac-aoerbz6-shard-00-00.en0pykp.mongodb.net:27017, hosts=[ac-aoerbz6-shard-00-01.en0pykp.mongodb.net:27017, ac-aoerbz6-shard-00-00.en0pykp.mongodb.net:27017, ac-aoerbz6-shard-00-02.en0pykp.mongodb.net:27017], passives=[], arbiters=[], primary='ac-aoerbz6-shard-00-02.en0pykp.mongodb.net:27017', tagSet=TagSet{[Tag{name='availabilityZone', value='aps1-az1'}, Tag{name='diskState', value='READY'}, Tag{name='nodeType', value='ELECTABLE'}, Tag{name='provider', value='AWS'}, Tag{name='region', value='AP_SOUTH_1'}, Tag{name='workloadType', value='OPERATIONAL'}]}, electionId=null, setVersion=391, topologyVersion=TopologyVersion{processId=69b855abb14686967b76fdd6, counter=4}, lastWriteDate=Wed Mar 25 14:05:08 IST 2026, lastUpdateTimeNanos=162806432181000}
2026-03-25 14:05:08 [cluster-ClusterId{value='69c39e3c8b27dc12c4c54d68', description='null'}-ac-aoerbz6-shard-00-02.en0pykp.mongodb.net:27017] INFO  org.mongodb.driver.cluster - Discovered replica set primary ac-aoerbz6-shard-00-02.en0pykp.mongodb.net:27017 with max election id 7fffffff0000000000000156 and max set version 391
2026-03-25 14:05:08 [main] WARN  com.password4j.PropertyReader - bcrypt minor version is not defined. Default value is used (b). Please set property hash.bcrypt.minor in your psw4j.properties file.
2026-03-25 14:05:08 [main] WARN  com.password4j.PropertyReader - bcrypt rounds are not defined. Default value is used (10). Please set property hash.bcrypt.rounds in your psw4j.properties file.
2026-03-25 14:05:09 [main] INFO  org.springframework.security.config.annotation.authentication.configuration.InitializeUserDetailsBeanManagerConfigurer$InitializeUserDetailsManagerConfigurer - Global AuthenticationManager configured with UserDetailsService bean with name userDetailsImpl
2026-03-25 14:05:09 [main] INFO  org.apache.coyote.http11.Http11NioProtocol - Starting ProtocolHandler ["http-nio-8080"]
2026-03-25 14:05:09 [main] INFO  org.springframework.boot.tomcat.TomcatWebServer - Tomcat started on port 8080 (http) with context path '/'
2026-03-25 14:05:09 [main] INFO  com.example.BookingApplication.BookingApplication - Started BookingApplication in 2.501 seconds (process running for 3.119)
2026-03-25 14:05:42 [SpringApplicationShutdownHook] INFO  org.springframework.boot.tomcat.GracefulShutdown - Commencing graceful shutdown. Waiting for active requests to complete
2026-03-25 14:05:42 [tomcat-shutdown] INFO  org.springframework.boot.tomcat.GracefulShutdown - Graceful shutdown complete
2026-03-25 14:05:42 [http-nio-8080-exec-1] INFO  org.springframework.web.servlet.DispatcherServlet - Initializing Servlet 'dispatcherServlet'
2026-03-25 14:05:42 [http-nio-8080-exec-1] INFO  org.springframework.web.servlet.DispatcherServlet - Completed initialization in 1 ms
2026-03-25 14:05:42 [http-nio-8080-exec-2] WARN  org.springframework.web.servlet.handler.HandlerMappingIntrospector - Cache miss for REQUEST dispatch to '/getstarted/List' (previous null). Performing CorsConfiguration lookup. This is logged once only at WARN level, and every time at TRACE.
2026-03-25 14:05:45 [main] INFO  com.example.BookingApplication.BookingApplication - Starting BookingApplication using Java 21.0.7 with PID 31516 (C:\Users\ADMIN\Downloads\BookingApplication\BookingApplication\target\classes started by ADMIN in C:\Users\ADMIN\Downloads\BookingApplication)
2026-03-25 14:05:45 [main] INFO  com.example.BookingApplication.BookingApplication - No active profile set, falling back to 1 default profile: "default"
2026-03-25 14:05:46 [main] INFO  org.springframework.data.repository.config.RepositoryConfigurationDelegate - Multiple Spring Data modules found, entering strict repository configuration mode
2026-03-25 14:05:46 [main] INFO  org.springframework.data.repository.config.RepositoryConfigurationDelegate - Bootstrapping Spring Data MongoDB repositories in DEFAULT mode.
2026-03-25 14:05:46 [main] INFO  org.springframework.data.repository.config.RepositoryConfigurationDelegate - Finished Spring Data repository scanning in 89 ms. Found 3 MongoDB repository interfaces.
2026-03-25 14:05:46 [main] INFO  org.springframework.data.repository.config.RepositoryConfigurationDelegate - Multiple Spring Data modules found, entering strict repository configuration mode
2026-03-25 14:05:46 [main] INFO  org.springframework.data.repository.config.RepositoryConfigurationDelegate - Bootstrapping Spring Data Redis repositories in DEFAULT mode.
2026-03-25 14:05:46 [main] INFO  org.springframework.data.repository.config.RepositoryConfigurationExtensionSupport - Spring Data Redis - Could not safely identify store assignment for repository candidate interface com.example.BookingApplication.Repositories.BookingsRepository; If you want this repository to be a Redis repository, consider annotating your entities with one of these annotations: org.springframework.data.redis.core.RedisHash (preferred), or consider extending one of the following types with your repository: org.springframework.data.keyvalue.repository.KeyValueRepository
2026-03-25 14:05:46 [main] INFO  org.springframework.data.repository.config.RepositoryConfigurationExtensionSupport - Spring Data Redis - Could not safely identify store assignment for repository candidate interface com.example.BookingApplication.Repositories.StudioRepository; If you want this repository to be a Redis repository, consider annotating your entities with one of these annotations: org.springframework.data.redis.core.RedisHash (preferred), or consider extending one of the following types with your repository: org.springframework.data.keyvalue.repository.KeyValueRepository
2026-03-25 14:05:46 [main] INFO  org.springframework.data.repository.config.RepositoryConfigurationExtensionSupport - Spring Data Redis - Could not safely identify store assignment for repository candidate interface com.example.BookingApplication.Repositories.UserRepository; If you want this repository to be a Redis repository, consider annotating your entities with one of these annotations: org.springframework.data.redis.core.RedisHash (preferred), or consider extending one of the following types with your repository: org.springframework.data.keyvalue.repository.KeyValueRepository
2026-03-25 14:05:46 [main] INFO  org.springframework.data.repository.config.RepositoryConfigurationDelegate - Finished Spring Data repository scanning in 7 ms. Found 0 Redis repository interfaces.
2026-03-25 14:05:46 [main] INFO  org.springframework.boot.tomcat.TomcatWebServer - Tomcat initialized with port 8080 (http)
2026-03-25 14:05:46 [main] INFO  org.apache.coyote.http11.Http11NioProtocol - Initializing ProtocolHandler ["http-nio-8080"]
2026-03-25 14:05:46 [main] INFO  org.apache.catalina.core.StandardService - Starting service [Tomcat]
2026-03-25 14:05:46 [main] INFO  org.apache.catalina.core.StandardEngine - Starting Servlet engine: [Apache Tomcat/11.0.18]
2026-03-25 14:05:46 [main] INFO  org.springframework.boot.web.context.servlet.WebApplicationContextInitializer - Root WebApplicationContext: initialization completed in 1032 ms
2026-03-25 14:05:47 [main] INFO  org.mongodb.driver.client - MongoClient with metadata {"driver": {"name": "mongo-java-driver|spring-boot|sync", "version": "5.6.4"}, "os": {"type": "Windows", "name": "Windows 11", "architecture": "amd64", "version": "10.0"}, "platform": "Java/Oracle Corporation/21.0.7+8-LTS-245"} created with settings MongoClientSettings{readPreference=primary, writeConcern=WriteConcern{w=majority, wTimeout=null ms, journal=null}, retryWrites=true, retryReads=true, readConcern=ReadConcern{level=null}, credential=MongoCredential{mechanism=null, userName='root', source='admin', password=<hidden>, mechanismProperties=<hidden>}, transportSettings=null, commandListeners=[], codecRegistry=ProvidersCodecRegistry{codecProviders=[ValueCodecProvider{}, BsonValueCodecProvider{}, DBRefCodecProvider{}, DBObjectCodecProvider{}, DocumentCodecProvider{}, CollectionCodecProvider{}, IterableCodecProvider{}, MapCodecProvider{}, GeoJsonCodecProvider{}, GridFSFileCodecProvider{}, Jsr310CodecProvider{}, JsonObjectCodecProvider{}, BsonCodecProvider{}, com.mongodb.client.model.mql.ExpressionCodecProvider@6744707b, com.mongodb.Jep395RecordCodecProvider@4b28a7bf, com.mongodb.KotlinCodecProvider@d36c1c3, EnumCodecProvider{}]}, loggerSettings=LoggerSettings{maxDocumentLength=1000}, clusterSettings={hosts=[127.0.0.1:27017], srvHost=cluster0.en0pykp.mongodb.net, srvServiceName=mongodb, mode=MULTIPLE, requiredClusterType=REPLICA_SET, requiredReplicaSetName='atlas-zt48hn-shard-0', serverSelector='null', clusterListeners='[]', serverSelectionTimeout='30000 ms', localThreshold='15 ms'}, socketSettings=SocketSettings{connectTimeoutMS=10000, readTimeoutMS=0, receiveBufferSize=0, proxySettings=ProxySettings{host=null, port=null, username=null, password=null}}, heartbeatSocketSettings=SocketSettings{connectTimeoutMS=10000, readTimeoutMS=10000, receiveBufferSize=0, proxySettings=ProxySettings{host=null, port=null, username=null, password=null}}, connectionPoolSettings=ConnectionPoolSettings{maxSize=100, minSize=0, maxWaitTimeMS=120000, maxConnectionLifeTimeMS=0, maxConnectionIdleTimeMS=0, maintenanceInitialDelayMS=0, maintenanceFrequencyMS=60000, connectionPoolListeners=[], maxConnecting=2}, serverSettings=ServerSettings{heartbeatFrequencyMS=10000, minHeartbeatFrequencyMS=500, serverMonitoringMode=AUTO, serverListeners='[]', serverMonitorListeners='[]'}, sslSettings=SslSettings{enabled=true, invalidHostNameAllowed=false, context=null}, applicationName='null', compressorList=[], uuidRepresentation=UNSPECIFIED, serverApi=null, autoEncryptionSettings=null, dnsClient=null, inetAddressResolver=null, contextProvider=null, timeoutMS=null}
2026-03-25 14:05:47 [cluster-ClusterId{value='69c39e6315cfe115a5277fac', description='null'}-srv-cluster0.en0pykp.mongodb.net] INFO  org.mongodb.driver.cluster - Adding discovered server ac-aoerbz6-shard-00-01.en0pykp.mongodb.net:27017 to client view of cluster
2026-03-25 14:05:47 [cluster-ClusterId{value='69c39e6315cfe115a5277fac', description='null'}-srv-cluster0.en0pykp.mongodb.net] INFO  org.mongodb.driver.cluster - Adding discovered server ac-aoerbz6-shard-00-00.en0pykp.mongodb.net:27017 to client view of cluster
2026-03-25 14:05:47 [cluster-ClusterId{value='69c39e6315cfe115a5277fac', description='null'}-srv-cluster0.en0pykp.mongodb.net] INFO  org.mongodb.driver.cluster - Adding discovered server ac-aoerbz6-shard-00-02.en0pykp.mongodb.net:27017 to client view of cluster
2026-03-25 14:05:47 [cluster-ClusterId{value='69c39e6315cfe115a5277fac', description='null'}-ac-aoerbz6-shard-00-02.en0pykp.mongodb.net:27017] INFO  org.mongodb.driver.cluster - Monitor thread successfully connected to server with description ServerDescription{address=ac-aoerbz6-shard-00-02.en0pykp.mongodb.net:27017, type=REPLICA_SET_PRIMARY, cryptd=false, state=CONNECTED, ok=true, minWireVersion=0, maxWireVersion=25, maxDocumentSize=16777216, logicalSessionTimeoutMinutes=30, roundTripTimeNanos=238365800, minRoundTripTimeNanos=0, setName='atlas-zt48hn-shard-0', canonicalAddress=ac-aoerbz6-shard-00-02.en0pykp.mongodb.net:27017, hosts=[ac-aoerbz6-shard-00-01.en0pykp.mongodb.net:27017, ac-aoerbz6-shard-00-00.en0pykp.mongodb.net:27017, ac-aoerbz6-shard-00-02.en0pykp.mongodb.net:27017], passives=[], arbiters=[], primary='ac-aoerbz6-shard-00-02.en0pykp.mongodb.net:27017', tagSet=TagSet{[Tag{name='availabilityZone', value='aps1-az2'}, Tag{name='diskState', value='READY'}, Tag{name='nodeType', value='ELECTABLE'}, Tag{name='provider', value='AWS'}, Tag{name='region', value='AP_SOUTH_1'}, Tag{name='workloadType', value='OPERATIONAL'}]}, electionId=7fffffff0000000000000156, setVersion=391, topologyVersion=TopologyVersion{processId=69b859a89b4f2018f8b26ac6, counter=6}, lastWriteDate=Wed Mar 25 14:05:46 IST 2026, lastUpdateTimeNanos=162845087346400}
2026-03-25 14:05:47 [cluster-ClusterId{value='69c39e6315cfe115a5277fac', description='null'}-ac-aoerbz6-shard-00-00.en0pykp.mongodb.net:27017] INFO  org.mongodb.driver.cluster - Monitor thread successfully connected to server with description ServerDescription{address=ac-aoerbz6-shard-00-00.en0pykp.mongodb.net:27017, type=REPLICA_SET_SECONDARY, cryptd=false, state=CONNECTED, ok=true, minWireVersion=0, maxWireVersion=25, maxDocumentSize=16777216, logicalSessionTimeoutMinutes=30, roundTripTimeNanos=239717100, minRoundTripTimeNanos=0, setName='atlas-zt48hn-shard-0', canonicalAddress=ac-aoerbz6-shard-00-00.en0pykp.mongodb.net:27017, hosts=[ac-aoerbz6-shard-00-01.en0pykp.mongodb.net:27017, ac-aoerbz6-shard-00-00.en0pykp.mongodb.net:27017, ac-aoerbz6-shard-00-02.en0pykp.mongodb.net:27017], passives=[], arbiters=[], primary='ac-aoerbz6-shard-00-02.en0pykp.mongodb.net:27017', tagSet=TagSet{[Tag{name='availabilityZone', value='aps1-az1'}, Tag{name='diskState', value='READY'}, Tag{name='nodeType', value='ELECTABLE'}, Tag{name='provider', value='AWS'}, Tag{name='region', value='AP_SOUTH_1'}, Tag{name='workloadType', value='OPERATIONAL'}]}, electionId=null, setVersion=391, topologyVersion=TopologyVersion{processId=69b855abb14686967b76fdd6, counter=4}, lastWriteDate=Wed Mar 25 14:05:46 IST 2026, lastUpdateTimeNanos=162845087346400}
2026-03-25 14:05:47 [cluster-ClusterId{value='69c39e6315cfe115a5277fac', description='null'}-ac-aoerbz6-shard-00-01.en0pykp.mongodb.net:27017] INFO  org.mongodb.driver.cluster - Monitor thread successfully connected to server with description ServerDescription{address=ac-aoerbz6-shard-00-01.en0pykp.mongodb.net:27017, type=REPLICA_SET_SECONDARY, cryptd=false, state=CONNECTED, ok=true, minWireVersion=0, maxWireVersion=25, maxDocumentSize=16777216, logicalSessionTimeoutMinutes=30, roundTripTimeNanos=243046600, minRoundTripTimeNanos=0, setName='atlas-zt48hn-shard-0', canonicalAddress=ac-aoerbz6-shard-00-01.en0pykp.mongodb.net:27017, hosts=[ac-aoerbz6-shard-00-01.en0pykp.mongodb.net:27017, ac-aoerbz6-shard-00-00.en0pykp.mongodb.net:27017, ac-aoerbz6-shard-00-02.en0pykp.mongodb.net:27017], passives=[], arbiters=[], primary='ac-aoerbz6-shard-00-02.en0pykp.mongodb.net:27017', tagSet=TagSet{[Tag{name='availabilityZone', value='aps1-az3'}, Tag{name='diskState', value='READY'}, Tag{name='nodeType', value='ELECTABLE'}, Tag{name='provider', value='AWS'}, Tag{name='region', value='AP_SOUTH_1'}, Tag{name='workloadType', value='OPERATIONAL'}]}, electionId=null, setVersion=391, topologyVersion=TopologyVersion{processId=69b85ccb4b84e800f9f6512d, counter=3}, lastWriteDate=Wed Mar 25 14:05:46 IST 2026, lastUpdateTimeNanos=162845087346400}
2026-03-25 14:05:47 [cluster-ClusterId{value='69c39e6315cfe115a5277fac', description='null'}-ac-aoerbz6-shard-00-02.en0pykp.mongodb.net:27017] INFO  org.mongodb.driver.cluster - Discovered replica set primary ac-aoerbz6-shard-00-02.en0pykp.mongodb.net:27017 with max election id 7fffffff0000000000000156 and max set version 391
2026-03-25 14:05:47 [main] WARN  com.password4j.PropertyReader - bcrypt minor version is not defined. Default value is used (b). Please set property hash.bcrypt.minor in your psw4j.properties file.
2026-03-25 14:05:47 [main] WARN  com.password4j.PropertyReader - bcrypt rounds are not defined. Default value is used (10). Please set property hash.bcrypt.rounds in your psw4j.properties file.
2026-03-25 14:05:47 [main] INFO  org.springframework.security.config.annotation.authentication.configuration.InitializeUserDetailsBeanManagerConfigurer$InitializeUserDetailsManagerConfigurer - Global AuthenticationManager configured with UserDetailsService bean with name userDetailsImpl
2026-03-25 14:05:48 [main] INFO  org.apache.coyote.http11.Http11NioProtocol - Starting ProtocolHandler ["http-nio-8080"]
2026-03-25 14:05:48 [main] INFO  org.springframework.boot.tomcat.TomcatWebServer - Tomcat started on port 8080 (http) with context path '/'
2026-03-25 14:05:48 [main] INFO  com.example.BookingApplication.BookingApplication - Started BookingApplication in 2.599 seconds (process running for 3.053)
2026-03-25 14:05:48 [http-nio-8080-exec-1] INFO  org.apache.catalina.core.ContainerBase.[Tomcat].[localhost].[/] - Initializing Spring DispatcherServlet 'dispatcherServlet'
2026-03-25 14:05:48 [http-nio-8080-exec-1] INFO  org.springframework.web.servlet.DispatcherServlet - Initializing Servlet 'dispatcherServlet'
2026-03-25 14:05:48 [http-nio-8080-exec-1] INFO  org.springframework.web.servlet.DispatcherServlet - Completed initialization in 1 ms
2026-03-25 14:05:48 [http-nio-8080-exec-1] WARN  org.springframework.web.servlet.handler.HandlerMappingIntrospector - Cache miss for REQUEST dispatch to '/getstarted/List' (previous null). Performing CorsConfiguration lookup. This is logged once only at WARN level, and every time at TRACE.
2026-03-25 14:06:14 [SpringApplicationShutdownHook] INFO  org.springframework.boot.tomcat.GracefulShutdown - Commencing graceful shutdown. Waiting for active requests to complete
2026-03-25 14:06:14 [tomcat-shutdown] INFO  org.springframework.boot.tomcat.GracefulShutdown - Graceful shutdown complete
2026-03-25 14:06:17 [main] INFO  com.example.BookingApplication.BookingApplication - Starting BookingApplication using Java 21.0.7 with PID 33536 (C:\Users\ADMIN\Downloads\BookingApplication\BookingApplication\target\classes started by ADMIN in C:\Users\ADMIN\Downloads\BookingApplication)
2026-03-25 14:06:17 [main] INFO  com.example.BookingApplication.BookingApplication - No active profile set, falling back to 1 default profile: "default"
2026-03-25 14:06:17 [main] INFO  org.springframework.data.repository.config.RepositoryConfigurationDelegate - Multiple Spring Data modules found, entering strict repository configuration mode
2026-03-25 14:06:17 [main] INFO  org.springframework.data.repository.config.RepositoryConfigurationDelegate - Bootstrapping Spring Data MongoDB repositories in DEFAULT mode.
2026-03-25 14:06:17 [main] INFO  org.springframework.data.repository.config.RepositoryConfigurationDelegate - Finished Spring Data repository scanning in 88 ms. Found 3 MongoDB repository interfaces.
2026-03-25 14:06:17 [main] INFO  org.springframework.data.repository.config.RepositoryConfigurationDelegate - Multiple Spring Data modules found, entering strict repository configuration mode
2026-03-25 14:06:17 [main] INFO  org.springframework.data.repository.config.RepositoryConfigurationDelegate - Bootstrapping Spring Data Redis repositories in DEFAULT mode.
2026-03-25 14:06:17 [main] INFO  org.springframework.data.repository.config.RepositoryConfigurationExtensionSupport - Spring Data Redis - Could not safely identify store assignment for repository candidate interface com.example.BookingApplication.Repositories.BookingsRepository; If you want this repository to be a Redis repository, consider annotating your entities with one of these annotations: org.springframework.data.redis.core.RedisHash (preferred), or consider extending one of the following types with your repository: org.springframework.data.keyvalue.repository.KeyValueRepository
2026-03-25 14:06:17 [main] INFO  org.springframework.data.repository.config.RepositoryConfigurationExtensionSupport - Spring Data Redis - Could not safely identify store assignment for repository candidate interface com.example.BookingApplication.Repositories.StudioRepository; If you want this repository to be a Redis repository, consider annotating your entities with one of these annotations: org.springframework.data.redis.core.RedisHash (preferred), or consider extending one of the following types with your repository: org.springframework.data.keyvalue.repository.KeyValueRepository
2026-03-25 14:06:17 [main] INFO  org.springframework.data.repository.config.RepositoryConfigurationExtensionSupport - Spring Data Redis - Could not safely identify store assignment for repository candidate interface com.example.BookingApplication.Repositories.UserRepository; If you want this repository to be a Redis repository, consider annotating your entities with one of these annotations: org.springframework.data.redis.core.RedisHash (preferred), or consider extending one of the following types with your repository: org.springframework.data.keyvalue.repository.KeyValueRepository
2026-03-25 14:06:17 [main] INFO  org.springframework.data.repository.config.RepositoryConfigurationDelegate - Finished Spring Data repository scanning in 6 ms. Found 0 Redis repository interfaces.
2026-03-25 14:06:18 [main] INFO  org.springframework.boot.tomcat.TomcatWebServer - Tomcat initialized with port 8080 (http)
2026-03-25 14:06:18 [main] INFO  org.apache.coyote.http11.Http11NioProtocol - Initializing ProtocolHandler ["http-nio-8080"]
2026-03-25 14:06:18 [main] INFO  org.apache.catalina.core.StandardService - Starting service [Tomcat]
2026-03-25 14:06:18 [main] INFO  org.apache.catalina.core.StandardEngine - Starting Servlet engine: [Apache Tomcat/11.0.18]
2026-03-25 14:06:18 [main] INFO  org.springframework.boot.web.context.servlet.WebApplicationContextInitializer - Root WebApplicationContext: initialization completed in 1010 ms
2026-03-25 14:06:18 [main] INFO  org.mongodb.driver.client - MongoClient with metadata {"driver": {"name": "mongo-java-driver|spring-boot|sync", "version": "5.6.4"}, "os": {"type": "Windows", "name": "Windows 11", "architecture": "amd64", "version": "10.0"}, "platform": "Java/Oracle Corporation/21.0.7+8-LTS-245"} created with settings MongoClientSettings{readPreference=primary, writeConcern=WriteConcern{w=majority, wTimeout=null ms, journal=null}, retryWrites=true, retryReads=true, readConcern=ReadConcern{level=null}, credential=MongoCredential{mechanism=null, userName='root', source='admin', password=<hidden>, mechanismProperties=<hidden>}, transportSettings=null, commandListeners=[], codecRegistry=ProvidersCodecRegistry{codecProviders=[ValueCodecProvider{}, BsonValueCodecProvider{}, DBRefCodecProvider{}, DBObjectCodecProvider{}, DocumentCodecProvider{}, CollectionCodecProvider{}, IterableCodecProvider{}, MapCodecProvider{}, GeoJsonCodecProvider{}, GridFSFileCodecProvider{}, Jsr310CodecProvider{}, JsonObjectCodecProvider{}, BsonCodecProvider{}, com.mongodb.client.model.mql.ExpressionCodecProvider@7b211077, com.mongodb.Jep395RecordCodecProvider@3b770d07, com.mongodb.KotlinCodecProvider@62b0bf85, EnumCodecProvider{}]}, loggerSettings=LoggerSettings{maxDocumentLength=1000}, clusterSettings={hosts=[127.0.0.1:27017], srvHost=cluster0.en0pykp.mongodb.net, srvServiceName=mongodb, mode=MULTIPLE, requiredClusterType=REPLICA_SET, requiredReplicaSetName='atlas-zt48hn-shard-0', serverSelector='null', clusterListeners='[]', serverSelectionTimeout='30000 ms', localThreshold='15 ms'}, socketSettings=SocketSettings{connectTimeoutMS=10000, readTimeoutMS=0, receiveBufferSize=0, proxySettings=ProxySettings{host=null, port=null, username=null, password=null}}, heartbeatSocketSettings=SocketSettings{connectTimeoutMS=10000, readTimeoutMS=10000, receiveBufferSize=0, proxySettings=ProxySettings{host=null, port=null, username=null, password=null}}, connectionPoolSettings=ConnectionPoolSettings{maxSize=100, minSize=0, maxWaitTimeMS=120000, maxConnectionLifeTimeMS=0, maxConnectionIdleTimeMS=0, maintenanceInitialDelayMS=0, maintenanceFrequencyMS=60000, connectionPoolListeners=[], maxConnecting=2}, serverSettings=ServerSettings{heartbeatFrequencyMS=10000, minHeartbeatFrequencyMS=500, serverMonitoringMode=AUTO, serverListeners='[]', serverMonitorListeners='[]'}, sslSettings=SslSettings{enabled=true, invalidHostNameAllowed=false, context=null}, applicationName='null', compressorList=[], uuidRepresentation=UNSPECIFIED, serverApi=null, autoEncryptionSettings=null, dnsClient=null, inetAddressResolver=null, contextProvider=null, timeoutMS=null}
2026-03-25 14:06:18 [cluster-ClusterId{value='69c39e82641a3bbb321980b3', description='null'}-srv-cluster0.en0pykp.mongodb.net] INFO  org.mongodb.driver.cluster - Adding discovered server ac-aoerbz6-shard-00-01.en0pykp.mongodb.net:27017 to client view of cluster
2026-03-25 14:06:18 [cluster-ClusterId{value='69c39e82641a3bbb321980b3', description='null'}-srv-cluster0.en0pykp.mongodb.net] INFO  org.mongodb.driver.cluster - Adding discovered server ac-aoerbz6-shard-00-00.en0pykp.mongodb.net:27017 to client view of cluster
2026-03-25 14:06:18 [cluster-ClusterId{value='69c39e82641a3bbb321980b3', description='null'}-srv-cluster0.en0pykp.mongodb.net] INFO  org.mongodb.driver.cluster - Adding discovered server ac-aoerbz6-shard-00-02.en0pykp.mongodb.net:27017 to client view of cluster
2026-03-25 14:06:18 [cluster-ClusterId{value='69c39e82641a3bbb321980b3', description='null'}-ac-aoerbz6-shard-00-01.en0pykp.mongodb.net:27017] INFO  org.mongodb.driver.cluster - Monitor thread successfully connected to server with description ServerDescription{address=ac-aoerbz6-shard-00-01.en0pykp.mongodb.net:27017, type=REPLICA_SET_SECONDARY, cryptd=false, state=CONNECTED, ok=true, minWireVersion=0, maxWireVersion=25, maxDocumentSize=16777216, logicalSessionTimeoutMinutes=30, roundTripTimeNanos=247353600, minRoundTripTimeNanos=0, setName='atlas-zt48hn-shard-0', canonicalAddress=ac-aoerbz6-shard-00-01.en0pykp.mongodb.net:27017, hosts=[ac-aoerbz6-shard-00-01.en0pykp.mongodb.net:27017, ac-aoerbz6-shard-00-00.en0pykp.mongodb.net:27017, ac-aoerbz6-shard-00-02.en0pykp.mongodb.net:27017], passives=[], arbiters=[], primary='ac-aoerbz6-shard-00-02.en0pykp.mongodb.net:27017', tagSet=TagSet{[Tag{name='availabilityZone', value='aps1-az3'}, Tag{name='diskState', value='READY'}, Tag{name='nodeType', value='ELECTABLE'}, Tag{name='provider', value='AWS'}, Tag{name='region', value='AP_SOUTH_1'}, Tag{name='workloadType', value='OPERATIONAL'}]}, electionId=null, setVersion=391, topologyVersion=TopologyVersion{processId=69b85ccb4b84e800f9f6512d, counter=3}, lastWriteDate=Wed Mar 25 14:06:18 IST 2026, lastUpdateTimeNanos=162876462864900}
2026-03-25 14:06:18 [cluster-ClusterId{value='69c39e82641a3bbb321980b3', description='null'}-ac-aoerbz6-shard-00-00.en0pykp.mongodb.net:27017] INFO  org.mongodb.driver.cluster - Monitor thread successfully connected to server with description ServerDescription{address=ac-aoerbz6-shard-00-00.en0pykp.mongodb.net:27017, type=REPLICA_SET_SECONDARY, cryptd=false, state=CONNECTED, ok=true, minWireVersion=0, maxWireVersion=25, maxDocumentSize=16777216, logicalSessionTimeoutMinutes=30, roundTripTimeNanos=245042000, minRoundTripTimeNanos=0, setName='atlas-zt48hn-shard-0', canonicalAddress=ac-aoerbz6-shard-00-00.en0pykp.mongodb.net:27017, hosts=[ac-aoerbz6-shard-00-01.en0pykp.mongodb.net:27017, ac-aoerbz6-shard-00-00.en0pykp.mongodb.net:27017, ac-aoerbz6-shard-00-02.en0pykp.mongodb.net:27017], passives=[], arbiters=[], primary='ac-aoerbz6-shard-00-02.en0pykp.mongodb.net:27017', tagSet=TagSet{[Tag{name='availabilityZone', value='aps1-az1'}, Tag{name='diskState', value='READY'}, Tag{name='nodeType', value='ELECTABLE'}, Tag{name='provider', value='AWS'}, Tag{name='region', value='AP_SOUTH_1'}, Tag{name='workloadType', value='OPERATIONAL'}]}, electionId=null, setVersion=391, topologyVersion=TopologyVersion{processId=69b855abb14686967b76fdd6, counter=4}, lastWriteDate=Wed Mar 25 14:06:18 IST 2026, lastUpdateTimeNanos=162876462886700}
2026-03-25 14:06:18 [cluster-ClusterId{value='69c39e82641a3bbb321980b3', description='null'}-ac-aoerbz6-shard-00-02.en0pykp.mongodb.net:27017] INFO  org.mongodb.driver.cluster - Monitor thread successfully connected to server with description ServerDescription{address=ac-aoerbz6-shard-00-02.en0pykp.mongodb.net:27017, type=REPLICA_SET_PRIMARY, cryptd=false, state=CONNECTED, ok=true, minWireVersion=0, maxWireVersion=25, maxDocumentSize=16777216, logicalSessionTimeoutMinutes=30, roundTripTimeNanos=247353800, minRoundTripTimeNanos=0, setName='atlas-zt48hn-shard-0', canonicalAddress=ac-aoerbz6-shard-00-02.en0pykp.mongodb.net:27017, hosts=[ac-aoerbz6-shard-00-01.en0pykp.mongodb.net:27017, ac-aoerbz6-shard-00-00.en0pykp.mongodb.net:27017, ac-aoerbz6-shard-00-02.en0pykp.mongodb.net:27017], passives=[], arbiters=[], primary='ac-aoerbz6-shard-00-02.en0pykp.mongodb.net:27017', tagSet=TagSet{[Tag{name='availabilityZone', value='aps1-az2'}, Tag{name='diskState', value='READY'}, Tag{name='nodeType', value='ELECTABLE'}, Tag{name='provider', value='AWS'}, Tag{name='region', value='AP_SOUTH_1'}, Tag{name='workloadType', value='OPERATIONAL'}]}, electionId=7fffffff0000000000000156, setVersion=391, topologyVersion=TopologyVersion{processId=69b859a89b4f2018f8b26ac6, counter=6}, lastWriteDate=Wed Mar 25 14:06:18 IST 2026, lastUpdateTimeNanos=162876462864900}
2026-03-25 14:06:18 [cluster-ClusterId{value='69c39e82641a3bbb321980b3', description='null'}-ac-aoerbz6-shard-00-02.en0pykp.mongodb.net:27017] INFO  org.mongodb.driver.cluster - Discovered replica set primary ac-aoerbz6-shard-00-02.en0pykp.mongodb.net:27017 with max election id 7fffffff0000000000000156 and max set version 391
2026-03-25 14:06:19 [main] WARN  com.password4j.PropertyReader - bcrypt minor version is not defined. Default value is used (b). Please set property hash.bcrypt.minor in your psw4j.properties file.
2026-03-25 14:06:19 [main] WARN  com.password4j.PropertyReader - bcrypt rounds are not defined. Default value is used (10). Please set property hash.bcrypt.rounds in your psw4j.properties file.
2026-03-25 14:06:19 [main] INFO  org.springframework.security.config.annotation.authentication.configuration.InitializeUserDetailsBeanManagerConfigurer$InitializeUserDetailsManagerConfigurer - Global AuthenticationManager configured with UserDetailsService bean with name userDetailsImpl
2026-03-25 14:06:19 [main] INFO  org.apache.coyote.http11.Http11NioProtocol - Starting ProtocolHandler ["http-nio-8080"]
2026-03-25 14:06:19 [main] INFO  org.springframework.boot.tomcat.TomcatWebServer - Tomcat started on port 8080 (http) with context path '/'
2026-03-25 14:06:19 [main] INFO  com.example.BookingApplication.BookingApplication - Started BookingApplication in 2.661 seconds (process running for 3.278)
2026-03-25 14:06:26 [http-nio-8080-exec-1] INFO  org.apache.catalina.core.ContainerBase.[Tomcat].[localhost].[/] - Initializing Spring DispatcherServlet 'dispatcherServlet'
2026-03-25 14:06:26 [http-nio-8080-exec-1] INFO  org.springframework.web.servlet.DispatcherServlet - Initializing Servlet 'dispatcherServlet'
2026-03-25 14:06:26 [http-nio-8080-exec-1] INFO  org.springframework.web.servlet.DispatcherServlet - Completed initialization in 1 ms
2026-03-25 14:06:26 [http-nio-8080-exec-1] WARN  org.springframework.web.servlet.handler.HandlerMappingIntrospector - Cache miss for REQUEST dispatch to '/Booking/new' (previous null). Performing CorsConfiguration lookup. This is logged once only at WARN level, and every time at TRACE.
2026-03-25 14:10:26 [SpringApplicationShutdownHook] INFO  org.springframework.boot.tomcat.GracefulShutdown - Commencing graceful shutdown. Waiting for active requests to complete
2026-03-25 14:10:26 [tomcat-shutdown] INFO  org.springframework.boot.tomcat.GracefulShutdown - Graceful shutdown complete
2026-03-25 14:12:36 [main] INFO  com.example.BookingApplication.BookingApplication - Starting BookingApplication using Java 21.0.7 with PID 29676 (C:\Users\ADMIN\Downloads\BookingApplication\BookingApplication\target\classes started by ADMIN in C:\Users\ADMIN\Downloads\BookingApplication)
2026-03-25 14:12:36 [main] INFO  com.example.BookingApplication.BookingApplication - No active profile set, falling back to 1 default profile: "default"
2026-03-25 14:12:36 [main] INFO  org.springframework.data.repository.config.RepositoryConfigurationDelegate - Multiple Spring Data modules found, entering strict repository configuration mode
2026-03-25 14:12:36 [main] INFO  org.springframework.data.repository.config.RepositoryConfigurationDelegate - Bootstrapping Spring Data MongoDB repositories in DEFAULT mode.
2026-03-25 14:12:36 [main] INFO  org.springframework.data.repository.config.RepositoryConfigurationDelegate - Finished Spring Data repository scanning in 91 ms. Found 3 MongoDB repository interfaces.
2026-03-25 14:12:36 [main] INFO  org.springframework.data.repository.config.RepositoryConfigurationDelegate - Multiple Spring Data modules found, entering strict repository configuration mode
2026-03-25 14:12:36 [main] INFO  org.springframework.data.repository.config.RepositoryConfigurationDelegate - Bootstrapping Spring Data Redis repositories in DEFAULT mode.
2026-03-25 14:12:36 [main] INFO  org.springframework.data.repository.config.RepositoryConfigurationExtensionSupport - Spring Data Redis - Could not safely identify store assignment for repository candidate interface com.example.BookingApplication.Repositories.BookingsRepository; If you want this repository to be a Redis repository, consider annotating your entities with one of these annotations: org.springframework.data.redis.core.RedisHash (preferred), or consider extending one of the following types with your repository: org.springframework.data.keyvalue.repository.KeyValueRepository
2026-03-25 14:12:36 [main] INFO  org.springframework.data.repository.config.RepositoryConfigurationExtensionSupport - Spring Data Redis - Could not safely identify store assignment for repository candidate interface com.example.BookingApplication.Repositories.StudioRepository; If you want this repository to be a Redis repository, consider annotating your entities with one of these annotations: org.springframework.data.redis.core.RedisHash (preferred), or consider extending one of the following types with your repository: org.springframework.data.keyvalue.repository.KeyValueRepository
2026-03-25 14:12:36 [main] INFO  org.springframework.data.repository.config.RepositoryConfigurationExtensionSupport - Spring Data Redis - Could not safely identify store assignment for repository candidate interface com.example.BookingApplication.Repositories.UserRepository; If you want this repository to be a Redis repository, consider annotating your entities with one of these annotations: org.springframework.data.redis.core.RedisHash (preferred), or consider extending one of the following types with your repository: org.springframework.data.keyvalue.repository.KeyValueRepository
2026-03-25 14:12:36 [main] INFO  org.springframework.data.repository.config.RepositoryConfigurationDelegate - Finished Spring Data repository scanning in 6 ms. Found 0 Redis repository interfaces.
2026-03-25 14:12:37 [main] INFO  org.springframework.boot.tomcat.TomcatWebServer - Tomcat initialized with port 8080 (http)
2026-03-25 14:12:37 [main] INFO  org.apache.coyote.http11.Http11NioProtocol - Initializing ProtocolHandler ["http-nio-8080"]
2026-03-25 14:12:37 [main] INFO  org.apache.catalina.core.StandardService - Starting service [Tomcat]
2026-03-25 14:12:37 [main] INFO  org.apache.catalina.core.StandardEngine - Starting Servlet engine: [Apache Tomcat/11.0.18]
2026-03-25 14:12:37 [main] INFO  org.springframework.boot.web.context.servlet.WebApplicationContextInitializer - Root WebApplicationContext: initialization completed in 1009 ms
2026-03-25 14:12:37 [main] INFO  org.mongodb.driver.client - MongoClient with metadata {"driver": {"name": "mongo-java-driver|spring-boot|sync", "version": "5.6.4"}, "os": {"type": "Windows", "name": "Windows 11", "architecture": "amd64", "version": "10.0"}, "platform": "Java/Oracle Corporation/21.0.7+8-LTS-245"} created with settings MongoClientSettings{readPreference=primary, writeConcern=WriteConcern{w=majority, wTimeout=null ms, journal=null}, retryWrites=true, retryReads=true, readConcern=ReadConcern{level=null}, credential=MongoCredential{mechanism=null, userName='root', source='admin', password=<hidden>, mechanismProperties=<hidden>}, transportSettings=null, commandListeners=[], codecRegistry=ProvidersCodecRegistry{codecProviders=[ValueCodecProvider{}, BsonValueCodecProvider{}, DBRefCodecProvider{}, DBObjectCodecProvider{}, DocumentCodecProvider{}, CollectionCodecProvider{}, IterableCodecProvider{}, MapCodecProvider{}, GeoJsonCodecProvider{}, GridFSFileCodecProvider{}, Jsr310CodecProvider{}, JsonObjectCodecProvider{}, BsonCodecProvider{}, com.mongodb.client.model.mql.ExpressionCodecProvider@7b211077, com.mongodb.Jep395RecordCodecProvider@3b770d07, com.mongodb.KotlinCodecProvider@62b0bf85, EnumCodecProvider{}]}, loggerSettings=LoggerSettings{maxDocumentLength=1000}, clusterSettings={hosts=[127.0.0.1:27017], srvHost=cluster0.en0pykp.mongodb.net, srvServiceName=mongodb, mode=MULTIPLE, requiredClusterType=REPLICA_SET, requiredReplicaSetName='atlas-zt48hn-shard-0', serverSelector='null', clusterListeners='[]', serverSelectionTimeout='30000 ms', localThreshold='15 ms'}, socketSettings=SocketSettings{connectTimeoutMS=10000, readTimeoutMS=0, receiveBufferSize=0, proxySettings=ProxySettings{host=null, port=null, username=null, password=null}}, heartbeatSocketSettings=SocketSettings{connectTimeoutMS=10000, readTimeoutMS=10000, receiveBufferSize=0, proxySettings=ProxySettings{host=null, port=null, username=null, password=null}}, connectionPoolSettings=ConnectionPoolSettings{maxSize=100, minSize=0, maxWaitTimeMS=120000, maxConnectionLifeTimeMS=0, maxConnectionIdleTimeMS=0, maintenanceInitialDelayMS=0, maintenanceFrequencyMS=60000, connectionPoolListeners=[], maxConnecting=2}, serverSettings=ServerSettings{heartbeatFrequencyMS=10000, minHeartbeatFrequencyMS=500, serverMonitoringMode=AUTO, serverListeners='[]', serverMonitorListeners='[]'}, sslSettings=SslSettings{enabled=true, invalidHostNameAllowed=false, context=null}, applicationName='null', compressorList=[], uuidRepresentation=UNSPECIFIED, serverApi=null, autoEncryptionSettings=null, dnsClient=null, inetAddressResolver=null, contextProvider=null, timeoutMS=null}
2026-03-25 14:12:37 [cluster-ClusterId{value='69c39ffda0f3b7e1dc21224a', description='null'}-srv-cluster0.en0pykp.mongodb.net] INFO  org.mongodb.driver.cluster - Adding discovered server ac-aoerbz6-shard-00-01.en0pykp.mongodb.net:27017 to client view of cluster
2026-03-25 14:12:37 [cluster-ClusterId{value='69c39ffda0f3b7e1dc21224a', description='null'}-srv-cluster0.en0pykp.mongodb.net] INFO  org.mongodb.driver.cluster - Adding discovered server ac-aoerbz6-shard-00-00.en0pykp.mongodb.net:27017 to client view of cluster
2026-03-25 14:12:37 [cluster-ClusterId{value='69c39ffda0f3b7e1dc21224a', description='null'}-srv-cluster0.en0pykp.mongodb.net] INFO  org.mongodb.driver.cluster - Adding discovered server ac-aoerbz6-shard-00-02.en0pykp.mongodb.net:27017 to client view of cluster
2026-03-25 14:12:39 [cluster-ClusterId{value='69c39ffda0f3b7e1dc21224a', description='null'}-ac-aoerbz6-shard-00-01.en0pykp.mongodb.net:27017] INFO  org.mongodb.driver.cluster - Monitor thread successfully connected to server with description ServerDescription{address=ac-aoerbz6-shard-00-01.en0pykp.mongodb.net:27017, type=REPLICA_SET_SECONDARY, cryptd=false, state=CONNECTED, ok=true, minWireVersion=0, maxWireVersion=25, maxDocumentSize=16777216, logicalSessionTimeoutMinutes=30, roundTripTimeNanos=222787900, minRoundTripTimeNanos=0, setName='atlas-zt48hn-shard-0', canonicalAddress=ac-aoerbz6-shard-00-01.en0pykp.mongodb.net:27017, hosts=[ac-aoerbz6-shard-00-01.en0pykp.mongodb.net:27017, ac-aoerbz6-shard-00-00.en0pykp.mongodb.net:27017, ac-aoerbz6-shard-00-02.en0pykp.mongodb.net:27017], passives=[], arbiters=[], primary='ac-aoerbz6-shard-00-02.en0pykp.mongodb.net:27017', tagSet=TagSet{[Tag{name='availabilityZone', value='aps1-az3'}, Tag{name='diskState', value='READY'}, Tag{name='nodeType', value='ELECTABLE'}, Tag{name='provider', value='AWS'}, Tag{name='region', value='AP_SOUTH_1'}, Tag{name='workloadType', value='OPERATIONAL'}]}, electionId=null, setVersion=391, topologyVersion=TopologyVersion{processId=69b85ccb4b84e800f9f6512d, counter=3}, lastWriteDate=Wed Mar 25 14:12:38 IST 2026, lastUpdateTimeNanos=163256802591600}
2026-03-25 14:12:39 [cluster-ClusterId{value='69c39ffda0f3b7e1dc21224a', description='null'}-ac-aoerbz6-shard-00-02.en0pykp.mongodb.net:27017] INFO  org.mongodb.driver.cluster - Monitor thread successfully connected to server with description ServerDescription{address=ac-aoerbz6-shard-00-02.en0pykp.mongodb.net:27017, type=REPLICA_SET_PRIMARY, cryptd=false, state=CONNECTED, ok=true, minWireVersion=0, maxWireVersion=25, maxDocumentSize=16777216, logicalSessionTimeoutMinutes=30, roundTripTimeNanos=222864000, minRoundTripTimeNanos=0, setName='atlas-zt48hn-shard-0', canonicalAddress=ac-aoerbz6-shard-00-02.en0pykp.mongodb.net:27017, hosts=[ac-aoerbz6-shard-00-01.en0pykp.mongodb.net:27017, ac-aoerbz6-shard-00-00.en0pykp.mongodb.net:27017, ac-aoerbz6-shard-00-02.en0pykp.mongodb.net:27017], passives=[], arbiters=[], primary='ac-aoerbz6-shard-00-02.en0pykp.mongodb.net:27017', tagSet=TagSet{[Tag{name='availabilityZone', value='aps1-az2'}, Tag{name='diskState', value='READY'}, Tag{name='nodeType', value='ELECTABLE'}, Tag{name='provider', value='AWS'}, Tag{name='region', value='AP_SOUTH_1'}, Tag{name='workloadType', value='OPERATIONAL'}]}, electionId=7fffffff0000000000000156, setVersion=391, topologyVersion=TopologyVersion{processId=69b859a89b4f2018f8b26ac6, counter=6}, lastWriteDate=Wed Mar 25 14:12:38 IST 2026, lastUpdateTimeNanos=163256802578300}
2026-03-25 14:12:39 [cluster-ClusterId{value='69c39ffda0f3b7e1dc21224a', description='null'}-ac-aoerbz6-shard-00-00.en0pykp.mongodb.net:27017] INFO  org.mongodb.driver.cluster - Monitor thread successfully connected to server with description ServerDescription{address=ac-aoerbz6-shard-00-00.en0pykp.mongodb.net:27017, type=REPLICA_SET_SECONDARY, cryptd=false, state=CONNECTED, ok=true, minWireVersion=0, maxWireVersion=25, maxDocumentSize=16777216, logicalSessionTimeoutMinutes=30, roundTripTimeNanos=201180000, minRoundTripTimeNanos=0, setName='atlas-zt48hn-shard-0', canonicalAddress=ac-aoerbz6-shard-00-00.en0pykp.mongodb.net:27017, hosts=[ac-aoerbz6-shard-00-01.en0pykp.mongodb.net:27017, ac-aoerbz6-shard-00-00.en0pykp.mongodb.net:27017, ac-aoerbz6-shard-00-02.en0pykp.mongodb.net:27017], passives=[], arbiters=[], primary='ac-aoerbz6-shard-00-02.en0pykp.mongodb.net:27017', tagSet=TagSet{[Tag{name='availabilityZone', value='aps1-az1'}, Tag{name='diskState', value='READY'}, Tag{name='nodeType', value='ELECTABLE'}, Tag{name='provider', value='AWS'}, Tag{name='region', value='AP_SOUTH_1'}, Tag{name='workloadType', value='OPERATIONAL'}]}, electionId=null, setVersion=391, topologyVersion=TopologyVersion{processId=69b855abb14686967b76fdd6, counter=4}, lastWriteDate=Wed Mar 25 14:12:38 IST 2026, lastUpdateTimeNanos=163256802578300}
2026-03-25 14:12:39 [cluster-ClusterId{value='69c39ffda0f3b7e1dc21224a', description='null'}-ac-aoerbz6-shard-00-02.en0pykp.mongodb.net:27017] INFO  org.mongodb.driver.cluster - Discovered replica set primary ac-aoerbz6-shard-00-02.en0pykp.mongodb.net:27017 with max election id 7fffffff0000000000000156 and max set version 391
2026-03-25 14:12:39 [main] WARN  com.password4j.PropertyReader - bcrypt minor version is not defined. Default value is used (b). Please set property hash.bcrypt.minor in your psw4j.properties file.
2026-03-25 14:12:39 [main] WARN  com.password4j.PropertyReader - bcrypt rounds are not defined. Default value is used (10). Please set property hash.bcrypt.rounds in your psw4j.properties file.
2026-03-25 14:12:39 [main] INFO  org.springframework.security.config.annotation.authentication.configuration.InitializeUserDetailsBeanManagerConfigurer$InitializeUserDetailsManagerConfigurer - Global AuthenticationManager configured with UserDetailsService bean with name userDetailsImpl
2026-03-25 14:12:40 [main] INFO  org.springframework.boot.tomcat.TomcatWebServer - Tomcat started on port 8080 (http) with context path '/'
2026-03-25 14:12:40 [main] INFO  com.example.BookingApplication.BookingApplication - Started BookingApplication in 4.381 seconds (process running for 5.013)
2026-03-25 14:12:40 [SpringApplicationShutdownHook] INFO  org.springframework.boot.tomcat.GracefulShutdown - Commencing graceful shutdown. Waiting for active requests to complete
2026-03-25 14:12:40 [tomcat-shutdown] INFO  org.springframework.boot.tomcat.GracefulShutdown - Graceful shutdown complete
2026-03-25 14:12:42 [main] INFO  com.example.BookingApplication.BookingApplication - Starting BookingApplication using Java 21.0.7 with PID 33200 (C:\Users\ADMIN\Downloads\BookingApplication\BookingApplication\target\classes started by ADMIN in C:\Users\ADMIN\Downloads\BookingApplication)
2026-03-25 14:12:42 [main] INFO  com.example.BookingApplication.BookingApplication - No active profile set, falling back to 1 default profile: "default"
2026-03-25 14:12:43 [main] INFO  org.springframework.data.repository.config.RepositoryConfigurationDelegate - Multiple Spring Data modules found, entering strict repository configuration mode
2026-03-25 14:12:43 [main] INFO  org.springframework.data.repository.config.RepositoryConfigurationDelegate - Bootstrapping Spring Data MongoDB repositories in DEFAULT mode.
2026-03-25 14:12:43 [main] INFO  org.springframework.data.repository.config.RepositoryConfigurationDelegate - Finished Spring Data repository scanning in 107 ms. Found 3 MongoDB repository interfaces.
2026-03-25 14:12:43 [main] INFO  org.springframework.data.repository.config.RepositoryConfigurationDelegate - Multiple Spring Data modules found, entering strict repository configuration mode
2026-03-25 14:12:43 [main] INFO  org.springframework.data.repository.config.RepositoryConfigurationDelegate - Bootstrapping Spring Data Redis repositories in DEFAULT mode.
2026-03-25 14:12:43 [main] INFO  org.springframework.data.repository.config.RepositoryConfigurationExtensionSupport - Spring Data Redis - Could not safely identify store assignment for repository candidate interface com.example.BookingApplication.Repositories.BookingsRepository; If you want this repository to be a Redis repository, consider annotating your entities with one of these annotations: org.springframework.data.redis.core.RedisHash (preferred), or consider extending one of the following types with your repository: org.springframework.data.keyvalue.repository.KeyValueRepository
2026-03-25 14:12:43 [main] INFO  org.springframework.data.repository.config.RepositoryConfigurationExtensionSupport - Spring Data Redis - Could not safely identify store assignment for repository candidate interface com.example.BookingApplication.Repositories.StudioRepository; If you want this repository to be a Redis repository, consider annotating your entities with one of these annotations: org.springframework.data.redis.core.RedisHash (preferred), or consider extending one of the following types with your repository: org.springframework.data.keyvalue.repository.KeyValueRepository
2026-03-25 14:12:43 [main] INFO  org.springframework.data.repository.config.RepositoryConfigurationExtensionSupport - Spring Data Redis - Could not safely identify store assignment for repository candidate interface com.example.BookingApplication.Repositories.UserRepository; If you want this repository to be a Redis repository, consider annotating your entities with one of these annotations: org.springframework.data.redis.core.RedisHash (preferred), or consider extending one of the following types with your repository: org.springframework.data.keyvalue.repository.KeyValueRepository
2026-03-25 14:12:43 [main] INFO  org.springframework.data.repository.config.RepositoryConfigurationDelegate - Finished Spring Data repository scanning in 9 ms. Found 0 Redis repository interfaces.
2026-03-25 14:12:43 [main] INFO  org.springframework.boot.tomcat.TomcatWebServer - Tomcat initialized with port 8080 (http)
2026-03-25 14:12:43 [main] INFO  org.apache.coyote.http11.Http11NioProtocol - Initializing ProtocolHandler ["http-nio-8080"]
2026-03-25 14:12:43 [main] INFO  org.apache.catalina.core.StandardService - Starting service [Tomcat]
2026-03-25 14:12:43 [main] INFO  org.apache.catalina.core.StandardEngine - Starting Servlet engine: [Apache Tomcat/11.0.18]
2026-03-25 14:12:43 [main] INFO  org.springframework.boot.web.context.servlet.WebApplicationContextInitializer - Root WebApplicationContext: initialization completed in 1220 ms
2026-03-25 14:12:44 [cluster-ClusterId{value='69c3a0033853306ed0c26864', description='null'}-srv-cluster0.en0pykp.mongodb.net] INFO  org.mongodb.driver.cluster - Adding discovered server ac-aoerbz6-shard-00-01.en0pykp.mongodb.net:27017 to client view of cluster
2026-03-25 14:12:44 [main] INFO  org.mongodb.driver.client - MongoClient with metadata {"driver": {"name": "mongo-java-driver|spring-boot|sync", "version": "5.6.4"}, "os": {"type": "Windows", "name": "Windows 11", "architecture": "amd64", "version": "10.0"}, "platform": "Java/Oracle Corporation/21.0.7+8-LTS-245"} created with settings MongoClientSettings{readPreference=primary, writeConcern=WriteConcern{w=majority, wTimeout=null ms, journal=null}, retryWrites=true, retryReads=true, readConcern=ReadConcern{level=null}, credential=MongoCredential{mechanism=null, userName='root', source='admin', password=<hidden>, mechanismProperties=<hidden>}, transportSettings=null, commandListeners=[], codecRegistry=ProvidersCodecRegistry{codecProviders=[ValueCodecProvider{}, BsonValueCodecProvider{}, DBRefCodecProvider{}, DBObjectCodecProvider{}, DocumentCodecProvider{}, CollectionCodecProvider{}, IterableCodecProvider{}, MapCodecProvider{}, GeoJsonCodecProvider{}, GridFSFileCodecProvider{}, Jsr310CodecProvider{}, JsonObjectCodecProvider{}, BsonCodecProvider{}, com.mongodb.client.model.mql.ExpressionCodecProvider@5409dfdd, com.mongodb.Jep395RecordCodecProvider@45f9d394, com.mongodb.KotlinCodecProvider@1c2d63f0, EnumCodecProvider{}]}, loggerSettings=LoggerSettings{maxDocumentLength=1000}, clusterSettings={hosts=[127.0.0.1:27017], srvHost=cluster0.en0pykp.mongodb.net, srvServiceName=mongodb, mode=MULTIPLE, requiredClusterType=REPLICA_SET, requiredReplicaSetName='atlas-zt48hn-shard-0', serverSelector='null', clusterListeners='[]', serverSelectionTimeout='30000 ms', localThreshold='15 ms'}, socketSettings=SocketSettings{connectTimeoutMS=10000, readTimeoutMS=0, receiveBufferSize=0, proxySettings=ProxySettings{host=null, port=null, username=null, password=null}}, heartbeatSocketSettings=SocketSettings{connectTimeoutMS=10000, readTimeoutMS=10000, receiveBufferSize=0, proxySettings=ProxySettings{host=null, port=null, username=null, password=null}}, connectionPoolSettings=ConnectionPoolSettings{maxSize=100, minSize=0, maxWaitTimeMS=120000, maxConnectionLifeTimeMS=0, maxConnectionIdleTimeMS=0, maintenanceInitialDelayMS=0, maintenanceFrequencyMS=60000, connectionPoolListeners=[], maxConnecting=2}, serverSettings=ServerSettings{heartbeatFrequencyMS=10000, minHeartbeatFrequencyMS=500, serverMonitoringMode=AUTO, serverListeners='[]', serverMonitorListeners='[]'}, sslSettings=SslSettings{enabled=true, invalidHostNameAllowed=false, context=null}, applicationName='null', compressorList=[], uuidRepresentation=UNSPECIFIED, serverApi=null, autoEncryptionSettings=null, dnsClient=null, inetAddressResolver=null, contextProvider=null, timeoutMS=null}
2026-03-25 14:12:44 [cluster-ClusterId{value='69c3a0033853306ed0c26864', description='null'}-srv-cluster0.en0pykp.mongodb.net] INFO  org.mongodb.driver.cluster - Adding discovered server ac-aoerbz6-shard-00-00.en0pykp.mongodb.net:27017 to client view of cluster
2026-03-25 14:12:44 [cluster-ClusterId{value='69c3a0033853306ed0c26864', description='null'}-srv-cluster0.en0pykp.mongodb.net] INFO  org.mongodb.driver.cluster - Adding discovered server ac-aoerbz6-shard-00-02.en0pykp.mongodb.net:27017 to client view of cluster
2026-03-25 14:12:44 [cluster-ClusterId{value='69c3a0033853306ed0c26864', description='null'}-ac-aoerbz6-shard-00-02.en0pykp.mongodb.net:27017] INFO  org.mongodb.driver.cluster - Monitor thread successfully connected to server with description ServerDescription{address=ac-aoerbz6-shard-00-02.en0pykp.mongodb.net:27017, type=REPLICA_SET_PRIMARY, cryptd=false, state=CONNECTED, ok=true, minWireVersion=0, maxWireVersion=25, maxDocumentSize=16777216, logicalSessionTimeoutMinutes=30, roundTripTimeNanos=252256000, minRoundTripTimeNanos=0, setName='atlas-zt48hn-shard-0', canonicalAddress=ac-aoerbz6-shard-00-02.en0pykp.mongodb.net:27017, hosts=[ac-aoerbz6-shard-00-01.en0pykp.mongodb.net:27017, ac-aoerbz6-shard-00-00.en0pykp.mongodb.net:27017, ac-aoerbz6-shard-00-02.en0pykp.mongodb.net:27017], passives=[], arbiters=[], primary='ac-aoerbz6-shard-00-02.en0pykp.mongodb.net:27017', tagSet=TagSet{[Tag{name='availabilityZone', value='aps1-az2'}, Tag{name='diskState', value='READY'}, Tag{name='nodeType', value='ELECTABLE'}, Tag{name='provider', value='AWS'}, Tag{name='region', value='AP_SOUTH_1'}, Tag{name='workloadType', value='OPERATIONAL'}]}, electionId=7fffffff0000000000000156, setVersion=391, topologyVersion=TopologyVersion{processId=69b859a89b4f2018f8b26ac6, counter=6}, lastWriteDate=Wed Mar 25 14:12:43 IST 2026, lastUpdateTimeNanos=163262072902500}
2026-03-25 14:12:44 [cluster-ClusterId{value='69c3a0033853306ed0c26864', description='null'}-ac-aoerbz6-shard-00-00.en0pykp.mongodb.net:27017] INFO  org.mongodb.driver.cluster - Monitor thread successfully connected to server with description ServerDescription{address=ac-aoerbz6-shard-00-00.en0pykp.mongodb.net:27017, type=REPLICA_SET_SECONDARY, cryptd=false, state=CONNECTED, ok=true, minWireVersion=0, maxWireVersion=25, maxDocumentSize=16777216, logicalSessionTimeoutMinutes=30, roundTripTimeNanos=247850200, minRoundTripTimeNanos=0, setName='atlas-zt48hn-shard-0', canonicalAddress=ac-aoerbz6-shard-00-00.en0pykp.mongodb.net:27017, hosts=[ac-aoerbz6-shard-00-01.en0pykp.mongodb.net:27017, ac-aoerbz6-shard-00-00.en0pykp.mongodb.net:27017, ac-aoerbz6-shard-00-02.en0pykp.mongodb.net:27017], passives=[], arbiters=[], primary='ac-aoerbz6-shard-00-02.en0pykp.mongodb.net:27017', tagSet=TagSet{[Tag{name='availabilityZone', value='aps1-az1'}, Tag{name='diskState', value='READY'}, Tag{name='nodeType', value='ELECTABLE'}, Tag{name='provider', value='AWS'}, Tag{name='region', value='AP_SOUTH_1'}, Tag{name='workloadType', value='OPERATIONAL'}]}, electionId=null, setVersion=391, topologyVersion=TopologyVersion{processId=69b855abb14686967b76fdd6, counter=4}, lastWriteDate=Wed Mar 25 14:12:43 IST 2026, lastUpdateTimeNanos=163262072902500}
2026-03-25 14:12:44 [cluster-ClusterId{value='69c3a0033853306ed0c26864', description='null'}-ac-aoerbz6-shard-00-01.en0pykp.mongodb.net:27017] INFO  org.mongodb.driver.cluster - Monitor thread successfully connected to server with description ServerDescription{address=ac-aoerbz6-shard-00-01.en0pykp.mongodb.net:27017, type=REPLICA_SET_SECONDARY, cryptd=false, state=CONNECTED, ok=true, minWireVersion=0, maxWireVersion=25, maxDocumentSize=16777216, logicalSessionTimeoutMinutes=30, roundTripTimeNanos=247570700, minRoundTripTimeNanos=0, setName='atlas-zt48hn-shard-0', canonicalAddress=ac-aoerbz6-shard-00-01.en0pykp.mongodb.net:27017, hosts=[ac-aoerbz6-shard-00-01.en0pykp.mongodb.net:27017, ac-aoerbz6-shard-00-00.en0pykp.mongodb.net:27017, ac-aoerbz6-shard-00-02.en0pykp.mongodb.net:27017], passives=[], arbiters=[], primary='ac-aoerbz6-shard-00-02.en0pykp.mongodb.net:27017', tagSet=TagSet{[Tag{name='availabilityZone', value='aps1-az3'}, Tag{name='diskState', value='READY'}, Tag{name='nodeType', value='ELECTABLE'}, Tag{name='provider', value='AWS'}, Tag{name='region', value='AP_SOUTH_1'}, Tag{name='workloadType', value='OPERATIONAL'}]}, electionId=null, setVersion=391, topologyVersion=TopologyVersion{processId=69b85ccb4b84e800f9f6512d, counter=3}, lastWriteDate=Wed Mar 25 14:12:43 IST 2026, lastUpdateTimeNanos=163262072902500}
2026-03-25 14:12:44 [cluster-ClusterId{value='69c3a0033853306ed0c26864', description='null'}-ac-aoerbz6-shard-00-02.en0pykp.mongodb.net:27017] INFO  org.mongodb.driver.cluster - Discovered replica set primary ac-aoerbz6-shard-00-02.en0pykp.mongodb.net:27017 with max election id 7fffffff0000000000000156 and max set version 391
2026-03-25 14:12:44 [main] WARN  com.password4j.PropertyReader - bcrypt minor version is not defined. Default value is used (b). Please set property hash.bcrypt.minor in your psw4j.properties file.
2026-03-25 14:12:44 [main] WARN  com.password4j.PropertyReader - bcrypt rounds are not defined. Default value is used (10). Please set property hash.bcrypt.rounds in your psw4j.properties file.
2026-03-25 14:12:44 [main] INFO  org.springframework.security.config.annotation.authentication.configuration.InitializeUserDetailsBeanManagerConfigurer$InitializeUserDetailsManagerConfigurer - Global AuthenticationManager configured with UserDetailsService bean with name userDetailsImpl
2026-03-25 14:12:45 [main] INFO  org.apache.coyote.http11.Http11NioProtocol - Starting ProtocolHandler ["http-nio-8080"]
2026-03-25 14:12:45 [main] INFO  org.springframework.boot.tomcat.TomcatWebServer - Tomcat started on port 8080 (http) with context path '/'
2026-03-25 14:12:45 [main] INFO  com.example.BookingApplication.BookingApplication - Started BookingApplication in 3.442 seconds (process running for 4.17)
2026-03-25 14:12:57 [SpringApplicationShutdownHook] INFO  org.springframework.boot.tomcat.GracefulShutdown - Commencing graceful shutdown. Waiting for active requests to complete
2026-03-25 14:12:57 [tomcat-shutdown] INFO  org.springframework.boot.tomcat.GracefulShutdown - Graceful shutdown complete
2026-03-25 14:12:57 [http-nio-8080-exec-1] INFO  org.springframework.web.servlet.DispatcherServlet - Initializing Servlet 'dispatcherServlet'
2026-03-25 14:12:57 [http-nio-8080-exec-1] INFO  org.springframework.web.servlet.DispatcherServlet - Completed initialization in 1 ms
2026-03-25 14:12:57 [http-nio-8080-exec-1] WARN  org.springframework.web.servlet.handler.HandlerMappingIntrospector - Cache miss for REQUEST dispatch to '/getstarted/List' (previous null). Performing CorsConfiguration lookup. This is logged once only at WARN level, and every time at TRACE.
2026-03-25 14:13:00 [main] INFO  com.example.BookingApplication.BookingApplication - Starting BookingApplication using Java 21.0.7 with PID 34068 (C:\Users\ADMIN\Downloads\BookingApplication\BookingApplication\target\classes started by ADMIN in C:\Users\ADMIN\Downloads\BookingApplication)
2026-03-25 14:13:00 [main] INFO  com.example.BookingApplication.BookingApplication - No active profile set, falling back to 1 default profile: "default"
2026-03-25 14:13:00 [main] INFO  org.springframework.data.repository.config.RepositoryConfigurationDelegate - Multiple Spring Data modules found, entering strict repository configuration mode
2026-03-25 14:13:00 [main] INFO  org.springframework.data.repository.config.RepositoryConfigurationDelegate - Bootstrapping Spring Data MongoDB repositories in DEFAULT mode.
2026-03-25 14:13:00 [main] INFO  org.springframework.data.repository.config.RepositoryConfigurationDelegate - Finished Spring Data repository scanning in 84 ms. Found 3 MongoDB repository interfaces.
2026-03-25 14:13:00 [main] INFO  org.springframework.data.repository.config.RepositoryConfigurationDelegate - Multiple Spring Data modules found, entering strict repository configuration mode
2026-03-25 14:13:00 [main] INFO  org.springframework.data.repository.config.RepositoryConfigurationDelegate - Bootstrapping Spring Data Redis repositories in DEFAULT mode.
2026-03-25 14:13:01 [main] INFO  org.springframework.data.repository.config.RepositoryConfigurationExtensionSupport - Spring Data Redis - Could not safely identify store assignment for repository candidate interface com.example.BookingApplication.Repositories.BookingsRepository; If you want this repository to be a Redis repository, consider annotating your entities with one of these annotations: org.springframework.data.redis.core.RedisHash (preferred), or consider extending one of the following types with your repository: org.springframework.data.keyvalue.repository.KeyValueRepository
2026-03-25 14:13:01 [main] INFO  org.springframework.data.repository.config.RepositoryConfigurationExtensionSupport - Spring Data Redis - Could not safely identify store assignment for repository candidate interface com.example.BookingApplication.Repositories.StudioRepository; If you want this repository to be a Redis repository, consider annotating your entities with one of these annotations: org.springframework.data.redis.core.RedisHash (preferred), or consider extending one of the following types with your repository: org.springframework.data.keyvalue.repository.KeyValueRepository
2026-03-25 14:13:01 [main] INFO  org.springframework.data.repository.config.RepositoryConfigurationExtensionSupport - Spring Data Redis - Could not safely identify store assignment for repository candidate interface com.example.BookingApplication.Repositories.UserRepository; If you want this repository to be a Redis repository, consider annotating your entities with one of these annotations: org.springframework.data.redis.core.RedisHash (preferred), or consider extending one of the following types with your repository: org.springframework.data.keyvalue.repository.KeyValueRepository
2026-03-25 14:13:01 [main] INFO  org.springframework.data.repository.config.RepositoryConfigurationDelegate - Finished Spring Data repository scanning in 6 ms. Found 0 Redis repository interfaces.
2026-03-25 14:13:01 [main] INFO  org.springframework.boot.tomcat.TomcatWebServer - Tomcat initialized with port 8080 (http)
2026-03-25 14:13:01 [main] INFO  org.apache.coyote.http11.Http11NioProtocol - Initializing ProtocolHandler ["http-nio-8080"]
2026-03-25 14:13:01 [main] INFO  org.apache.catalina.core.StandardService - Starting service [Tomcat]
2026-03-25 14:13:01 [main] INFO  org.apache.catalina.core.StandardEngine - Starting Servlet engine: [Apache Tomcat/11.0.18]
2026-03-25 14:13:01 [main] INFO  org.springframework.boot.web.context.servlet.WebApplicationContextInitializer - Root WebApplicationContext: initialization completed in 997 ms
2026-03-25 14:13:01 [main] INFO  org.mongodb.driver.client - MongoClient with metadata {"driver": {"name": "mongo-java-driver|spring-boot|sync", "version": "5.6.4"}, "os": {"type": "Windows", "name": "Windows 11", "architecture": "amd64", "version": "10.0"}, "platform": "Java/Oracle Corporation/21.0.7+8-LTS-245"} created with settings MongoClientSettings{readPreference=primary, writeConcern=WriteConcern{w=majority, wTimeout=null ms, journal=null}, retryWrites=true, retryReads=true, readConcern=ReadConcern{level=null}, credential=MongoCredential{mechanism=null, userName='root', source='admin', password=<hidden>, mechanismProperties=<hidden>}, transportSettings=null, commandListeners=[], codecRegistry=ProvidersCodecRegistry{codecProviders=[ValueCodecProvider{}, BsonValueCodecProvider{}, DBRefCodecProvider{}, DBObjectCodecProvider{}, DocumentCodecProvider{}, CollectionCodecProvider{}, IterableCodecProvider{}, MapCodecProvider{}, GeoJsonCodecProvider{}, GridFSFileCodecProvider{}, Jsr310CodecProvider{}, JsonObjectCodecProvider{}, BsonCodecProvider{}, com.mongodb.client.model.mql.ExpressionCodecProvider@79be91eb, com.mongodb.Jep395RecordCodecProvider@626c569b, com.mongodb.KotlinCodecProvider@684ce74c, EnumCodecProvider{}]}, loggerSettings=LoggerSettings{maxDocumentLength=1000}, clusterSettings={hosts=[127.0.0.1:27017], srvHost=cluster0.en0pykp.mongodb.net, srvServiceName=mongodb, mode=MULTIPLE, requiredClusterType=REPLICA_SET, requiredReplicaSetName='atlas-zt48hn-shard-0', serverSelector='null', clusterListeners='[]', serverSelectionTimeout='30000 ms', localThreshold='15 ms'}, socketSettings=SocketSettings{connectTimeoutMS=10000, readTimeoutMS=0, receiveBufferSize=0, proxySettings=ProxySettings{host=null, port=null, username=null, password=null}}, heartbeatSocketSettings=SocketSettings{connectTimeoutMS=10000, readTimeoutMS=10000, receiveBufferSize=0, proxySettings=ProxySettings{host=null, port=null, username=null, password=null}}, connectionPoolSettings=ConnectionPoolSettings{maxSize=100, minSize=0, maxWaitTimeMS=120000, maxConnectionLifeTimeMS=0, maxConnectionIdleTimeMS=0, maintenanceInitialDelayMS=0, maintenanceFrequencyMS=60000, connectionPoolListeners=[], maxConnecting=2}, serverSettings=ServerSettings{heartbeatFrequencyMS=10000, minHeartbeatFrequencyMS=500, serverMonitoringMode=AUTO, serverListeners='[]', serverMonitorListeners='[]'}, sslSettings=SslSettings{enabled=true, invalidHostNameAllowed=false, context=null}, applicationName='null', compressorList=[], uuidRepresentation=UNSPECIFIED, serverApi=null, autoEncryptionSettings=null, dnsClient=null, inetAddressResolver=null, contextProvider=null, timeoutMS=null}
2026-03-25 14:13:01 [cluster-ClusterId{value='69c3a01573ceff96b5ed6188', description='null'}-srv-cluster0.en0pykp.mongodb.net] INFO  org.mongodb.driver.cluster - Adding discovered server ac-aoerbz6-shard-00-01.en0pykp.mongodb.net:27017 to client view of cluster
2026-03-25 14:13:01 [cluster-ClusterId{value='69c3a01573ceff96b5ed6188', description='null'}-srv-cluster0.en0pykp.mongodb.net] INFO  org.mongodb.driver.cluster - Adding discovered server ac-aoerbz6-shard-00-00.en0pykp.mongodb.net:27017 to client view of cluster
2026-03-25 14:13:01 [cluster-ClusterId{value='69c3a01573ceff96b5ed6188', description='null'}-srv-cluster0.en0pykp.mongodb.net] INFO  org.mongodb.driver.cluster - Adding discovered server ac-aoerbz6-shard-00-02.en0pykp.mongodb.net:27017 to client view of cluster
2026-03-25 14:13:02 [cluster-ClusterId{value='69c3a01573ceff96b5ed6188', description='null'}-ac-aoerbz6-shard-00-01.en0pykp.mongodb.net:27017] INFO  org.mongodb.driver.cluster - Monitor thread successfully connected to server with description ServerDescription{address=ac-aoerbz6-shard-00-01.en0pykp.mongodb.net:27017, type=REPLICA_SET_SECONDARY, cryptd=false, state=CONNECTED, ok=true, minWireVersion=0, maxWireVersion=25, maxDocumentSize=16777216, logicalSessionTimeoutMinutes=30, roundTripTimeNanos=241742400, minRoundTripTimeNanos=0, setName='atlas-zt48hn-shard-0', canonicalAddress=ac-aoerbz6-shard-00-01.en0pykp.mongodb.net:27017, hosts=[ac-aoerbz6-shard-00-01.en0pykp.mongodb.net:27017, ac-aoerbz6-shard-00-00.en0pykp.mongodb.net:27017, ac-aoerbz6-shard-00-02.en0pykp.mongodb.net:27017], passives=[], arbiters=[], primary='ac-aoerbz6-shard-00-02.en0pykp.mongodb.net:27017', tagSet=TagSet{[Tag{name='availabilityZone', value='aps1-az3'}, Tag{name='diskState', value='READY'}, Tag{name='nodeType', value='ELECTABLE'}, Tag{name='provider', value='AWS'}, Tag{name='region', value='AP_SOUTH_1'}, Tag{name='workloadType', value='OPERATIONAL'}]}, electionId=null, setVersion=391, topologyVersion=TopologyVersion{processId=69b85ccb4b84e800f9f6512d, counter=3}, lastWriteDate=Wed Mar 25 14:13:01 IST 2026, lastUpdateTimeNanos=163279654627000}
2026-03-25 14:13:02 [cluster-ClusterId{value='69c3a01573ceff96b5ed6188', description='null'}-ac-aoerbz6-shard-00-02.en0pykp.mongodb.net:27017] INFO  org.mongodb.driver.cluster - Monitor thread successfully connected to server with description ServerDescription{address=ac-aoerbz6-shard-00-02.en0pykp.mongodb.net:27017, type=REPLICA_SET_PRIMARY, cryptd=false, state=CONNECTED, ok=true, minWireVersion=0, maxWireVersion=25, maxDocumentSize=16777216, logicalSessionTimeoutMinutes=30, roundTripTimeNanos=241741900, minRoundTripTimeNanos=0, setName='atlas-zt48hn-shard-0', canonicalAddress=ac-aoerbz6-shard-00-02.en0pykp.mongodb.net:27017, hosts=[ac-aoerbz6-shard-00-01.en0pykp.mongodb.net:27017, ac-aoerbz6-shard-00-00.en0pykp.mongodb.net:27017, ac-aoerbz6-shard-00-02.en0pykp.mongodb.net:27017], passives=[], arbiters=[], primary='ac-aoerbz6-shard-00-02.en0pykp.mongodb.net:27017', tagSet=TagSet{[Tag{name='availabilityZone', value='aps1-az2'}, Tag{name='diskState', value='READY'}, Tag{name='nodeType', value='ELECTABLE'}, Tag{name='provider', value='AWS'}, Tag{name='region', value='AP_SOUTH_1'}, Tag{name='workloadType', value='OPERATIONAL'}]}, electionId=7fffffff0000000000000156, setVersion=391, topologyVersion=TopologyVersion{processId=69b859a89b4f2018f8b26ac6, counter=6}, lastWriteDate=Wed Mar 25 14:13:01 IST 2026, lastUpdateTimeNanos=163279654627000}
2026-03-25 14:13:02 [cluster-ClusterId{value='69c3a01573ceff96b5ed6188', description='null'}-ac-aoerbz6-shard-00-00.en0pykp.mongodb.net:27017] INFO  org.mongodb.driver.cluster - Monitor thread successfully connected to server with description ServerDescription{address=ac-aoerbz6-shard-00-00.en0pykp.mongodb.net:27017, type=REPLICA_SET_SECONDARY, cryptd=false, state=CONNECTED, ok=true, minWireVersion=0, maxWireVersion=25, maxDocumentSize=16777216, logicalSessionTimeoutMinutes=30, roundTripTimeNanos=239898900, minRoundTripTimeNanos=0, setName='atlas-zt48hn-shard-0', canonicalAddress=ac-aoerbz6-shard-00-00.en0pykp.mongodb.net:27017, hosts=[ac-aoerbz6-shard-00-01.en0pykp.mongodb.net:27017, ac-aoerbz6-shard-00-00.en0pykp.mongodb.net:27017, ac-aoerbz6-shard-00-02.en0pykp.mongodb.net:27017], passives=[], arbiters=[], primary='ac-aoerbz6-shard-00-02.en0pykp.mongodb.net:27017', tagSet=TagSet{[Tag{name='availabilityZone', value='aps1-az1'}, Tag{name='diskState', value='READY'}, Tag{name='nodeType', value='ELECTABLE'}, Tag{name='provider', value='AWS'}, Tag{name='region', value='AP_SOUTH_1'}, Tag{name='workloadType', value='OPERATIONAL'}]}, electionId=null, setVersion=391, topologyVersion=TopologyVersion{processId=69b855abb14686967b76fdd6, counter=4}, lastWriteDate=Wed Mar 25 14:13:01 IST 2026, lastUpdateTimeNanos=163279654638200}
2026-03-25 14:13:02 [cluster-ClusterId{value='69c3a01573ceff96b5ed6188', description='null'}-ac-aoerbz6-shard-00-02.en0pykp.mongodb.net:27017] INFO  org.mongodb.driver.cluster - Discovered replica set primary ac-aoerbz6-shard-00-02.en0pykp.mongodb.net:27017 with max election id 7fffffff0000000000000156 and max set version 391
2026-03-25 14:13:02 [main] WARN  com.password4j.PropertyReader - bcrypt minor version is not defined. Default value is used (b). Please set property hash.bcrypt.minor in your psw4j.properties file.
2026-03-25 14:13:02 [main] WARN  com.password4j.PropertyReader - bcrypt rounds are not defined. Default value is used (10). Please set property hash.bcrypt.rounds in your psw4j.properties file.
2026-03-25 14:13:02 [main] INFO  org.springframework.security.config.annotation.authentication.configuration.InitializeUserDetailsBeanManagerConfigurer$InitializeUserDetailsManagerConfigurer - Global AuthenticationManager configured with UserDetailsService bean with name userDetailsImpl
2026-03-25 14:13:02 [main] INFO  org.apache.coyote.http11.Http11NioProtocol - Starting ProtocolHandler ["http-nio-8080"]
2026-03-25 14:13:02 [main] INFO  org.springframework.boot.tomcat.TomcatWebServer - Tomcat started on port 8080 (http) with context path '/'
2026-03-25 14:13:02 [main] INFO  com.example.BookingApplication.BookingApplication - Started BookingApplication in 2.574 seconds (process running for 3.02)
2026-03-25 14:13:04 [http-nio-8080-exec-2] INFO  org.apache.catalina.core.ContainerBase.[Tomcat].[localhost].[/] - Initializing Spring DispatcherServlet 'dispatcherServlet'
2026-03-25 14:13:04 [http-nio-8080-exec-2] INFO  org.springframework.web.servlet.DispatcherServlet - Initializing Servlet 'dispatcherServlet'
2026-03-25 14:13:04 [http-nio-8080-exec-2] INFO  org.springframework.web.servlet.DispatcherServlet - Completed initialization in 1 ms
2026-03-25 14:13:04 [http-nio-8080-exec-1] WARN  org.springframework.web.servlet.handler.HandlerMappingIntrospector - Cache miss for REQUEST dispatch to '/getstarted/List' (previous null). Performing CorsConfiguration lookup. This is logged once only at WARN level, and every time at TRACE.
2026-03-25 14:14:48 [SpringApplicationShutdownHook] INFO  org.springframework.boot.tomcat.GracefulShutdown - Commencing graceful shutdown. Waiting for active requests to complete
2026-03-25 14:14:48 [tomcat-shutdown] INFO  org.springframework.boot.tomcat.GracefulShutdown - Graceful shutdown complete
2026-03-25 14:14:50 [main] INFO  com.example.BookingApplication.BookingApplication - Starting BookingApplication using Java 21.0.7 with PID 36404 (C:\Users\ADMIN\Downloads\BookingApplication\BookingApplication\target\classes started by ADMIN in C:\Users\ADMIN\Downloads\BookingApplication)
2026-03-25 14:14:50 [main] INFO  com.example.BookingApplication.BookingApplication - No active profile set, falling back to 1 default profile: "default"
2026-03-25 14:14:50 [main] INFO  org.springframework.data.repository.config.RepositoryConfigurationDelegate - Multiple Spring Data modules found, entering strict repository configuration mode
2026-03-25 14:14:50 [main] INFO  org.springframework.data.repository.config.RepositoryConfigurationDelegate - Bootstrapping Spring Data MongoDB repositories in DEFAULT mode.
2026-03-25 14:14:51 [main] INFO  org.springframework.data.repository.config.RepositoryConfigurationDelegate - Finished Spring Data repository scanning in 97 ms. Found 3 MongoDB repository interfaces.
2026-03-25 14:14:51 [main] INFO  org.springframework.data.repository.config.RepositoryConfigurationDelegate - Multiple Spring Data modules found, entering strict repository configuration mode
2026-03-25 14:14:51 [main] INFO  org.springframework.data.repository.config.RepositoryConfigurationDelegate - Bootstrapping Spring Data Redis repositories in DEFAULT mode.
2026-03-25 14:14:51 [main] INFO  org.springframework.data.repository.config.RepositoryConfigurationExtensionSupport - Spring Data Redis - Could not safely identify store assignment for repository candidate interface com.example.BookingApplication.Repositories.BookingsRepository; If you want this repository to be a Redis repository, consider annotating your entities with one of these annotations: org.springframework.data.redis.core.RedisHash (preferred), or consider extending one of the following types with your repository: org.springframework.data.keyvalue.repository.KeyValueRepository
2026-03-25 14:14:51 [main] INFO  org.springframework.data.repository.config.RepositoryConfigurationExtensionSupport - Spring Data Redis - Could not safely identify store assignment for repository candidate interface com.example.BookingApplication.Repositories.StudioRepository; If you want this repository to be a Redis repository, consider annotating your entities with one of these annotations: org.springframework.data.redis.core.RedisHash (preferred), or consider extending one of the following types with your repository: org.springframework.data.keyvalue.repository.KeyValueRepository
2026-03-25 14:14:51 [main] INFO  org.springframework.data.repository.config.RepositoryConfigurationExtensionSupport - Spring Data Redis - Could not safely identify store assignment for repository candidate interface com.example.BookingApplication.Repositories.UserRepository; If you want this repository to be a Redis repository, consider annotating your entities with one of these annotations: org.springframework.data.redis.core.RedisHash (preferred), or consider extending one of the following types with your repository: org.springframework.data.keyvalue.repository.KeyValueRepository
2026-03-25 14:14:51 [main] INFO  org.springframework.data.repository.config.RepositoryConfigurationDelegate - Finished Spring Data repository scanning in 6 ms. Found 0 Redis repository interfaces.
2026-03-25 14:14:51 [main] INFO  org.springframework.boot.tomcat.TomcatWebServer - Tomcat initialized with port 8080 (http)
2026-03-25 14:14:51 [main] INFO  org.apache.coyote.http11.Http11NioProtocol - Initializing ProtocolHandler ["http-nio-8080"]
2026-03-25 14:14:51 [main] INFO  org.apache.catalina.core.StandardService - Starting service [Tomcat]
2026-03-25 14:14:51 [main] INFO  org.apache.catalina.core.StandardEngine - Starting Servlet engine: [Apache Tomcat/11.0.18]
2026-03-25 14:14:51 [main] INFO  org.springframework.boot.web.context.servlet.WebApplicationContextInitializer - Root WebApplicationContext: initialization completed in 989 ms
2026-03-25 14:14:51 [cluster-ClusterId{value='69c3a083a1e512472e474d1f', description='null'}-srv-cluster0.en0pykp.mongodb.net] INFO  org.mongodb.driver.cluster - Adding discovered server ac-aoerbz6-shard-00-01.en0pykp.mongodb.net:27017 to client view of cluster
2026-03-25 14:14:51 [main] INFO  org.mongodb.driver.client - MongoClient with metadata {"driver": {"name": "mongo-java-driver|spring-boot|sync", "version": "5.6.4"}, "os": {"type": "Windows", "name": "Windows 11", "architecture": "amd64", "version": "10.0"}, "platform": "Java/Oracle Corporation/21.0.7+8-LTS-245"} created with settings MongoClientSettings{readPreference=primary, writeConcern=WriteConcern{w=majority, wTimeout=null ms, journal=null}, retryWrites=true, retryReads=true, readConcern=ReadConcern{level=null}, credential=MongoCredential{mechanism=null, userName='root', source='admin', password=<hidden>, mechanismProperties=<hidden>}, transportSettings=null, commandListeners=[], codecRegistry=ProvidersCodecRegistry{codecProviders=[ValueCodecProvider{}, BsonValueCodecProvider{}, DBRefCodecProvider{}, DBObjectCodecProvider{}, DocumentCodecProvider{}, CollectionCodecProvider{}, IterableCodecProvider{}, MapCodecProvider{}, GeoJsonCodecProvider{}, GridFSFileCodecProvider{}, Jsr310CodecProvider{}, JsonObjectCodecProvider{}, BsonCodecProvider{}, com.mongodb.client.model.mql.ExpressionCodecProvider@1c00d406, com.mongodb.Jep395RecordCodecProvider@16ac4d3d, com.mongodb.KotlinCodecProvider@559d19c, EnumCodecProvider{}]}, loggerSettings=LoggerSettings{maxDocumentLength=1000}, clusterSettings={hosts=[127.0.0.1:27017], srvHost=cluster0.en0pykp.mongodb.net, srvServiceName=mongodb, mode=MULTIPLE, requiredClusterType=REPLICA_SET, requiredReplicaSetName='atlas-zt48hn-shard-0', serverSelector='null', clusterListeners='[]', serverSelectionTimeout='30000 ms', localThreshold='15 ms'}, socketSettings=SocketSettings{connectTimeoutMS=10000, readTimeoutMS=0, receiveBufferSize=0, proxySettings=ProxySettings{host=null, port=null, username=null, password=null}}, heartbeatSocketSettings=SocketSettings{connectTimeoutMS=10000, readTimeoutMS=10000, receiveBufferSize=0, proxySettings=ProxySettings{host=null, port=null, username=null, password=null}}, connectionPoolSettings=ConnectionPoolSettings{maxSize=100, minSize=0, maxWaitTimeMS=120000, maxConnectionLifeTimeMS=0, maxConnectionIdleTimeMS=0, maintenanceInitialDelayMS=0, maintenanceFrequencyMS=60000, connectionPoolListeners=[], maxConnecting=2}, serverSettings=ServerSettings{heartbeatFrequencyMS=10000, minHeartbeatFrequencyMS=500, serverMonitoringMode=AUTO, serverListeners='[]', serverMonitorListeners='[]'}, sslSettings=SslSettings{enabled=true, invalidHostNameAllowed=false, context=null}, applicationName='null', compressorList=[], uuidRepresentation=UNSPECIFIED, serverApi=null, autoEncryptionSettings=null, dnsClient=null, inetAddressResolver=null, contextProvider=null, timeoutMS=null}
2026-03-25 14:14:51 [cluster-ClusterId{value='69c3a083a1e512472e474d1f', description='null'}-srv-cluster0.en0pykp.mongodb.net] INFO  org.mongodb.driver.cluster - Adding discovered server ac-aoerbz6-shard-00-00.en0pykp.mongodb.net:27017 to client view of cluster
2026-03-25 14:14:51 [cluster-ClusterId{value='69c3a083a1e512472e474d1f', description='null'}-srv-cluster0.en0pykp.mongodb.net] INFO  org.mongodb.driver.cluster - Adding discovered server ac-aoerbz6-shard-00-02.en0pykp.mongodb.net:27017 to client view of cluster
2026-03-25 14:14:52 [cluster-ClusterId{value='69c3a083a1e512472e474d1f', description='null'}-ac-aoerbz6-shard-00-02.en0pykp.mongodb.net:27017] INFO  org.mongodb.driver.cluster - Monitor thread successfully connected to server with description ServerDescription{address=ac-aoerbz6-shard-00-02.en0pykp.mongodb.net:27017, type=REPLICA_SET_PRIMARY, cryptd=false, state=CONNECTED, ok=true, minWireVersion=0, maxWireVersion=25, maxDocumentSize=16777216, logicalSessionTimeoutMinutes=30, roundTripTimeNanos=250695100, minRoundTripTimeNanos=0, setName='atlas-zt48hn-shard-0', canonicalAddress=ac-aoerbz6-shard-00-02.en0pykp.mongodb.net:27017, hosts=[ac-aoerbz6-shard-00-01.en0pykp.mongodb.net:27017, ac-aoerbz6-shard-00-00.en0pykp.mongodb.net:27017, ac-aoerbz6-shard-00-02.en0pykp.mongodb.net:27017], passives=[], arbiters=[], primary='ac-aoerbz6-shard-00-02.en0pykp.mongodb.net:27017', tagSet=TagSet{[Tag{name='availabilityZone', value='aps1-az2'}, Tag{name='diskState', value='READY'}, Tag{name='nodeType', value='ELECTABLE'}, Tag{name='provider', value='AWS'}, Tag{name='region', value='AP_SOUTH_1'}, Tag{name='workloadType', value='OPERATIONAL'}]}, electionId=7fffffff0000000000000156, setVersion=391, topologyVersion=TopologyVersion{processId=69b859a89b4f2018f8b26ac6, counter=6}, lastWriteDate=Wed Mar 25 14:14:51 IST 2026, lastUpdateTimeNanos=163389714000400}
2026-03-25 14:14:52 [cluster-ClusterId{value='69c3a083a1e512472e474d1f', description='null'}-ac-aoerbz6-shard-00-00.en0pykp.mongodb.net:27017] INFO  org.mongodb.driver.cluster - Monitor thread successfully connected to server with description ServerDescription{address=ac-aoerbz6-shard-00-00.en0pykp.mongodb.net:27017, type=REPLICA_SET_SECONDARY, cryptd=false, state=CONNECTED, ok=true, minWireVersion=0, maxWireVersion=25, maxDocumentSize=16777216, logicalSessionTimeoutMinutes=30, roundTripTimeNanos=251322300, minRoundTripTimeNanos=0, setName='atlas-zt48hn-shard-0', canonicalAddress=ac-aoerbz6-shard-00-00.en0pykp.mongodb.net:27017, hosts=[ac-aoerbz6-shard-00-01.en0pykp.mongodb.net:27017, ac-aoerbz6-shard-00-00.en0pykp.mongodb.net:27017, ac-aoerbz6-shard-00-02.en0pykp.mongodb.net:27017], passives=[], arbiters=[], primary='ac-aoerbz6-shard-00-02.en0pykp.mongodb.net:27017', tagSet=TagSet{[Tag{name='availabilityZone', value='aps1-az1'}, Tag{name='diskState', value='READY'}, Tag{name='nodeType', value='ELECTABLE'}, Tag{name='provider', value='AWS'}, Tag{name='region', value='AP_SOUTH_1'}, Tag{name='workloadType', value='OPERATIONAL'}]}, electionId=null, setVersion=391, topologyVersion=TopologyVersion{processId=69b855abb14686967b76fdd6, counter=4}, lastWriteDate=Wed Mar 25 14:14:51 IST 2026, lastUpdateTimeNanos=163389714000400}
2026-03-25 14:14:52 [cluster-ClusterId{value='69c3a083a1e512472e474d1f', description='null'}-ac-aoerbz6-shard-00-01.en0pykp.mongodb.net:27017] INFO  org.mongodb.driver.cluster - Monitor thread successfully connected to server with description ServerDescription{address=ac-aoerbz6-shard-00-01.en0pykp.mongodb.net:27017, type=REPLICA_SET_SECONDARY, cryptd=false, state=CONNECTED, ok=true, minWireVersion=0, maxWireVersion=25, maxDocumentSize=16777216, logicalSessionTimeoutMinutes=30, roundTripTimeNanos=251322500, minRoundTripTimeNanos=0, setName='atlas-zt48hn-shard-0', canonicalAddress=ac-aoerbz6-shard-00-01.en0pykp.mongodb.net:27017, hosts=[ac-aoerbz6-shard-00-01.en0pykp.mongodb.net:27017, ac-aoerbz6-shard-00-00.en0pykp.mongodb.net:27017, ac-aoerbz6-shard-00-02.en0pykp.mongodb.net:27017], passives=[], arbiters=[], primary='ac-aoerbz6-shard-00-02.en0pykp.mongodb.net:27017', tagSet=TagSet{[Tag{name='availabilityZone', value='aps1-az3'}, Tag{name='diskState', value='READY'}, Tag{name='nodeType', value='ELECTABLE'}, Tag{name='provider', value='AWS'}, Tag{name='region', value='AP_SOUTH_1'}, Tag{name='workloadType', value='OPERATIONAL'}]}, electionId=null, setVersion=391, topologyVersion=TopologyVersion{processId=69b85ccb4b84e800f9f6512d, counter=3}, lastWriteDate=Wed Mar 25 14:14:51 IST 2026, lastUpdateTimeNanos=163389714000400}
2026-03-25 14:14:52 [cluster-ClusterId{value='69c3a083a1e512472e474d1f', description='null'}-ac-aoerbz6-shard-00-02.en0pykp.mongodb.net:27017] INFO  org.mongodb.driver.cluster - Discovered replica set primary ac-aoerbz6-shard-00-02.en0pykp.mongodb.net:27017 with max election id 7fffffff0000000000000156 and max set version 391
2026-03-25 14:14:52 [main] WARN  com.password4j.PropertyReader - bcrypt minor version is not defined. Default value is used (b). Please set property hash.bcrypt.minor in your psw4j.properties file.
2026-03-25 14:14:52 [main] WARN  com.password4j.PropertyReader - bcrypt rounds are not defined. Default value is used (10). Please set property hash.bcrypt.rounds in your psw4j.properties file.
2026-03-25 14:14:52 [main] INFO  org.springframework.security.config.annotation.authentication.configuration.InitializeUserDetailsBeanManagerConfigurer$InitializeUserDetailsManagerConfigurer - Global AuthenticationManager configured with UserDetailsService bean with name userDetailsImpl
2026-03-25 14:14:52 [main] INFO  org.apache.coyote.http11.Http11NioProtocol - Starting ProtocolHandler ["http-nio-8080"]
2026-03-25 14:14:52 [main] INFO  org.springframework.boot.tomcat.TomcatWebServer - Tomcat started on port 8080 (http) with context path '/'
2026-03-25 14:14:52 [main] INFO  com.example.BookingApplication.BookingApplication - Started BookingApplication in 2.66 seconds (process running for 3.364)
2026-03-25 14:14:59 [http-nio-8080-exec-1] INFO  org.apache.catalina.core.ContainerBase.[Tomcat].[localhost].[/] - Initializing Spring DispatcherServlet 'dispatcherServlet'
2026-03-25 14:14:59 [http-nio-8080-exec-1] INFO  org.springframework.web.servlet.DispatcherServlet - Initializing Servlet 'dispatcherServlet'
2026-03-25 14:14:59 [http-nio-8080-exec-1] INFO  org.springframework.web.servlet.DispatcherServlet - Completed initialization in 1 ms
2026-03-25 14:14:59 [http-nio-8080-exec-1] WARN  org.springframework.web.servlet.handler.HandlerMappingIntrospector - Cache miss for REQUEST dispatch to '/Booking/new' (previous null). Performing CorsConfiguration lookup. This is logged once only at WARN level, and every time at TRACE.
2026-03-25 14:15:34 [SpringApplicationShutdownHook] INFO  org.springframework.boot.tomcat.GracefulShutdown - Commencing graceful shutdown. Waiting for active requests to complete
2026-03-25 14:15:34 [tomcat-shutdown] INFO  org.springframework.boot.tomcat.GracefulShutdown - Graceful shutdown complete
2026-03-25 14:15:50 [main] INFO  com.example.BookingApplication.BookingApplication - Starting BookingApplication using Java 21.0.7 with PID 2744 (C:\Users\ADMIN\Downloads\BookingApplication\BookingApplication\target\classes started by ADMIN in C:\Users\ADMIN\Downloads\BookingApplication)
2026-03-25 14:15:50 [main] INFO  com.example.BookingApplication.BookingApplication - No active profile set, falling back to 1 default profile: "default"
2026-03-25 14:15:51 [main] INFO  org.springframework.data.repository.config.RepositoryConfigurationDelegate - Multiple Spring Data modules found, entering strict repository configuration mode
2026-03-25 14:15:51 [main] INFO  org.springframework.data.repository.config.RepositoryConfigurationDelegate - Bootstrapping Spring Data MongoDB repositories in DEFAULT mode.
2026-03-25 14:15:51 [main] INFO  org.springframework.data.repository.config.RepositoryConfigurationDelegate - Finished Spring Data repository scanning in 118 ms. Found 3 MongoDB repository interfaces.
2026-03-25 14:15:51 [main] INFO  org.springframework.data.repository.config.RepositoryConfigurationDelegate - Multiple Spring Data modules found, entering strict repository configuration mode
2026-03-25 14:15:51 [main] INFO  org.springframework.data.repository.config.RepositoryConfigurationDelegate - Bootstrapping Spring Data Redis repositories in DEFAULT mode.
2026-03-25 14:15:51 [main] INFO  org.springframework.data.repository.config.RepositoryConfigurationExtensionSupport - Spring Data Redis - Could not safely identify store assignment for repository candidate interface com.example.BookingApplication.Repositories.BookingsRepository; If you want this repository to be a Redis repository, consider annotating your entities with one of these annotations: org.springframework.data.redis.core.RedisHash (preferred), or consider extending one of the following types with your repository: org.springframework.data.keyvalue.repository.KeyValueRepository
2026-03-25 14:15:51 [main] INFO  org.springframework.data.repository.config.RepositoryConfigurationExtensionSupport - Spring Data Redis - Could not safely identify store assignment for repository candidate interface com.example.BookingApplication.Repositories.StudioRepository; If you want this repository to be a Redis repository, consider annotating your entities with one of these annotations: org.springframework.data.redis.core.RedisHash (preferred), or consider extending one of the following types with your repository: org.springframework.data.keyvalue.repository.KeyValueRepository
2026-03-25 14:15:51 [main] INFO  org.springframework.data.repository.config.RepositoryConfigurationExtensionSupport - Spring Data Redis - Could not safely identify store assignment for repository candidate interface com.example.BookingApplication.Repositories.UserRepository; If you want this repository to be a Redis repository, consider annotating your entities with one of these annotations: org.springframework.data.redis.core.RedisHash (preferred), or consider extending one of the following types with your repository: org.springframework.data.keyvalue.repository.KeyValueRepository
2026-03-25 14:15:51 [main] INFO  org.springframework.data.repository.config.RepositoryConfigurationDelegate - Finished Spring Data repository scanning in 8 ms. Found 0 Redis repository interfaces.
2026-03-25 14:15:52 [main] INFO  org.springframework.boot.tomcat.TomcatWebServer - Tomcat initialized with port 8080 (http)
2026-03-25 14:15:52 [main] INFO  org.apache.coyote.http11.Http11NioProtocol - Initializing ProtocolHandler ["http-nio-8080"]
2026-03-25 14:15:52 [main] INFO  org.apache.catalina.core.StandardService - Starting service [Tomcat]
2026-03-25 14:15:52 [main] INFO  org.apache.catalina.core.StandardEngine - Starting Servlet engine: [Apache Tomcat/11.0.18]
2026-03-25 14:15:52 [main] INFO  org.springframework.boot.web.context.servlet.WebApplicationContextInitializer - Root WebApplicationContext: initialization completed in 1201 ms
2026-03-25 14:15:52 [cluster-ClusterId{value='69c3a0c00dbf3d5d4816df77', description='null'}-srv-cluster0.en0pykp.mongodb.net] INFO  org.mongodb.driver.cluster - Adding discovered server ac-aoerbz6-shard-00-01.en0pykp.mongodb.net:27017 to client view of cluster
2026-03-25 14:15:52 [main] INFO  org.mongodb.driver.client - MongoClient with metadata {"driver": {"name": "mongo-java-driver|spring-boot|sync", "version": "5.6.4"}, "os": {"type": "Windows", "name": "Windows 11", "architecture": "amd64", "version": "10.0"}, "platform": "Java/Oracle Corporation/21.0.7+8-LTS-245"} created with settings MongoClientSettings{readPreference=primary, writeConcern=WriteConcern{w=majority, wTimeout=null ms, journal=null}, retryWrites=true, retryReads=true, readConcern=ReadConcern{level=null}, credential=MongoCredential{mechanism=null, userName='root', source='admin', password=<hidden>, mechanismProperties=<hidden>}, transportSettings=null, commandListeners=[], codecRegistry=ProvidersCodecRegistry{codecProviders=[ValueCodecProvider{}, BsonValueCodecProvider{}, DBRefCodecProvider{}, DBObjectCodecProvider{}, DocumentCodecProvider{}, CollectionCodecProvider{}, IterableCodecProvider{}, MapCodecProvider{}, GeoJsonCodecProvider{}, GridFSFileCodecProvider{}, Jsr310CodecProvider{}, JsonObjectCodecProvider{}, BsonCodecProvider{}, com.mongodb.client.model.mql.ExpressionCodecProvider@24a4e2c5, com.mongodb.Jep395RecordCodecProvider@27da994b, com.mongodb.KotlinCodecProvider@70f148dc, EnumCodecProvider{}]}, loggerSettings=LoggerSettings{maxDocumentLength=1000}, clusterSettings={hosts=[127.0.0.1:27017], srvHost=cluster0.en0pykp.mongodb.net, srvServiceName=mongodb, mode=MULTIPLE, requiredClusterType=REPLICA_SET, requiredReplicaSetName='atlas-zt48hn-shard-0', serverSelector='null', clusterListeners='[]', serverSelectionTimeout='30000 ms', localThreshold='15 ms'}, socketSettings=SocketSettings{connectTimeoutMS=10000, readTimeoutMS=0, receiveBufferSize=0, proxySettings=ProxySettings{host=null, port=null, username=null, password=null}}, heartbeatSocketSettings=SocketSettings{connectTimeoutMS=10000, readTimeoutMS=10000, receiveBufferSize=0, proxySettings=ProxySettings{host=null, port=null, username=null, password=null}}, connectionPoolSettings=ConnectionPoolSettings{maxSize=100, minSize=0, maxWaitTimeMS=120000, maxConnectionLifeTimeMS=0, maxConnectionIdleTimeMS=0, maintenanceInitialDelayMS=0, maintenanceFrequencyMS=60000, connectionPoolListeners=[], maxConnecting=2}, serverSettings=ServerSettings{heartbeatFrequencyMS=10000, minHeartbeatFrequencyMS=500, serverMonitoringMode=AUTO, serverListeners='[]', serverMonitorListeners='[]'}, sslSettings=SslSettings{enabled=true, invalidHostNameAllowed=false, context=null}, applicationName='null', compressorList=[], uuidRepresentation=UNSPECIFIED, serverApi=null, autoEncryptionSettings=null, dnsClient=null, inetAddressResolver=null, contextProvider=null, timeoutMS=null}
2026-03-25 14:15:52 [cluster-ClusterId{value='69c3a0c00dbf3d5d4816df77', description='null'}-srv-cluster0.en0pykp.mongodb.net] INFO  org.mongodb.driver.cluster - Adding discovered server ac-aoerbz6-shard-00-00.en0pykp.mongodb.net:27017 to client view of cluster
2026-03-25 14:15:52 [cluster-ClusterId{value='69c3a0c00dbf3d5d4816df77', description='null'}-srv-cluster0.en0pykp.mongodb.net] INFO  org.mongodb.driver.cluster - Adding discovered server ac-aoerbz6-shard-00-02.en0pykp.mongodb.net:27017 to client view of cluster
2026-03-25 14:15:52 [cluster-ClusterId{value='69c3a0c00dbf3d5d4816df77', description='null'}-ac-aoerbz6-shard-00-00.en0pykp.mongodb.net:27017] INFO  org.mongodb.driver.cluster - Monitor thread successfully connected to server with description ServerDescription{address=ac-aoerbz6-shard-00-00.en0pykp.mongodb.net:27017, type=REPLICA_SET_SECONDARY, cryptd=false, state=CONNECTED, ok=true, minWireVersion=0, maxWireVersion=25, maxDocumentSize=16777216, logicalSessionTimeoutMinutes=30, roundTripTimeNanos=286141300, minRoundTripTimeNanos=0, setName='atlas-zt48hn-shard-0', canonicalAddress=ac-aoerbz6-shard-00-00.en0pykp.mongodb.net:27017, hosts=[ac-aoerbz6-shard-00-01.en0pykp.mongodb.net:27017, ac-aoerbz6-shard-00-00.en0pykp.mongodb.net:27017, ac-aoerbz6-shard-00-02.en0pykp.mongodb.net:27017], passives=[], arbiters=[], primary='ac-aoerbz6-shard-00-02.en0pykp.mongodb.net:27017', tagSet=TagSet{[Tag{name='availabilityZone', value='aps1-az1'}, Tag{name='diskState', value='READY'}, Tag{name='nodeType', value='ELECTABLE'}, Tag{name='provider', value='AWS'}, Tag{name='region', value='AP_SOUTH_1'}, Tag{name='workloadType', value='OPERATIONAL'}]}, electionId=null, setVersion=391, topologyVersion=TopologyVersion{processId=69b855abb14686967b76fdd6, counter=4}, lastWriteDate=Wed Mar 25 14:15:52 IST 2026, lastUpdateTimeNanos=163450379648800}
2026-03-25 14:15:52 [cluster-ClusterId{value='69c3a0c00dbf3d5d4816df77', description='null'}-ac-aoerbz6-shard-00-01.en0pykp.mongodb.net:27017] INFO  org.mongodb.driver.cluster - Monitor thread successfully connected to server with description ServerDescription{address=ac-aoerbz6-shard-00-01.en0pykp.mongodb.net:27017, type=REPLICA_SET_SECONDARY, cryptd=false, state=CONNECTED, ok=true, minWireVersion=0, maxWireVersion=25, maxDocumentSize=16777216, logicalSessionTimeoutMinutes=30, roundTripTimeNanos=285005200, minRoundTripTimeNanos=0, setName='atlas-zt48hn-shard-0', canonicalAddress=ac-aoerbz6-shard-00-01.en0pykp.mongodb.net:27017, hosts=[ac-aoerbz6-shard-00-01.en0pykp.mongodb.net:27017, ac-aoerbz6-shard-00-00.en0pykp.mongodb.net:27017, ac-aoerbz6-shard-00-02.en0pykp.mongodb.net:27017], passives=[], arbiters=[], primary='ac-aoerbz6-shard-00-02.en0pykp.mongodb.net:27017', tagSet=TagSet{[Tag{name='availabilityZone', value='aps1-az3'}, Tag{name='diskState', value='READY'}, Tag{name='nodeType', value='ELECTABLE'}, Tag{name='provider', value='AWS'}, Tag{name='region', value='AP_SOUTH_1'}, Tag{name='workloadType', value='OPERATIONAL'}]}, electionId=null, setVersion=391, topologyVersion=TopologyVersion{processId=69b85ccb4b84e800f9f6512d, counter=3}, lastWriteDate=Wed Mar 25 14:15:52 IST 2026, lastUpdateTimeNanos=163450379648700}
2026-03-25 14:15:52 [cluster-ClusterId{value='69c3a0c00dbf3d5d4816df77', description='null'}-ac-aoerbz6-shard-00-02.en0pykp.mongodb.net:27017] INFO  org.mongodb.driver.cluster - Monitor thread successfully connected to server with description ServerDescription{address=ac-aoerbz6-shard-00-02.en0pykp.mongodb.net:27017, type=REPLICA_SET_PRIMARY, cryptd=false, state=CONNECTED, ok=true, minWireVersion=0, maxWireVersion=25, maxDocumentSize=16777216, logicalSessionTimeoutMinutes=30, roundTripTimeNanos=286141400, minRoundTripTimeNanos=0, setName='atlas-zt48hn-shard-0', canonicalAddress=ac-aoerbz6-shard-00-02.en0pykp.mongodb.net:27017, hosts=[ac-aoerbz6-shard-00-01.en0pykp.mongodb.net:27017, ac-aoerbz6-shard-00-00.en0pykp.mongodb.net:27017, ac-aoerbz6-shard-00-02.en0pykp.mongodb.net:27017], passives=[], arbiters=[], primary='ac-aoerbz6-shard-00-02.en0pykp.mongodb.net:27017', tagSet=TagSet{[Tag{name='availabilityZone', value='aps1-az2'}, Tag{name='diskState', value='READY'}, Tag{name='nodeType', value='ELECTABLE'}, Tag{name='provider', value='AWS'}, Tag{name='region', value='AP_SOUTH_1'}, Tag{name='workloadType', value='OPERATIONAL'}]}, electionId=7fffffff0000000000000156, setVersion=391, topologyVersion=TopologyVersion{processId=69b859a89b4f2018f8b26ac6, counter=6}, lastWriteDate=Wed Mar 25 14:15:52 IST 2026, lastUpdateTimeNanos=163450379648700}
2026-03-25 14:15:52 [cluster-ClusterId{value='69c3a0c00dbf3d5d4816df77', description='null'}-ac-aoerbz6-shard-00-02.en0pykp.mongodb.net:27017] INFO  org.mongodb.driver.cluster - Discovered replica set primary ac-aoerbz6-shard-00-02.en0pykp.mongodb.net:27017 with max election id 7fffffff0000000000000156 and max set version 391
2026-03-25 14:15:52 [main] WARN  com.password4j.PropertyReader - bcrypt minor version is not defined. Default value is used (b). Please set property hash.bcrypt.minor in your psw4j.properties file.
2026-03-25 14:15:52 [main] WARN  com.password4j.PropertyReader - bcrypt rounds are not defined. Default value is used (10). Please set property hash.bcrypt.rounds in your psw4j.properties file.
2026-03-25 14:15:53 [main] INFO  org.springframework.security.config.annotation.authentication.configuration.InitializeUserDetailsBeanManagerConfigurer$InitializeUserDetailsManagerConfigurer - Global AuthenticationManager configured with UserDetailsService bean with name userDetailsImpl
2026-03-25 14:15:53 [main] INFO  org.apache.coyote.http11.Http11NioProtocol - Starting ProtocolHandler ["http-nio-8080"]
2026-03-25 14:15:53 [main] INFO  org.springframework.boot.tomcat.TomcatWebServer - Tomcat started on port 8080 (http) with context path '/'
2026-03-25 14:15:53 [main] INFO  com.example.BookingApplication.BookingApplication - Started BookingApplication in 2.958 seconds (process running for 7.289)
2026-03-25 14:15:59 [http-nio-8080-exec-1] INFO  org.apache.catalina.core.ContainerBase.[Tomcat].[localhost].[/] - Initializing Spring DispatcherServlet 'dispatcherServlet'
2026-03-25 14:15:59 [http-nio-8080-exec-1] INFO  org.springframework.web.servlet.DispatcherServlet - Initializing Servlet 'dispatcherServlet'
2026-03-25 14:15:59 [http-nio-8080-exec-1] INFO  org.springframework.web.servlet.DispatcherServlet - Completed initialization in 2 ms
2026-03-25 14:15:59 [http-nio-8080-exec-2] WARN  org.springframework.web.servlet.handler.HandlerMappingIntrospector - Cache miss for REQUEST dispatch to '/getstarted/List' (previous null). Performing CorsConfiguration lookup. This is logged once only at WARN level, and every time at TRACE.
2026-03-25 14:20:43 [SpringApplicationShutdownHook] INFO  org.springframework.boot.tomcat.GracefulShutdown - Commencing graceful shutdown. Waiting for active requests to complete
2026-03-25 14:20:43 [tomcat-shutdown] INFO  org.springframework.boot.tomcat.GracefulShutdown - Graceful shutdown complete
2026-03-25 14:20:45 [main] INFO  com.example.BookingApplication.BookingApplication - Starting BookingApplication using Java 21.0.7 with PID 23732 (C:\Users\ADMIN\Downloads\BookingApplication\BookingApplication\target\classes started by ADMIN in C:\Users\ADMIN\Downloads\BookingApplication)
2026-03-25 14:20:45 [main] INFO  com.example.BookingApplication.BookingApplication - No active profile set, falling back to 1 default profile: "default"
2026-03-25 14:20:45 [main] INFO  org.springframework.data.repository.config.RepositoryConfigurationDelegate - Multiple Spring Data modules found, entering strict repository configuration mode
2026-03-25 14:20:45 [main] INFO  org.springframework.data.repository.config.RepositoryConfigurationDelegate - Bootstrapping Spring Data MongoDB repositories in DEFAULT mode.
2026-03-25 14:20:45 [main] INFO  org.springframework.data.repository.config.RepositoryConfigurationDelegate - Finished Spring Data repository scanning in 85 ms. Found 3 MongoDB repository interfaces.
2026-03-25 14:20:45 [main] INFO  org.springframework.data.repository.config.RepositoryConfigurationDelegate - Multiple Spring Data modules found, entering strict repository configuration mode
2026-03-25 14:20:45 [main] INFO  org.springframework.data.repository.config.RepositoryConfigurationDelegate - Bootstrapping Spring Data Redis repositories in DEFAULT mode.
2026-03-25 14:20:45 [main] INFO  org.springframework.data.repository.config.RepositoryConfigurationExtensionSupport - Spring Data Redis - Could not safely identify store assignment for repository candidate interface com.example.BookingApplication.Repositories.BookingsRepository; If you want this repository to be a Redis repository, consider annotating your entities with one of these annotations: org.springframework.data.redis.core.RedisHash (preferred), or consider extending one of the following types with your repository: org.springframework.data.keyvalue.repository.KeyValueRepository
2026-03-25 14:20:45 [main] INFO  org.springframework.data.repository.config.RepositoryConfigurationExtensionSupport - Spring Data Redis - Could not safely identify store assignment for repository candidate interface com.example.BookingApplication.Repositories.StudioRepository; If you want this repository to be a Redis repository, consider annotating your entities with one of these annotations: org.springframework.data.redis.core.RedisHash (preferred), or consider extending one of the following types with your repository: org.springframework.data.keyvalue.repository.KeyValueRepository
2026-03-25 14:20:45 [main] INFO  org.springframework.data.repository.config.RepositoryConfigurationExtensionSupport - Spring Data Redis - Could not safely identify store assignment for repository candidate interface com.example.BookingApplication.Repositories.UserRepository; If you want this repository to be a Redis repository, consider annotating your entities with one of these annotations: org.springframework.data.redis.core.RedisHash (preferred), or consider extending one of the following types with your repository: org.springframework.data.keyvalue.repository.KeyValueRepository
2026-03-25 14:20:45 [main] INFO  org.springframework.data.repository.config.RepositoryConfigurationDelegate - Finished Spring Data repository scanning in 5 ms. Found 0 Redis repository interfaces.
2026-03-25 14:20:46 [main] INFO  org.springframework.boot.tomcat.TomcatWebServer - Tomcat initialized with port 8080 (http)
2026-03-25 14:20:46 [main] INFO  org.apache.coyote.http11.Http11NioProtocol - Initializing ProtocolHandler ["http-nio-8080"]
2026-03-25 14:20:46 [main] INFO  org.apache.catalina.core.StandardService - Starting service [Tomcat]
2026-03-25 14:20:46 [main] INFO  org.apache.catalina.core.StandardEngine - Starting Servlet engine: [Apache Tomcat/11.0.18]
2026-03-25 14:20:46 [main] INFO  org.springframework.boot.web.context.servlet.WebApplicationContextInitializer - Root WebApplicationContext: initialization completed in 991 ms
2026-03-25 14:20:46 [main] INFO  org.mongodb.driver.client - MongoClient with metadata {"driver": {"name": "mongo-java-driver|spring-boot|sync", "version": "5.6.4"}, "os": {"type": "Windows", "name": "Windows 11", "architecture": "amd64", "version": "10.0"}, "platform": "Java/Oracle Corporation/21.0.7+8-LTS-245"} created with settings MongoClientSettings{readPreference=primary, writeConcern=WriteConcern{w=majority, wTimeout=null ms, journal=null}, retryWrites=true, retryReads=true, readConcern=ReadConcern{level=null}, credential=MongoCredential{mechanism=null, userName='root', source='admin', password=<hidden>, mechanismProperties=<hidden>}, transportSettings=null, commandListeners=[], codecRegistry=ProvidersCodecRegistry{codecProviders=[ValueCodecProvider{}, BsonValueCodecProvider{}, DBRefCodecProvider{}, DBObjectCodecProvider{}, DocumentCodecProvider{}, CollectionCodecProvider{}, IterableCodecProvider{}, MapCodecProvider{}, GeoJsonCodecProvider{}, GridFSFileCodecProvider{}, Jsr310CodecProvider{}, JsonObjectCodecProvider{}, BsonCodecProvider{}, com.mongodb.client.model.mql.ExpressionCodecProvider@4d69d288, com.mongodb.Jep395RecordCodecProvider@437281c5, com.mongodb.KotlinCodecProvider@787178b1, EnumCodecProvider{}]}, loggerSettings=LoggerSettings{maxDocumentLength=1000}, clusterSettings={hosts=[127.0.0.1:27017], srvHost=cluster0.en0pykp.mongodb.net, srvServiceName=mongodb, mode=MULTIPLE, requiredClusterType=REPLICA_SET, requiredReplicaSetName='atlas-zt48hn-shard-0', serverSelector='null', clusterListeners='[]', serverSelectionTimeout='30000 ms', localThreshold='15 ms'}, socketSettings=SocketSettings{connectTimeoutMS=10000, readTimeoutMS=0, receiveBufferSize=0, proxySettings=ProxySettings{host=null, port=null, username=null, password=null}}, heartbeatSocketSettings=SocketSettings{connectTimeoutMS=10000, readTimeoutMS=10000, receiveBufferSize=0, proxySettings=ProxySettings{host=null, port=null, username=null, password=null}}, connectionPoolSettings=ConnectionPoolSettings{maxSize=100, minSize=0, maxWaitTimeMS=120000, maxConnectionLifeTimeMS=0, maxConnectionIdleTimeMS=0, maintenanceInitialDelayMS=0, maintenanceFrequencyMS=60000, connectionPoolListeners=[], maxConnecting=2}, serverSettings=ServerSettings{heartbeatFrequencyMS=10000, minHeartbeatFrequencyMS=500, serverMonitoringMode=AUTO, serverListeners='[]', serverMonitorListeners='[]'}, sslSettings=SslSettings{enabled=true, invalidHostNameAllowed=false, context=null}, applicationName='null', compressorList=[], uuidRepresentation=UNSPECIFIED, serverApi=null, autoEncryptionSettings=null, dnsClient=null, inetAddressResolver=null, contextProvider=null, timeoutMS=null}
2026-03-25 14:20:46 [cluster-ClusterId{value='69c3a1e65d605d296c53a6d2', description='null'}-srv-cluster0.en0pykp.mongodb.net] INFO  org.mongodb.driver.cluster - Adding discovered server ac-aoerbz6-shard-00-01.en0pykp.mongodb.net:27017 to client view of cluster
2026-03-25 14:20:46 [cluster-ClusterId{value='69c3a1e65d605d296c53a6d2', description='null'}-srv-cluster0.en0pykp.mongodb.net] INFO  org.mongodb.driver.cluster - Adding discovered server ac-aoerbz6-shard-00-00.en0pykp.mongodb.net:27017 to client view of cluster
2026-03-25 14:20:46 [cluster-ClusterId{value='69c3a1e65d605d296c53a6d2', description='null'}-srv-cluster0.en0pykp.mongodb.net] INFO  org.mongodb.driver.cluster - Adding discovered server ac-aoerbz6-shard-00-02.en0pykp.mongodb.net:27017 to client view of cluster
2026-03-25 14:20:46 [cluster-ClusterId{value='69c3a1e65d605d296c53a6d2', description='null'}-ac-aoerbz6-shard-00-02.en0pykp.mongodb.net:27017] INFO  org.mongodb.driver.cluster - Monitor thread successfully connected to server with description ServerDescription{address=ac-aoerbz6-shard-00-02.en0pykp.mongodb.net:27017, type=REPLICA_SET_PRIMARY, cryptd=false, state=CONNECTED, ok=true, minWireVersion=0, maxWireVersion=25, maxDocumentSize=16777216, logicalSessionTimeoutMinutes=30, roundTripTimeNanos=230669200, minRoundTripTimeNanos=0, setName='atlas-zt48hn-shard-0', canonicalAddress=ac-aoerbz6-shard-00-02.en0pykp.mongodb.net:27017, hosts=[ac-aoerbz6-shard-00-01.en0pykp.mongodb.net:27017, ac-aoerbz6-shard-00-00.en0pykp.mongodb.net:27017, ac-aoerbz6-shard-00-02.en0pykp.mongodb.net:27017], passives=[], arbiters=[], primary='ac-aoerbz6-shard-00-02.en0pykp.mongodb.net:27017', tagSet=TagSet{[Tag{name='availabilityZone', value='aps1-az2'}, Tag{name='diskState', value='READY'}, Tag{name='nodeType', value='ELECTABLE'}, Tag{name='provider', value='AWS'}, Tag{name='region', value='AP_SOUTH_1'}, Tag{name='workloadType', value='OPERATIONAL'}]}, electionId=7fffffff0000000000000156, setVersion=391, topologyVersion=TopologyVersion{processId=69b859a89b4f2018f8b26ac6, counter=6}, lastWriteDate=Wed Mar 25 14:20:46 IST 2026, lastUpdateTimeNanos=163744290708800}
2026-03-25 14:20:46 [cluster-ClusterId{value='69c3a1e65d605d296c53a6d2', description='null'}-ac-aoerbz6-shard-00-00.en0pykp.mongodb.net:27017] INFO  org.mongodb.driver.cluster - Monitor thread successfully connected to server with description ServerDescription{address=ac-aoerbz6-shard-00-00.en0pykp.mongodb.net:27017, type=REPLICA_SET_SECONDARY, cryptd=false, state=CONNECTED, ok=true, minWireVersion=0, maxWireVersion=25, maxDocumentSize=16777216, logicalSessionTimeoutMinutes=30, roundTripTimeNanos=231192500, minRoundTripTimeNanos=0, setName='atlas-zt48hn-shard-0', canonicalAddress=ac-aoerbz6-shard-00-00.en0pykp.mongodb.net:27017, hosts=[ac-aoerbz6-shard-00-01.en0pykp.mongodb.net:27017, ac-aoerbz6-shard-00-00.en0pykp.mongodb.net:27017, ac-aoerbz6-shard-00-02.en0pykp.mongodb.net:27017], passives=[], arbiters=[], primary='ac-aoerbz6-shard-00-02.en0pykp.mongodb.net:27017', tagSet=TagSet{[Tag{name='availabilityZone', value='aps1-az1'}, Tag{name='diskState', value='READY'}, Tag{name='nodeType', value='ELECTABLE'}, Tag{name='provider', value='AWS'}, Tag{name='region', value='AP_SOUTH_1'}, Tag{name='workloadType', value='OPERATIONAL'}]}, electionId=null, setVersion=391, topologyVersion=TopologyVersion{processId=69b855abb14686967b76fdd6, counter=4}, lastWriteDate=Wed Mar 25 14:20:46 IST 2026, lastUpdateTimeNanos=163744290708900}
2026-03-25 14:20:46 [cluster-ClusterId{value='69c3a1e65d605d296c53a6d2', description='null'}-ac-aoerbz6-shard-00-01.en0pykp.mongodb.net:27017] INFO  org.mongodb.driver.cluster - Monitor thread successfully connected to server with description ServerDescription{address=ac-aoerbz6-shard-00-01.en0pykp.mongodb.net:27017, type=REPLICA_SET_SECONDARY, cryptd=false, state=CONNECTED, ok=true, minWireVersion=0, maxWireVersion=25, maxDocumentSize=16777216, logicalSessionTimeoutMinutes=30, roundTripTimeNanos=226866400, minRoundTripTimeNanos=0, setName='atlas-zt48hn-shard-0', canonicalAddress=ac-aoerbz6-shard-00-01.en0pykp.mongodb.net:27017, hosts=[ac-aoerbz6-shard-00-01.en0pykp.mongodb.net:27017, ac-aoerbz6-shard-00-00.en0pykp.mongodb.net:27017, ac-aoerbz6-shard-00-02.en0pykp.mongodb.net:27017], passives=[], arbiters=[], primary='ac-aoerbz6-shard-00-02.en0pykp.mongodb.net:27017', tagSet=TagSet{[Tag{name='availabilityZone', value='aps1-az3'}, Tag{name='diskState', value='READY'}, Tag{name='nodeType', value='ELECTABLE'}, Tag{name='provider', value='AWS'}, Tag{name='region', value='AP_SOUTH_1'}, Tag{name='workloadType', value='OPERATIONAL'}]}, electionId=null, setVersion=391, topologyVersion=TopologyVersion{processId=69b85ccb4b84e800f9f6512d, counter=3}, lastWriteDate=Wed Mar 25 14:20:46 IST 2026, lastUpdateTimeNanos=163744290708900}
2026-03-25 14:20:46 [cluster-ClusterId{value='69c3a1e65d605d296c53a6d2', description='null'}-ac-aoerbz6-shard-00-02.en0pykp.mongodb.net:27017] INFO  org.mongodb.driver.cluster - Discovered replica set primary ac-aoerbz6-shard-00-02.en0pykp.mongodb.net:27017 with max election id 7fffffff0000000000000156 and max set version 391
2026-03-25 14:20:46 [main] WARN  com.password4j.PropertyReader - bcrypt minor version is not defined. Default value is used (b). Please set property hash.bcrypt.minor in your psw4j.properties file.
2026-03-25 14:20:46 [main] WARN  com.password4j.PropertyReader - bcrypt rounds are not defined. Default value is used (10). Please set property hash.bcrypt.rounds in your psw4j.properties file.
2026-03-25 14:20:46 [main] INFO  org.springframework.security.config.annotation.authentication.configuration.InitializeUserDetailsBeanManagerConfigurer$InitializeUserDetailsManagerConfigurer - Global AuthenticationManager configured with UserDetailsService bean with name userDetailsImpl
2026-03-25 14:20:47 [main] INFO  org.apache.coyote.http11.Http11NioProtocol - Starting ProtocolHandler ["http-nio-8080"]
2026-03-25 14:20:47 [main] INFO  org.springframework.boot.tomcat.TomcatWebServer - Tomcat started on port 8080 (http) with context path '/'
2026-03-25 14:20:47 [main] INFO  com.example.BookingApplication.BookingApplication - Started BookingApplication in 2.58 seconds (process running for 3.066)
2026-03-25 14:20:51 [http-nio-8080-exec-1] INFO  org.apache.catalina.core.ContainerBase.[Tomcat].[localhost].[/] - Initializing Spring DispatcherServlet 'dispatcherServlet'
2026-03-25 14:20:51 [http-nio-8080-exec-1] INFO  org.springframework.web.servlet.DispatcherServlet - Initializing Servlet 'dispatcherServlet'
2026-03-25 14:20:51 [http-nio-8080-exec-1] INFO  org.springframework.web.servlet.DispatcherServlet - Completed initialization in 2 ms
2026-03-25 14:20:51 [http-nio-8080-exec-1] WARN  org.springframework.web.servlet.handler.HandlerMappingIntrospector - Cache miss for REQUEST dispatch to '/getstarted/List' (previous null). Performing CorsConfiguration lookup. This is logged once only at WARN level, and every time at TRACE.
2026-03-25 14:21:19 [SpringApplicationShutdownHook] INFO  org.springframework.boot.tomcat.GracefulShutdown - Commencing graceful shutdown. Waiting for active requests to complete
2026-03-25 14:21:19 [tomcat-shutdown] INFO  org.springframework.boot.tomcat.GracefulShutdown - Graceful shutdown complete
2026-03-25 14:21:21 [main] INFO  com.example.BookingApplication.BookingApplication - Starting BookingApplication using Java 21.0.7 with PID 27464 (C:\Users\ADMIN\Downloads\BookingApplication\BookingApplication\target\classes started by ADMIN in C:\Users\ADMIN\Downloads\BookingApplication)
2026-03-25 14:21:21 [main] INFO  com.example.BookingApplication.BookingApplication - No active profile set, falling back to 1 default profile: "default"
2026-03-25 14:21:21 [main] INFO  org.springframework.data.repository.config.RepositoryConfigurationDelegate - Multiple Spring Data modules found, entering strict repository configuration mode
2026-03-25 14:21:21 [main] INFO  org.springframework.data.repository.config.RepositoryConfigurationDelegate - Bootstrapping Spring Data MongoDB repositories in DEFAULT mode.
2026-03-25 14:21:21 [main] INFO  org.springframework.data.repository.config.RepositoryConfigurationDelegate - Finished Spring Data repository scanning in 83 ms. Found 3 MongoDB repository interfaces.
2026-03-25 14:21:21 [main] INFO  org.springframework.data.repository.config.RepositoryConfigurationDelegate - Multiple Spring Data modules found, entering strict repository configuration mode
2026-03-25 14:21:21 [main] INFO  org.springframework.data.repository.config.RepositoryConfigurationDelegate - Bootstrapping Spring Data Redis repositories in DEFAULT mode.
2026-03-25 14:21:21 [main] INFO  org.springframework.data.repository.config.RepositoryConfigurationExtensionSupport - Spring Data Redis - Could not safely identify store assignment for repository candidate interface com.example.BookingApplication.Repositories.BookingsRepository; If you want this repository to be a Redis repository, consider annotating your entities with one of these annotations: org.springframework.data.redis.core.RedisHash (preferred), or consider extending one of the following types with your repository: org.springframework.data.keyvalue.repository.KeyValueRepository
2026-03-25 14:21:21 [main] INFO  org.springframework.data.repository.config.RepositoryConfigurationExtensionSupport - Spring Data Redis - Could not safely identify store assignment for repository candidate interface com.example.BookingApplication.Repositories.StudioRepository; If you want this repository to be a Redis repository, consider annotating your entities with one of these annotations: org.springframework.data.redis.core.RedisHash (preferred), or consider extending one of the following types with your repository: org.springframework.data.keyvalue.repository.KeyValueRepository
2026-03-25 14:21:21 [main] INFO  org.springframework.data.repository.config.RepositoryConfigurationExtensionSupport - Spring Data Redis - Could not safely identify store assignment for repository candidate interface com.example.BookingApplication.Repositories.UserRepository; If you want this repository to be a Redis repository, consider annotating your entities with one of these annotations: org.springframework.data.redis.core.RedisHash (preferred), or consider extending one of the following types with your repository: org.springframework.data.keyvalue.repository.KeyValueRepository
2026-03-25 14:21:21 [main] INFO  org.springframework.data.repository.config.RepositoryConfigurationDelegate - Finished Spring Data repository scanning in 5 ms. Found 0 Redis repository interfaces.
2026-03-25 14:21:22 [main] INFO  org.springframework.boot.tomcat.TomcatWebServer - Tomcat initialized with port 8080 (http)
2026-03-25 14:21:22 [main] INFO  org.apache.coyote.http11.Http11NioProtocol - Initializing ProtocolHandler ["http-nio-8080"]
2026-03-25 14:21:22 [main] INFO  org.apache.catalina.core.StandardService - Starting service [Tomcat]
2026-03-25 14:21:22 [main] INFO  org.apache.catalina.core.StandardEngine - Starting Servlet engine: [Apache Tomcat/11.0.18]
2026-03-25 14:21:22 [main] INFO  org.springframework.boot.web.context.servlet.WebApplicationContextInitializer - Root WebApplicationContext: initialization completed in 971 ms
2026-03-25 14:21:22 [main] INFO  org.mongodb.driver.client - MongoClient with metadata {"driver": {"name": "mongo-java-driver|spring-boot|sync", "version": "5.6.4"}, "os": {"type": "Windows", "name": "Windows 11", "architecture": "amd64", "version": "10.0"}, "platform": "Java/Oracle Corporation/21.0.7+8-LTS-245"} created with settings MongoClientSettings{readPreference=primary, writeConcern=WriteConcern{w=majority, wTimeout=null ms, journal=null}, retryWrites=true, retryReads=true, readConcern=ReadConcern{level=null}, credential=MongoCredential{mechanism=null, userName='root', source='admin', password=<hidden>, mechanismProperties=<hidden>}, transportSettings=null, commandListeners=[], codecRegistry=ProvidersCodecRegistry{codecProviders=[ValueCodecProvider{}, BsonValueCodecProvider{}, DBRefCodecProvider{}, DBObjectCodecProvider{}, DocumentCodecProvider{}, CollectionCodecProvider{}, IterableCodecProvider{}, MapCodecProvider{}, GeoJsonCodecProvider{}, GridFSFileCodecProvider{}, Jsr310CodecProvider{}, JsonObjectCodecProvider{}, BsonCodecProvider{}, com.mongodb.client.model.mql.ExpressionCodecProvider@5409dfdd, com.mongodb.Jep395RecordCodecProvider@45f9d394, com.mongodb.KotlinCodecProvider@1c2d63f0, EnumCodecProvider{}]}, loggerSettings=LoggerSettings{maxDocumentLength=1000}, clusterSettings={hosts=[127.0.0.1:27017], srvHost=cluster0.en0pykp.mongodb.net, srvServiceName=mongodb, mode=MULTIPLE, requiredClusterType=REPLICA_SET, requiredReplicaSetName='atlas-zt48hn-shard-0', serverSelector='null', clusterListeners='[]', serverSelectionTimeout='30000 ms', localThreshold='15 ms'}, socketSettings=SocketSettings{connectTimeoutMS=10000, readTimeoutMS=0, receiveBufferSize=0, proxySettings=ProxySettings{host=null, port=null, username=null, password=null}}, heartbeatSocketSettings=SocketSettings{connectTimeoutMS=10000, readTimeoutMS=10000, receiveBufferSize=0, proxySettings=ProxySettings{host=null, port=null, username=null, password=null}}, connectionPoolSettings=ConnectionPoolSettings{maxSize=100, minSize=0, maxWaitTimeMS=120000, maxConnectionLifeTimeMS=0, maxConnectionIdleTimeMS=0, maintenanceInitialDelayMS=0, maintenanceFrequencyMS=60000, connectionPoolListeners=[], maxConnecting=2}, serverSettings=ServerSettings{heartbeatFrequencyMS=10000, minHeartbeatFrequencyMS=500, serverMonitoringMode=AUTO, serverListeners='[]', serverMonitorListeners='[]'}, sslSettings=SslSettings{enabled=true, invalidHostNameAllowed=false, context=null}, applicationName='null', compressorList=[], uuidRepresentation=UNSPECIFIED, serverApi=null, autoEncryptionSettings=null, dnsClient=null, inetAddressResolver=null, contextProvider=null, timeoutMS=null}
2026-03-25 14:21:22 [cluster-ClusterId{value='69c3a20a42eb6d13271ff0ca', description='null'}-srv-cluster0.en0pykp.mongodb.net] INFO  org.mongodb.driver.cluster - Adding discovered server ac-aoerbz6-shard-00-01.en0pykp.mongodb.net:27017 to client view of cluster
2026-03-25 14:21:22 [cluster-ClusterId{value='69c3a20a42eb6d13271ff0ca', description='null'}-srv-cluster0.en0pykp.mongodb.net] INFO  org.mongodb.driver.cluster - Adding discovered server ac-aoerbz6-shard-00-00.en0pykp.mongodb.net:27017 to client view of cluster
2026-03-25 14:21:22 [cluster-ClusterId{value='69c3a20a42eb6d13271ff0ca', description='null'}-srv-cluster0.en0pykp.mongodb.net] INFO  org.mongodb.driver.cluster - Adding discovered server ac-aoerbz6-shard-00-02.en0pykp.mongodb.net:27017 to client view of cluster
2026-03-25 14:21:22 [cluster-ClusterId{value='69c3a20a42eb6d13271ff0ca', description='null'}-ac-aoerbz6-shard-00-01.en0pykp.mongodb.net:27017] INFO  org.mongodb.driver.cluster - Monitor thread successfully connected to server with description ServerDescription{address=ac-aoerbz6-shard-00-01.en0pykp.mongodb.net:27017, type=REPLICA_SET_SECONDARY, cryptd=false, state=CONNECTED, ok=true, minWireVersion=0, maxWireVersion=25, maxDocumentSize=16777216, logicalSessionTimeoutMinutes=30, roundTripTimeNanos=253303200, minRoundTripTimeNanos=0, setName='atlas-zt48hn-shard-0', canonicalAddress=ac-aoerbz6-shard-00-01.en0pykp.mongodb.net:27017, hosts=[ac-aoerbz6-shard-00-01.en0pykp.mongodb.net:27017, ac-aoerbz6-shard-00-00.en0pykp.mongodb.net:27017, ac-aoerbz6-shard-00-02.en0pykp.mongodb.net:27017], passives=[], arbiters=[], primary='ac-aoerbz6-shard-00-02.en0pykp.mongodb.net:27017', tagSet=TagSet{[Tag{name='availabilityZone', value='aps1-az3'}, Tag{name='diskState', value='READY'}, Tag{name='nodeType', value='ELECTABLE'}, Tag{name='provider', value='AWS'}, Tag{name='region', value='AP_SOUTH_1'}, Tag{name='workloadType', value='OPERATIONAL'}]}, electionId=null, setVersion=391, topologyVersion=TopologyVersion{processId=69b85ccb4b84e800f9f6512d, counter=3}, lastWriteDate=Wed Mar 25 14:21:22 IST 2026, lastUpdateTimeNanos=163780525221800}
2026-03-25 14:21:22 [cluster-ClusterId{value='69c3a20a42eb6d13271ff0ca', description='null'}-ac-aoerbz6-shard-00-02.en0pykp.mongodb.net:27017] INFO  org.mongodb.driver.cluster - Monitor thread successfully connected to server with description ServerDescription{address=ac-aoerbz6-shard-00-02.en0pykp.mongodb.net:27017, type=REPLICA_SET_PRIMARY, cryptd=false, state=CONNECTED, ok=true, minWireVersion=0, maxWireVersion=25, maxDocumentSize=16777216, logicalSessionTimeoutMinutes=30, roundTripTimeNanos=258752500, minRoundTripTimeNanos=0, setName='atlas-zt48hn-shard-0', canonicalAddress=ac-aoerbz6-shard-00-02.en0pykp.mongodb.net:27017, hosts=[ac-aoerbz6-shard-00-01.en0pykp.mongodb.net:27017, ac-aoerbz6-shard-00-00.en0pykp.mongodb.net:27017, ac-aoerbz6-shard-00-02.en0pykp.mongodb.net:27017], passives=[], arbiters=[], primary='ac-aoerbz6-shard-00-02.en0pykp.mongodb.net:27017', tagSet=TagSet{[Tag{name='availabilityZone', value='aps1-az2'}, Tag{name='diskState', value='READY'}, Tag{name='nodeType', value='ELECTABLE'}, Tag{name='provider', value='AWS'}, Tag{name='region', value='AP_SOUTH_1'}, Tag{name='workloadType', value='OPERATIONAL'}]}, electionId=7fffffff0000000000000156, setVersion=391, topologyVersion=TopologyVersion{processId=69b859a89b4f2018f8b26ac6, counter=6}, lastWriteDate=Wed Mar 25 14:21:22 IST 2026, lastUpdateTimeNanos=163780525221900}
2026-03-25 14:21:22 [cluster-ClusterId{value='69c3a20a42eb6d13271ff0ca', description='null'}-ac-aoerbz6-shard-00-00.en0pykp.mongodb.net:27017] INFO  org.mongodb.driver.cluster - Monitor thread successfully connected to server with description ServerDescription{address=ac-aoerbz6-shard-00-00.en0pykp.mongodb.net:27017, type=REPLICA_SET_SECONDARY, cryptd=false, state=CONNECTED, ok=true, minWireVersion=0, maxWireVersion=25, maxDocumentSize=16777216, logicalSessionTimeoutMinutes=30, roundTripTimeNanos=258755300, minRoundTripTimeNanos=0, setName='atlas-zt48hn-shard-0', canonicalAddress=ac-aoerbz6-shard-00-00.en0pykp.mongodb.net:27017, hosts=[ac-aoerbz6-shard-00-01.en0pykp.mongodb.net:27017, ac-aoerbz6-shard-00-00.en0pykp.mongodb.net:27017, ac-aoerbz6-shard-00-02.en0pykp.mongodb.net:27017], passives=[], arbiters=[], primary='ac-aoerbz6-shard-00-02.en0pykp.mongodb.net:27017', tagSet=TagSet{[Tag{name='availabilityZone', value='aps1-az1'}, Tag{name='diskState', value='READY'}, Tag{name='nodeType', value='ELECTABLE'}, Tag{name='provider', value='AWS'}, Tag{name='region', value='AP_SOUTH_1'}, Tag{name='workloadType', value='OPERATIONAL'}]}, electionId=null, setVersion=391, topologyVersion=TopologyVersion{processId=69b855abb14686967b76fdd6, counter=4}, lastWriteDate=Wed Mar 25 14:21:22 IST 2026, lastUpdateTimeNanos=163780525221900}
2026-03-25 14:21:22 [cluster-ClusterId{value='69c3a20a42eb6d13271ff0ca', description='null'}-ac-aoerbz6-shard-00-02.en0pykp.mongodb.net:27017] INFO  org.mongodb.driver.cluster - Discovered replica set primary ac-aoerbz6-shard-00-02.en0pykp.mongodb.net:27017 with max election id 7fffffff0000000000000156 and max set version 391
2026-03-25 14:21:23 [main] WARN  com.password4j.PropertyReader - bcrypt minor version is not defined. Default value is used (b). Please set property hash.bcrypt.minor in your psw4j.properties file.
2026-03-25 14:21:23 [main] WARN  com.password4j.PropertyReader - bcrypt rounds are not defined. Default value is used (10). Please set property hash.bcrypt.rounds in your psw4j.properties file.
2026-03-25 14:21:23 [main] INFO  org.springframework.security.config.annotation.authentication.configuration.InitializeUserDetailsBeanManagerConfigurer$InitializeUserDetailsManagerConfigurer - Global AuthenticationManager configured with UserDetailsService bean with name userDetailsImpl
2026-03-25 14:21:23 [main] INFO  org.apache.coyote.http11.Http11NioProtocol - Starting ProtocolHandler ["http-nio-8080"]
2026-03-25 14:21:23 [main] INFO  org.springframework.boot.tomcat.TomcatWebServer - Tomcat started on port 8080 (http) with context path '/'
2026-03-25 14:21:23 [main] INFO  com.example.BookingApplication.BookingApplication - Started BookingApplication in 2.537 seconds (process running for 3.292)
2026-03-25 14:21:33 [http-nio-8080-exec-1] INFO  org.apache.catalina.core.ContainerBase.[Tomcat].[localhost].[/] - Initializing Spring DispatcherServlet 'dispatcherServlet'
2026-03-25 14:21:33 [http-nio-8080-exec-1] INFO  org.springframework.web.servlet.DispatcherServlet - Initializing Servlet 'dispatcherServlet'
2026-03-25 14:21:33 [http-nio-8080-exec-1] INFO  org.springframework.web.servlet.DispatcherServlet - Completed initialization in 1 ms
2026-03-25 14:21:33 [http-nio-8080-exec-1] WARN  org.springframework.web.servlet.handler.HandlerMappingIntrospector - Cache miss for REQUEST dispatch to '/Booking/new' (previous null). Performing CorsConfiguration lookup. This is logged once only at WARN level, and every time at TRACE.
2026-03-25 14:22:57 [SpringApplicationShutdownHook] INFO  org.springframework.boot.tomcat.GracefulShutdown - Commencing graceful shutdown. Waiting for active requests to complete
2026-03-25 14:22:57 [tomcat-shutdown] INFO  org.springframework.boot.tomcat.GracefulShutdown - Graceful shutdown complete
2026-03-25 14:27:32 [main] INFO  com.example.BookingApplication.BookingApplication - Starting BookingApplication using Java 21.0.7 with PID 34916 (C:\Users\ADMIN\Downloads\BookingApplication\BookingApplication\target\classes started by ADMIN in C:\Users\ADMIN\Downloads\BookingApplication)
2026-03-25 14:27:32 [main] INFO  com.example.BookingApplication.BookingApplication - No active profile set, falling back to 1 default profile: "default"
2026-03-25 14:27:32 [main] INFO  org.springframework.data.repository.config.RepositoryConfigurationDelegate - Multiple Spring Data modules found, entering strict repository configuration mode
2026-03-25 14:27:32 [main] INFO  org.springframework.data.repository.config.RepositoryConfigurationDelegate - Bootstrapping Spring Data MongoDB repositories in DEFAULT mode.
2026-03-25 14:27:32 [main] INFO  org.springframework.data.repository.config.RepositoryConfigurationDelegate - Finished Spring Data repository scanning in 82 ms. Found 3 MongoDB repository interfaces.
2026-03-25 14:27:32 [main] INFO  org.springframework.data.repository.config.RepositoryConfigurationDelegate - Multiple Spring Data modules found, entering strict repository configuration mode
2026-03-25 14:27:32 [main] INFO  org.springframework.data.repository.config.RepositoryConfigurationDelegate - Bootstrapping Spring Data Redis repositories in DEFAULT mode.
2026-03-25 14:27:32 [main] INFO  org.springframework.data.repository.config.RepositoryConfigurationExtensionSupport - Spring Data Redis - Could not safely identify store assignment for repository candidate interface com.example.BookingApplication.Repositories.BookingsRepository; If you want this repository to be a Redis repository, consider annotating your entities with one of these annotations: org.springframework.data.redis.core.RedisHash (preferred), or consider extending one of the following types with your repository: org.springframework.data.keyvalue.repository.KeyValueRepository
2026-03-25 14:27:32 [main] INFO  org.springframework.data.repository.config.RepositoryConfigurationExtensionSupport - Spring Data Redis - Could not safely identify store assignment for repository candidate interface com.example.BookingApplication.Repositories.StudioRepository; If you want this repository to be a Redis repository, consider annotating your entities with one of these annotations: org.springframework.data.redis.core.RedisHash (preferred), or consider extending one of the following types with your repository: org.springframework.data.keyvalue.repository.KeyValueRepository
2026-03-25 14:27:32 [main] INFO  org.springframework.data.repository.config.RepositoryConfigurationExtensionSupport - Spring Data Redis - Could not safely identify store assignment for repository candidate interface com.example.BookingApplication.Repositories.UserRepository; If you want this repository to be a Redis repository, consider annotating your entities with one of these annotations: org.springframework.data.redis.core.RedisHash (preferred), or consider extending one of the following types with your repository: org.springframework.data.keyvalue.repository.KeyValueRepository
2026-03-25 14:27:32 [main] INFO  org.springframework.data.repository.config.RepositoryConfigurationDelegate - Finished Spring Data repository scanning in 6 ms. Found 0 Redis repository interfaces.
2026-03-25 14:27:33 [main] INFO  org.springframework.boot.tomcat.TomcatWebServer - Tomcat initialized with port 8080 (http)
2026-03-25 14:27:33 [main] INFO  org.apache.coyote.http11.Http11NioProtocol - Initializing ProtocolHandler ["http-nio-8080"]
2026-03-25 14:27:33 [main] INFO  org.apache.catalina.core.StandardService - Starting service [Tomcat]
2026-03-25 14:27:33 [main] INFO  org.apache.catalina.core.StandardEngine - Starting Servlet engine: [Apache Tomcat/11.0.18]
2026-03-25 14:27:33 [main] INFO  org.springframework.boot.web.context.servlet.WebApplicationContextInitializer - Root WebApplicationContext: initialization completed in 961 ms
2026-03-25 14:27:33 [main] INFO  org.mongodb.driver.client - MongoClient with metadata {"driver": {"name": "mongo-java-driver|spring-boot|sync", "version": "5.6.4"}, "os": {"type": "Windows", "name": "Windows 11", "architecture": "amd64", "version": "10.0"}, "platform": "Java/Oracle Corporation/21.0.7+8-LTS-245"} created with settings MongoClientSettings{readPreference=primary, writeConcern=WriteConcern{w=majority, wTimeout=null ms, journal=null}, retryWrites=true, retryReads=true, readConcern=ReadConcern{level=null}, credential=MongoCredential{mechanism=null, userName='root', source='admin', password=<hidden>, mechanismProperties=<hidden>}, transportSettings=null, commandListeners=[], codecRegistry=ProvidersCodecRegistry{codecProviders=[ValueCodecProvider{}, BsonValueCodecProvider{}, DBRefCodecProvider{}, DBObjectCodecProvider{}, DocumentCodecProvider{}, CollectionCodecProvider{}, IterableCodecProvider{}, MapCodecProvider{}, GeoJsonCodecProvider{}, GridFSFileCodecProvider{}, Jsr310CodecProvider{}, JsonObjectCodecProvider{}, BsonCodecProvider{}, com.mongodb.client.model.mql.ExpressionCodecProvider@3360283, com.mongodb.Jep395RecordCodecProvider@77aea, com.mongodb.KotlinCodecProvider@73e4bb60, EnumCodecProvider{}]}, loggerSettings=LoggerSettings{maxDocumentLength=1000}, clusterSettings={hosts=[127.0.0.1:27017], srvHost=cluster0.en0pykp.mongodb.net, srvServiceName=mongodb, mode=MULTIPLE, requiredClusterType=REPLICA_SET, requiredReplicaSetName='atlas-zt48hn-shard-0', serverSelector='null', clusterListeners='[]', serverSelectionTimeout='30000 ms', localThreshold='15 ms'}, socketSettings=SocketSettings{connectTimeoutMS=10000, readTimeoutMS=0, receiveBufferSize=0, proxySettings=ProxySettings{host=null, port=null, username=null, password=null}}, heartbeatSocketSettings=SocketSettings{connectTimeoutMS=10000, readTimeoutMS=10000, receiveBufferSize=0, proxySettings=ProxySettings{host=null, port=null, username=null, password=null}}, connectionPoolSettings=ConnectionPoolSettings{maxSize=100, minSize=0, maxWaitTimeMS=120000, maxConnectionLifeTimeMS=0, maxConnectionIdleTimeMS=0, maintenanceInitialDelayMS=0, maintenanceFrequencyMS=60000, connectionPoolListeners=[], maxConnecting=2}, serverSettings=ServerSettings{heartbeatFrequencyMS=10000, minHeartbeatFrequencyMS=500, serverMonitoringMode=AUTO, serverListeners='[]', serverMonitorListeners='[]'}, sslSettings=SslSettings{enabled=true, invalidHostNameAllowed=false, context=null}, applicationName='null', compressorList=[], uuidRepresentation=UNSPECIFIED, serverApi=null, autoEncryptionSettings=null, dnsClient=null, inetAddressResolver=null, contextProvider=null, timeoutMS=null}
2026-03-25 14:27:33 [cluster-ClusterId{value='69c3a37dea0f6996a43c6488', description='null'}-srv-cluster0.en0pykp.mongodb.net] INFO  org.mongodb.driver.cluster - Adding discovered server ac-aoerbz6-shard-00-01.en0pykp.mongodb.net:27017 to client view of cluster
2026-03-25 14:27:33 [cluster-ClusterId{value='69c3a37dea0f6996a43c6488', description='null'}-srv-cluster0.en0pykp.mongodb.net] INFO  org.mongodb.driver.cluster - Adding discovered server ac-aoerbz6-shard-00-00.en0pykp.mongodb.net:27017 to client view of cluster
2026-03-25 14:27:33 [cluster-ClusterId{value='69c3a37dea0f6996a43c6488', description='null'}-srv-cluster0.en0pykp.mongodb.net] INFO  org.mongodb.driver.cluster - Adding discovered server ac-aoerbz6-shard-00-02.en0pykp.mongodb.net:27017 to client view of cluster
2026-03-25 14:27:33 [cluster-ClusterId{value='69c3a37dea0f6996a43c6488', description='null'}-ac-aoerbz6-shard-00-01.en0pykp.mongodb.net:27017] INFO  org.mongodb.driver.cluster - Monitor thread successfully connected to server with description ServerDescription{address=ac-aoerbz6-shard-00-01.en0pykp.mongodb.net:27017, type=REPLICA_SET_SECONDARY, cryptd=false, state=CONNECTED, ok=true, minWireVersion=0, maxWireVersion=25, maxDocumentSize=16777216, logicalSessionTimeoutMinutes=30, roundTripTimeNanos=256481400, minRoundTripTimeNanos=0, setName='atlas-zt48hn-shard-0', canonicalAddress=ac-aoerbz6-shard-00-01.en0pykp.mongodb.net:27017, hosts=[ac-aoerbz6-shard-00-01.en0pykp.mongodb.net:27017, ac-aoerbz6-shard-00-00.en0pykp.mongodb.net:27017, ac-aoerbz6-shard-00-02.en0pykp.mongodb.net:27017], passives=[], arbiters=[], primary='ac-aoerbz6-shard-00-02.en0pykp.mongodb.net:27017', tagSet=TagSet{[Tag{name='availabilityZone', value='aps1-az3'}, Tag{name='diskState', value='READY'}, Tag{name='nodeType', value='ELECTABLE'}, Tag{name='provider', value='AWS'}, Tag{name='region', value='AP_SOUTH_1'}, Tag{name='workloadType', value='OPERATIONAL'}]}, electionId=null, setVersion=391, topologyVersion=TopologyVersion{processId=69b85ccb4b84e800f9f6512d, counter=3}, lastWriteDate=Wed Mar 25 14:27:33 IST 2026, lastUpdateTimeNanos=164151604411200}
2026-03-25 14:27:33 [cluster-ClusterId{value='69c3a37dea0f6996a43c6488', description='null'}-ac-aoerbz6-shard-00-02.en0pykp.mongodb.net:27017] INFO  org.mongodb.driver.cluster - Monitor thread successfully connected to server with description ServerDescription{address=ac-aoerbz6-shard-00-02.en0pykp.mongodb.net:27017, type=REPLICA_SET_PRIMARY, cryptd=false, state=CONNECTED, ok=true, minWireVersion=0, maxWireVersion=25, maxDocumentSize=16777216, logicalSessionTimeoutMinutes=30, roundTripTimeNanos=256674500, minRoundTripTimeNanos=0, setName='atlas-zt48hn-shard-0', canonicalAddress=ac-aoerbz6-shard-00-02.en0pykp.mongodb.net:27017, hosts=[ac-aoerbz6-shard-00-01.en0pykp.mongodb.net:27017, ac-aoerbz6-shard-00-00.en0pykp.mongodb.net:27017, ac-aoerbz6-shard-00-02.en0pykp.mongodb.net:27017], passives=[], arbiters=[], primary='ac-aoerbz6-shard-00-02.en0pykp.mongodb.net:27017', tagSet=TagSet{[Tag{name='availabilityZone', value='aps1-az2'}, Tag{name='diskState', value='READY'}, Tag{name='nodeType', value='ELECTABLE'}, Tag{name='provider', value='AWS'}, Tag{name='region', value='AP_SOUTH_1'}, Tag{name='workloadType', value='OPERATIONAL'}]}, electionId=7fffffff0000000000000156, setVersion=391, topologyVersion=TopologyVersion{processId=69b859a89b4f2018f8b26ac6, counter=6}, lastWriteDate=Wed Mar 25 14:27:33 IST 2026, lastUpdateTimeNanos=164151604411200}
2026-03-25 14:27:33 [cluster-ClusterId{value='69c3a37dea0f6996a43c6488', description='null'}-ac-aoerbz6-shard-00-00.en0pykp.mongodb.net:27017] INFO  org.mongodb.driver.cluster - Monitor thread successfully connected to server with description ServerDescription{address=ac-aoerbz6-shard-00-00.en0pykp.mongodb.net:27017, type=REPLICA_SET_SECONDARY, cryptd=false, state=CONNECTED, ok=true, minWireVersion=0, maxWireVersion=25, maxDocumentSize=16777216, logicalSessionTimeoutMinutes=30, roundTripTimeNanos=256481300, minRoundTripTimeNanos=0, setName='atlas-zt48hn-shard-0', canonicalAddress=ac-aoerbz6-shard-00-00.en0pykp.mongodb.net:27017, hosts=[ac-aoerbz6-shard-00-01.en0pykp.mongodb.net:27017, ac-aoerbz6-shard-00-00.en0pykp.mongodb.net:27017, ac-aoerbz6-shard-00-02.en0pykp.mongodb.net:27017], passives=[], arbiters=[], primary='ac-aoerbz6-shard-00-02.en0pykp.mongodb.net:27017', tagSet=TagSet{[Tag{name='availabilityZone', value='aps1-az1'}, Tag{name='diskState', value='READY'}, Tag{name='nodeType', value='ELECTABLE'}, Tag{name='provider', value='AWS'}, Tag{name='region', value='AP_SOUTH_1'}, Tag{name='workloadType', value='OPERATIONAL'}]}, electionId=null, setVersion=391, topologyVersion=TopologyVersion{processId=69b855abb14686967b76fdd6, counter=4}, lastWriteDate=Wed Mar 25 14:27:33 IST 2026, lastUpdateTimeNanos=164151604411200}
2026-03-25 14:27:33 [cluster-ClusterId{value='69c3a37dea0f6996a43c6488', description='null'}-ac-aoerbz6-shard-00-02.en0pykp.mongodb.net:27017] INFO  org.mongodb.driver.cluster - Discovered replica set primary ac-aoerbz6-shard-00-02.en0pykp.mongodb.net:27017 with max election id 7fffffff0000000000000156 and max set version 391
2026-03-25 14:27:34 [main] WARN  com.password4j.PropertyReader - bcrypt minor version is not defined. Default value is used (b). Please set property hash.bcrypt.minor in your psw4j.properties file.
2026-03-25 14:27:34 [main] WARN  com.password4j.PropertyReader - bcrypt rounds are not defined. Default value is used (10). Please set property hash.bcrypt.rounds in your psw4j.properties file.
2026-03-25 14:27:34 [main] INFO  org.springframework.security.config.annotation.authentication.configuration.InitializeUserDetailsBeanManagerConfigurer$InitializeUserDetailsManagerConfigurer - Global AuthenticationManager configured with UserDetailsService bean with name userDetailsImpl
2026-03-25 14:27:34 [main] INFO  org.apache.coyote.http11.Http11NioProtocol - Starting ProtocolHandler ["http-nio-8080"]
2026-03-25 14:27:34 [main] INFO  org.springframework.boot.tomcat.TomcatWebServer - Tomcat started on port 8080 (http) with context path '/'
2026-03-25 14:27:34 [main] INFO  com.example.BookingApplication.BookingApplication - Started BookingApplication in 2.57 seconds (process running for 2.985)
2026-03-25 14:27:38 [http-nio-8080-exec-1] INFO  org.apache.catalina.core.ContainerBase.[Tomcat].[localhost].[/] - Initializing Spring DispatcherServlet 'dispatcherServlet'
2026-03-25 14:27:38 [http-nio-8080-exec-1] INFO  org.springframework.web.servlet.DispatcherServlet - Initializing Servlet 'dispatcherServlet'
2026-03-25 14:27:38 [http-nio-8080-exec-1] INFO  org.springframework.web.servlet.DispatcherServlet - Completed initialization in 1 ms
2026-03-25 14:27:38 [http-nio-8080-exec-1] WARN  org.springframework.web.servlet.handler.HandlerMappingIntrospector - Cache miss for REQUEST dispatch to '/getstarted/List' (previous null). Performing CorsConfiguration lookup. This is logged once only at WARN level, and every time at TRACE.
2026-03-25 14:28:26 [http-nio-8080-exec-7] ERROR org.apache.catalina.core.ContainerBase.[Tomcat].[localhost].[/].[dispatcherServlet] - Servlet.service() for servlet [dispatcherServlet] in context with path [] threw exception [Request processing failed: java.lang.NullPointerException: Cannot invoke "com.google.gson.JsonElement.getAsString()" because the return value of "com.google.gson.JsonObject.get(String)" is null] with root cause
java.lang.NullPointerException: Cannot invoke "com.google.gson.JsonElement.getAsString()" because the return value of "com.google.gson.JsonObject.get(String)" is null
	at com.example.BookingApplication.Controllers.WebhookController.handleWebhook(WebhookController.java:60)
	at java.base/jdk.internal.reflect.DirectMethodHandleAccessor.invoke(DirectMethodHandleAccessor.java:103)
	at java.base/java.lang.reflect.Method.invoke(Method.java:580)
	at org.springframework.web.method.support.InvocableHandlerMethod.doInvoke(InvocableHandlerMethod.java:252)
	at org.springframework.web.method.support.InvocableHandlerMethod.invokeForRequest(InvocableHandlerMethod.java:184)
	at org.springframework.web.servlet.mvc.method.annotation.ServletInvocableHandlerMethod.invokeAndHandle(ServletInvocableHandlerMethod.java:117)
	at org.springframework.web.servlet.mvc.method.annotation.RequestMappingHandlerAdapter.invokeHandlerMethod(RequestMappingHandlerAdapter.java:934)
	at org.springframework.web.servlet.mvc.method.annotation.RequestMappingHandlerAdapter.handleInternal(RequestMappingHandlerAdapter.java:853)
	at org.springframework.web.servlet.mvc.method.AbstractHandlerMethodAdapter.handle(AbstractHandlerMethodAdapter.java:86)
	at org.springframework.web.servlet.DispatcherServlet.doDispatch(DispatcherServlet.java:963)
	at org.springframework.web.servlet.DispatcherServlet.doService(DispatcherServlet.java:866)
	at org.springframework.web.servlet.FrameworkServlet.processRequest(FrameworkServlet.java:1000)
	at org.springframework.web.servlet.FrameworkServlet.doPost(FrameworkServlet.java:903)
	at jakarta.servlet.http.HttpServlet.service(HttpServlet.java:649)
	at org.springframework.web.servlet.FrameworkServlet.service(FrameworkServlet.java:874)
	at jakarta.servlet.http.HttpServlet.service(HttpServlet.java:710)
	at org.apache.catalina.core.ApplicationFilterChain.doFilter(ApplicationFilterChain.java:128)
	at org.apache.tomcat.websocket.server.WsFilter.doFilter(WsFilter.java:53)
	at org.apache.catalina.core.ApplicationFilterChain.doFilter(ApplicationFilterChain.java:107)
	at org.springframework.web.filter.OncePerRequestFilter.doFilter(OncePerRequestFilter.java:110)
	at org.apache.catalina.core.ApplicationFilterChain.doFilter(ApplicationFilterChain.java:107)
	at org.springframework.web.filter.CompositeFilter$VirtualFilterChain.doFilter(CompositeFilter.java:108)
	at org.springframework.security.web.FilterChainProxy.lambda$doFilterInternal$3(FilterChainProxy.java:235)
	at org.springframework.security.web.FilterChainProxy$VirtualFilterChain.doFilter(FilterChainProxy.java:371)
	at org.springframework.security.web.access.intercept.AuthorizationFilter.doFilter(AuthorizationFilter.java:101)
	at org.springframework.security.web.FilterChainProxy$VirtualFilterChain.doFilter(FilterChainProxy.java:380)
	at org.springframework.security.web.access.ExceptionTranslationFilter.doFilter(ExceptionTranslationFilter.java:126)
	at org.springframework.security.web.access.ExceptionTranslationFilter.doFilter(ExceptionTranslationFilter.java:120)
	at org.springframework.security.web.FilterChainProxy$VirtualFilterChain.doFilter(FilterChainProxy.java:380)
	at org.springframework.security.web.authentication.AnonymousAuthenticationFilter.doFilter(AnonymousAuthenticationFilter.java:100)
	at org.springframework.security.web.FilterChainProxy$VirtualFilterChain.doFilter(FilterChainProxy.java:380)
	at org.springframework.security.web.servletapi.SecurityContextHolderAwareRequestFilter.doFilter(SecurityContextHolderAwareRequestFilter.java:181)
	at org.springframework.security.web.FilterChainProxy$VirtualFilterChain.doFilter(FilterChainProxy.java:380)
	at org.springframework.security.web.savedrequest.RequestCacheAwareFilter.doFilter(RequestCacheAwareFilter.java:63)
	at org.springframework.security.web.FilterChainProxy$VirtualFilterChain.doFilter(FilterChainProxy.java:380)
	at com.example.BookingApplication.Filter.Filterjwt.doFilterInternal(Filterjwt.java:51)
	at org.springframework.web.filter.OncePerRequestFilter.doFilter(OncePerRequestFilter.java:116)
	at org.springframework.security.web.FilterChainProxy$VirtualFilterChain.doFilter(FilterChainProxy.java:380)
	at org.springframework.security.web.authentication.logout.LogoutFilter.doFilter(LogoutFilter.java:110)
	at org.springframework.security.web.authentication.logout.LogoutFilter.doFilter(LogoutFilter.java:96)
	at org.springframework.security.web.FilterChainProxy$VirtualFilterChain.doFilter(FilterChainProxy.java:380)
	at org.springframework.web.filter.CorsFilter.doFilterInternal(CorsFilter.java:91)
	at org.springframework.web.filter.OncePerRequestFilter.doFilter(OncePerRequestFilter.java:116)
	at org.springframework.security.web.FilterChainProxy$VirtualFilterChain.doFilter(FilterChainProxy.java:380)
	at org.springframework.security.web.header.HeaderWriterFilter.doHeadersAfter(HeaderWriterFilter.java:90)
	at org.springframework.security.web.header.HeaderWriterFilter.doFilterInternal(HeaderWriterFilter.java:75)
	at org.springframework.web.filter.OncePerRequestFilter.doFilter(OncePerRequestFilter.java:116)
	at org.springframework.security.web.FilterChainProxy$VirtualFilterChain.doFilter(FilterChainProxy.java:380)
	at org.springframework.security.web.context.SecurityContextHolderFilter.doFilter(SecurityContextHolderFilter.java:82)
	at org.springframework.security.web.context.SecurityContextHolderFilter.doFilter(SecurityContextHolderFilter.java:69)
	at org.springframework.security.web.FilterChainProxy$VirtualFilterChain.doFilter(FilterChainProxy.java:380)
	at org.springframework.security.web.context.request.async.WebAsyncManagerIntegrationFilter.doFilterInternal(WebAsyncManagerIntegrationFilter.java:62)
	at org.springframework.web.filter.OncePerRequestFilter.doFilter(OncePerRequestFilter.java:116)
	at org.springframework.security.web.FilterChainProxy$VirtualFilterChain.doFilter(FilterChainProxy.java:380)
	at org.springframework.security.web.session.DisableEncodeUrlFilter.doFilterInternal(DisableEncodeUrlFilter.java:42)
	at org.springframework.web.filter.OncePerRequestFilter.doFilter(OncePerRequestFilter.java:116)
	at org.springframework.security.web.FilterChainProxy$VirtualFilterChain.doFilter(FilterChainProxy.java:380)
	at org.springframework.security.web.FilterChainProxy.doFilterInternal(FilterChainProxy.java:237)
	at org.springframework.security.web.FilterChainProxy.doFilter(FilterChainProxy.java:195)
	at org.springframework.web.filter.CompositeFilter$VirtualFilterChain.doFilter(CompositeFilter.java:113)
	at org.springframework.web.filter.ServletRequestPathFilter.doFilter(ServletRequestPathFilter.java:52)
	at org.springframework.web.filter.CompositeFilter$VirtualFilterChain.doFilter(CompositeFilter.java:113)
	at org.springframework.web.filter.CompositeFilter.doFilter(CompositeFilter.java:74)
	at org.springframework.security.config.annotation.web.configuration.WebSecurityConfiguration$CompositeFilterChainProxy.doFilter(WebSecurityConfiguration.java:317)
	at org.springframework.web.filter.DelegatingFilterProxy.invokeDelegate(DelegatingFilterProxy.java:355)
	at org.springframework.web.filter.DelegatingFilterProxy.doFilter(DelegatingFilterProxy.java:272)
	at org.apache.catalina.core.ApplicationFilterChain.doFilter(ApplicationFilterChain.java:107)
	at org.springframework.web.filter.RequestContextFilter.doFilterInternal(RequestContextFilter.java:100)
	at org.springframework.web.filter.OncePerRequestFilter.doFilter(OncePerRequestFilter.java:116)
	at org.apache.catalina.core.ApplicationFilterChain.doFilter(ApplicationFilterChain.java:107)
	at org.springframework.web.filter.FormContentFilter.doFilterInternal(FormContentFilter.java:93)
	at org.springframework.web.filter.OncePerRequestFilter.doFilter(OncePerRequestFilter.java:116)
	at org.apache.catalina.core.ApplicationFilterChain.doFilter(ApplicationFilterChain.java:107)
	at org.springframework.web.filter.CharacterEncodingFilter.doFilterInternal(CharacterEncodingFilter.java:199)
	at org.springframework.web.filter.OncePerRequestFilter.doFilter(OncePerRequestFilter.java:116)
	at org.apache.catalina.core.ApplicationFilterChain.doFilter(ApplicationFilterChain.java:107)
	at org.apache.catalina.core.StandardWrapperValve.invoke(StandardWrapperValve.java:165)
	at org.apache.catalina.core.StandardContextValve.invoke(StandardContextValve.java:77)
	at org.apache.catalina.authenticator.AuthenticatorBase.invoke(AuthenticatorBase.java:492)
	at org.apache.catalina.core.StandardHostValve.invoke(StandardHostValve.java:113)
	at org.apache.catalina.valves.ErrorReportValve.invoke(ErrorReportValve.java:83)
	at org.apache.catalina.core.StandardEngineValve.invoke(StandardEngineValve.java:72)
	at org.apache.catalina.connector.CoyoteAdapter.service(CoyoteAdapter.java:341)
	at org.apache.coyote.http11.Http11Processor.service(Http11Processor.java:397)
	at org.apache.coyote.AbstractProcessorLight.process(AbstractProcessorLight.java:63)
	at org.apache.coyote.AbstractProtocol$ConnectionHandler.process(AbstractProtocol.java:903)
	at org.apache.tomcat.util.net.NioEndpoint$SocketProcessor.doRun(NioEndpoint.java:1779)
	at org.apache.tomcat.util.net.SocketProcessorBase.run(SocketProcessorBase.java:52)
	at org.apache.tomcat.util.threads.ThreadPoolExecutor.runWorker(ThreadPoolExecutor.java:946)
	at org.apache.tomcat.util.threads.ThreadPoolExecutor$Worker.run(ThreadPoolExecutor.java:480)
	at org.apache.tomcat.util.threads.TaskThread$WrappingRunnable.run(TaskThread.java:57)
	at java.base/java.lang.Thread.run(Thread.java:1583)
2026-03-25 14:28:59 [SpringApplicationShutdownHook] INFO  org.springframework.boot.tomcat.GracefulShutdown - Commencing graceful shutdown. Waiting for active requests to complete
2026-03-25 14:28:59 [tomcat-shutdown] INFO  org.springframework.boot.tomcat.GracefulShutdown - Graceful shutdown complete
2026-03-25 14:29:42 [main] INFO  com.example.BookingApplication.BookingApplication - Starting BookingApplication using Java 21.0.7 with PID 1256 (C:\Users\ADMIN\Downloads\BookingApplication\BookingApplication\target\classes started by ADMIN in C:\Users\ADMIN\Downloads\BookingApplication)
2026-03-25 14:29:42 [main] INFO  com.example.BookingApplication.BookingApplication - No active profile set, falling back to 1 default profile: "default"
2026-03-25 14:29:43 [main] INFO  org.springframework.data.repository.config.RepositoryConfigurationDelegate - Multiple Spring Data modules found, entering strict repository configuration mode
2026-03-25 14:29:43 [main] INFO  org.springframework.data.repository.config.RepositoryConfigurationDelegate - Bootstrapping Spring Data MongoDB repositories in DEFAULT mode.
2026-03-25 14:29:43 [main] INFO  org.springframework.data.repository.config.RepositoryConfigurationDelegate - Finished Spring Data repository scanning in 77 ms. Found 3 MongoDB repository interfaces.
2026-03-25 14:29:43 [main] INFO  org.springframework.data.repository.config.RepositoryConfigurationDelegate - Multiple Spring Data modules found, entering strict repository configuration mode
2026-03-25 14:29:43 [main] INFO  org.springframework.data.repository.config.RepositoryConfigurationDelegate - Bootstrapping Spring Data Redis repositories in DEFAULT mode.
2026-03-25 14:29:43 [main] INFO  org.springframework.data.repository.config.RepositoryConfigurationExtensionSupport - Spring Data Redis - Could not safely identify store assignment for repository candidate interface com.example.BookingApplication.Repositories.BookingsRepository; If you want this repository to be a Redis repository, consider annotating your entities with one of these annotations: org.springframework.data.redis.core.RedisHash (preferred), or consider extending one of the following types with your repository: org.springframework.data.keyvalue.repository.KeyValueRepository
2026-03-25 14:29:43 [main] INFO  org.springframework.data.repository.config.RepositoryConfigurationExtensionSupport - Spring Data Redis - Could not safely identify store assignment for repository candidate interface com.example.BookingApplication.Repositories.StudioRepository; If you want this repository to be a Redis repository, consider annotating your entities with one of these annotations: org.springframework.data.redis.core.RedisHash (preferred), or consider extending one of the following types with your repository: org.springframework.data.keyvalue.repository.KeyValueRepository
2026-03-25 14:29:43 [main] INFO  org.springframework.data.repository.config.RepositoryConfigurationExtensionSupport - Spring Data Redis - Could not safely identify store assignment for repository candidate interface com.example.BookingApplication.Repositories.UserRepository; If you want this repository to be a Redis repository, consider annotating your entities with one of these annotations: org.springframework.data.redis.core.RedisHash (preferred), or consider extending one of the following types with your repository: org.springframework.data.keyvalue.repository.KeyValueRepository
2026-03-25 14:29:43 [main] INFO  org.springframework.data.repository.config.RepositoryConfigurationDelegate - Finished Spring Data repository scanning in 5 ms. Found 0 Redis repository interfaces.
2026-03-25 14:29:43 [main] INFO  org.springframework.boot.tomcat.TomcatWebServer - Tomcat initialized with port 8080 (http)
2026-03-25 14:29:43 [main] INFO  org.apache.coyote.http11.Http11NioProtocol - Initializing ProtocolHandler ["http-nio-8080"]
2026-03-25 14:29:43 [main] INFO  org.apache.catalina.core.StandardService - Starting service [Tomcat]
2026-03-25 14:29:43 [main] INFO  org.apache.catalina.core.StandardEngine - Starting Servlet engine: [Apache Tomcat/11.0.18]
2026-03-25 14:29:43 [main] INFO  org.springframework.boot.web.context.servlet.WebApplicationContextInitializer - Root WebApplicationContext: initialization completed in 1021 ms
2026-03-25 14:29:44 [main] INFO  org.mongodb.driver.client - MongoClient with metadata {"driver": {"name": "mongo-java-driver|spring-boot|sync", "version": "5.6.4"}, "os": {"type": "Windows", "name": "Windows 11", "architecture": "amd64", "version": "10.0"}, "platform": "Java/Oracle Corporation/21.0.7+8-LTS-245"} created with settings MongoClientSettings{readPreference=primary, writeConcern=WriteConcern{w=majority, wTimeout=null ms, journal=null}, retryWrites=true, retryReads=true, readConcern=ReadConcern{level=null}, credential=MongoCredential{mechanism=null, userName='root', source='admin', password=<hidden>, mechanismProperties=<hidden>}, transportSettings=null, commandListeners=[], codecRegistry=ProvidersCodecRegistry{codecProviders=[ValueCodecProvider{}, BsonValueCodecProvider{}, DBRefCodecProvider{}, DBObjectCodecProvider{}, DocumentCodecProvider{}, CollectionCodecProvider{}, IterableCodecProvider{}, MapCodecProvider{}, GeoJsonCodecProvider{}, GridFSFileCodecProvider{}, Jsr310CodecProvider{}, JsonObjectCodecProvider{}, BsonCodecProvider{}, com.mongodb.client.model.mql.ExpressionCodecProvider@24a4e2c5, com.mongodb.Jep395RecordCodecProvider@27da994b, com.mongodb.KotlinCodecProvider@70f148dc, EnumCodecProvider{}]}, loggerSettings=LoggerSettings{maxDocumentLength=1000}, clusterSettings={hosts=[127.0.0.1:27017], srvHost=cluster0.en0pykp.mongodb.net, srvServiceName=mongodb, mode=MULTIPLE, requiredClusterType=REPLICA_SET, requiredReplicaSetName='atlas-zt48hn-shard-0', serverSelector='null', clusterListeners='[]', serverSelectionTimeout='30000 ms', localThreshold='15 ms'}, socketSettings=SocketSettings{connectTimeoutMS=10000, readTimeoutMS=0, receiveBufferSize=0, proxySettings=ProxySettings{host=null, port=null, username=null, password=null}}, heartbeatSocketSettings=SocketSettings{connectTimeoutMS=10000, readTimeoutMS=10000, receiveBufferSize=0, proxySettings=ProxySettings{host=null, port=null, username=null, password=null}}, connectionPoolSettings=ConnectionPoolSettings{maxSize=100, minSize=0, maxWaitTimeMS=120000, maxConnectionLifeTimeMS=0, maxConnectionIdleTimeMS=0, maintenanceInitialDelayMS=0, maintenanceFrequencyMS=60000, connectionPoolListeners=[], maxConnecting=2}, serverSettings=ServerSettings{heartbeatFrequencyMS=10000, minHeartbeatFrequencyMS=500, serverMonitoringMode=AUTO, serverListeners='[]', serverMonitorListeners='[]'}, sslSettings=SslSettings{enabled=true, invalidHostNameAllowed=false, context=null}, applicationName='null', compressorList=[], uuidRepresentation=UNSPECIFIED, serverApi=null, autoEncryptionSettings=null, dnsClient=null, inetAddressResolver=null, contextProvider=null, timeoutMS=null}
2026-03-25 14:29:44 [cluster-ClusterId{value='69c3a3ffb3c549578bf96636', description='null'}-srv-cluster0.en0pykp.mongodb.net] INFO  org.mongodb.driver.cluster - Adding discovered server ac-aoerbz6-shard-00-01.en0pykp.mongodb.net:27017 to client view of cluster
2026-03-25 14:29:44 [cluster-ClusterId{value='69c3a3ffb3c549578bf96636', description='null'}-srv-cluster0.en0pykp.mongodb.net] INFO  org.mongodb.driver.cluster - Adding discovered server ac-aoerbz6-shard-00-00.en0pykp.mongodb.net:27017 to client view of cluster
2026-03-25 14:29:44 [cluster-ClusterId{value='69c3a3ffb3c549578bf96636', description='null'}-srv-cluster0.en0pykp.mongodb.net] INFO  org.mongodb.driver.cluster - Adding discovered server ac-aoerbz6-shard-00-02.en0pykp.mongodb.net:27017 to client view of cluster
2026-03-25 14:29:44 [cluster-ClusterId{value='69c3a3ffb3c549578bf96636', description='null'}-ac-aoerbz6-shard-00-00.en0pykp.mongodb.net:27017] INFO  org.mongodb.driver.cluster - Monitor thread successfully connected to server with description ServerDescription{address=ac-aoerbz6-shard-00-00.en0pykp.mongodb.net:27017, type=REPLICA_SET_SECONDARY, cryptd=false, state=CONNECTED, ok=true, minWireVersion=0, maxWireVersion=25, maxDocumentSize=16777216, logicalSessionTimeoutMinutes=30, roundTripTimeNanos=229067600, minRoundTripTimeNanos=0, setName='atlas-zt48hn-shard-0', canonicalAddress=ac-aoerbz6-shard-00-00.en0pykp.mongodb.net:27017, hosts=[ac-aoerbz6-shard-00-01.en0pykp.mongodb.net:27017, ac-aoerbz6-shard-00-00.en0pykp.mongodb.net:27017, ac-aoerbz6-shard-00-02.en0pykp.mongodb.net:27017], passives=[], arbiters=[], primary='ac-aoerbz6-shard-00-02.en0pykp.mongodb.net:27017', tagSet=TagSet{[Tag{name='availabilityZone', value='aps1-az1'}, Tag{name='diskState', value='READY'}, Tag{name='nodeType', value='ELECTABLE'}, Tag{name='provider', value='AWS'}, Tag{name='region', value='AP_SOUTH_1'}, Tag{name='workloadType', value='OPERATIONAL'}]}, electionId=null, setVersion=391, topologyVersion=TopologyVersion{processId=69b855abb14686967b76fdd6, counter=4}, lastWriteDate=Wed Mar 25 14:29:44 IST 2026, lastUpdateTimeNanos=164282059570800}
2026-03-25 14:29:44 [cluster-ClusterId{value='69c3a3ffb3c549578bf96636', description='null'}-ac-aoerbz6-shard-00-02.en0pykp.mongodb.net:27017] INFO  org.mongodb.driver.cluster - Monitor thread successfully connected to server with description ServerDescription{address=ac-aoerbz6-shard-00-02.en0pykp.mongodb.net:27017, type=REPLICA_SET_PRIMARY, cryptd=false, state=CONNECTED, ok=true, minWireVersion=0, maxWireVersion=25, maxDocumentSize=16777216, logicalSessionTimeoutMinutes=30, roundTripTimeNanos=229409700, minRoundTripTimeNanos=0, setName='atlas-zt48hn-shard-0', canonicalAddress=ac-aoerbz6-shard-00-02.en0pykp.mongodb.net:27017, hosts=[ac-aoerbz6-shard-00-01.en0pykp.mongodb.net:27017, ac-aoerbz6-shard-00-00.en0pykp.mongodb.net:27017, ac-aoerbz6-shard-00-02.en0pykp.mongodb.net:27017], passives=[], arbiters=[], primary='ac-aoerbz6-shard-00-02.en0pykp.mongodb.net:27017', tagSet=TagSet{[Tag{name='availabilityZone', value='aps1-az2'}, Tag{name='diskState', value='READY'}, Tag{name='nodeType', value='ELECTABLE'}, Tag{name='provider', value='AWS'}, Tag{name='region', value='AP_SOUTH_1'}, Tag{name='workloadType', value='OPERATIONAL'}]}, electionId=7fffffff0000000000000156, setVersion=391, topologyVersion=TopologyVersion{processId=69b859a89b4f2018f8b26ac6, counter=6}, lastWriteDate=Wed Mar 25 14:29:44 IST 2026, lastUpdateTimeNanos=164282059570800}
2026-03-25 14:29:44 [cluster-ClusterId{value='69c3a3ffb3c549578bf96636', description='null'}-ac-aoerbz6-shard-00-01.en0pykp.mongodb.net:27017] INFO  org.mongodb.driver.cluster - Monitor thread successfully connected to server with description ServerDescription{address=ac-aoerbz6-shard-00-01.en0pykp.mongodb.net:27017, type=REPLICA_SET_SECONDARY, cryptd=false, state=CONNECTED, ok=true, minWireVersion=0, maxWireVersion=25, maxDocumentSize=16777216, logicalSessionTimeoutMinutes=30, roundTripTimeNanos=229409300, minRoundTripTimeNanos=0, setName='atlas-zt48hn-shard-0', canonicalAddress=ac-aoerbz6-shard-00-01.en0pykp.mongodb.net:27017, hosts=[ac-aoerbz6-shard-00-01.en0pykp.mongodb.net:27017, ac-aoerbz6-shard-00-00.en0pykp.mongodb.net:27017, ac-aoerbz6-shard-00-02.en0pykp.mongodb.net:27017], passives=[], arbiters=[], primary='ac-aoerbz6-shard-00-02.en0pykp.mongodb.net:27017', tagSet=TagSet{[Tag{name='availabilityZone', value='aps1-az3'}, Tag{name='diskState', value='READY'}, Tag{name='nodeType', value='ELECTABLE'}, Tag{name='provider', value='AWS'}, Tag{name='region', value='AP_SOUTH_1'}, Tag{name='workloadType', value='OPERATIONAL'}]}, electionId=null, setVersion=391, topologyVersion=TopologyVersion{processId=69b85ccb4b84e800f9f6512d, counter=3}, lastWriteDate=Wed Mar 25 14:29:44 IST 2026, lastUpdateTimeNanos=164282059570800}
2026-03-25 14:29:44 [cluster-ClusterId{value='69c3a3ffb3c549578bf96636', description='null'}-ac-aoerbz6-shard-00-02.en0pykp.mongodb.net:27017] INFO  org.mongodb.driver.cluster - Discovered replica set primary ac-aoerbz6-shard-00-02.en0pykp.mongodb.net:27017 with max election id 7fffffff0000000000000156 and max set version 391
2026-03-25 14:29:44 [main] WARN  com.password4j.PropertyReader - bcrypt minor version is not defined. Default value is used (b). Please set property hash.bcrypt.minor in your psw4j.properties file.
2026-03-25 14:29:44 [main] WARN  com.password4j.PropertyReader - bcrypt rounds are not defined. Default value is used (10). Please set property hash.bcrypt.rounds in your psw4j.properties file.
2026-03-25 14:29:44 [main] INFO  org.springframework.security.config.annotation.authentication.configuration.InitializeUserDetailsBeanManagerConfigurer$InitializeUserDetailsManagerConfigurer - Global AuthenticationManager configured with UserDetailsService bean with name userDetailsImpl
2026-03-25 14:29:45 [main] INFO  org.apache.coyote.http11.Http11NioProtocol - Starting ProtocolHandler ["http-nio-8080"]
2026-03-25 14:29:45 [main] INFO  org.springframework.boot.tomcat.TomcatWebServer - Tomcat started on port 8080 (http) with context path '/'
2026-03-25 14:29:45 [main] INFO  com.example.BookingApplication.BookingApplication - Started BookingApplication in 2.634 seconds (process running for 3.097)
2026-03-25 14:29:45 [http-nio-8080-exec-2] INFO  org.apache.catalina.core.ContainerBase.[Tomcat].[localhost].[/] - Initializing Spring DispatcherServlet 'dispatcherServlet'
2026-03-25 14:29:45 [http-nio-8080-exec-2] INFO  org.springframework.web.servlet.DispatcherServlet - Initializing Servlet 'dispatcherServlet'
2026-03-25 14:29:45 [http-nio-8080-exec-2] INFO  org.springframework.web.servlet.DispatcherServlet - Completed initialization in 18 ms
2026-03-25 14:29:45 [http-nio-8080-exec-1] WARN  org.springframework.web.servlet.handler.HandlerMappingIntrospector - Cache miss for REQUEST dispatch to '/getstarted/List' (previous null). Performing CorsConfiguration lookup. This is logged once only at WARN level, and every time at TRACE.
2026-03-25 14:31:05 [SpringApplicationShutdownHook] INFO  org.springframework.boot.tomcat.GracefulShutdown - Commencing graceful shutdown. Waiting for active requests to complete
2026-03-25 14:31:05 [tomcat-shutdown] INFO  org.springframework.boot.tomcat.GracefulShutdown - Graceful shutdown complete
2026-03-25 14:31:07 [main] INFO  com.example.BookingApplication.BookingApplication - Starting BookingApplication using Java 21.0.7 with PID 2664 (C:\Users\ADMIN\Downloads\BookingApplication\BookingApplication\target\classes started by ADMIN in C:\Users\ADMIN\Downloads\BookingApplication)
2026-03-25 14:31:07 [main] INFO  com.example.BookingApplication.BookingApplication - No active profile set, falling back to 1 default profile: "default"
2026-03-25 14:31:08 [main] INFO  org.springframework.data.repository.config.RepositoryConfigurationDelegate - Multiple Spring Data modules found, entering strict repository configuration mode
2026-03-25 14:31:08 [main] INFO  org.springframework.data.repository.config.RepositoryConfigurationDelegate - Bootstrapping Spring Data MongoDB repositories in DEFAULT mode.
2026-03-25 14:31:08 [main] INFO  org.springframework.data.repository.config.RepositoryConfigurationDelegate - Finished Spring Data repository scanning in 106 ms. Found 3 MongoDB repository interfaces.
2026-03-25 14:31:08 [main] INFO  org.springframework.data.repository.config.RepositoryConfigurationDelegate - Multiple Spring Data modules found, entering strict repository configuration mode
2026-03-25 14:31:08 [main] INFO  org.springframework.data.repository.config.RepositoryConfigurationDelegate - Bootstrapping Spring Data Redis repositories in DEFAULT mode.
2026-03-25 14:31:08 [main] INFO  org.springframework.data.repository.config.RepositoryConfigurationExtensionSupport - Spring Data Redis - Could not safely identify store assignment for repository candidate interface com.example.BookingApplication.Repositories.BookingsRepository; If you want this repository to be a Redis repository, consider annotating your entities with one of these annotations: org.springframework.data.redis.core.RedisHash (preferred), or consider extending one of the following types with your repository: org.springframework.data.keyvalue.repository.KeyValueRepository
2026-03-25 14:31:08 [main] INFO  org.springframework.data.repository.config.RepositoryConfigurationExtensionSupport - Spring Data Redis - Could not safely identify store assignment for repository candidate interface com.example.BookingApplication.Repositories.StudioRepository; If you want this repository to be a Redis repository, consider annotating your entities with one of these annotations: org.springframework.data.redis.core.RedisHash (preferred), or consider extending one of the following types with your repository: org.springframework.data.keyvalue.repository.KeyValueRepository
2026-03-25 14:31:08 [main] INFO  org.springframework.data.repository.config.RepositoryConfigurationExtensionSupport - Spring Data Redis - Could not safely identify store assignment for repository candidate interface com.example.BookingApplication.Repositories.UserRepository; If you want this repository to be a Redis repository, consider annotating your entities with one of these annotations: org.springframework.data.redis.core.RedisHash (preferred), or consider extending one of the following types with your repository: org.springframework.data.keyvalue.repository.KeyValueRepository
2026-03-25 14:31:08 [main] INFO  org.springframework.data.repository.config.RepositoryConfigurationDelegate - Finished Spring Data repository scanning in 6 ms. Found 0 Redis repository interfaces.
2026-03-25 14:31:08 [main] INFO  org.springframework.boot.tomcat.TomcatWebServer - Tomcat initialized with port 8080 (http)
2026-03-25 14:31:08 [main] INFO  org.apache.coyote.http11.Http11NioProtocol - Initializing ProtocolHandler ["http-nio-8080"]
2026-03-25 14:31:08 [main] INFO  org.apache.catalina.core.StandardService - Starting service [Tomcat]
2026-03-25 14:31:08 [main] INFO  org.apache.catalina.core.StandardEngine - Starting Servlet engine: [Apache Tomcat/11.0.18]
2026-03-25 14:31:08 [main] INFO  org.springframework.boot.web.context.servlet.WebApplicationContextInitializer - Root WebApplicationContext: initialization completed in 990 ms
2026-03-25 14:31:08 [cluster-ClusterId{value='69c3a454f1e372915533fe57', description='null'}-srv-cluster0.en0pykp.mongodb.net] INFO  org.mongodb.driver.cluster - Adding discovered server ac-aoerbz6-shard-00-01.en0pykp.mongodb.net:27017 to client view of cluster
2026-03-25 14:31:08 [main] INFO  org.mongodb.driver.client - MongoClient with metadata {"driver": {"name": "mongo-java-driver|spring-boot|sync", "version": "5.6.4"}, "os": {"type": "Windows", "name": "Windows 11", "architecture": "amd64", "version": "10.0"}, "platform": "Java/Oracle Corporation/21.0.7+8-LTS-245"} created with settings MongoClientSettings{readPreference=primary, writeConcern=WriteConcern{w=majority, wTimeout=null ms, journal=null}, retryWrites=true, retryReads=true, readConcern=ReadConcern{level=null}, credential=MongoCredential{mechanism=null, userName='root', source='admin', password=<hidden>, mechanismProperties=<hidden>}, transportSettings=null, commandListeners=[], codecRegistry=ProvidersCodecRegistry{codecProviders=[ValueCodecProvider{}, BsonValueCodecProvider{}, DBRefCodecProvider{}, DBObjectCodecProvider{}, DocumentCodecProvider{}, CollectionCodecProvider{}, IterableCodecProvider{}, MapCodecProvider{}, GeoJsonCodecProvider{}, GridFSFileCodecProvider{}, Jsr310CodecProvider{}, JsonObjectCodecProvider{}, BsonCodecProvider{}, com.mongodb.client.model.mql.ExpressionCodecProvider@5409dfdd, com.mongodb.Jep395RecordCodecProvider@45f9d394, com.mongodb.KotlinCodecProvider@1c2d63f0, EnumCodecProvider{}]}, loggerSettings=LoggerSettings{maxDocumentLength=1000}, clusterSettings={hosts=[127.0.0.1:27017], srvHost=cluster0.en0pykp.mongodb.net, srvServiceName=mongodb, mode=MULTIPLE, requiredClusterType=REPLICA_SET, requiredReplicaSetName='atlas-zt48hn-shard-0', serverSelector='null', clusterListeners='[]', serverSelectionTimeout='30000 ms', localThreshold='15 ms'}, socketSettings=SocketSettings{connectTimeoutMS=10000, readTimeoutMS=0, receiveBufferSize=0, proxySettings=ProxySettings{host=null, port=null, username=null, password=null}}, heartbeatSocketSettings=SocketSettings{connectTimeoutMS=10000, readTimeoutMS=10000, receiveBufferSize=0, proxySettings=ProxySettings{host=null, port=null, username=null, password=null}}, connectionPoolSettings=ConnectionPoolSettings{maxSize=100, minSize=0, maxWaitTimeMS=120000, maxConnectionLifeTimeMS=0, maxConnectionIdleTimeMS=0, maintenanceInitialDelayMS=0, maintenanceFrequencyMS=60000, connectionPoolListeners=[], maxConnecting=2}, serverSettings=ServerSettings{heartbeatFrequencyMS=10000, minHeartbeatFrequencyMS=500, serverMonitoringMode=AUTO, serverListeners='[]', serverMonitorListeners='[]'}, sslSettings=SslSettings{enabled=true, invalidHostNameAllowed=false, context=null}, applicationName='null', compressorList=[], uuidRepresentation=UNSPECIFIED, serverApi=null, autoEncryptionSettings=null, dnsClient=null, inetAddressResolver=null, contextProvider=null, timeoutMS=null}
2026-03-25 14:31:08 [cluster-ClusterId{value='69c3a454f1e372915533fe57', description='null'}-srv-cluster0.en0pykp.mongodb.net] INFO  org.mongodb.driver.cluster - Adding discovered server ac-aoerbz6-shard-00-00.en0pykp.mongodb.net:27017 to client view of cluster
2026-03-25 14:31:08 [cluster-ClusterId{value='69c3a454f1e372915533fe57', description='null'}-srv-cluster0.en0pykp.mongodb.net] INFO  org.mongodb.driver.cluster - Adding discovered server ac-aoerbz6-shard-00-02.en0pykp.mongodb.net:27017 to client view of cluster
2026-03-25 14:31:09 [cluster-ClusterId{value='69c3a454f1e372915533fe57', description='null'}-ac-aoerbz6-shard-00-02.en0pykp.mongodb.net:27017] INFO  org.mongodb.driver.cluster - Monitor thread successfully connected to server with description ServerDescription{address=ac-aoerbz6-shard-00-02.en0pykp.mongodb.net:27017, type=REPLICA_SET_PRIMARY, cryptd=false, state=CONNECTED, ok=true, minWireVersion=0, maxWireVersion=25, maxDocumentSize=16777216, logicalSessionTimeoutMinutes=30, roundTripTimeNanos=229655700, minRoundTripTimeNanos=0, setName='atlas-zt48hn-shard-0', canonicalAddress=ac-aoerbz6-shard-00-02.en0pykp.mongodb.net:27017, hosts=[ac-aoerbz6-shard-00-01.en0pykp.mongodb.net:27017, ac-aoerbz6-shard-00-00.en0pykp.mongodb.net:27017, ac-aoerbz6-shard-00-02.en0pykp.mongodb.net:27017], passives=[], arbiters=[], primary='ac-aoerbz6-shard-00-02.en0pykp.mongodb.net:27017', tagSet=TagSet{[Tag{name='availabilityZone', value='aps1-az2'}, Tag{name='diskState', value='READY'}, Tag{name='nodeType', value='ELECTABLE'}, Tag{name='provider', value='AWS'}, Tag{name='region', value='AP_SOUTH_1'}, Tag{name='workloadType', value='OPERATIONAL'}]}, electionId=7fffffff0000000000000156, setVersion=391, topologyVersion=TopologyVersion{processId=69b859a89b4f2018f8b26ac6, counter=6}, lastWriteDate=Wed Mar 25 14:31:08 IST 2026, lastUpdateTimeNanos=164367023108300}
2026-03-25 14:31:09 [cluster-ClusterId{value='69c3a454f1e372915533fe57', description='null'}-ac-aoerbz6-shard-00-00.en0pykp.mongodb.net:27017] INFO  org.mongodb.driver.cluster - Monitor thread successfully connected to server with description ServerDescription{address=ac-aoerbz6-shard-00-00.en0pykp.mongodb.net:27017, type=REPLICA_SET_SECONDARY, cryptd=false, state=CONNECTED, ok=true, minWireVersion=0, maxWireVersion=25, maxDocumentSize=16777216, logicalSessionTimeoutMinutes=30, roundTripTimeNanos=229655700, minRoundTripTimeNanos=0, setName='atlas-zt48hn-shard-0', canonicalAddress=ac-aoerbz6-shard-00-00.en0pykp.mongodb.net:27017, hosts=[ac-aoerbz6-shard-00-01.en0pykp.mongodb.net:27017, ac-aoerbz6-shard-00-00.en0pykp.mongodb.net:27017, ac-aoerbz6-shard-00-02.en0pykp.mongodb.net:27017], passives=[], arbiters=[], primary='ac-aoerbz6-shard-00-02.en0pykp.mongodb.net:27017', tagSet=TagSet{[Tag{name='availabilityZone', value='aps1-az1'}, Tag{name='diskState', value='READY'}, Tag{name='nodeType', value='ELECTABLE'}, Tag{name='provider', value='AWS'}, Tag{name='region', value='AP_SOUTH_1'}, Tag{name='workloadType', value='OPERATIONAL'}]}, electionId=null, setVersion=391, topologyVersion=TopologyVersion{processId=69b855abb14686967b76fdd6, counter=4}, lastWriteDate=Wed Mar 25 14:31:08 IST 2026, lastUpdateTimeNanos=164367023108300}
2026-03-25 14:31:09 [cluster-ClusterId{value='69c3a454f1e372915533fe57', description='null'}-ac-aoerbz6-shard-00-01.en0pykp.mongodb.net:27017] INFO  org.mongodb.driver.cluster - Monitor thread successfully connected to server with description ServerDescription{address=ac-aoerbz6-shard-00-01.en0pykp.mongodb.net:27017, type=REPLICA_SET_SECONDARY, cryptd=false, state=CONNECTED, ok=true, minWireVersion=0, maxWireVersion=25, maxDocumentSize=16777216, logicalSessionTimeoutMinutes=30, roundTripTimeNanos=243857200, minRoundTripTimeNanos=0, setName='atlas-zt48hn-shard-0', canonicalAddress=ac-aoerbz6-shard-00-01.en0pykp.mongodb.net:27017, hosts=[ac-aoerbz6-shard-00-01.en0pykp.mongodb.net:27017, ac-aoerbz6-shard-00-00.en0pykp.mongodb.net:27017, ac-aoerbz6-shard-00-02.en0pykp.mongodb.net:27017], passives=[], arbiters=[], primary='ac-aoerbz6-shard-00-02.en0pykp.mongodb.net:27017', tagSet=TagSet{[Tag{name='availabilityZone', value='aps1-az3'}, Tag{name='diskState', value='READY'}, Tag{name='nodeType', value='ELECTABLE'}, Tag{name='provider', value='AWS'}, Tag{name='region', value='AP_SOUTH_1'}, Tag{name='workloadType', value='OPERATIONAL'}]}, electionId=null, setVersion=391, topologyVersion=TopologyVersion{processId=69b85ccb4b84e800f9f6512d, counter=3}, lastWriteDate=Wed Mar 25 14:31:08 IST 2026, lastUpdateTimeNanos=164367023108300}
2026-03-25 14:31:09 [cluster-ClusterId{value='69c3a454f1e372915533fe57', description='null'}-ac-aoerbz6-shard-00-02.en0pykp.mongodb.net:27017] INFO  org.mongodb.driver.cluster - Discovered replica set primary ac-aoerbz6-shard-00-02.en0pykp.mongodb.net:27017 with max election id 7fffffff0000000000000156 and max set version 391
2026-03-25 14:31:09 [main] WARN  com.password4j.PropertyReader - bcrypt minor version is not defined. Default value is used (b). Please set property hash.bcrypt.minor in your psw4j.properties file.
2026-03-25 14:31:09 [main] WARN  com.password4j.PropertyReader - bcrypt rounds are not defined. Default value is used (10). Please set property hash.bcrypt.rounds in your psw4j.properties file.
2026-03-25 14:31:09 [main] INFO  org.springframework.security.config.annotation.authentication.configuration.InitializeUserDetailsBeanManagerConfigurer$InitializeUserDetailsManagerConfigurer - Global AuthenticationManager configured with UserDetailsService bean with name userDetailsImpl
2026-03-25 14:31:10 [main] INFO  org.apache.coyote.http11.Http11NioProtocol - Starting ProtocolHandler ["http-nio-8080"]
2026-03-25 14:31:10 [main] INFO  org.springframework.boot.tomcat.TomcatWebServer - Tomcat started on port 8080 (http) with context path '/'
2026-03-25 14:31:10 [main] INFO  com.example.BookingApplication.BookingApplication - Started BookingApplication in 2.559 seconds (process running for 3.235)
2026-03-25 14:31:14 [http-nio-8080-exec-2] INFO  org.apache.catalina.core.ContainerBase.[Tomcat].[localhost].[/] - Initializing Spring DispatcherServlet 'dispatcherServlet'
2026-03-25 14:31:14 [http-nio-8080-exec-2] INFO  org.springframework.web.servlet.DispatcherServlet - Initializing Servlet 'dispatcherServlet'
2026-03-25 14:31:14 [http-nio-8080-exec-2] INFO  org.springframework.web.servlet.DispatcherServlet - Completed initialization in 1 ms
2026-03-25 14:31:14 [http-nio-8080-exec-2] WARN  org.springframework.web.servlet.handler.HandlerMappingIntrospector - Cache miss for REQUEST dispatch to '/Booking/new' (previous null). Performing CorsConfiguration lookup. This is logged once only at WARN level, and every time at TRACE.
2026-03-25 14:31:55 [SpringApplicationShutdownHook] INFO  org.springframework.boot.tomcat.GracefulShutdown - Commencing graceful shutdown. Waiting for active requests to complete
2026-03-25 14:31:55 [tomcat-shutdown] INFO  org.springframework.boot.tomcat.GracefulShutdown - Graceful shutdown complete
2026-03-25 14:31:56 [main] INFO  com.example.BookingApplication.BookingApplication - Starting BookingApplication using Java 21.0.7 with PID 26176 (C:\Users\ADMIN\Downloads\BookingApplication\BookingApplication\target\classes started by ADMIN in C:\Users\ADMIN\Downloads\BookingApplication)
2026-03-25 14:31:56 [main] INFO  com.example.BookingApplication.BookingApplication - No active profile set, falling back to 1 default profile: "default"
2026-03-25 14:31:57 [main] INFO  org.springframework.data.repository.config.RepositoryConfigurationDelegate - Multiple Spring Data modules found, entering strict repository configuration mode
2026-03-25 14:31:57 [main] INFO  org.springframework.data.repository.config.RepositoryConfigurationDelegate - Bootstrapping Spring Data MongoDB repositories in DEFAULT mode.
2026-03-25 14:31:57 [main] INFO  org.springframework.data.repository.config.RepositoryConfigurationDelegate - Finished Spring Data repository scanning in 85 ms. Found 3 MongoDB repository interfaces.
2026-03-25 14:31:57 [main] INFO  org.springframework.data.repository.config.RepositoryConfigurationDelegate - Multiple Spring Data modules found, entering strict repository configuration mode
2026-03-25 14:31:57 [main] INFO  org.springframework.data.repository.config.RepositoryConfigurationDelegate - Bootstrapping Spring Data Redis repositories in DEFAULT mode.
2026-03-25 14:31:57 [main] INFO  org.springframework.data.repository.config.RepositoryConfigurationExtensionSupport - Spring Data Redis - Could not safely identify store assignment for repository candidate interface com.example.BookingApplication.Repositories.BookingsRepository; If you want this repository to be a Redis repository, consider annotating your entities with one of these annotations: org.springframework.data.redis.core.RedisHash (preferred), or consider extending one of the following types with your repository: org.springframework.data.keyvalue.repository.KeyValueRepository
2026-03-25 14:31:57 [main] INFO  org.springframework.data.repository.config.RepositoryConfigurationExtensionSupport - Spring Data Redis - Could not safely identify store assignment for repository candidate interface com.example.BookingApplication.Repositories.StudioRepository; If you want this repository to be a Redis repository, consider annotating your entities with one of these annotations: org.springframework.data.redis.core.RedisHash (preferred), or consider extending one of the following types with your repository: org.springframework.data.keyvalue.repository.KeyValueRepository
2026-03-25 14:31:57 [main] INFO  org.springframework.data.repository.config.RepositoryConfigurationExtensionSupport - Spring Data Redis - Could not safely identify store assignment for repository candidate interface com.example.BookingApplication.Repositories.UserRepository; If you want this repository to be a Redis repository, consider annotating your entities with one of these annotations: org.springframework.data.redis.core.RedisHash (preferred), or consider extending one of the following types with your repository: org.springframework.data.keyvalue.repository.KeyValueRepository
2026-03-25 14:31:57 [main] INFO  org.springframework.data.repository.config.RepositoryConfigurationDelegate - Finished Spring Data repository scanning in 5 ms. Found 0 Redis repository interfaces.
2026-03-25 14:31:57 [main] INFO  org.springframework.boot.tomcat.TomcatWebServer - Tomcat initialized with port 8080 (http)
2026-03-25 14:31:57 [main] INFO  org.apache.coyote.http11.Http11NioProtocol - Initializing ProtocolHandler ["http-nio-8080"]
2026-03-25 14:31:58 [main] INFO  org.apache.catalina.core.StandardService - Starting service [Tomcat]
2026-03-25 14:31:58 [main] INFO  org.apache.catalina.core.StandardEngine - Starting Servlet engine: [Apache Tomcat/11.0.18]
2026-03-25 14:31:58 [main] INFO  org.springframework.boot.web.context.servlet.WebApplicationContextInitializer - Root WebApplicationContext: initialization completed in 1026 ms
2026-03-25 14:31:58 [main] INFO  org.mongodb.driver.client - MongoClient with metadata {"driver": {"name": "mongo-java-driver|spring-boot|sync", "version": "5.6.4"}, "os": {"type": "Windows", "name": "Windows 11", "architecture": "amd64", "version": "10.0"}, "platform": "Java/Oracle Corporation/21.0.7+8-LTS-245"} created with settings MongoClientSettings{readPreference=primary, writeConcern=WriteConcern{w=majority, wTimeout=null ms, journal=null}, retryWrites=true, retryReads=true, readConcern=ReadConcern{level=null}, credential=MongoCredential{mechanism=null, userName='root', source='admin', password=<hidden>, mechanismProperties=<hidden>}, transportSettings=null, commandListeners=[], codecRegistry=ProvidersCodecRegistry{codecProviders=[ValueCodecProvider{}, BsonValueCodecProvider{}, DBRefCodecProvider{}, DBObjectCodecProvider{}, DocumentCodecProvider{}, CollectionCodecProvider{}, IterableCodecProvider{}, MapCodecProvider{}, GeoJsonCodecProvider{}, GridFSFileCodecProvider{}, Jsr310CodecProvider{}, JsonObjectCodecProvider{}, BsonCodecProvider{}, com.mongodb.client.model.mql.ExpressionCodecProvider@6ba6557e, com.mongodb.Jep395RecordCodecProvider@1f172892, com.mongodb.KotlinCodecProvider@5409dfdd, EnumCodecProvider{}]}, loggerSettings=LoggerSettings{maxDocumentLength=1000}, clusterSettings={hosts=[127.0.0.1:27017], srvHost=cluster0.en0pykp.mongodb.net, srvServiceName=mongodb, mode=MULTIPLE, requiredClusterType=REPLICA_SET, requiredReplicaSetName='atlas-zt48hn-shard-0', serverSelector='null', clusterListeners='[]', serverSelectionTimeout='30000 ms', localThreshold='15 ms'}, socketSettings=SocketSettings{connectTimeoutMS=10000, readTimeoutMS=0, receiveBufferSize=0, proxySettings=ProxySettings{host=null, port=null, username=null, password=null}}, heartbeatSocketSettings=SocketSettings{connectTimeoutMS=10000, readTimeoutMS=10000, receiveBufferSize=0, proxySettings=ProxySettings{host=null, port=null, username=null, password=null}}, connectionPoolSettings=ConnectionPoolSettings{maxSize=100, minSize=0, maxWaitTimeMS=120000, maxConnectionLifeTimeMS=0, maxConnectionIdleTimeMS=0, maintenanceInitialDelayMS=0, maintenanceFrequencyMS=60000, connectionPoolListeners=[], maxConnecting=2}, serverSettings=ServerSettings{heartbeatFrequencyMS=10000, minHeartbeatFrequencyMS=500, serverMonitoringMode=AUTO, serverListeners='[]', serverMonitorListeners='[]'}, sslSettings=SslSettings{enabled=true, invalidHostNameAllowed=false, context=null}, applicationName='null', compressorList=[], uuidRepresentation=UNSPECIFIED, serverApi=null, autoEncryptionSettings=null, dnsClient=null, inetAddressResolver=null, contextProvider=null, timeoutMS=null}
2026-03-25 14:31:58 [cluster-ClusterId{value='69c3a486b2793386b0b6c6e5', description='null'}-srv-cluster0.en0pykp.mongodb.net] INFO  org.mongodb.driver.cluster - Adding discovered server ac-aoerbz6-shard-00-01.en0pykp.mongodb.net:27017 to client view of cluster
2026-03-25 14:31:58 [cluster-ClusterId{value='69c3a486b2793386b0b6c6e5', description='null'}-srv-cluster0.en0pykp.mongodb.net] INFO  org.mongodb.driver.cluster - Adding discovered server ac-aoerbz6-shard-00-00.en0pykp.mongodb.net:27017 to client view of cluster
2026-03-25 14:31:58 [cluster-ClusterId{value='69c3a486b2793386b0b6c6e5', description='null'}-srv-cluster0.en0pykp.mongodb.net] INFO  org.mongodb.driver.cluster - Adding discovered server ac-aoerbz6-shard-00-02.en0pykp.mongodb.net:27017 to client view of cluster
2026-03-25 14:31:58 [cluster-ClusterId{value='69c3a486b2793386b0b6c6e5', description='null'}-ac-aoerbz6-shard-00-02.en0pykp.mongodb.net:27017] INFO  org.mongodb.driver.cluster - Monitor thread successfully connected to server with description ServerDescription{address=ac-aoerbz6-shard-00-02.en0pykp.mongodb.net:27017, type=REPLICA_SET_PRIMARY, cryptd=false, state=CONNECTED, ok=true, minWireVersion=0, maxWireVersion=25, maxDocumentSize=16777216, logicalSessionTimeoutMinutes=30, roundTripTimeNanos=235711900, minRoundTripTimeNanos=0, setName='atlas-zt48hn-shard-0', canonicalAddress=ac-aoerbz6-shard-00-02.en0pykp.mongodb.net:27017, hosts=[ac-aoerbz6-shard-00-01.en0pykp.mongodb.net:27017, ac-aoerbz6-shard-00-00.en0pykp.mongodb.net:27017, ac-aoerbz6-shard-00-02.en0pykp.mongodb.net:27017], passives=[], arbiters=[], primary='ac-aoerbz6-shard-00-02.en0pykp.mongodb.net:27017', tagSet=TagSet{[Tag{name='availabilityZone', value='aps1-az2'}, Tag{name='diskState', value='READY'}, Tag{name='nodeType', value='ELECTABLE'}, Tag{name='provider', value='AWS'}, Tag{name='region', value='AP_SOUTH_1'}, Tag{name='workloadType', value='OPERATIONAL'}]}, electionId=7fffffff0000000000000156, setVersion=391, topologyVersion=TopologyVersion{processId=69b859a89b4f2018f8b26ac6, counter=6}, lastWriteDate=Wed Mar 25 14:31:58 IST 2026, lastUpdateTimeNanos=164416251962200}
2026-03-25 14:31:58 [cluster-ClusterId{value='69c3a486b2793386b0b6c6e5', description='null'}-ac-aoerbz6-shard-00-00.en0pykp.mongodb.net:27017] INFO  org.mongodb.driver.cluster - Monitor thread successfully connected to server with description ServerDescription{address=ac-aoerbz6-shard-00-00.en0pykp.mongodb.net:27017, type=REPLICA_SET_SECONDARY, cryptd=false, state=CONNECTED, ok=true, minWireVersion=0, maxWireVersion=25, maxDocumentSize=16777216, logicalSessionTimeoutMinutes=30, roundTripTimeNanos=235963800, minRoundTripTimeNanos=0, setName='atlas-zt48hn-shard-0', canonicalAddress=ac-aoerbz6-shard-00-00.en0pykp.mongodb.net:27017, hosts=[ac-aoerbz6-shard-00-01.en0pykp.mongodb.net:27017, ac-aoerbz6-shard-00-00.en0pykp.mongodb.net:27017, ac-aoerbz6-shard-00-02.en0pykp.mongodb.net:27017], passives=[], arbiters=[], primary='ac-aoerbz6-shard-00-02.en0pykp.mongodb.net:27017', tagSet=TagSet{[Tag{name='availabilityZone', value='aps1-az1'}, Tag{name='diskState', value='READY'}, Tag{name='nodeType', value='ELECTABLE'}, Tag{name='provider', value='AWS'}, Tag{name='region', value='AP_SOUTH_1'}, Tag{name='workloadType', value='OPERATIONAL'}]}, electionId=null, setVersion=391, topologyVersion=TopologyVersion{processId=69b855abb14686967b76fdd6, counter=4}, lastWriteDate=Wed Mar 25 14:31:58 IST 2026, lastUpdateTimeNanos=164416251962200}
2026-03-25 14:31:58 [cluster-ClusterId{value='69c3a486b2793386b0b6c6e5', description='null'}-ac-aoerbz6-shard-00-01.en0pykp.mongodb.net:27017] INFO  org.mongodb.driver.cluster - Monitor thread successfully connected to server with description ServerDescription{address=ac-aoerbz6-shard-00-01.en0pykp.mongodb.net:27017, type=REPLICA_SET_SECONDARY, cryptd=false, state=CONNECTED, ok=true, minWireVersion=0, maxWireVersion=25, maxDocumentSize=16777216, logicalSessionTimeoutMinutes=30, roundTripTimeNanos=235960000, minRoundTripTimeNanos=0, setName='atlas-zt48hn-shard-0', canonicalAddress=ac-aoerbz6-shard-00-01.en0pykp.mongodb.net:27017, hosts=[ac-aoerbz6-shard-00-01.en0pykp.mongodb.net:27017, ac-aoerbz6-shard-00-00.en0pykp.mongodb.net:27017, ac-aoerbz6-shard-00-02.en0pykp.mongodb.net:27017], passives=[], arbiters=[], primary='ac-aoerbz6-shard-00-02.en0pykp.mongodb.net:27017', tagSet=TagSet{[Tag{name='availabilityZone', value='aps1-az3'}, Tag{name='diskState', value='READY'}, Tag{name='nodeType', value='ELECTABLE'}, Tag{name='provider', value='AWS'}, Tag{name='region', value='AP_SOUTH_1'}, Tag{name='workloadType', value='OPERATIONAL'}]}, electionId=null, setVersion=391, topologyVersion=TopologyVersion{processId=69b85ccb4b84e800f9f6512d, counter=3}, lastWriteDate=Wed Mar 25 14:31:58 IST 2026, lastUpdateTimeNanos=164416251962200}
2026-03-25 14:31:58 [cluster-ClusterId{value='69c3a486b2793386b0b6c6e5', description='null'}-ac-aoerbz6-shard-00-02.en0pykp.mongodb.net:27017] INFO  org.mongodb.driver.cluster - Discovered replica set primary ac-aoerbz6-shard-00-02.en0pykp.mongodb.net:27017 with max election id 7fffffff0000000000000156 and max set version 391
2026-03-25 14:31:58 [main] WARN  com.password4j.PropertyReader - bcrypt minor version is not defined. Default value is used (b). Please set property hash.bcrypt.minor in your psw4j.properties file.
2026-03-25 14:31:58 [main] WARN  com.password4j.PropertyReader - bcrypt rounds are not defined. Default value is used (10). Please set property hash.bcrypt.rounds in your psw4j.properties file.
2026-03-25 14:31:58 [main] INFO  org.springframework.security.config.annotation.authentication.configuration.InitializeUserDetailsBeanManagerConfigurer$InitializeUserDetailsManagerConfigurer - Global AuthenticationManager configured with UserDetailsService bean with name userDetailsImpl
2026-03-25 14:31:59 [main] INFO  org.apache.coyote.http11.Http11NioProtocol - Starting ProtocolHandler ["http-nio-8080"]
2026-03-25 14:31:59 [main] INFO  org.springframework.boot.tomcat.TomcatWebServer - Tomcat started on port 8080 (http) with context path '/'
2026-03-25 14:31:59 [main] INFO  com.example.BookingApplication.BookingApplication - Started BookingApplication in 2.658 seconds (process running for 3.345)
2026-03-25 14:32:40 [http-nio-8080-exec-1] INFO  org.apache.catalina.core.ContainerBase.[Tomcat].[localhost].[/] - Initializing Spring DispatcherServlet 'dispatcherServlet'
2026-03-25 14:32:40 [http-nio-8080-exec-1] INFO  org.springframework.web.servlet.DispatcherServlet - Initializing Servlet 'dispatcherServlet'
2026-03-25 14:32:40 [http-nio-8080-exec-1] INFO  org.springframework.web.servlet.DispatcherServlet - Completed initialization in 0 ms
2026-03-25 14:32:40 [http-nio-8080-exec-1] WARN  org.springframework.web.servlet.handler.HandlerMappingIntrospector - Cache miss for REQUEST dispatch to '/Booking/new' (previous null). Performing CorsConfiguration lookup. This is logged once only at WARN level, and every time at TRACE.
2026-03-25 14:33:04 [SpringApplicationShutdownHook] INFO  org.springframework.boot.tomcat.GracefulShutdown - Commencing graceful shutdown. Waiting for active requests to complete
2026-03-25 14:33:04 [tomcat-shutdown] INFO  org.springframework.boot.tomcat.GracefulShutdown - Graceful shutdown complete
2026-03-25 14:36:14 [main] INFO  com.example.BookingApplication.BookingApplication - Starting BookingApplication using Java 21.0.7 with PID 11552 (C:\Users\ADMIN\Downloads\BookingApplication\BookingApplication\target\classes started by ADMIN in C:\Users\ADMIN\Downloads\BookingApplication)
2026-03-25 14:36:14 [main] INFO  com.example.BookingApplication.BookingApplication - No active profile set, falling back to 1 default profile: "default"
2026-03-25 14:36:14 [main] INFO  org.springframework.data.repository.config.RepositoryConfigurationDelegate - Multiple Spring Data modules found, entering strict repository configuration mode
2026-03-25 14:36:14 [main] INFO  org.springframework.data.repository.config.RepositoryConfigurationDelegate - Bootstrapping Spring Data MongoDB repositories in DEFAULT mode.
2026-03-25 14:36:15 [main] INFO  org.springframework.data.repository.config.RepositoryConfigurationDelegate - Finished Spring Data repository scanning in 83 ms. Found 3 MongoDB repository interfaces.
2026-03-25 14:36:15 [main] INFO  org.springframework.data.repository.config.RepositoryConfigurationDelegate - Multiple Spring Data modules found, entering strict repository configuration mode
2026-03-25 14:36:15 [main] INFO  org.springframework.data.repository.config.RepositoryConfigurationDelegate - Bootstrapping Spring Data Redis repositories in DEFAULT mode.
2026-03-25 14:36:15 [main] INFO  org.springframework.data.repository.config.RepositoryConfigurationExtensionSupport - Spring Data Redis - Could not safely identify store assignment for repository candidate interface com.example.BookingApplication.Repositories.BookingsRepository; If you want this repository to be a Redis repository, consider annotating your entities with one of these annotations: org.springframework.data.redis.core.RedisHash (preferred), or consider extending one of the following types with your repository: org.springframework.data.keyvalue.repository.KeyValueRepository
2026-03-25 14:36:15 [main] INFO  org.springframework.data.repository.config.RepositoryConfigurationExtensionSupport - Spring Data Redis - Could not safely identify store assignment for repository candidate interface com.example.BookingApplication.Repositories.StudioRepository; If you want this repository to be a Redis repository, consider annotating your entities with one of these annotations: org.springframework.data.redis.core.RedisHash (preferred), or consider extending one of the following types with your repository: org.springframework.data.keyvalue.repository.KeyValueRepository
2026-03-25 14:36:15 [main] INFO  org.springframework.data.repository.config.RepositoryConfigurationExtensionSupport - Spring Data Redis - Could not safely identify store assignment for repository candidate interface com.example.BookingApplication.Repositories.UserRepository; If you want this repository to be a Redis repository, consider annotating your entities with one of these annotations: org.springframework.data.redis.core.RedisHash (preferred), or consider extending one of the following types with your repository: org.springframework.data.keyvalue.repository.KeyValueRepository
2026-03-25 14:36:15 [main] INFO  org.springframework.data.repository.config.RepositoryConfigurationDelegate - Finished Spring Data repository scanning in 6 ms. Found 0 Redis repository interfaces.
2026-03-25 14:36:15 [main] INFO  org.springframework.boot.tomcat.TomcatWebServer - Tomcat initialized with port 8080 (http)
2026-03-25 14:36:15 [main] INFO  org.apache.coyote.http11.Http11NioProtocol - Initializing ProtocolHandler ["http-nio-8080"]
2026-03-25 14:36:15 [main] INFO  org.apache.catalina.core.StandardService - Starting service [Tomcat]
2026-03-25 14:36:15 [main] INFO  org.apache.catalina.core.StandardEngine - Starting Servlet engine: [Apache Tomcat/11.0.18]
2026-03-25 14:36:15 [main] INFO  org.springframework.boot.web.context.servlet.WebApplicationContextInitializer - Root WebApplicationContext: initialization completed in 1037 ms
2026-03-25 14:36:15 [main] INFO  org.mongodb.driver.client - MongoClient with metadata {"driver": {"name": "mongo-java-driver|spring-boot|sync", "version": "5.6.4"}, "os": {"type": "Windows", "name": "Windows 11", "architecture": "amd64", "version": "10.0"}, "platform": "Java/Oracle Corporation/21.0.7+8-LTS-245"} created with settings MongoClientSettings{readPreference=primary, writeConcern=WriteConcern{w=majority, wTimeout=null ms, journal=null}, retryWrites=true, retryReads=true, readConcern=ReadConcern{level=null}, credential=MongoCredential{mechanism=null, userName='root', source='admin', password=<hidden>, mechanismProperties=<hidden>}, transportSettings=null, commandListeners=[], codecRegistry=ProvidersCodecRegistry{codecProviders=[ValueCodecProvider{}, BsonValueCodecProvider{}, DBRefCodecProvider{}, DBObjectCodecProvider{}, DocumentCodecProvider{}, CollectionCodecProvider{}, IterableCodecProvider{}, MapCodecProvider{}, GeoJsonCodecProvider{}, GridFSFileCodecProvider{}, Jsr310CodecProvider{}, JsonObjectCodecProvider{}, BsonCodecProvider{}, com.mongodb.client.model.mql.ExpressionCodecProvider@9a9aa68, com.mongodb.Jep395RecordCodecProvider@3a3883c4, com.mongodb.KotlinCodecProvider@1537e43, EnumCodecProvider{}]}, loggerSettings=LoggerSettings{maxDocumentLength=1000}, clusterSettings={hosts=[127.0.0.1:27017], srvHost=cluster0.en0pykp.mongodb.net, srvServiceName=mongodb, mode=MULTIPLE, requiredClusterType=REPLICA_SET, requiredReplicaSetName='atlas-zt48hn-shard-0', serverSelector='null', clusterListeners='[]', serverSelectionTimeout='30000 ms', localThreshold='15 ms'}, socketSettings=SocketSettings{connectTimeoutMS=10000, readTimeoutMS=0, receiveBufferSize=0, proxySettings=ProxySettings{host=null, port=null, username=null, password=null}}, heartbeatSocketSettings=SocketSettings{connectTimeoutMS=10000, readTimeoutMS=10000, receiveBufferSize=0, proxySettings=ProxySettings{host=null, port=null, username=null, password=null}}, connectionPoolSettings=ConnectionPoolSettings{maxSize=100, minSize=0, maxWaitTimeMS=120000, maxConnectionLifeTimeMS=0, maxConnectionIdleTimeMS=0, maintenanceInitialDelayMS=0, maintenanceFrequencyMS=60000, connectionPoolListeners=[], maxConnecting=2}, serverSettings=ServerSettings{heartbeatFrequencyMS=10000, minHeartbeatFrequencyMS=500, serverMonitoringMode=AUTO, serverListeners='[]', serverMonitorListeners='[]'}, sslSettings=SslSettings{enabled=true, invalidHostNameAllowed=false, context=null}, applicationName='null', compressorList=[], uuidRepresentation=UNSPECIFIED, serverApi=null, autoEncryptionSettings=null, dnsClient=null, inetAddressResolver=null, contextProvider=null, timeoutMS=null}
2026-03-25 14:36:15 [cluster-ClusterId{value='69c3a5879d4f99c9aff568c9', description='null'}-srv-cluster0.en0pykp.mongodb.net] INFO  org.mongodb.driver.cluster - Adding discovered server ac-aoerbz6-shard-00-01.en0pykp.mongodb.net:27017 to client view of cluster
2026-03-25 14:36:15 [cluster-ClusterId{value='69c3a5879d4f99c9aff568c9', description='null'}-srv-cluster0.en0pykp.mongodb.net] INFO  org.mongodb.driver.cluster - Adding discovered server ac-aoerbz6-shard-00-00.en0pykp.mongodb.net:27017 to client view of cluster
2026-03-25 14:36:15 [cluster-ClusterId{value='69c3a5879d4f99c9aff568c9', description='null'}-srv-cluster0.en0pykp.mongodb.net] INFO  org.mongodb.driver.cluster - Adding discovered server ac-aoerbz6-shard-00-02.en0pykp.mongodb.net:27017 to client view of cluster
2026-03-25 14:36:16 [cluster-ClusterId{value='69c3a5879d4f99c9aff568c9', description='null'}-ac-aoerbz6-shard-00-02.en0pykp.mongodb.net:27017] INFO  org.mongodb.driver.cluster - Monitor thread successfully connected to server with description ServerDescription{address=ac-aoerbz6-shard-00-02.en0pykp.mongodb.net:27017, type=REPLICA_SET_PRIMARY, cryptd=false, state=CONNECTED, ok=true, minWireVersion=0, maxWireVersion=25, maxDocumentSize=16777216, logicalSessionTimeoutMinutes=30, roundTripTimeNanos=224183000, minRoundTripTimeNanos=0, setName='atlas-zt48hn-shard-0', canonicalAddress=ac-aoerbz6-shard-00-02.en0pykp.mongodb.net:27017, hosts=[ac-aoerbz6-shard-00-01.en0pykp.mongodb.net:27017, ac-aoerbz6-shard-00-00.en0pykp.mongodb.net:27017, ac-aoerbz6-shard-00-02.en0pykp.mongodb.net:27017], passives=[], arbiters=[], primary='ac-aoerbz6-shard-00-02.en0pykp.mongodb.net:27017', tagSet=TagSet{[Tag{name='availabilityZone', value='aps1-az2'}, Tag{name='diskState', value='READY'}, Tag{name='nodeType', value='ELECTABLE'}, Tag{name='provider', value='AWS'}, Tag{name='region', value='AP_SOUTH_1'}, Tag{name='workloadType', value='OPERATIONAL'}]}, electionId=7fffffff0000000000000156, setVersion=391, topologyVersion=TopologyVersion{processId=69b859a89b4f2018f8b26ac6, counter=6}, lastWriteDate=Wed Mar 25 14:36:15 IST 2026, lastUpdateTimeNanos=164673736990100}
2026-03-25 14:36:16 [cluster-ClusterId{value='69c3a5879d4f99c9aff568c9', description='null'}-ac-aoerbz6-shard-00-01.en0pykp.mongodb.net:27017] INFO  org.mongodb.driver.cluster - Monitor thread successfully connected to server with description ServerDescription{address=ac-aoerbz6-shard-00-01.en0pykp.mongodb.net:27017, type=REPLICA_SET_SECONDARY, cryptd=false, state=CONNECTED, ok=true, minWireVersion=0, maxWireVersion=25, maxDocumentSize=16777216, logicalSessionTimeoutMinutes=30, roundTripTimeNanos=226630900, minRoundTripTimeNanos=0, setName='atlas-zt48hn-shard-0', canonicalAddress=ac-aoerbz6-shard-00-01.en0pykp.mongodb.net:27017, hosts=[ac-aoerbz6-shard-00-01.en0pykp.mongodb.net:27017, ac-aoerbz6-shard-00-00.en0pykp.mongodb.net:27017, ac-aoerbz6-shard-00-02.en0pykp.mongodb.net:27017], passives=[], arbiters=[], primary='ac-aoerbz6-shard-00-02.en0pykp.mongodb.net:27017', tagSet=TagSet{[Tag{name='availabilityZone', value='aps1-az3'}, Tag{name='diskState', value='READY'}, Tag{name='nodeType', value='ELECTABLE'}, Tag{name='provider', value='AWS'}, Tag{name='region', value='AP_SOUTH_1'}, Tag{name='workloadType', value='OPERATIONAL'}]}, electionId=null, setVersion=391, topologyVersion=TopologyVersion{processId=69b85ccb4b84e800f9f6512d, counter=3}, lastWriteDate=Wed Mar 25 14:36:15 IST 2026, lastUpdateTimeNanos=164673736990100}
2026-03-25 14:36:16 [cluster-ClusterId{value='69c3a5879d4f99c9aff568c9', description='null'}-ac-aoerbz6-shard-00-00.en0pykp.mongodb.net:27017] INFO  org.mongodb.driver.cluster - Monitor thread successfully connected to server with description ServerDescription{address=ac-aoerbz6-shard-00-00.en0pykp.mongodb.net:27017, type=REPLICA_SET_SECONDARY, cryptd=false, state=CONNECTED, ok=true, minWireVersion=0, maxWireVersion=25, maxDocumentSize=16777216, logicalSessionTimeoutMinutes=30, roundTripTimeNanos=226930400, minRoundTripTimeNanos=0, setName='atlas-zt48hn-shard-0', canonicalAddress=ac-aoerbz6-shard-00-00.en0pykp.mongodb.net:27017, hosts=[ac-aoerbz6-shard-00-01.en0pykp.mongodb.net:27017, ac-aoerbz6-shard-00-00.en0pykp.mongodb.net:27017, ac-aoerbz6-shard-00-02.en0pykp.mongodb.net:27017], passives=[], arbiters=[], primary='ac-aoerbz6-shard-00-02.en0pykp.mongodb.net:27017', tagSet=TagSet{[Tag{name='availabilityZone', value='aps1-az1'}, Tag{name='diskState', value='READY'}, Tag{name='nodeType', value='ELECTABLE'}, Tag{name='provider', value='AWS'}, Tag{name='region', value='AP_SOUTH_1'}, Tag{name='workloadType', value='OPERATIONAL'}]}, electionId=null, setVersion=391, topologyVersion=TopologyVersion{processId=69b855abb14686967b76fdd6, counter=4}, lastWriteDate=Wed Mar 25 14:36:15 IST 2026, lastUpdateTimeNanos=164673736990100}
2026-03-25 14:36:16 [cluster-ClusterId{value='69c3a5879d4f99c9aff568c9', description='null'}-ac-aoerbz6-shard-00-02.en0pykp.mongodb.net:27017] INFO  org.mongodb.driver.cluster - Discovered replica set primary ac-aoerbz6-shard-00-02.en0pykp.mongodb.net:27017 with max election id 7fffffff0000000000000156 and max set version 391
2026-03-25 14:36:16 [main] WARN  com.password4j.PropertyReader - bcrypt minor version is not defined. Default value is used (b). Please set property hash.bcrypt.minor in your psw4j.properties file.
2026-03-25 14:36:16 [main] WARN  com.password4j.PropertyReader - bcrypt rounds are not defined. Default value is used (10). Please set property hash.bcrypt.rounds in your psw4j.properties file.
2026-03-25 14:36:16 [main] INFO  org.springframework.security.config.annotation.authentication.configuration.InitializeUserDetailsBeanManagerConfigurer$InitializeUserDetailsManagerConfigurer - Global AuthenticationManager configured with UserDetailsService bean with name userDetailsImpl
2026-03-25 14:36:16 [main] INFO  org.apache.coyote.http11.Http11NioProtocol - Starting ProtocolHandler ["http-nio-8080"]
2026-03-25 14:36:17 [main] INFO  org.springframework.boot.tomcat.TomcatWebServer - Tomcat started on port 8080 (http) with context path '/'
2026-03-25 14:36:17 [main] INFO  com.example.BookingApplication.BookingApplication - Started BookingApplication in 2.805 seconds (process running for 3.252)
2026-03-25 14:36:35 [SpringApplicationShutdownHook] INFO  org.springframework.boot.tomcat.GracefulShutdown - Commencing graceful shutdown. Waiting for active requests to complete
2026-03-25 14:36:35 [tomcat-shutdown] INFO  org.springframework.boot.tomcat.GracefulShutdown - Graceful shutdown complete
2026-03-25 14:36:37 [main] INFO  com.example.BookingApplication.BookingApplication - Starting BookingApplication using Java 21.0.7 with PID 36812 (C:\Users\ADMIN\Downloads\BookingApplication\BookingApplication\target\classes started by ADMIN in C:\Users\ADMIN\Downloads\BookingApplication)
2026-03-25 14:36:37 [main] INFO  com.example.BookingApplication.BookingApplication - No active profile set, falling back to 1 default profile: "default"
2026-03-25 14:36:37 [main] INFO  org.springframework.data.repository.config.RepositoryConfigurationDelegate - Multiple Spring Data modules found, entering strict repository configuration mode
2026-03-25 14:36:37 [main] INFO  org.springframework.data.repository.config.RepositoryConfigurationDelegate - Bootstrapping Spring Data MongoDB repositories in DEFAULT mode.
2026-03-25 14:36:37 [main] INFO  org.springframework.data.repository.config.RepositoryConfigurationDelegate - Finished Spring Data repository scanning in 86 ms. Found 3 MongoDB repository interfaces.
2026-03-25 14:36:37 [main] INFO  org.springframework.data.repository.config.RepositoryConfigurationDelegate - Multiple Spring Data modules found, entering strict repository configuration mode
2026-03-25 14:36:37 [main] INFO  org.springframework.data.repository.config.RepositoryConfigurationDelegate - Bootstrapping Spring Data Redis repositories in DEFAULT mode.
2026-03-25 14:36:37 [main] INFO  org.springframework.data.repository.config.RepositoryConfigurationExtensionSupport - Spring Data Redis - Could not safely identify store assignment for repository candidate interface com.example.BookingApplication.Repositories.BookingsRepository; If you want this repository to be a Redis repository, consider annotating your entities with one of these annotations: org.springframework.data.redis.core.RedisHash (preferred), or consider extending one of the following types with your repository: org.springframework.data.keyvalue.repository.KeyValueRepository
2026-03-25 14:36:37 [main] INFO  org.springframework.data.repository.config.RepositoryConfigurationExtensionSupport - Spring Data Redis - Could not safely identify store assignment for repository candidate interface com.example.BookingApplication.Repositories.StudioRepository; If you want this repository to be a Redis repository, consider annotating your entities with one of these annotations: org.springframework.data.redis.core.RedisHash (preferred), or consider extending one of the following types with your repository: org.springframework.data.keyvalue.repository.KeyValueRepository
2026-03-25 14:36:37 [main] INFO  org.springframework.data.repository.config.RepositoryConfigurationExtensionSupport - Spring Data Redis - Could not safely identify store assignment for repository candidate interface com.example.BookingApplication.Repositories.UserRepository; If you want this repository to be a Redis repository, consider annotating your entities with one of these annotations: org.springframework.data.redis.core.RedisHash (preferred), or consider extending one of the following types with your repository: org.springframework.data.keyvalue.repository.KeyValueRepository
2026-03-25 14:36:37 [main] INFO  org.springframework.data.repository.config.RepositoryConfigurationDelegate - Finished Spring Data repository scanning in 7 ms. Found 0 Redis repository interfaces.
2026-03-25 14:36:38 [main] INFO  org.springframework.boot.tomcat.TomcatWebServer - Tomcat initialized with port 8080 (http)
2026-03-25 14:36:38 [main] INFO  org.apache.coyote.http11.Http11NioProtocol - Initializing ProtocolHandler ["http-nio-8080"]
2026-03-25 14:36:38 [main] INFO  org.apache.catalina.core.StandardService - Starting service [Tomcat]
2026-03-25 14:36:38 [main] INFO  org.apache.catalina.core.StandardEngine - Starting Servlet engine: [Apache Tomcat/11.0.18]
2026-03-25 14:36:38 [main] INFO  org.springframework.boot.web.context.servlet.WebApplicationContextInitializer - Root WebApplicationContext: initialization completed in 964 ms
2026-03-25 14:36:38 [main] INFO  org.mongodb.driver.client - MongoClient with metadata {"driver": {"name": "mongo-java-driver|spring-boot|sync", "version": "5.6.4"}, "os": {"type": "Windows", "name": "Windows 11", "architecture": "amd64", "version": "10.0"}, "platform": "Java/Oracle Corporation/21.0.7+8-LTS-245"} created with settings MongoClientSettings{readPreference=primary, writeConcern=WriteConcern{w=majority, wTimeout=null ms, journal=null}, retryWrites=true, retryReads=true, readConcern=ReadConcern{level=null}, credential=MongoCredential{mechanism=null, userName='root', source='admin', password=<hidden>, mechanismProperties=<hidden>}, transportSettings=null, commandListeners=[], codecRegistry=ProvidersCodecRegistry{codecProviders=[ValueCodecProvider{}, BsonValueCodecProvider{}, DBRefCodecProvider{}, DBObjectCodecProvider{}, DocumentCodecProvider{}, CollectionCodecProvider{}, IterableCodecProvider{}, MapCodecProvider{}, GeoJsonCodecProvider{}, GridFSFileCodecProvider{}, Jsr310CodecProvider{}, JsonObjectCodecProvider{}, BsonCodecProvider{}, com.mongodb.client.model.mql.ExpressionCodecProvider@559d19c, com.mongodb.Jep395RecordCodecProvider@719c1faf, com.mongodb.KotlinCodecProvider@6ba6557e, EnumCodecProvider{}]}, loggerSettings=LoggerSettings{maxDocumentLength=1000}, clusterSettings={hosts=[127.0.0.1:27017], srvHost=cluster0.en0pykp.mongodb.net, srvServiceName=mongodb, mode=MULTIPLE, requiredClusterType=REPLICA_SET, requiredReplicaSetName='atlas-zt48hn-shard-0', serverSelector='null', clusterListeners='[]', serverSelectionTimeout='30000 ms', localThreshold='15 ms'}, socketSettings=SocketSettings{connectTimeoutMS=10000, readTimeoutMS=0, receiveBufferSize=0, proxySettings=ProxySettings{host=null, port=null, username=null, password=null}}, heartbeatSocketSettings=SocketSettings{connectTimeoutMS=10000, readTimeoutMS=10000, receiveBufferSize=0, proxySettings=ProxySettings{host=null, port=null, username=null, password=null}}, connectionPoolSettings=ConnectionPoolSettings{maxSize=100, minSize=0, maxWaitTimeMS=120000, maxConnectionLifeTimeMS=0, maxConnectionIdleTimeMS=0, maintenanceInitialDelayMS=0, maintenanceFrequencyMS=60000, connectionPoolListeners=[], maxConnecting=2}, serverSettings=ServerSettings{heartbeatFrequencyMS=10000, minHeartbeatFrequencyMS=500, serverMonitoringMode=AUTO, serverListeners='[]', serverMonitorListeners='[]'}, sslSettings=SslSettings{enabled=true, invalidHostNameAllowed=false, context=null}, applicationName='null', compressorList=[], uuidRepresentation=UNSPECIFIED, serverApi=null, autoEncryptionSettings=null, dnsClient=null, inetAddressResolver=null, contextProvider=null, timeoutMS=null}
2026-03-25 14:36:38 [cluster-ClusterId{value='69c3a59e4c342a16391e57de', description='null'}-srv-cluster0.en0pykp.mongodb.net] INFO  org.mongodb.driver.cluster - Adding discovered server ac-aoerbz6-shard-00-01.en0pykp.mongodb.net:27017 to client view of cluster
2026-03-25 14:36:38 [cluster-ClusterId{value='69c3a59e4c342a16391e57de', description='null'}-srv-cluster0.en0pykp.mongodb.net] INFO  org.mongodb.driver.cluster - Adding discovered server ac-aoerbz6-shard-00-00.en0pykp.mongodb.net:27017 to client view of cluster
2026-03-25 14:36:38 [cluster-ClusterId{value='69c3a59e4c342a16391e57de', description='null'}-srv-cluster0.en0pykp.mongodb.net] INFO  org.mongodb.driver.cluster - Adding discovered server ac-aoerbz6-shard-00-02.en0pykp.mongodb.net:27017 to client view of cluster
2026-03-25 14:36:38 [cluster-ClusterId{value='69c3a59e4c342a16391e57de', description='null'}-ac-aoerbz6-shard-00-02.en0pykp.mongodb.net:27017] INFO  org.mongodb.driver.cluster - Monitor thread successfully connected to server with description ServerDescription{address=ac-aoerbz6-shard-00-02.en0pykp.mongodb.net:27017, type=REPLICA_SET_PRIMARY, cryptd=false, state=CONNECTED, ok=true, minWireVersion=0, maxWireVersion=25, maxDocumentSize=16777216, logicalSessionTimeoutMinutes=30, roundTripTimeNanos=225597500, minRoundTripTimeNanos=0, setName='atlas-zt48hn-shard-0', canonicalAddress=ac-aoerbz6-shard-00-02.en0pykp.mongodb.net:27017, hosts=[ac-aoerbz6-shard-00-01.en0pykp.mongodb.net:27017, ac-aoerbz6-shard-00-00.en0pykp.mongodb.net:27017, ac-aoerbz6-shard-00-02.en0pykp.mongodb.net:27017], passives=[], arbiters=[], primary='ac-aoerbz6-shard-00-02.en0pykp.mongodb.net:27017', tagSet=TagSet{[Tag{name='availabilityZone', value='aps1-az2'}, Tag{name='diskState', value='READY'}, Tag{name='nodeType', value='ELECTABLE'}, Tag{name='provider', value='AWS'}, Tag{name='region', value='AP_SOUTH_1'}, Tag{name='workloadType', value='OPERATIONAL'}]}, electionId=7fffffff0000000000000156, setVersion=391, topologyVersion=TopologyVersion{processId=69b859a89b4f2018f8b26ac6, counter=6}, lastWriteDate=Wed Mar 25 14:36:38 IST 2026, lastUpdateTimeNanos=164696508649400}
2026-03-25 14:36:38 [cluster-ClusterId{value='69c3a59e4c342a16391e57de', description='null'}-ac-aoerbz6-shard-00-01.en0pykp.mongodb.net:27017] INFO  org.mongodb.driver.cluster - Monitor thread successfully connected to server with description ServerDescription{address=ac-aoerbz6-shard-00-01.en0pykp.mongodb.net:27017, type=REPLICA_SET_SECONDARY, cryptd=false, state=CONNECTED, ok=true, minWireVersion=0, maxWireVersion=25, maxDocumentSize=16777216, logicalSessionTimeoutMinutes=30, roundTripTimeNanos=224030300, minRoundTripTimeNanos=0, setName='atlas-zt48hn-shard-0', canonicalAddress=ac-aoerbz6-shard-00-01.en0pykp.mongodb.net:27017, hosts=[ac-aoerbz6-shard-00-01.en0pykp.mongodb.net:27017, ac-aoerbz6-shard-00-00.en0pykp.mongodb.net:27017, ac-aoerbz6-shard-00-02.en0pykp.mongodb.net:27017], passives=[], arbiters=[], primary='ac-aoerbz6-shard-00-02.en0pykp.mongodb.net:27017', tagSet=TagSet{[Tag{name='availabilityZone', value='aps1-az3'}, Tag{name='diskState', value='READY'}, Tag{name='nodeType', value='ELECTABLE'}, Tag{name='provider', value='AWS'}, Tag{name='region', value='AP_SOUTH_1'}, Tag{name='workloadType', value='OPERATIONAL'}]}, electionId=null, setVersion=391, topologyVersion=TopologyVersion{processId=69b85ccb4b84e800f9f6512d, counter=3}, lastWriteDate=Wed Mar 25 14:36:38 IST 2026, lastUpdateTimeNanos=164696508649500}
2026-03-25 14:36:38 [cluster-ClusterId{value='69c3a59e4c342a16391e57de', description='null'}-ac-aoerbz6-shard-00-00.en0pykp.mongodb.net:27017] INFO  org.mongodb.driver.cluster - Monitor thread successfully connected to server with description ServerDescription{address=ac-aoerbz6-shard-00-00.en0pykp.mongodb.net:27017, type=REPLICA_SET_SECONDARY, cryptd=false, state=CONNECTED, ok=true, minWireVersion=0, maxWireVersion=25, maxDocumentSize=16777216, logicalSessionTimeoutMinutes=30, roundTripTimeNanos=226191100, minRoundTripTimeNanos=0, setName='atlas-zt48hn-shard-0', canonicalAddress=ac-aoerbz6-shard-00-00.en0pykp.mongodb.net:27017, hosts=[ac-aoerbz6-shard-00-01.en0pykp.mongodb.net:27017, ac-aoerbz6-shard-00-00.en0pykp.mongodb.net:27017, ac-aoerbz6-shard-00-02.en0pykp.mongodb.net:27017], passives=[], arbiters=[], primary='ac-aoerbz6-shard-00-02.en0pykp.mongodb.net:27017', tagSet=TagSet{[Tag{name='availabilityZone', value='aps1-az1'}, Tag{name='diskState', value='READY'}, Tag{name='nodeType', value='ELECTABLE'}, Tag{name='provider', value='AWS'}, Tag{name='region', value='AP_SOUTH_1'}, Tag{name='workloadType', value='OPERATIONAL'}]}, electionId=null, setVersion=391, topologyVersion=TopologyVersion{processId=69b855abb14686967b76fdd6, counter=4}, lastWriteDate=Wed Mar 25 14:36:38 IST 2026, lastUpdateTimeNanos=164696508649400}
2026-03-25 14:36:38 [cluster-ClusterId{value='69c3a59e4c342a16391e57de', description='null'}-ac-aoerbz6-shard-00-02.en0pykp.mongodb.net:27017] INFO  org.mongodb.driver.cluster - Discovered replica set primary ac-aoerbz6-shard-00-02.en0pykp.mongodb.net:27017 with max election id 7fffffff0000000000000156 and max set version 391
2026-03-25 14:36:39 [main] WARN  com.password4j.PropertyReader - bcrypt minor version is not defined. Default value is used (b). Please set property hash.bcrypt.minor in your psw4j.properties file.
2026-03-25 14:36:39 [main] WARN  com.password4j.PropertyReader - bcrypt rounds are not defined. Default value is used (10). Please set property hash.bcrypt.rounds in your psw4j.properties file.
2026-03-25 14:36:39 [main] INFO  org.springframework.security.config.annotation.authentication.configuration.InitializeUserDetailsBeanManagerConfigurer$InitializeUserDetailsManagerConfigurer - Global AuthenticationManager configured with UserDetailsService bean with name userDetailsImpl
2026-03-25 14:36:39 [main] INFO  org.apache.coyote.http11.Http11NioProtocol - Starting ProtocolHandler ["http-nio-8080"]
2026-03-25 14:36:39 [main] INFO  org.springframework.boot.tomcat.TomcatWebServer - Tomcat started on port 8080 (http) with context path '/'
2026-03-25 14:36:39 [main] INFO  com.example.BookingApplication.BookingApplication - Started BookingApplication in 2.528 seconds (process running for 3.28)
2026-03-25 14:36:43 [http-nio-8080-exec-2] INFO  org.apache.catalina.core.ContainerBase.[Tomcat].[localhost].[/] - Initializing Spring DispatcherServlet 'dispatcherServlet'
2026-03-25 14:36:43 [http-nio-8080-exec-2] INFO  org.springframework.web.servlet.DispatcherServlet - Initializing Servlet 'dispatcherServlet'
2026-03-25 14:36:43 [http-nio-8080-exec-2] INFO  org.springframework.web.servlet.DispatcherServlet - Completed initialization in 1 ms
2026-03-25 14:36:43 [http-nio-8080-exec-2] WARN  org.springframework.web.servlet.handler.HandlerMappingIntrospector - Cache miss for REQUEST dispatch to '/Booking/new' (previous null). Performing CorsConfiguration lookup. This is logged once only at WARN level, and every time at TRACE.
2026-03-25 14:38:20 [SpringApplicationShutdownHook] INFO  org.springframework.boot.tomcat.GracefulShutdown - Commencing graceful shutdown. Waiting for active requests to complete
2026-03-25 14:38:20 [tomcat-shutdown] INFO  org.springframework.boot.tomcat.GracefulShutdown - Graceful shutdown complete
2026-03-25 14:38:27 [main] INFO  com.example.BookingApplication.BookingApplication - Starting BookingApplication using Java 21.0.7 with PID 22128 (C:\Users\ADMIN\Downloads\BookingApplication\BookingApplication\target\classes started by ADMIN in C:\Users\ADMIN\Downloads\BookingApplication)
2026-03-25 14:38:27 [main] INFO  com.example.BookingApplication.BookingApplication - No active profile set, falling back to 1 default profile: "default"
2026-03-25 14:38:28 [main] INFO  org.springframework.data.repository.config.RepositoryConfigurationDelegate - Multiple Spring Data modules found, entering strict repository configuration mode
2026-03-25 14:38:28 [main] INFO  org.springframework.data.repository.config.RepositoryConfigurationDelegate - Bootstrapping Spring Data MongoDB repositories in DEFAULT mode.
2026-03-25 14:38:28 [main] INFO  org.springframework.data.repository.config.RepositoryConfigurationDelegate - Finished Spring Data repository scanning in 87 ms. Found 3 MongoDB repository interfaces.
2026-03-25 14:38:28 [main] INFO  org.springframework.data.repository.config.RepositoryConfigurationDelegate - Multiple Spring Data modules found, entering strict repository configuration mode
2026-03-25 14:38:28 [main] INFO  org.springframework.data.repository.config.RepositoryConfigurationDelegate - Bootstrapping Spring Data Redis repositories in DEFAULT mode.
2026-03-25 14:38:28 [main] INFO  org.springframework.data.repository.config.RepositoryConfigurationExtensionSupport - Spring Data Redis - Could not safely identify store assignment for repository candidate interface com.example.BookingApplication.Repositories.BookingsRepository; If you want this repository to be a Redis repository, consider annotating your entities with one of these annotations: org.springframework.data.redis.core.RedisHash (preferred), or consider extending one of the following types with your repository: org.springframework.data.keyvalue.repository.KeyValueRepository
2026-03-25 14:38:28 [main] INFO  org.springframework.data.repository.config.RepositoryConfigurationExtensionSupport - Spring Data Redis - Could not safely identify store assignment for repository candidate interface com.example.BookingApplication.Repositories.StudioRepository; If you want this repository to be a Redis repository, consider annotating your entities with one of these annotations: org.springframework.data.redis.core.RedisHash (preferred), or consider extending one of the following types with your repository: org.springframework.data.keyvalue.repository.KeyValueRepository
2026-03-25 14:38:28 [main] INFO  org.springframework.data.repository.config.RepositoryConfigurationExtensionSupport - Spring Data Redis - Could not safely identify store assignment for repository candidate interface com.example.BookingApplication.Repositories.UserRepository; If you want this repository to be a Redis repository, consider annotating your entities with one of these annotations: org.springframework.data.redis.core.RedisHash (preferred), or consider extending one of the following types with your repository: org.springframework.data.keyvalue.repository.KeyValueRepository
2026-03-25 14:38:28 [main] INFO  org.springframework.data.repository.config.RepositoryConfigurationDelegate - Finished Spring Data repository scanning in 7 ms. Found 0 Redis repository interfaces.
2026-03-25 14:38:28 [main] INFO  org.springframework.boot.tomcat.TomcatWebServer - Tomcat initialized with port 8080 (http)
2026-03-25 14:38:28 [main] INFO  org.apache.coyote.http11.Http11NioProtocol - Initializing ProtocolHandler ["http-nio-8080"]
2026-03-25 14:38:28 [main] INFO  org.apache.catalina.core.StandardService - Starting service [Tomcat]
2026-03-25 14:38:28 [main] INFO  org.apache.catalina.core.StandardEngine - Starting Servlet engine: [Apache Tomcat/11.0.18]
2026-03-25 14:38:28 [main] INFO  org.springframework.boot.web.context.servlet.WebApplicationContextInitializer - Root WebApplicationContext: initialization completed in 1185 ms
2026-03-25 14:38:28 [main] INFO  org.mongodb.driver.client - MongoClient with metadata {"driver": {"name": "mongo-java-driver|spring-boot|sync", "version": "5.6.4"}, "os": {"type": "Windows", "name": "Windows 11", "architecture": "amd64", "version": "10.0"}, "platform": "Java/Oracle Corporation/21.0.7+8-LTS-245"} created with settings MongoClientSettings{readPreference=primary, writeConcern=WriteConcern{w=majority, wTimeout=null ms, journal=null}, retryWrites=true, retryReads=true, readConcern=ReadConcern{level=null}, credential=MongoCredential{mechanism=null, userName='root', source='admin', password=<hidden>, mechanismProperties=<hidden>}, transportSettings=null, commandListeners=[], codecRegistry=ProvidersCodecRegistry{codecProviders=[ValueCodecProvider{}, BsonValueCodecProvider{}, DBRefCodecProvider{}, DBObjectCodecProvider{}, DocumentCodecProvider{}, CollectionCodecProvider{}, IterableCodecProvider{}, MapCodecProvider{}, GeoJsonCodecProvider{}, GridFSFileCodecProvider{}, Jsr310CodecProvider{}, JsonObjectCodecProvider{}, BsonCodecProvider{}, com.mongodb.client.model.mql.ExpressionCodecProvider@6744707b, com.mongodb.Jep395RecordCodecProvider@4b28a7bf, com.mongodb.KotlinCodecProvider@d36c1c3, EnumCodecProvider{}]}, loggerSettings=LoggerSettings{maxDocumentLength=1000}, clusterSettings={hosts=[127.0.0.1:27017], srvHost=cluster0.en0pykp.mongodb.net, srvServiceName=mongodb, mode=MULTIPLE, requiredClusterType=REPLICA_SET, requiredReplicaSetName='atlas-zt48hn-shard-0', serverSelector='null', clusterListeners='[]', serverSelectionTimeout='30000 ms', localThreshold='15 ms'}, socketSettings=SocketSettings{connectTimeoutMS=10000, readTimeoutMS=0, receiveBufferSize=0, proxySettings=ProxySettings{host=null, port=null, username=null, password=null}}, heartbeatSocketSettings=SocketSettings{connectTimeoutMS=10000, readTimeoutMS=10000, receiveBufferSize=0, proxySettings=ProxySettings{host=null, port=null, username=null, password=null}}, connectionPoolSettings=ConnectionPoolSettings{maxSize=100, minSize=0, maxWaitTimeMS=120000, maxConnectionLifeTimeMS=0, maxConnectionIdleTimeMS=0, maintenanceInitialDelayMS=0, maintenanceFrequencyMS=60000, connectionPoolListeners=[], maxConnecting=2}, serverSettings=ServerSettings{heartbeatFrequencyMS=10000, minHeartbeatFrequencyMS=500, serverMonitoringMode=AUTO, serverListeners='[]', serverMonitorListeners='[]'}, sslSettings=SslSettings{enabled=true, invalidHostNameAllowed=false, context=null}, applicationName='null', compressorList=[], uuidRepresentation=UNSPECIFIED, serverApi=null, autoEncryptionSettings=null, dnsClient=null, inetAddressResolver=null, contextProvider=null, timeoutMS=null}
2026-03-25 14:38:28 [cluster-ClusterId{value='69c3a60c79224e2db023d176', description='null'}-srv-cluster0.en0pykp.mongodb.net] INFO  org.mongodb.driver.cluster - Adding discovered server ac-aoerbz6-shard-00-01.en0pykp.mongodb.net:27017 to client view of cluster
2026-03-25 14:38:29 [cluster-ClusterId{value='69c3a60c79224e2db023d176', description='null'}-srv-cluster0.en0pykp.mongodb.net] INFO  org.mongodb.driver.cluster - Adding discovered server ac-aoerbz6-shard-00-00.en0pykp.mongodb.net:27017 to client view of cluster
2026-03-25 14:38:29 [cluster-ClusterId{value='69c3a60c79224e2db023d176', description='null'}-srv-cluster0.en0pykp.mongodb.net] INFO  org.mongodb.driver.cluster - Adding discovered server ac-aoerbz6-shard-00-02.en0pykp.mongodb.net:27017 to client view of cluster
2026-03-25 14:38:29 [cluster-ClusterId{value='69c3a60c79224e2db023d176', description='null'}-ac-aoerbz6-shard-00-00.en0pykp.mongodb.net:27017] INFO  org.mongodb.driver.cluster - Monitor thread successfully connected to server with description ServerDescription{address=ac-aoerbz6-shard-00-00.en0pykp.mongodb.net:27017, type=REPLICA_SET_SECONDARY, cryptd=false, state=CONNECTED, ok=true, minWireVersion=0, maxWireVersion=25, maxDocumentSize=16777216, logicalSessionTimeoutMinutes=30, roundTripTimeNanos=268163000, minRoundTripTimeNanos=0, setName='atlas-zt48hn-shard-0', canonicalAddress=ac-aoerbz6-shard-00-00.en0pykp.mongodb.net:27017, hosts=[ac-aoerbz6-shard-00-01.en0pykp.mongodb.net:27017, ac-aoerbz6-shard-00-00.en0pykp.mongodb.net:27017, ac-aoerbz6-shard-00-02.en0pykp.mongodb.net:27017], passives=[], arbiters=[], primary='ac-aoerbz6-shard-00-02.en0pykp.mongodb.net:27017', tagSet=TagSet{[Tag{name='availabilityZone', value='aps1-az1'}, Tag{name='diskState', value='READY'}, Tag{name='nodeType', value='ELECTABLE'}, Tag{name='provider', value='AWS'}, Tag{name='region', value='AP_SOUTH_1'}, Tag{name='workloadType', value='OPERATIONAL'}]}, electionId=null, setVersion=391, topologyVersion=TopologyVersion{processId=69b855abb14686967b76fdd6, counter=4}, lastWriteDate=Wed Mar 25 14:38:29 IST 2026, lastUpdateTimeNanos=164807069374500}
2026-03-25 14:38:29 [cluster-ClusterId{value='69c3a60c79224e2db023d176', description='null'}-ac-aoerbz6-shard-00-02.en0pykp.mongodb.net:27017] INFO  org.mongodb.driver.cluster - Monitor thread successfully connected to server with description ServerDescription{address=ac-aoerbz6-shard-00-02.en0pykp.mongodb.net:27017, type=REPLICA_SET_PRIMARY, cryptd=false, state=CONNECTED, ok=true, minWireVersion=0, maxWireVersion=25, maxDocumentSize=16777216, logicalSessionTimeoutMinutes=30, roundTripTimeNanos=268162900, minRoundTripTimeNanos=0, setName='atlas-zt48hn-shard-0', canonicalAddress=ac-aoerbz6-shard-00-02.en0pykp.mongodb.net:27017, hosts=[ac-aoerbz6-shard-00-01.en0pykp.mongodb.net:27017, ac-aoerbz6-shard-00-00.en0pykp.mongodb.net:27017, ac-aoerbz6-shard-00-02.en0pykp.mongodb.net:27017], passives=[], arbiters=[], primary='ac-aoerbz6-shard-00-02.en0pykp.mongodb.net:27017', tagSet=TagSet{[Tag{name='availabilityZone', value='aps1-az2'}, Tag{name='diskState', value='READY'}, Tag{name='nodeType', value='ELECTABLE'}, Tag{name='provider', value='AWS'}, Tag{name='region', value='AP_SOUTH_1'}, Tag{name='workloadType', value='OPERATIONAL'}]}, electionId=7fffffff0000000000000156, setVersion=391, topologyVersion=TopologyVersion{processId=69b859a89b4f2018f8b26ac6, counter=6}, lastWriteDate=Wed Mar 25 14:38:29 IST 2026, lastUpdateTimeNanos=164807069374400}
2026-03-25 14:38:29 [cluster-ClusterId{value='69c3a60c79224e2db023d176', description='null'}-ac-aoerbz6-shard-00-01.en0pykp.mongodb.net:27017] INFO  org.mongodb.driver.cluster - Monitor thread successfully connected to server with description ServerDescription{address=ac-aoerbz6-shard-00-01.en0pykp.mongodb.net:27017, type=REPLICA_SET_SECONDARY, cryptd=false, state=CONNECTED, ok=true, minWireVersion=0, maxWireVersion=25, maxDocumentSize=16777216, logicalSessionTimeoutMinutes=30, roundTripTimeNanos=268652100, minRoundTripTimeNanos=0, setName='atlas-zt48hn-shard-0', canonicalAddress=ac-aoerbz6-shard-00-01.en0pykp.mongodb.net:27017, hosts=[ac-aoerbz6-shard-00-01.en0pykp.mongodb.net:27017, ac-aoerbz6-shard-00-00.en0pykp.mongodb.net:27017, ac-aoerbz6-shard-00-02.en0pykp.mongodb.net:27017], passives=[], arbiters=[], primary='ac-aoerbz6-shard-00-02.en0pykp.mongodb.net:27017', tagSet=TagSet{[Tag{name='availabilityZone', value='aps1-az3'}, Tag{name='diskState', value='READY'}, Tag{name='nodeType', value='ELECTABLE'}, Tag{name='provider', value='AWS'}, Tag{name='region', value='AP_SOUTH_1'}, Tag{name='workloadType', value='OPERATIONAL'}]}, electionId=null, setVersion=391, topologyVersion=TopologyVersion{processId=69b85ccb4b84e800f9f6512d, counter=3}, lastWriteDate=Wed Mar 25 14:38:29 IST 2026, lastUpdateTimeNanos=164807069374500}
2026-03-25 14:38:29 [cluster-ClusterId{value='69c3a60c79224e2db023d176', description='null'}-ac-aoerbz6-shard-00-02.en0pykp.mongodb.net:27017] INFO  org.mongodb.driver.cluster - Discovered replica set primary ac-aoerbz6-shard-00-02.en0pykp.mongodb.net:27017 with max election id 7fffffff0000000000000156 and max set version 391
2026-03-25 14:38:29 [main] WARN  com.password4j.PropertyReader - bcrypt minor version is not defined. Default value is used (b). Please set property hash.bcrypt.minor in your psw4j.properties file.
2026-03-25 14:38:29 [main] WARN  com.password4j.PropertyReader - bcrypt rounds are not defined. Default value is used (10). Please set property hash.bcrypt.rounds in your psw4j.properties file.
2026-03-25 14:38:29 [main] INFO  org.springframework.security.config.annotation.authentication.configuration.InitializeUserDetailsBeanManagerConfigurer$InitializeUserDetailsManagerConfigurer - Global AuthenticationManager configured with UserDetailsService bean with name userDetailsImpl
2026-03-25 14:38:30 [main] INFO  org.apache.coyote.http11.Http11NioProtocol - Starting ProtocolHandler ["http-nio-8080"]
2026-03-25 14:38:30 [main] INFO  org.springframework.boot.tomcat.TomcatWebServer - Tomcat started on port 8080 (http) with context path '/'
2026-03-25 14:38:30 [main] INFO  com.example.BookingApplication.BookingApplication - Started BookingApplication in 3.137 seconds (process running for 3.636)
2026-03-25 14:38:31 [http-nio-8080-exec-2] INFO  org.apache.catalina.core.ContainerBase.[Tomcat].[localhost].[/] - Initializing Spring DispatcherServlet 'dispatcherServlet'
2026-03-25 14:38:31 [http-nio-8080-exec-2] INFO  org.springframework.web.servlet.DispatcherServlet - Initializing Servlet 'dispatcherServlet'
2026-03-25 14:38:31 [http-nio-8080-exec-2] INFO  org.springframework.web.servlet.DispatcherServlet - Completed initialization in 1 ms
2026-03-25 14:38:31 [http-nio-8080-exec-1] WARN  org.springframework.web.servlet.handler.HandlerMappingIntrospector - Cache miss for REQUEST dispatch to '/getstarted/List' (previous null). Performing CorsConfiguration lookup. This is logged once only at WARN level, and every time at TRACE.
2026-03-25 14:39:29 [SpringApplicationShutdownHook] INFO  org.springframework.boot.tomcat.GracefulShutdown - Commencing graceful shutdown. Waiting for active requests to complete
2026-03-25 14:39:29 [tomcat-shutdown] INFO  org.springframework.boot.tomcat.GracefulShutdown - Graceful shutdown complete
2026-03-25 14:39:31 [main] INFO  com.example.BookingApplication.BookingApplication - Starting BookingApplication using Java 21.0.7 with PID 35296 (C:\Users\ADMIN\Downloads\BookingApplication\BookingApplication\target\classes started by ADMIN in C:\Users\ADMIN\Downloads\BookingApplication)
2026-03-25 14:39:31 [main] INFO  com.example.BookingApplication.BookingApplication - No active profile set, falling back to 1 default profile: "default"
2026-03-25 14:39:31 [main] INFO  org.springframework.data.repository.config.RepositoryConfigurationDelegate - Multiple Spring Data modules found, entering strict repository configuration mode
2026-03-25 14:39:31 [main] INFO  org.springframework.data.repository.config.RepositoryConfigurationDelegate - Bootstrapping Spring Data MongoDB repositories in DEFAULT mode.
2026-03-25 14:39:32 [main] INFO  org.springframework.data.repository.config.RepositoryConfigurationDelegate - Finished Spring Data repository scanning in 102 ms. Found 3 MongoDB repository interfaces.
2026-03-25 14:39:32 [main] INFO  org.springframework.data.repository.config.RepositoryConfigurationDelegate - Multiple Spring Data modules found, entering strict repository configuration mode
2026-03-25 14:39:32 [main] INFO  org.springframework.data.repository.config.RepositoryConfigurationDelegate - Bootstrapping Spring Data Redis repositories in DEFAULT mode.
2026-03-25 14:39:32 [main] INFO  org.springframework.data.repository.config.RepositoryConfigurationExtensionSupport - Spring Data Redis - Could not safely identify store assignment for repository candidate interface com.example.BookingApplication.Repositories.BookingsRepository; If you want this repository to be a Redis repository, consider annotating your entities with one of these annotations: org.springframework.data.redis.core.RedisHash (preferred), or consider extending one of the following types with your repository: org.springframework.data.keyvalue.repository.KeyValueRepository
2026-03-25 14:39:32 [main] INFO  org.springframework.data.repository.config.RepositoryConfigurationExtensionSupport - Spring Data Redis - Could not safely identify store assignment for repository candidate interface com.example.BookingApplication.Repositories.StudioRepository; If you want this repository to be a Redis repository, consider annotating your entities with one of these annotations: org.springframework.data.redis.core.RedisHash (preferred), or consider extending one of the following types with your repository: org.springframework.data.keyvalue.repository.KeyValueRepository
2026-03-25 14:39:32 [main] INFO  org.springframework.data.repository.config.RepositoryConfigurationExtensionSupport - Spring Data Redis - Could not safely identify store assignment for repository candidate interface com.example.BookingApplication.Repositories.UserRepository; If you want this repository to be a Redis repository, consider annotating your entities with one of these annotations: org.springframework.data.redis.core.RedisHash (preferred), or consider extending one of the following types with your repository: org.springframework.data.keyvalue.repository.KeyValueRepository
2026-03-25 14:39:32 [main] INFO  org.springframework.data.repository.config.RepositoryConfigurationDelegate - Finished Spring Data repository scanning in 6 ms. Found 0 Redis repository interfaces.
2026-03-25 14:39:32 [main] INFO  org.springframework.boot.tomcat.TomcatWebServer - Tomcat initialized with port 8080 (http)
2026-03-25 14:39:32 [main] INFO  org.apache.coyote.http11.Http11NioProtocol - Initializing ProtocolHandler ["http-nio-8080"]
2026-03-25 14:39:32 [main] INFO  org.apache.catalina.core.StandardService - Starting service [Tomcat]
2026-03-25 14:39:32 [main] INFO  org.apache.catalina.core.StandardEngine - Starting Servlet engine: [Apache Tomcat/11.0.18]
2026-03-25 14:39:32 [main] INFO  org.springframework.boot.web.context.servlet.WebApplicationContextInitializer - Root WebApplicationContext: initialization completed in 949 ms
2026-03-25 14:39:32 [main] INFO  org.mongodb.driver.client - MongoClient with metadata {"driver": {"name": "mongo-java-driver|spring-boot|sync", "version": "5.6.4"}, "os": {"type": "Windows", "name": "Windows 11", "architecture": "amd64", "version": "10.0"}, "platform": "Java/Oracle Corporation/21.0.7+8-LTS-245"} created with settings MongoClientSettings{readPreference=primary, writeConcern=WriteConcern{w=majority, wTimeout=null ms, journal=null}, retryWrites=true, retryReads=true, readConcern=ReadConcern{level=null}, credential=MongoCredential{mechanism=null, userName='root', source='admin', password=<hidden>, mechanismProperties=<hidden>}, transportSettings=null, commandListeners=[], codecRegistry=ProvidersCodecRegistry{codecProviders=[ValueCodecProvider{}, BsonValueCodecProvider{}, DBRefCodecProvider{}, DBObjectCodecProvider{}, DocumentCodecProvider{}, CollectionCodecProvider{}, IterableCodecProvider{}, MapCodecProvider{}, GeoJsonCodecProvider{}, GridFSFileCodecProvider{}, Jsr310CodecProvider{}, JsonObjectCodecProvider{}, BsonCodecProvider{}, com.mongodb.client.model.mql.ExpressionCodecProvider@5409dfdd, com.mongodb.Jep395RecordCodecProvider@45f9d394, com.mongodb.KotlinCodecProvider@1c2d63f0, EnumCodecProvider{}]}, loggerSettings=LoggerSettings{maxDocumentLength=1000}, clusterSettings={hosts=[127.0.0.1:27017], srvHost=cluster0.en0pykp.mongodb.net, srvServiceName=mongodb, mode=MULTIPLE, requiredClusterType=REPLICA_SET, requiredReplicaSetName='atlas-zt48hn-shard-0', serverSelector='null', clusterListeners='[]', serverSelectionTimeout='30000 ms', localThreshold='15 ms'}, socketSettings=SocketSettings{connectTimeoutMS=10000, readTimeoutMS=0, receiveBufferSize=0, proxySettings=ProxySettings{host=null, port=null, username=null, password=null}}, heartbeatSocketSettings=SocketSettings{connectTimeoutMS=10000, readTimeoutMS=10000, receiveBufferSize=0, proxySettings=ProxySettings{host=null, port=null, username=null, password=null}}, connectionPoolSettings=ConnectionPoolSettings{maxSize=100, minSize=0, maxWaitTimeMS=120000, maxConnectionLifeTimeMS=0, maxConnectionIdleTimeMS=0, maintenanceInitialDelayMS=0, maintenanceFrequencyMS=60000, connectionPoolListeners=[], maxConnecting=2}, serverSettings=ServerSettings{heartbeatFrequencyMS=10000, minHeartbeatFrequencyMS=500, serverMonitoringMode=AUTO, serverListeners='[]', serverMonitorListeners='[]'}, sslSettings=SslSettings{enabled=true, invalidHostNameAllowed=false, context=null}, applicationName='null', compressorList=[], uuidRepresentation=UNSPECIFIED, serverApi=null, autoEncryptionSettings=null, dnsClient=null, inetAddressResolver=null, contextProvider=null, timeoutMS=null}
2026-03-25 14:39:32 [cluster-ClusterId{value='69c3a64cb30300f0953323aa', description='null'}-srv-cluster0.en0pykp.mongodb.net] INFO  org.mongodb.driver.cluster - Adding discovered server ac-aoerbz6-shard-00-01.en0pykp.mongodb.net:27017 to client view of cluster
2026-03-25 14:39:32 [cluster-ClusterId{value='69c3a64cb30300f0953323aa', description='null'}-srv-cluster0.en0pykp.mongodb.net] INFO  org.mongodb.driver.cluster - Adding discovered server ac-aoerbz6-shard-00-00.en0pykp.mongodb.net:27017 to client view of cluster
2026-03-25 14:39:32 [cluster-ClusterId{value='69c3a64cb30300f0953323aa', description='null'}-srv-cluster0.en0pykp.mongodb.net] INFO  org.mongodb.driver.cluster - Adding discovered server ac-aoerbz6-shard-00-02.en0pykp.mongodb.net:27017 to client view of cluster
2026-03-25 14:39:33 [cluster-ClusterId{value='69c3a64cb30300f0953323aa', description='null'}-ac-aoerbz6-shard-00-02.en0pykp.mongodb.net:27017] INFO  org.mongodb.driver.cluster - Monitor thread successfully connected to server with description ServerDescription{address=ac-aoerbz6-shard-00-02.en0pykp.mongodb.net:27017, type=REPLICA_SET_PRIMARY, cryptd=false, state=CONNECTED, ok=true, minWireVersion=0, maxWireVersion=25, maxDocumentSize=16777216, logicalSessionTimeoutMinutes=30, roundTripTimeNanos=254922700, minRoundTripTimeNanos=0, setName='atlas-zt48hn-shard-0', canonicalAddress=ac-aoerbz6-shard-00-02.en0pykp.mongodb.net:27017, hosts=[ac-aoerbz6-shard-00-01.en0pykp.mongodb.net:27017, ac-aoerbz6-shard-00-00.en0pykp.mongodb.net:27017, ac-aoerbz6-shard-00-02.en0pykp.mongodb.net:27017], passives=[], arbiters=[], primary='ac-aoerbz6-shard-00-02.en0pykp.mongodb.net:27017', tagSet=TagSet{[Tag{name='availabilityZone', value='aps1-az2'}, Tag{name='diskState', value='READY'}, Tag{name='nodeType', value='ELECTABLE'}, Tag{name='provider', value='AWS'}, Tag{name='region', value='AP_SOUTH_1'}, Tag{name='workloadType', value='OPERATIONAL'}]}, electionId=7fffffff0000000000000156, setVersion=391, topologyVersion=TopologyVersion{processId=69b859a89b4f2018f8b26ac6, counter=6}, lastWriteDate=Wed Mar 25 14:39:32 IST 2026, lastUpdateTimeNanos=164870670497100}
2026-03-25 14:39:33 [cluster-ClusterId{value='69c3a64cb30300f0953323aa', description='null'}-ac-aoerbz6-shard-00-00.en0pykp.mongodb.net:27017] INFO  org.mongodb.driver.cluster - Monitor thread successfully connected to server with description ServerDescription{address=ac-aoerbz6-shard-00-00.en0pykp.mongodb.net:27017, type=REPLICA_SET_SECONDARY, cryptd=false, state=CONNECTED, ok=true, minWireVersion=0, maxWireVersion=25, maxDocumentSize=16777216, logicalSessionTimeoutMinutes=30, roundTripTimeNanos=254922200, minRoundTripTimeNanos=0, setName='atlas-zt48hn-shard-0', canonicalAddress=ac-aoerbz6-shard-00-00.en0pykp.mongodb.net:27017, hosts=[ac-aoerbz6-shard-00-01.en0pykp.mongodb.net:27017, ac-aoerbz6-shard-00-00.en0pykp.mongodb.net:27017, ac-aoerbz6-shard-00-02.en0pykp.mongodb.net:27017], passives=[], arbiters=[], primary='ac-aoerbz6-shard-00-02.en0pykp.mongodb.net:27017', tagSet=TagSet{[Tag{name='availabilityZone', value='aps1-az1'}, Tag{name='diskState', value='READY'}, Tag{name='nodeType', value='ELECTABLE'}, Tag{name='provider', value='AWS'}, Tag{name='region', value='AP_SOUTH_1'}, Tag{name='workloadType', value='OPERATIONAL'}]}, electionId=null, setVersion=391, topologyVersion=TopologyVersion{processId=69b855abb14686967b76fdd6, counter=4}, lastWriteDate=Wed Mar 25 14:39:32 IST 2026, lastUpdateTimeNanos=164870670497100}
2026-03-25 14:39:33 [cluster-ClusterId{value='69c3a64cb30300f0953323aa', description='null'}-ac-aoerbz6-shard-00-01.en0pykp.mongodb.net:27017] INFO  org.mongodb.driver.cluster - Monitor thread successfully connected to server with description ServerDescription{address=ac-aoerbz6-shard-00-01.en0pykp.mongodb.net:27017, type=REPLICA_SET_SECONDARY, cryptd=false, state=CONNECTED, ok=true, minWireVersion=0, maxWireVersion=25, maxDocumentSize=16777216, logicalSessionTimeoutMinutes=30, roundTripTimeNanos=254922700, minRoundTripTimeNanos=0, setName='atlas-zt48hn-shard-0', canonicalAddress=ac-aoerbz6-shard-00-01.en0pykp.mongodb.net:27017, hosts=[ac-aoerbz6-shard-00-01.en0pykp.mongodb.net:27017, ac-aoerbz6-shard-00-00.en0pykp.mongodb.net:27017, ac-aoerbz6-shard-00-02.en0pykp.mongodb.net:27017], passives=[], arbiters=[], primary='ac-aoerbz6-shard-00-02.en0pykp.mongodb.net:27017', tagSet=TagSet{[Tag{name='availabilityZone', value='aps1-az3'}, Tag{name='diskState', value='READY'}, Tag{name='nodeType', value='ELECTABLE'}, Tag{name='provider', value='AWS'}, Tag{name='region', value='AP_SOUTH_1'}, Tag{name='workloadType', value='OPERATIONAL'}]}, electionId=null, setVersion=391, topologyVersion=TopologyVersion{processId=69b85ccb4b84e800f9f6512d, counter=3}, lastWriteDate=Wed Mar 25 14:39:32 IST 2026, lastUpdateTimeNanos=164870670497100}
2026-03-25 14:39:33 [cluster-ClusterId{value='69c3a64cb30300f0953323aa', description='null'}-ac-aoerbz6-shard-00-02.en0pykp.mongodb.net:27017] INFO  org.mongodb.driver.cluster - Discovered replica set primary ac-aoerbz6-shard-00-02.en0pykp.mongodb.net:27017 with max election id 7fffffff0000000000000156 and max set version 391
2026-03-25 14:39:33 [main] WARN  com.password4j.PropertyReader - bcrypt minor version is not defined. Default value is used (b). Please set property hash.bcrypt.minor in your psw4j.properties file.
2026-03-25 14:39:33 [main] WARN  com.password4j.PropertyReader - bcrypt rounds are not defined. Default value is used (10). Please set property hash.bcrypt.rounds in your psw4j.properties file.
2026-03-25 14:39:33 [main] INFO  org.springframework.security.config.annotation.authentication.configuration.InitializeUserDetailsBeanManagerConfigurer$InitializeUserDetailsManagerConfigurer - Global AuthenticationManager configured with UserDetailsService bean with name userDetailsImpl
2026-03-25 14:39:33 [main] INFO  org.apache.coyote.http11.Http11NioProtocol - Starting ProtocolHandler ["http-nio-8080"]
2026-03-25 14:39:33 [main] INFO  org.springframework.boot.tomcat.TomcatWebServer - Tomcat started on port 8080 (http) with context path '/'
2026-03-25 14:39:33 [main] INFO  com.example.BookingApplication.BookingApplication - Started BookingApplication in 2.595 seconds (process running for 3.263)
2026-03-25 14:39:43 [http-nio-8080-exec-1] INFO  org.apache.catalina.core.ContainerBase.[Tomcat].[localhost].[/] - Initializing Spring DispatcherServlet 'dispatcherServlet'
2026-03-25 14:39:43 [http-nio-8080-exec-1] INFO  org.springframework.web.servlet.DispatcherServlet - Initializing Servlet 'dispatcherServlet'
2026-03-25 14:39:43 [http-nio-8080-exec-1] INFO  org.springframework.web.servlet.DispatcherServlet - Completed initialization in 1 ms
2026-03-25 14:39:43 [http-nio-8080-exec-1] WARN  org.springframework.web.servlet.handler.HandlerMappingIntrospector - Cache miss for REQUEST dispatch to '/Booking/new' (previous null). Performing CorsConfiguration lookup. This is logged once only at WARN level, and every time at TRACE.
2026-03-25 14:39:58 [SpringApplicationShutdownHook] INFO  org.springframework.boot.tomcat.GracefulShutdown - Commencing graceful shutdown. Waiting for active requests to complete
2026-03-25 14:39:58 [tomcat-shutdown] INFO  org.springframework.boot.tomcat.GracefulShutdown - Graceful shutdown complete
2026-03-25 14:40:00 [main] INFO  com.example.BookingApplication.BookingApplication - Starting BookingApplication using Java 21.0.7 with PID 32072 (C:\Users\ADMIN\Downloads\BookingApplication\BookingApplication\target\classes started by ADMIN in C:\Users\ADMIN\Downloads\BookingApplication)
2026-03-25 14:40:00 [main] INFO  com.example.BookingApplication.BookingApplication - No active profile set, falling back to 1 default profile: "default"
2026-03-25 14:40:00 [main] INFO  org.springframework.data.repository.config.RepositoryConfigurationDelegate - Multiple Spring Data modules found, entering strict repository configuration mode
2026-03-25 14:40:00 [main] INFO  org.springframework.data.repository.config.RepositoryConfigurationDelegate - Bootstrapping Spring Data MongoDB repositories in DEFAULT mode.
2026-03-25 14:40:00 [main] INFO  org.springframework.data.repository.config.RepositoryConfigurationDelegate - Finished Spring Data repository scanning in 106 ms. Found 3 MongoDB repository interfaces.
2026-03-25 14:40:00 [main] INFO  org.springframework.data.repository.config.RepositoryConfigurationDelegate - Multiple Spring Data modules found, entering strict repository configuration mode
2026-03-25 14:40:00 [main] INFO  org.springframework.data.repository.config.RepositoryConfigurationDelegate - Bootstrapping Spring Data Redis repositories in DEFAULT mode.
2026-03-25 14:40:00 [main] INFO  org.springframework.data.repository.config.RepositoryConfigurationExtensionSupport - Spring Data Redis - Could not safely identify store assignment for repository candidate interface com.example.BookingApplication.Repositories.BookingsRepository; If you want this repository to be a Redis repository, consider annotating your entities with one of these annotations: org.springframework.data.redis.core.RedisHash (preferred), or consider extending one of the following types with your repository: org.springframework.data.keyvalue.repository.KeyValueRepository
2026-03-25 14:40:00 [main] INFO  org.springframework.data.repository.config.RepositoryConfigurationExtensionSupport - Spring Data Redis - Could not safely identify store assignment for repository candidate interface com.example.BookingApplication.Repositories.StudioRepository; If you want this repository to be a Redis repository, consider annotating your entities with one of these annotations: org.springframework.data.redis.core.RedisHash (preferred), or consider extending one of the following types with your repository: org.springframework.data.keyvalue.repository.KeyValueRepository
2026-03-25 14:40:00 [main] INFO  org.springframework.data.repository.config.RepositoryConfigurationExtensionSupport - Spring Data Redis - Could not safely identify store assignment for repository candidate interface com.example.BookingApplication.Repositories.UserRepository; If you want this repository to be a Redis repository, consider annotating your entities with one of these annotations: org.springframework.data.redis.core.RedisHash (preferred), or consider extending one of the following types with your repository: org.springframework.data.keyvalue.repository.KeyValueRepository
2026-03-25 14:40:00 [main] INFO  org.springframework.data.repository.config.RepositoryConfigurationDelegate - Finished Spring Data repository scanning in 6 ms. Found 0 Redis repository interfaces.
2026-03-25 14:40:01 [main] INFO  org.springframework.boot.tomcat.TomcatWebServer - Tomcat initialized with port 8080 (http)
2026-03-25 14:40:01 [main] INFO  org.apache.coyote.http11.Http11NioProtocol - Initializing ProtocolHandler ["http-nio-8080"]
2026-03-25 14:40:01 [main] INFO  org.apache.catalina.core.StandardService - Starting service [Tomcat]
2026-03-25 14:40:01 [main] INFO  org.apache.catalina.core.StandardEngine - Starting Servlet engine: [Apache Tomcat/11.0.18]
2026-03-25 14:40:01 [main] INFO  org.springframework.boot.web.context.servlet.WebApplicationContextInitializer - Root WebApplicationContext: initialization completed in 1058 ms
2026-03-25 14:40:01 [main] INFO  org.mongodb.driver.client - MongoClient with metadata {"driver": {"name": "mongo-java-driver|spring-boot|sync", "version": "5.6.4"}, "os": {"type": "Windows", "name": "Windows 11", "architecture": "amd64", "version": "10.0"}, "platform": "Java/Oracle Corporation/21.0.7+8-LTS-245"} created with settings MongoClientSettings{readPreference=primary, writeConcern=WriteConcern{w=majority, wTimeout=null ms, journal=null}, retryWrites=true, retryReads=true, readConcern=ReadConcern{level=null}, credential=MongoCredential{mechanism=null, userName='root', source='admin', password=<hidden>, mechanismProperties=<hidden>}, transportSettings=null, commandListeners=[], codecRegistry=ProvidersCodecRegistry{codecProviders=[ValueCodecProvider{}, BsonValueCodecProvider{}, DBRefCodecProvider{}, DBObjectCodecProvider{}, DocumentCodecProvider{}, CollectionCodecProvider{}, IterableCodecProvider{}, MapCodecProvider{}, GeoJsonCodecProvider{}, GridFSFileCodecProvider{}, Jsr310CodecProvider{}, JsonObjectCodecProvider{}, BsonCodecProvider{}, com.mongodb.client.model.mql.ExpressionCodecProvider@40faff12, com.mongodb.Jep395RecordCodecProvider@734fbae3, com.mongodb.KotlinCodecProvider@223967ea, EnumCodecProvider{}]}, loggerSettings=LoggerSettings{maxDocumentLength=1000}, clusterSettings={hosts=[127.0.0.1:27017], srvHost=cluster0.en0pykp.mongodb.net, srvServiceName=mongodb, mode=MULTIPLE, requiredClusterType=REPLICA_SET, requiredReplicaSetName='atlas-zt48hn-shard-0', serverSelector='null', clusterListeners='[]', serverSelectionTimeout='30000 ms', localThreshold='15 ms'}, socketSettings=SocketSettings{connectTimeoutMS=10000, readTimeoutMS=0, receiveBufferSize=0, proxySettings=ProxySettings{host=null, port=null, username=null, password=null}}, heartbeatSocketSettings=SocketSettings{connectTimeoutMS=10000, readTimeoutMS=10000, receiveBufferSize=0, proxySettings=ProxySettings{host=null, port=null, username=null, password=null}}, connectionPoolSettings=ConnectionPoolSettings{maxSize=100, minSize=0, maxWaitTimeMS=120000, maxConnectionLifeTimeMS=0, maxConnectionIdleTimeMS=0, maintenanceInitialDelayMS=0, maintenanceFrequencyMS=60000, connectionPoolListeners=[], maxConnecting=2}, serverSettings=ServerSettings{heartbeatFrequencyMS=10000, minHeartbeatFrequencyMS=500, serverMonitoringMode=AUTO, serverListeners='[]', serverMonitorListeners='[]'}, sslSettings=SslSettings{enabled=true, invalidHostNameAllowed=false, context=null}, applicationName='null', compressorList=[], uuidRepresentation=UNSPECIFIED, serverApi=null, autoEncryptionSettings=null, dnsClient=null, inetAddressResolver=null, contextProvider=null, timeoutMS=null}
2026-03-25 14:40:01 [cluster-ClusterId{value='69c3a6691cf6acb4291bb8f6', description='null'}-srv-cluster0.en0pykp.mongodb.net] INFO  org.mongodb.driver.cluster - Adding discovered server ac-aoerbz6-shard-00-01.en0pykp.mongodb.net:27017 to client view of cluster
2026-03-25 14:40:01 [cluster-ClusterId{value='69c3a6691cf6acb4291bb8f6', description='null'}-srv-cluster0.en0pykp.mongodb.net] INFO  org.mongodb.driver.cluster - Adding discovered server ac-aoerbz6-shard-00-00.en0pykp.mongodb.net:27017 to client view of cluster
2026-03-25 14:40:01 [cluster-ClusterId{value='69c3a6691cf6acb4291bb8f6', description='null'}-srv-cluster0.en0pykp.mongodb.net] INFO  org.mongodb.driver.cluster - Adding discovered server ac-aoerbz6-shard-00-02.en0pykp.mongodb.net:27017 to client view of cluster
2026-03-25 14:40:01 [cluster-ClusterId{value='69c3a6691cf6acb4291bb8f6', description='null'}-ac-aoerbz6-shard-00-02.en0pykp.mongodb.net:27017] INFO  org.mongodb.driver.cluster - Monitor thread successfully connected to server with description ServerDescription{address=ac-aoerbz6-shard-00-02.en0pykp.mongodb.net:27017, type=REPLICA_SET_PRIMARY, cryptd=false, state=CONNECTED, ok=true, minWireVersion=0, maxWireVersion=25, maxDocumentSize=16777216, logicalSessionTimeoutMinutes=30, roundTripTimeNanos=262452600, minRoundTripTimeNanos=0, setName='atlas-zt48hn-shard-0', canonicalAddress=ac-aoerbz6-shard-00-02.en0pykp.mongodb.net:27017, hosts=[ac-aoerbz6-shard-00-01.en0pykp.mongodb.net:27017, ac-aoerbz6-shard-00-00.en0pykp.mongodb.net:27017, ac-aoerbz6-shard-00-02.en0pykp.mongodb.net:27017], passives=[], arbiters=[], primary='ac-aoerbz6-shard-00-02.en0pykp.mongodb.net:27017', tagSet=TagSet{[Tag{name='availabilityZone', value='aps1-az2'}, Tag{name='diskState', value='READY'}, Tag{name='nodeType', value='ELECTABLE'}, Tag{name='provider', value='AWS'}, Tag{name='region', value='AP_SOUTH_1'}, Tag{name='workloadType', value='OPERATIONAL'}]}, electionId=7fffffff0000000000000156, setVersion=391, topologyVersion=TopologyVersion{processId=69b859a89b4f2018f8b26ac6, counter=6}, lastWriteDate=Wed Mar 25 14:40:01 IST 2026, lastUpdateTimeNanos=164899519684900}
2026-03-25 14:40:01 [cluster-ClusterId{value='69c3a6691cf6acb4291bb8f6', description='null'}-ac-aoerbz6-shard-00-01.en0pykp.mongodb.net:27017] INFO  org.mongodb.driver.cluster - Monitor thread successfully connected to server with description ServerDescription{address=ac-aoerbz6-shard-00-01.en0pykp.mongodb.net:27017, type=REPLICA_SET_SECONDARY, cryptd=false, state=CONNECTED, ok=true, minWireVersion=0, maxWireVersion=25, maxDocumentSize=16777216, logicalSessionTimeoutMinutes=30, roundTripTimeNanos=264417400, minRoundTripTimeNanos=0, setName='atlas-zt48hn-shard-0', canonicalAddress=ac-aoerbz6-shard-00-01.en0pykp.mongodb.net:27017, hosts=[ac-aoerbz6-shard-00-01.en0pykp.mongodb.net:27017, ac-aoerbz6-shard-00-00.en0pykp.mongodb.net:27017, ac-aoerbz6-shard-00-02.en0pykp.mongodb.net:27017], passives=[], arbiters=[], primary='ac-aoerbz6-shard-00-02.en0pykp.mongodb.net:27017', tagSet=TagSet{[Tag{name='availabilityZone', value='aps1-az3'}, Tag{name='diskState', value='READY'}, Tag{name='nodeType', value='ELECTABLE'}, Tag{name='provider', value='AWS'}, Tag{name='region', value='AP_SOUTH_1'}, Tag{name='workloadType', value='OPERATIONAL'}]}, electionId=null, setVersion=391, topologyVersion=TopologyVersion{processId=69b85ccb4b84e800f9f6512d, counter=3}, lastWriteDate=Wed Mar 25 14:40:01 IST 2026, lastUpdateTimeNanos=164899519684900}
2026-03-25 14:40:01 [cluster-ClusterId{value='69c3a6691cf6acb4291bb8f6', description='null'}-ac-aoerbz6-shard-00-00.en0pykp.mongodb.net:27017] INFO  org.mongodb.driver.cluster - Monitor thread successfully connected to server with description ServerDescription{address=ac-aoerbz6-shard-00-00.en0pykp.mongodb.net:27017, type=REPLICA_SET_SECONDARY, cryptd=false, state=CONNECTED, ok=true, minWireVersion=0, maxWireVersion=25, maxDocumentSize=16777216, logicalSessionTimeoutMinutes=30, roundTripTimeNanos=262452700, minRoundTripTimeNanos=0, setName='atlas-zt48hn-shard-0', canonicalAddress=ac-aoerbz6-shard-00-00.en0pykp.mongodb.net:27017, hosts=[ac-aoerbz6-shard-00-01.en0pykp.mongodb.net:27017, ac-aoerbz6-shard-00-00.en0pykp.mongodb.net:27017, ac-aoerbz6-shard-00-02.en0pykp.mongodb.net:27017], passives=[], arbiters=[], primary='ac-aoerbz6-shard-00-02.en0pykp.mongodb.net:27017', tagSet=TagSet{[Tag{name='availabilityZone', value='aps1-az1'}, Tag{name='diskState', value='READY'}, Tag{name='nodeType', value='ELECTABLE'}, Tag{name='provider', value='AWS'}, Tag{name='region', value='AP_SOUTH_1'}, Tag{name='workloadType', value='OPERATIONAL'}]}, electionId=null, setVersion=391, topologyVersion=TopologyVersion{processId=69b855abb14686967b76fdd6, counter=4}, lastWriteDate=Wed Mar 25 14:40:01 IST 2026, lastUpdateTimeNanos=164899519684900}
2026-03-25 14:40:01 [cluster-ClusterId{value='69c3a6691cf6acb4291bb8f6', description='null'}-ac-aoerbz6-shard-00-02.en0pykp.mongodb.net:27017] INFO  org.mongodb.driver.cluster - Discovered replica set primary ac-aoerbz6-shard-00-02.en0pykp.mongodb.net:27017 with max election id 7fffffff0000000000000156 and max set version 391
2026-03-25 14:40:02 [main] WARN  com.password4j.PropertyReader - bcrypt minor version is not defined. Default value is used (b). Please set property hash.bcrypt.minor in your psw4j.properties file.
2026-03-25 14:40:02 [main] WARN  com.password4j.PropertyReader - bcrypt rounds are not defined. Default value is used (10). Please set property hash.bcrypt.rounds in your psw4j.properties file.
2026-03-25 14:40:02 [main] INFO  org.springframework.security.config.annotation.authentication.configuration.InitializeUserDetailsBeanManagerConfigurer$InitializeUserDetailsManagerConfigurer - Global AuthenticationManager configured with UserDetailsService bean with name userDetailsImpl
2026-03-25 14:40:02 [main] INFO  org.apache.coyote.http11.Http11NioProtocol - Starting ProtocolHandler ["http-nio-8080"]
2026-03-25 14:40:02 [main] INFO  org.springframework.boot.tomcat.TomcatWebServer - Tomcat started on port 8080 (http) with context path '/'
2026-03-25 14:40:02 [main] INFO  com.example.BookingApplication.BookingApplication - Started BookingApplication in 2.745 seconds (process running for 3.486)
2026-03-25 14:40:15 [http-nio-8080-exec-1] INFO  org.apache.catalina.core.ContainerBase.[Tomcat].[localhost].[/] - Initializing Spring DispatcherServlet 'dispatcherServlet'
2026-03-25 14:40:15 [http-nio-8080-exec-1] INFO  org.springframework.web.servlet.DispatcherServlet - Initializing Servlet 'dispatcherServlet'
2026-03-25 14:40:15 [http-nio-8080-exec-1] INFO  org.springframework.web.servlet.DispatcherServlet - Completed initialization in 1 ms
2026-03-25 14:40:15 [http-nio-8080-exec-1] WARN  org.springframework.web.servlet.handler.HandlerMappingIntrospector - Cache miss for REQUEST dispatch to '/Booking/new' (previous null). Performing CorsConfiguration lookup. This is logged once only at WARN level, and every time at TRACE.
2026-03-25 14:40:36 [SpringApplicationShutdownHook] INFO  org.springframework.boot.tomcat.GracefulShutdown - Commencing graceful shutdown. Waiting for active requests to complete
2026-03-25 14:40:36 [tomcat-shutdown] INFO  org.springframework.boot.tomcat.GracefulShutdown - Graceful shutdown complete
2026-03-25 14:49:01 [main] INFO  com.example.BookingApplication.BookingApplication - Starting BookingApplication using Java 21.0.7 with PID 21772 (C:\Users\ADMIN\Downloads\BookingApplication\BookingApplication\target\classes started by ADMIN in C:\Users\ADMIN\Downloads\BookingApplication)
2026-03-25 14:49:01 [main] INFO  com.example.BookingApplication.BookingApplication - No active profile set, falling back to 1 default profile: "default"
2026-03-25 14:49:01 [main] INFO  org.springframework.data.repository.config.RepositoryConfigurationDelegate - Multiple Spring Data modules found, entering strict repository configuration mode
2026-03-25 14:49:01 [main] INFO  org.springframework.data.repository.config.RepositoryConfigurationDelegate - Bootstrapping Spring Data MongoDB repositories in DEFAULT mode.
2026-03-25 14:49:01 [main] INFO  org.springframework.data.repository.config.RepositoryConfigurationDelegate - Finished Spring Data repository scanning in 81 ms. Found 3 MongoDB repository interfaces.
2026-03-25 14:49:01 [main] INFO  org.springframework.data.repository.config.RepositoryConfigurationDelegate - Multiple Spring Data modules found, entering strict repository configuration mode
2026-03-25 14:49:01 [main] INFO  org.springframework.data.repository.config.RepositoryConfigurationDelegate - Bootstrapping Spring Data Redis repositories in DEFAULT mode.
2026-03-25 14:49:01 [main] INFO  org.springframework.data.repository.config.RepositoryConfigurationExtensionSupport - Spring Data Redis - Could not safely identify store assignment for repository candidate interface com.example.BookingApplication.Repositories.BookingsRepository; If you want this repository to be a Redis repository, consider annotating your entities with one of these annotations: org.springframework.data.redis.core.RedisHash (preferred), or consider extending one of the following types with your repository: org.springframework.data.keyvalue.repository.KeyValueRepository
2026-03-25 14:49:01 [main] INFO  org.springframework.data.repository.config.RepositoryConfigurationExtensionSupport - Spring Data Redis - Could not safely identify store assignment for repository candidate interface com.example.BookingApplication.Repositories.StudioRepository; If you want this repository to be a Redis repository, consider annotating your entities with one of these annotations: org.springframework.data.redis.core.RedisHash (preferred), or consider extending one of the following types with your repository: org.springframework.data.keyvalue.repository.KeyValueRepository
2026-03-25 14:49:01 [main] INFO  org.springframework.data.repository.config.RepositoryConfigurationExtensionSupport - Spring Data Redis - Could not safely identify store assignment for repository candidate interface com.example.BookingApplication.Repositories.UserRepository; If you want this repository to be a Redis repository, consider annotating your entities with one of these annotations: org.springframework.data.redis.core.RedisHash (preferred), or consider extending one of the following types with your repository: org.springframework.data.keyvalue.repository.KeyValueRepository
2026-03-25 14:49:01 [main] INFO  org.springframework.data.repository.config.RepositoryConfigurationDelegate - Finished Spring Data repository scanning in 6 ms. Found 0 Redis repository interfaces.
2026-03-25 14:49:02 [main] INFO  org.springframework.boot.tomcat.TomcatWebServer - Tomcat initialized with port 8080 (http)
2026-03-25 14:49:02 [main] INFO  org.apache.coyote.http11.Http11NioProtocol - Initializing ProtocolHandler ["http-nio-8080"]
2026-03-25 14:49:02 [main] INFO  org.apache.catalina.core.StandardService - Starting service [Tomcat]
2026-03-25 14:49:02 [main] INFO  org.apache.catalina.core.StandardEngine - Starting Servlet engine: [Apache Tomcat/11.0.18]
2026-03-25 14:49:02 [main] INFO  org.springframework.boot.web.context.servlet.WebApplicationContextInitializer - Root WebApplicationContext: initialization completed in 1071 ms
2026-03-25 14:49:02 [main] INFO  org.mongodb.driver.client - MongoClient with metadata {"driver": {"name": "mongo-java-driver|spring-boot|sync", "version": "5.6.4"}, "os": {"type": "Windows", "name": "Windows 11", "architecture": "amd64", "version": "10.0"}, "platform": "Java/Oracle Corporation/21.0.7+8-LTS-245"} created with settings MongoClientSettings{readPreference=primary, writeConcern=WriteConcern{w=majority, wTimeout=null ms, journal=null}, retryWrites=true, retryReads=true, readConcern=ReadConcern{level=null}, credential=MongoCredential{mechanism=null, userName='root', source='admin', password=<hidden>, mechanismProperties=<hidden>}, transportSettings=null, commandListeners=[], codecRegistry=ProvidersCodecRegistry{codecProviders=[ValueCodecProvider{}, BsonValueCodecProvider{}, DBRefCodecProvider{}, DBObjectCodecProvider{}, DocumentCodecProvider{}, CollectionCodecProvider{}, IterableCodecProvider{}, MapCodecProvider{}, GeoJsonCodecProvider{}, GridFSFileCodecProvider{}, Jsr310CodecProvider{}, JsonObjectCodecProvider{}, BsonCodecProvider{}, com.mongodb.client.model.mql.ExpressionCodecProvider@70f148dc, com.mongodb.Jep395RecordCodecProvider@3360283, com.mongodb.KotlinCodecProvider@77aea, EnumCodecProvider{}]}, loggerSettings=LoggerSettings{maxDocumentLength=1000}, clusterSettings={hosts=[127.0.0.1:27017], srvHost=cluster0.en0pykp.mongodb.net, srvServiceName=mongodb, mode=MULTIPLE, requiredClusterType=REPLICA_SET, requiredReplicaSetName='atlas-zt48hn-shard-0', serverSelector='null', clusterListeners='[]', serverSelectionTimeout='30000 ms', localThreshold='15 ms'}, socketSettings=SocketSettings{connectTimeoutMS=10000, readTimeoutMS=0, receiveBufferSize=0, proxySettings=ProxySettings{host=null, port=null, username=null, password=null}}, heartbeatSocketSettings=SocketSettings{connectTimeoutMS=10000, readTimeoutMS=10000, receiveBufferSize=0, proxySettings=ProxySettings{host=null, port=null, username=null, password=null}}, connectionPoolSettings=ConnectionPoolSettings{maxSize=100, minSize=0, maxWaitTimeMS=120000, maxConnectionLifeTimeMS=0, maxConnectionIdleTimeMS=0, maintenanceInitialDelayMS=0, maintenanceFrequencyMS=60000, connectionPoolListeners=[], maxConnecting=2}, serverSettings=ServerSettings{heartbeatFrequencyMS=10000, minHeartbeatFrequencyMS=500, serverMonitoringMode=AUTO, serverListeners='[]', serverMonitorListeners='[]'}, sslSettings=SslSettings{enabled=true, invalidHostNameAllowed=false, context=null}, applicationName='null', compressorList=[], uuidRepresentation=UNSPECIFIED, serverApi=null, autoEncryptionSettings=null, dnsClient=null, inetAddressResolver=null, contextProvider=null, timeoutMS=null}
2026-03-25 14:49:02 [cluster-ClusterId{value='69c3a8861d5a9591318eb6ee', description='null'}-srv-cluster0.en0pykp.mongodb.net] INFO  org.mongodb.driver.cluster - Adding discovered server ac-aoerbz6-shard-00-01.en0pykp.mongodb.net:27017 to client view of cluster
2026-03-25 14:49:02 [cluster-ClusterId{value='69c3a8861d5a9591318eb6ee', description='null'}-srv-cluster0.en0pykp.mongodb.net] INFO  org.mongodb.driver.cluster - Adding discovered server ac-aoerbz6-shard-00-00.en0pykp.mongodb.net:27017 to client view of cluster
2026-03-25 14:49:02 [cluster-ClusterId{value='69c3a8861d5a9591318eb6ee', description='null'}-srv-cluster0.en0pykp.mongodb.net] INFO  org.mongodb.driver.cluster - Adding discovered server ac-aoerbz6-shard-00-02.en0pykp.mongodb.net:27017 to client view of cluster
2026-03-25 14:49:03 [cluster-ClusterId{value='69c3a8861d5a9591318eb6ee', description='null'}-ac-aoerbz6-shard-00-00.en0pykp.mongodb.net:27017] INFO  org.mongodb.driver.cluster - Monitor thread successfully connected to server with description ServerDescription{address=ac-aoerbz6-shard-00-00.en0pykp.mongodb.net:27017, type=REPLICA_SET_SECONDARY, cryptd=false, state=CONNECTED, ok=true, minWireVersion=0, maxWireVersion=25, maxDocumentSize=16777216, logicalSessionTimeoutMinutes=30, roundTripTimeNanos=253048600, minRoundTripTimeNanos=0, setName='atlas-zt48hn-shard-0', canonicalAddress=ac-aoerbz6-shard-00-00.en0pykp.mongodb.net:27017, hosts=[ac-aoerbz6-shard-00-01.en0pykp.mongodb.net:27017, ac-aoerbz6-shard-00-00.en0pykp.mongodb.net:27017, ac-aoerbz6-shard-00-02.en0pykp.mongodb.net:27017], passives=[], arbiters=[], primary='ac-aoerbz6-shard-00-02.en0pykp.mongodb.net:27017', tagSet=TagSet{[Tag{name='availabilityZone', value='aps1-az1'}, Tag{name='diskState', value='READY'}, Tag{name='nodeType', value='ELECTABLE'}, Tag{name='provider', value='AWS'}, Tag{name='region', value='AP_SOUTH_1'}, Tag{name='workloadType', value='OPERATIONAL'}]}, electionId=null, setVersion=391, topologyVersion=TopologyVersion{processId=69b855abb14686967b76fdd6, counter=4}, lastWriteDate=Wed Mar 25 14:49:02 IST 2026, lastUpdateTimeNanos=165440649174000}
2026-03-25 14:49:03 [cluster-ClusterId{value='69c3a8861d5a9591318eb6ee', description='null'}-ac-aoerbz6-shard-00-02.en0pykp.mongodb.net:27017] INFO  org.mongodb.driver.cluster - Monitor thread successfully connected to server with description ServerDescription{address=ac-aoerbz6-shard-00-02.en0pykp.mongodb.net:27017, type=REPLICA_SET_PRIMARY, cryptd=false, state=CONNECTED, ok=true, minWireVersion=0, maxWireVersion=25, maxDocumentSize=16777216, logicalSessionTimeoutMinutes=30, roundTripTimeNanos=254102000, minRoundTripTimeNanos=0, setName='atlas-zt48hn-shard-0', canonicalAddress=ac-aoerbz6-shard-00-02.en0pykp.mongodb.net:27017, hosts=[ac-aoerbz6-shard-00-01.en0pykp.mongodb.net:27017, ac-aoerbz6-shard-00-00.en0pykp.mongodb.net:27017, ac-aoerbz6-shard-00-02.en0pykp.mongodb.net:27017], passives=[], arbiters=[], primary='ac-aoerbz6-shard-00-02.en0pykp.mongodb.net:27017', tagSet=TagSet{[Tag{name='availabilityZone', value='aps1-az2'}, Tag{name='diskState', value='READY'}, Tag{name='nodeType', value='ELECTABLE'}, Tag{name='provider', value='AWS'}, Tag{name='region', value='AP_SOUTH_1'}, Tag{name='workloadType', value='OPERATIONAL'}]}, electionId=7fffffff0000000000000156, setVersion=391, topologyVersion=TopologyVersion{processId=69b859a89b4f2018f8b26ac6, counter=6}, lastWriteDate=Wed Mar 25 14:49:02 IST 2026, lastUpdateTimeNanos=165440649174000}
2026-03-25 14:49:03 [cluster-ClusterId{value='69c3a8861d5a9591318eb6ee', description='null'}-ac-aoerbz6-shard-00-01.en0pykp.mongodb.net:27017] INFO  org.mongodb.driver.cluster - Monitor thread successfully connected to server with description ServerDescription{address=ac-aoerbz6-shard-00-01.en0pykp.mongodb.net:27017, type=REPLICA_SET_SECONDARY, cryptd=false, state=CONNECTED, ok=true, minWireVersion=0, maxWireVersion=25, maxDocumentSize=16777216, logicalSessionTimeoutMinutes=30, roundTripTimeNanos=254215900, minRoundTripTimeNanos=0, setName='atlas-zt48hn-shard-0', canonicalAddress=ac-aoerbz6-shard-00-01.en0pykp.mongodb.net:27017, hosts=[ac-aoerbz6-shard-00-01.en0pykp.mongodb.net:27017, ac-aoerbz6-shard-00-00.en0pykp.mongodb.net:27017, ac-aoerbz6-shard-00-02.en0pykp.mongodb.net:27017], passives=[], arbiters=[], primary='ac-aoerbz6-shard-00-02.en0pykp.mongodb.net:27017', tagSet=TagSet{[Tag{name='availabilityZone', value='aps1-az3'}, Tag{name='diskState', value='READY'}, Tag{name='nodeType', value='ELECTABLE'}, Tag{name='provider', value='AWS'}, Tag{name='region', value='AP_SOUTH_1'}, Tag{name='workloadType', value='OPERATIONAL'}]}, electionId=null, setVersion=391, topologyVersion=TopologyVersion{processId=69b85ccb4b84e800f9f6512d, counter=3}, lastWriteDate=Wed Mar 25 14:49:02 IST 2026, lastUpdateTimeNanos=165440649174000}
2026-03-25 14:49:03 [cluster-ClusterId{value='69c3a8861d5a9591318eb6ee', description='null'}-ac-aoerbz6-shard-00-02.en0pykp.mongodb.net:27017] INFO  org.mongodb.driver.cluster - Discovered replica set primary ac-aoerbz6-shard-00-02.en0pykp.mongodb.net:27017 with max election id 7fffffff0000000000000156 and max set version 391
2026-03-25 14:49:03 [main] WARN  com.password4j.PropertyReader - bcrypt minor version is not defined. Default value is used (b). Please set property hash.bcrypt.minor in your psw4j.properties file.
2026-03-25 14:49:03 [main] WARN  com.password4j.PropertyReader - bcrypt rounds are not defined. Default value is used (10). Please set property hash.bcrypt.rounds in your psw4j.properties file.
2026-03-25 14:49:03 [main] INFO  org.springframework.security.config.annotation.authentication.configuration.InitializeUserDetailsBeanManagerConfigurer$InitializeUserDetailsManagerConfigurer - Global AuthenticationManager configured with UserDetailsService bean with name userDetailsImpl
2026-03-25 14:49:03 [main] INFO  org.apache.coyote.http11.Http11NioProtocol - Starting ProtocolHandler ["http-nio-8080"]
2026-03-25 14:49:03 [main] INFO  org.springframework.boot.tomcat.TomcatWebServer - Tomcat started on port 8080 (http) with context path '/'
2026-03-25 14:49:03 [main] INFO  com.example.BookingApplication.BookingApplication - Started BookingApplication in 2.686 seconds (process running for 3.161)
2026-03-25 14:49:11 [http-nio-8080-exec-4] INFO  org.apache.catalina.core.ContainerBase.[Tomcat].[localhost].[/] - Initializing Spring DispatcherServlet 'dispatcherServlet'
2026-03-25 14:49:11 [http-nio-8080-exec-4] INFO  org.springframework.web.servlet.DispatcherServlet - Initializing Servlet 'dispatcherServlet'
2026-03-25 14:49:11 [http-nio-8080-exec-4] INFO  org.springframework.web.servlet.DispatcherServlet - Completed initialization in 2 ms
2026-03-25 14:49:11 [http-nio-8080-exec-1] WARN  org.springframework.web.servlet.handler.HandlerMappingIntrospector - Cache miss for REQUEST dispatch to '/getstarted/List' (previous null). Performing CorsConfiguration lookup. This is logged once only at WARN level, and every time at TRACE.
2026-03-25 14:49:38 [SpringApplicationShutdownHook] INFO  org.springframework.boot.tomcat.GracefulShutdown - Commencing graceful shutdown. Waiting for active requests to complete
2026-03-25 14:49:38 [tomcat-shutdown] INFO  org.springframework.boot.tomcat.GracefulShutdown - Graceful shutdown complete
2026-03-25 14:49:40 [main] INFO  com.example.BookingApplication.BookingApplication - Starting BookingApplication using Java 21.0.7 with PID 3088 (C:\Users\ADMIN\Downloads\BookingApplication\BookingApplication\target\classes started by ADMIN in C:\Users\ADMIN\Downloads\BookingApplication)
2026-03-25 14:49:40 [main] INFO  com.example.BookingApplication.BookingApplication - No active profile set, falling back to 1 default profile: "default"
2026-03-25 14:49:40 [main] INFO  org.springframework.data.repository.config.RepositoryConfigurationDelegate - Multiple Spring Data modules found, entering strict repository configuration mode
2026-03-25 14:49:40 [main] INFO  org.springframework.data.repository.config.RepositoryConfigurationDelegate - Bootstrapping Spring Data MongoDB repositories in DEFAULT mode.
2026-03-25 14:49:40 [main] INFO  org.springframework.data.repository.config.RepositoryConfigurationDelegate - Finished Spring Data repository scanning in 84 ms. Found 3 MongoDB repository interfaces.
2026-03-25 14:49:40 [main] INFO  org.springframework.data.repository.config.RepositoryConfigurationDelegate - Multiple Spring Data modules found, entering strict repository configuration mode
2026-03-25 14:49:40 [main] INFO  org.springframework.data.repository.config.RepositoryConfigurationDelegate - Bootstrapping Spring Data Redis repositories in DEFAULT mode.
2026-03-25 14:49:40 [main] INFO  org.springframework.data.repository.config.RepositoryConfigurationExtensionSupport - Spring Data Redis - Could not safely identify store assignment for repository candidate interface com.example.BookingApplication.Repositories.BookingsRepository; If you want this repository to be a Redis repository, consider annotating your entities with one of these annotations: org.springframework.data.redis.core.RedisHash (preferred), or consider extending one of the following types with your repository: org.springframework.data.keyvalue.repository.KeyValueRepository
2026-03-25 14:49:40 [main] INFO  org.springframework.data.repository.config.RepositoryConfigurationExtensionSupport - Spring Data Redis - Could not safely identify store assignment for repository candidate interface com.example.BookingApplication.Repositories.StudioRepository; If you want this repository to be a Redis repository, consider annotating your entities with one of these annotations: org.springframework.data.redis.core.RedisHash (preferred), or consider extending one of the following types with your repository: org.springframework.data.keyvalue.repository.KeyValueRepository
2026-03-25 14:49:40 [main] INFO  org.springframework.data.repository.config.RepositoryConfigurationExtensionSupport - Spring Data Redis - Could not safely identify store assignment for repository candidate interface com.example.BookingApplication.Repositories.UserRepository; If you want this repository to be a Redis repository, consider annotating your entities with one of these annotations: org.springframework.data.redis.core.RedisHash (preferred), or consider extending one of the following types with your repository: org.springframework.data.keyvalue.repository.KeyValueRepository
2026-03-25 14:49:40 [main] INFO  org.springframework.data.repository.config.RepositoryConfigurationDelegate - Finished Spring Data repository scanning in 6 ms. Found 0 Redis repository interfaces.
2026-03-25 14:49:41 [main] INFO  org.springframework.boot.tomcat.TomcatWebServer - Tomcat initialized with port 8080 (http)
2026-03-25 14:49:41 [main] INFO  org.apache.coyote.http11.Http11NioProtocol - Initializing ProtocolHandler ["http-nio-8080"]
2026-03-25 14:49:41 [main] INFO  org.apache.catalina.core.StandardService - Starting service [Tomcat]
2026-03-25 14:49:41 [main] INFO  org.apache.catalina.core.StandardEngine - Starting Servlet engine: [Apache Tomcat/11.0.18]
2026-03-25 14:49:41 [main] INFO  org.springframework.boot.web.context.servlet.WebApplicationContextInitializer - Root WebApplicationContext: initialization completed in 935 ms
2026-03-25 14:49:41 [main] INFO  org.mongodb.driver.client - MongoClient with metadata {"driver": {"name": "mongo-java-driver|spring-boot|sync", "version": "5.6.4"}, "os": {"type": "Windows", "name": "Windows 11", "architecture": "amd64", "version": "10.0"}, "platform": "Java/Oracle Corporation/21.0.7+8-LTS-245"} created with settings MongoClientSettings{readPreference=primary, writeConcern=WriteConcern{w=majority, wTimeout=null ms, journal=null}, retryWrites=true, retryReads=true, readConcern=ReadConcern{level=null}, credential=MongoCredential{mechanism=null, userName='root', source='admin', password=<hidden>, mechanismProperties=<hidden>}, transportSettings=null, commandListeners=[], codecRegistry=ProvidersCodecRegistry{codecProviders=[ValueCodecProvider{}, BsonValueCodecProvider{}, DBRefCodecProvider{}, DBObjectCodecProvider{}, DocumentCodecProvider{}, CollectionCodecProvider{}, IterableCodecProvider{}, MapCodecProvider{}, GeoJsonCodecProvider{}, GridFSFileCodecProvider{}, Jsr310CodecProvider{}, JsonObjectCodecProvider{}, BsonCodecProvider{}, com.mongodb.client.model.mql.ExpressionCodecProvider@6ba6557e, com.mongodb.Jep395RecordCodecProvider@1f172892, com.mongodb.KotlinCodecProvider@5409dfdd, EnumCodecProvider{}]}, loggerSettings=LoggerSettings{maxDocumentLength=1000}, clusterSettings={hosts=[127.0.0.1:27017], srvHost=cluster0.en0pykp.mongodb.net, srvServiceName=mongodb, mode=MULTIPLE, requiredClusterType=REPLICA_SET, requiredReplicaSetName='atlas-zt48hn-shard-0', serverSelector='null', clusterListeners='[]', serverSelectionTimeout='30000 ms', localThreshold='15 ms'}, socketSettings=SocketSettings{connectTimeoutMS=10000, readTimeoutMS=0, receiveBufferSize=0, proxySettings=ProxySettings{host=null, port=null, username=null, password=null}}, heartbeatSocketSettings=SocketSettings{connectTimeoutMS=10000, readTimeoutMS=10000, receiveBufferSize=0, proxySettings=ProxySettings{host=null, port=null, username=null, password=null}}, connectionPoolSettings=ConnectionPoolSettings{maxSize=100, minSize=0, maxWaitTimeMS=120000, maxConnectionLifeTimeMS=0, maxConnectionIdleTimeMS=0, maintenanceInitialDelayMS=0, maintenanceFrequencyMS=60000, connectionPoolListeners=[], maxConnecting=2}, serverSettings=ServerSettings{heartbeatFrequencyMS=10000, minHeartbeatFrequencyMS=500, serverMonitoringMode=AUTO, serverListeners='[]', serverMonitorListeners='[]'}, sslSettings=SslSettings{enabled=true, invalidHostNameAllowed=false, context=null}, applicationName='null', compressorList=[], uuidRepresentation=UNSPECIFIED, serverApi=null, autoEncryptionSettings=null, dnsClient=null, inetAddressResolver=null, contextProvider=null, timeoutMS=null}
2026-03-25 14:49:41 [cluster-ClusterId{value='69c3a8ad4586e2dac536086e', description='null'}-srv-cluster0.en0pykp.mongodb.net] INFO  org.mongodb.driver.cluster - Adding discovered server ac-aoerbz6-shard-00-01.en0pykp.mongodb.net:27017 to client view of cluster
2026-03-25 14:49:41 [cluster-ClusterId{value='69c3a8ad4586e2dac536086e', description='null'}-srv-cluster0.en0pykp.mongodb.net] INFO  org.mongodb.driver.cluster - Adding discovered server ac-aoerbz6-shard-00-00.en0pykp.mongodb.net:27017 to client view of cluster
2026-03-25 14:49:41 [cluster-ClusterId{value='69c3a8ad4586e2dac536086e', description='null'}-srv-cluster0.en0pykp.mongodb.net] INFO  org.mongodb.driver.cluster - Adding discovered server ac-aoerbz6-shard-00-02.en0pykp.mongodb.net:27017 to client view of cluster
2026-03-25 14:49:41 [cluster-ClusterId{value='69c3a8ad4586e2dac536086e', description='null'}-ac-aoerbz6-shard-00-02.en0pykp.mongodb.net:27017] INFO  org.mongodb.driver.cluster - Monitor thread successfully connected to server with description ServerDescription{address=ac-aoerbz6-shard-00-02.en0pykp.mongodb.net:27017, type=REPLICA_SET_PRIMARY, cryptd=false, state=CONNECTED, ok=true, minWireVersion=0, maxWireVersion=25, maxDocumentSize=16777216, logicalSessionTimeoutMinutes=30, roundTripTimeNanos=274686200, minRoundTripTimeNanos=0, setName='atlas-zt48hn-shard-0', canonicalAddress=ac-aoerbz6-shard-00-02.en0pykp.mongodb.net:27017, hosts=[ac-aoerbz6-shard-00-01.en0pykp.mongodb.net:27017, ac-aoerbz6-shard-00-00.en0pykp.mongodb.net:27017, ac-aoerbz6-shard-00-02.en0pykp.mongodb.net:27017], passives=[], arbiters=[], primary='ac-aoerbz6-shard-00-02.en0pykp.mongodb.net:27017', tagSet=TagSet{[Tag{name='availabilityZone', value='aps1-az2'}, Tag{name='diskState', value='READY'}, Tag{name='nodeType', value='ELECTABLE'}, Tag{name='provider', value='AWS'}, Tag{name='region', value='AP_SOUTH_1'}, Tag{name='workloadType', value='OPERATIONAL'}]}, electionId=7fffffff0000000000000156, setVersion=391, topologyVersion=TopologyVersion{processId=69b859a89b4f2018f8b26ac6, counter=6}, lastWriteDate=Wed Mar 25 14:49:41 IST 2026, lastUpdateTimeNanos=165479593272300}
2026-03-25 14:49:41 [cluster-ClusterId{value='69c3a8ad4586e2dac536086e', description='null'}-ac-aoerbz6-shard-00-01.en0pykp.mongodb.net:27017] INFO  org.mongodb.driver.cluster - Monitor thread successfully connected to server with description ServerDescription{address=ac-aoerbz6-shard-00-01.en0pykp.mongodb.net:27017, type=REPLICA_SET_SECONDARY, cryptd=false, state=CONNECTED, ok=true, minWireVersion=0, maxWireVersion=25, maxDocumentSize=16777216, logicalSessionTimeoutMinutes=30, roundTripTimeNanos=274686100, minRoundTripTimeNanos=0, setName='atlas-zt48hn-shard-0', canonicalAddress=ac-aoerbz6-shard-00-01.en0pykp.mongodb.net:27017, hosts=[ac-aoerbz6-shard-00-01.en0pykp.mongodb.net:27017, ac-aoerbz6-shard-00-00.en0pykp.mongodb.net:27017, ac-aoerbz6-shard-00-02.en0pykp.mongodb.net:27017], passives=[], arbiters=[], primary='ac-aoerbz6-shard-00-02.en0pykp.mongodb.net:27017', tagSet=TagSet{[Tag{name='availabilityZone', value='aps1-az3'}, Tag{name='diskState', value='READY'}, Tag{name='nodeType', value='ELECTABLE'}, Tag{name='provider', value='AWS'}, Tag{name='region', value='AP_SOUTH_1'}, Tag{name='workloadType', value='OPERATIONAL'}]}, electionId=null, setVersion=391, topologyVersion=TopologyVersion{processId=69b85ccb4b84e800f9f6512d, counter=3}, lastWriteDate=Wed Mar 25 14:49:41 IST 2026, lastUpdateTimeNanos=165479593272300}
2026-03-25 14:49:41 [cluster-ClusterId{value='69c3a8ad4586e2dac536086e', description='null'}-ac-aoerbz6-shard-00-00.en0pykp.mongodb.net:27017] INFO  org.mongodb.driver.cluster - Monitor thread successfully connected to server with description ServerDescription{address=ac-aoerbz6-shard-00-00.en0pykp.mongodb.net:27017, type=REPLICA_SET_SECONDARY, cryptd=false, state=CONNECTED, ok=true, minWireVersion=0, maxWireVersion=25, maxDocumentSize=16777216, logicalSessionTimeoutMinutes=30, roundTripTimeNanos=268471400, minRoundTripTimeNanos=0, setName='atlas-zt48hn-shard-0', canonicalAddress=ac-aoerbz6-shard-00-00.en0pykp.mongodb.net:27017, hosts=[ac-aoerbz6-shard-00-01.en0pykp.mongodb.net:27017, ac-aoerbz6-shard-00-00.en0pykp.mongodb.net:27017, ac-aoerbz6-shard-00-02.en0pykp.mongodb.net:27017], passives=[], arbiters=[], primary='ac-aoerbz6-shard-00-02.en0pykp.mongodb.net:27017', tagSet=TagSet{[Tag{name='availabilityZone', value='aps1-az1'}, Tag{name='diskState', value='READY'}, Tag{name='nodeType', value='ELECTABLE'}, Tag{name='provider', value='AWS'}, Tag{name='region', value='AP_SOUTH_1'}, Tag{name='workloadType', value='OPERATIONAL'}]}, electionId=null, setVersion=391, topologyVersion=TopologyVersion{processId=69b855abb14686967b76fdd6, counter=4}, lastWriteDate=Wed Mar 25 14:49:41 IST 2026, lastUpdateTimeNanos=165479593313800}
2026-03-25 14:49:41 [cluster-ClusterId{value='69c3a8ad4586e2dac536086e', description='null'}-ac-aoerbz6-shard-00-02.en0pykp.mongodb.net:27017] INFO  org.mongodb.driver.cluster - Discovered replica set primary ac-aoerbz6-shard-00-02.en0pykp.mongodb.net:27017 with max election id 7fffffff0000000000000156 and max set version 391
2026-03-25 14:49:42 [main] WARN  com.password4j.PropertyReader - bcrypt minor version is not defined. Default value is used (b). Please set property hash.bcrypt.minor in your psw4j.properties file.
2026-03-25 14:49:42 [main] WARN  com.password4j.PropertyReader - bcrypt rounds are not defined. Default value is used (10). Please set property hash.bcrypt.rounds in your psw4j.properties file.
2026-03-25 14:49:42 [main] INFO  org.springframework.security.config.annotation.authentication.configuration.InitializeUserDetailsBeanManagerConfigurer$InitializeUserDetailsManagerConfigurer - Global AuthenticationManager configured with UserDetailsService bean with name userDetailsImpl
2026-03-25 14:49:42 [main] INFO  org.apache.coyote.http11.Http11NioProtocol - Starting ProtocolHandler ["http-nio-8080"]
2026-03-25 14:49:42 [main] INFO  org.springframework.boot.tomcat.TomcatWebServer - Tomcat started on port 8080 (http) with context path '/'
2026-03-25 14:49:42 [main] INFO  com.example.BookingApplication.BookingApplication - Started BookingApplication in 2.469 seconds (process running for 3.2)
2026-03-25 14:49:48 [http-nio-8080-exec-1] INFO  org.apache.catalina.core.ContainerBase.[Tomcat].[localhost].[/] - Initializing Spring DispatcherServlet 'dispatcherServlet'
2026-03-25 14:49:48 [http-nio-8080-exec-1] INFO  org.springframework.web.servlet.DispatcherServlet - Initializing Servlet 'dispatcherServlet'
2026-03-25 14:49:48 [http-nio-8080-exec-1] INFO  org.springframework.web.servlet.DispatcherServlet - Completed initialization in 1 ms
2026-03-25 14:49:48 [http-nio-8080-exec-1] WARN  org.springframework.web.servlet.handler.HandlerMappingIntrospector - Cache miss for REQUEST dispatch to '/Booking/new' (previous null). Performing CorsConfiguration lookup. This is logged once only at WARN level, and every time at TRACE.
2026-03-25 14:52:16 [SpringApplicationShutdownHook] INFO  org.springframework.boot.tomcat.GracefulShutdown - Commencing graceful shutdown. Waiting for active requests to complete
2026-03-25 14:52:16 [tomcat-shutdown] INFO  org.springframework.boot.tomcat.GracefulShutdown - Graceful shutdown complete
2026-03-25 14:53:56 [main] INFO  com.example.BookingApplication.BookingApplication - Starting BookingApplication using Java 21.0.7 with PID 2272 (C:\Users\ADMIN\Downloads\BookingApplication\BookingApplication\target\classes started by ADMIN in C:\Users\ADMIN\Downloads\BookingApplication)
2026-03-25 14:53:56 [main] INFO  com.example.BookingApplication.BookingApplication - No active profile set, falling back to 1 default profile: "default"
2026-03-25 14:53:57 [main] INFO  org.springframework.data.repository.config.RepositoryConfigurationDelegate - Multiple Spring Data modules found, entering strict repository configuration mode
2026-03-25 14:53:57 [main] INFO  org.springframework.data.repository.config.RepositoryConfigurationDelegate - Bootstrapping Spring Data MongoDB repositories in DEFAULT mode.
2026-03-25 14:53:57 [main] INFO  org.springframework.data.repository.config.RepositoryConfigurationDelegate - Finished Spring Data repository scanning in 81 ms. Found 3 MongoDB repository interfaces.
2026-03-25 14:53:57 [main] INFO  org.springframework.data.repository.config.RepositoryConfigurationDelegate - Multiple Spring Data modules found, entering strict repository configuration mode
2026-03-25 14:53:57 [main] INFO  org.springframework.data.repository.config.RepositoryConfigurationDelegate - Bootstrapping Spring Data Redis repositories in DEFAULT mode.
2026-03-25 14:53:57 [main] INFO  org.springframework.data.repository.config.RepositoryConfigurationExtensionSupport - Spring Data Redis - Could not safely identify store assignment for repository candidate interface com.example.BookingApplication.Repositories.BookingsRepository; If you want this repository to be a Redis repository, consider annotating your entities with one of these annotations: org.springframework.data.redis.core.RedisHash (preferred), or consider extending one of the following types with your repository: org.springframework.data.keyvalue.repository.KeyValueRepository
2026-03-25 14:53:57 [main] INFO  org.springframework.data.repository.config.RepositoryConfigurationExtensionSupport - Spring Data Redis - Could not safely identify store assignment for repository candidate interface com.example.BookingApplication.Repositories.StudioRepository; If you want this repository to be a Redis repository, consider annotating your entities with one of these annotations: org.springframework.data.redis.core.RedisHash (preferred), or consider extending one of the following types with your repository: org.springframework.data.keyvalue.repository.KeyValueRepository
2026-03-25 14:53:57 [main] INFO  org.springframework.data.repository.config.RepositoryConfigurationExtensionSupport - Spring Data Redis - Could not safely identify store assignment for repository candidate interface com.example.BookingApplication.Repositories.UserRepository; If you want this repository to be a Redis repository, consider annotating your entities with one of these annotations: org.springframework.data.redis.core.RedisHash (preferred), or consider extending one of the following types with your repository: org.springframework.data.keyvalue.repository.KeyValueRepository
2026-03-25 14:53:57 [main] INFO  org.springframework.data.repository.config.RepositoryConfigurationDelegate - Finished Spring Data repository scanning in 5 ms. Found 0 Redis repository interfaces.
2026-03-25 14:53:57 [main] INFO  org.springframework.boot.tomcat.TomcatWebServer - Tomcat initialized with port 8080 (http)
2026-03-25 14:53:57 [main] INFO  org.apache.coyote.http11.Http11NioProtocol - Initializing ProtocolHandler ["http-nio-8080"]
2026-03-25 14:53:57 [main] INFO  org.apache.catalina.core.StandardService - Starting service [Tomcat]
2026-03-25 14:53:57 [main] INFO  org.apache.catalina.core.StandardEngine - Starting Servlet engine: [Apache Tomcat/11.0.18]
2026-03-25 14:53:57 [main] INFO  org.springframework.boot.web.context.servlet.WebApplicationContextInitializer - Root WebApplicationContext: initialization completed in 1001 ms
2026-03-25 14:53:58 [main] INFO  org.mongodb.driver.client - MongoClient with metadata {"driver": {"name": "mongo-java-driver|spring-boot|sync", "version": "5.6.4"}, "os": {"type": "Windows", "name": "Windows 11", "architecture": "amd64", "version": "10.0"}, "platform": "Java/Oracle Corporation/21.0.7+8-LTS-245"} created with settings MongoClientSettings{readPreference=primary, writeConcern=WriteConcern{w=majority, wTimeout=null ms, journal=null}, retryWrites=true, retryReads=true, readConcern=ReadConcern{level=null}, credential=MongoCredential{mechanism=null, userName='root', source='admin', password=<hidden>, mechanismProperties=<hidden>}, transportSettings=null, commandListeners=[], codecRegistry=ProvidersCodecRegistry{codecProviders=[ValueCodecProvider{}, BsonValueCodecProvider{}, DBRefCodecProvider{}, DBObjectCodecProvider{}, DocumentCodecProvider{}, CollectionCodecProvider{}, IterableCodecProvider{}, MapCodecProvider{}, GeoJsonCodecProvider{}, GridFSFileCodecProvider{}, Jsr310CodecProvider{}, JsonObjectCodecProvider{}, BsonCodecProvider{}, com.mongodb.client.model.mql.ExpressionCodecProvider@9a9aa68, com.mongodb.Jep395RecordCodecProvider@3a3883c4, com.mongodb.KotlinCodecProvider@1537e43, EnumCodecProvider{}]}, loggerSettings=LoggerSettings{maxDocumentLength=1000}, clusterSettings={hosts=[127.0.0.1:27017], srvHost=cluster0.en0pykp.mongodb.net, srvServiceName=mongodb, mode=MULTIPLE, requiredClusterType=REPLICA_SET, requiredReplicaSetName='atlas-zt48hn-shard-0', serverSelector='null', clusterListeners='[]', serverSelectionTimeout='30000 ms', localThreshold='15 ms'}, socketSettings=SocketSettings{connectTimeoutMS=10000, readTimeoutMS=0, receiveBufferSize=0, proxySettings=ProxySettings{host=null, port=null, username=null, password=null}}, heartbeatSocketSettings=SocketSettings{connectTimeoutMS=10000, readTimeoutMS=10000, receiveBufferSize=0, proxySettings=ProxySettings{host=null, port=null, username=null, password=null}}, connectionPoolSettings=ConnectionPoolSettings{maxSize=100, minSize=0, maxWaitTimeMS=120000, maxConnectionLifeTimeMS=0, maxConnectionIdleTimeMS=0, maintenanceInitialDelayMS=0, maintenanceFrequencyMS=60000, connectionPoolListeners=[], maxConnecting=2}, serverSettings=ServerSettings{heartbeatFrequencyMS=10000, minHeartbeatFrequencyMS=500, serverMonitoringMode=AUTO, serverListeners='[]', serverMonitorListeners='[]'}, sslSettings=SslSettings{enabled=true, invalidHostNameAllowed=false, context=null}, applicationName='null', compressorList=[], uuidRepresentation=UNSPECIFIED, serverApi=null, autoEncryptionSettings=null, dnsClient=null, inetAddressResolver=null, contextProvider=null, timeoutMS=null}
2026-03-25 14:53:58 [cluster-ClusterId{value='69c3a9aee7275b854e837f2a', description='null'}-srv-cluster0.en0pykp.mongodb.net] INFO  org.mongodb.driver.cluster - Adding discovered server ac-aoerbz6-shard-00-01.en0pykp.mongodb.net:27017 to client view of cluster
2026-03-25 14:53:58 [cluster-ClusterId{value='69c3a9aee7275b854e837f2a', description='null'}-srv-cluster0.en0pykp.mongodb.net] INFO  org.mongodb.driver.cluster - Adding discovered server ac-aoerbz6-shard-00-00.en0pykp.mongodb.net:27017 to client view of cluster
2026-03-25 14:53:58 [cluster-ClusterId{value='69c3a9aee7275b854e837f2a', description='null'}-srv-cluster0.en0pykp.mongodb.net] INFO  org.mongodb.driver.cluster - Adding discovered server ac-aoerbz6-shard-00-02.en0pykp.mongodb.net:27017 to client view of cluster
2026-03-25 14:53:58 [cluster-ClusterId{value='69c3a9aee7275b854e837f2a', description='null'}-ac-aoerbz6-shard-00-01.en0pykp.mongodb.net:27017] INFO  org.mongodb.driver.cluster - Monitor thread successfully connected to server with description ServerDescription{address=ac-aoerbz6-shard-00-01.en0pykp.mongodb.net:27017, type=REPLICA_SET_SECONDARY, cryptd=false, state=CONNECTED, ok=true, minWireVersion=0, maxWireVersion=25, maxDocumentSize=16777216, logicalSessionTimeoutMinutes=30, roundTripTimeNanos=239454200, minRoundTripTimeNanos=0, setName='atlas-zt48hn-shard-0', canonicalAddress=ac-aoerbz6-shard-00-01.en0pykp.mongodb.net:27017, hosts=[ac-aoerbz6-shard-00-01.en0pykp.mongodb.net:27017, ac-aoerbz6-shard-00-00.en0pykp.mongodb.net:27017, ac-aoerbz6-shard-00-02.en0pykp.mongodb.net:27017], passives=[], arbiters=[], primary='ac-aoerbz6-shard-00-02.en0pykp.mongodb.net:27017', tagSet=TagSet{[Tag{name='availabilityZone', value='aps1-az3'}, Tag{name='diskState', value='READY'}, Tag{name='nodeType', value='ELECTABLE'}, Tag{name='provider', value='AWS'}, Tag{name='region', value='AP_SOUTH_1'}, Tag{name='workloadType', value='OPERATIONAL'}]}, electionId=null, setVersion=391, topologyVersion=TopologyVersion{processId=69b85ccb4b84e800f9f6512d, counter=3}, lastWriteDate=Wed Mar 25 14:53:57 IST 2026, lastUpdateTimeNanos=165736159412200}
2026-03-25 14:53:58 [cluster-ClusterId{value='69c3a9aee7275b854e837f2a', description='null'}-ac-aoerbz6-shard-00-00.en0pykp.mongodb.net:27017] INFO  org.mongodb.driver.cluster - Monitor thread successfully connected to server with description ServerDescription{address=ac-aoerbz6-shard-00-00.en0pykp.mongodb.net:27017, type=REPLICA_SET_SECONDARY, cryptd=false, state=CONNECTED, ok=true, minWireVersion=0, maxWireVersion=25, maxDocumentSize=16777216, logicalSessionTimeoutMinutes=30, roundTripTimeNanos=241101000, minRoundTripTimeNanos=0, setName='atlas-zt48hn-shard-0', canonicalAddress=ac-aoerbz6-shard-00-00.en0pykp.mongodb.net:27017, hosts=[ac-aoerbz6-shard-00-01.en0pykp.mongodb.net:27017, ac-aoerbz6-shard-00-00.en0pykp.mongodb.net:27017, ac-aoerbz6-shard-00-02.en0pykp.mongodb.net:27017], passives=[], arbiters=[], primary='ac-aoerbz6-shard-00-02.en0pykp.mongodb.net:27017', tagSet=TagSet{[Tag{name='availabilityZone', value='aps1-az1'}, Tag{name='diskState', value='READY'}, Tag{name='nodeType', value='ELECTABLE'}, Tag{name='provider', value='AWS'}, Tag{name='region', value='AP_SOUTH_1'}, Tag{name='workloadType', value='OPERATIONAL'}]}, electionId=null, setVersion=391, topologyVersion=TopologyVersion{processId=69b855abb14686967b76fdd6, counter=4}, lastWriteDate=Wed Mar 25 14:53:57 IST 2026, lastUpdateTimeNanos=165736159412200}
2026-03-25 14:53:58 [cluster-ClusterId{value='69c3a9aee7275b854e837f2a', description='null'}-ac-aoerbz6-shard-00-02.en0pykp.mongodb.net:27017] INFO  org.mongodb.driver.cluster - Monitor thread successfully connected to server with description ServerDescription{address=ac-aoerbz6-shard-00-02.en0pykp.mongodb.net:27017, type=REPLICA_SET_PRIMARY, cryptd=false, state=CONNECTED, ok=true, minWireVersion=0, maxWireVersion=25, maxDocumentSize=16777216, logicalSessionTimeoutMinutes=30, roundTripTimeNanos=240139800, minRoundTripTimeNanos=0, setName='atlas-zt48hn-shard-0', canonicalAddress=ac-aoerbz6-shard-00-02.en0pykp.mongodb.net:27017, hosts=[ac-aoerbz6-shard-00-01.en0pykp.mongodb.net:27017, ac-aoerbz6-shard-00-00.en0pykp.mongodb.net:27017, ac-aoerbz6-shard-00-02.en0pykp.mongodb.net:27017], passives=[], arbiters=[], primary='ac-aoerbz6-shard-00-02.en0pykp.mongodb.net:27017', tagSet=TagSet{[Tag{name='availabilityZone', value='aps1-az2'}, Tag{name='diskState', value='READY'}, Tag{name='nodeType', value='ELECTABLE'}, Tag{name='provider', value='AWS'}, Tag{name='region', value='AP_SOUTH_1'}, Tag{name='workloadType', value='OPERATIONAL'}]}, electionId=7fffffff0000000000000156, setVersion=391, topologyVersion=TopologyVersion{processId=69b859a89b4f2018f8b26ac6, counter=6}, lastWriteDate=Wed Mar 25 14:53:57 IST 2026, lastUpdateTimeNanos=165736159412200}
2026-03-25 14:53:58 [cluster-ClusterId{value='69c3a9aee7275b854e837f2a', description='null'}-ac-aoerbz6-shard-00-02.en0pykp.mongodb.net:27017] INFO  org.mongodb.driver.cluster - Discovered replica set primary ac-aoerbz6-shard-00-02.en0pykp.mongodb.net:27017 with max election id 7fffffff0000000000000156 and max set version 391
2026-03-25 14:53:58 [main] WARN  com.password4j.PropertyReader - bcrypt minor version is not defined. Default value is used (b). Please set property hash.bcrypt.minor in your psw4j.properties file.
2026-03-25 14:53:58 [main] WARN  com.password4j.PropertyReader - bcrypt rounds are not defined. Default value is used (10). Please set property hash.bcrypt.rounds in your psw4j.properties file.
2026-03-25 14:53:58 [main] INFO  org.springframework.security.config.annotation.authentication.configuration.InitializeUserDetailsBeanManagerConfigurer$InitializeUserDetailsManagerConfigurer - Global AuthenticationManager configured with UserDetailsService bean with name userDetailsImpl
2026-03-25 14:53:59 [main] INFO  org.apache.coyote.http11.Http11NioProtocol - Starting ProtocolHandler ["http-nio-8080"]
2026-03-25 14:53:59 [main] INFO  org.springframework.boot.tomcat.TomcatWebServer - Tomcat started on port 8080 (http) with context path '/'
2026-03-25 14:53:59 [main] INFO  com.example.BookingApplication.BookingApplication - Started BookingApplication in 2.634 seconds (process running for 3.136)
2026-03-25 14:54:01 [http-nio-8080-exec-1] INFO  org.apache.catalina.core.ContainerBase.[Tomcat].[localhost].[/] - Initializing Spring DispatcherServlet 'dispatcherServlet'
2026-03-25 14:54:01 [http-nio-8080-exec-1] INFO  org.springframework.web.servlet.DispatcherServlet - Initializing Servlet 'dispatcherServlet'
2026-03-25 14:54:01 [http-nio-8080-exec-1] INFO  org.springframework.web.servlet.DispatcherServlet - Completed initialization in 1 ms
2026-03-25 14:54:01 [http-nio-8080-exec-2] WARN  org.springframework.web.servlet.handler.HandlerMappingIntrospector - Cache miss for REQUEST dispatch to '/getstarted/List' (previous null). Performing CorsConfiguration lookup. This is logged once only at WARN level, and every time at TRACE.
2026-03-25 15:06:26 [http-nio-8080-exec-3] ERROR org.apache.catalina.core.ContainerBase.[Tomcat].[localhost].[/].[dispatcherServlet] - Servlet.service() for servlet [dispatcherServlet] in context with path [] threw exception [Request processing failed: java.lang.NullPointerException: Cannot invoke "com.google.gson.JsonElement.getAsString()" because the return value of "com.google.gson.JsonObject.get(String)" is null] with root cause
java.lang.NullPointerException: Cannot invoke "com.google.gson.JsonElement.getAsString()" because the return value of "com.google.gson.JsonObject.get(String)" is null
	at com.example.BookingApplication.Controllers.WebhookController.handleWebhook(WebhookController.java:60)
	at java.base/jdk.internal.reflect.DirectMethodHandleAccessor.invoke(DirectMethodHandleAccessor.java:103)
	at java.base/java.lang.reflect.Method.invoke(Method.java:580)
	at org.springframework.web.method.support.InvocableHandlerMethod.doInvoke(InvocableHandlerMethod.java:252)
	at org.springframework.web.method.support.InvocableHandlerMethod.invokeForRequest(InvocableHandlerMethod.java:184)
	at org.springframework.web.servlet.mvc.method.annotation.ServletInvocableHandlerMethod.invokeAndHandle(ServletInvocableHandlerMethod.java:117)
	at org.springframework.web.servlet.mvc.method.annotation.RequestMappingHandlerAdapter.invokeHandlerMethod(RequestMappingHandlerAdapter.java:934)
	at org.springframework.web.servlet.mvc.method.annotation.RequestMappingHandlerAdapter.handleInternal(RequestMappingHandlerAdapter.java:853)
	at org.springframework.web.servlet.mvc.method.AbstractHandlerMethodAdapter.handle(AbstractHandlerMethodAdapter.java:86)
	at org.springframework.web.servlet.DispatcherServlet.doDispatch(DispatcherServlet.java:963)
	at org.springframework.web.servlet.DispatcherServlet.doService(DispatcherServlet.java:866)
	at org.springframework.web.servlet.FrameworkServlet.processRequest(FrameworkServlet.java:1000)
	at org.springframework.web.servlet.FrameworkServlet.doPost(FrameworkServlet.java:903)
	at jakarta.servlet.http.HttpServlet.service(HttpServlet.java:649)
	at org.springframework.web.servlet.FrameworkServlet.service(FrameworkServlet.java:874)
	at jakarta.servlet.http.HttpServlet.service(HttpServlet.java:710)
	at org.apache.catalina.core.ApplicationFilterChain.doFilter(ApplicationFilterChain.java:128)
	at org.apache.tomcat.websocket.server.WsFilter.doFilter(WsFilter.java:53)
	at org.apache.catalina.core.ApplicationFilterChain.doFilter(ApplicationFilterChain.java:107)
	at org.springframework.web.filter.OncePerRequestFilter.doFilter(OncePerRequestFilter.java:110)
	at org.apache.catalina.core.ApplicationFilterChain.doFilter(ApplicationFilterChain.java:107)
	at org.springframework.web.filter.CompositeFilter$VirtualFilterChain.doFilter(CompositeFilter.java:108)
	at org.springframework.security.web.FilterChainProxy.lambda$doFilterInternal$3(FilterChainProxy.java:235)
	at org.springframework.security.web.FilterChainProxy$VirtualFilterChain.doFilter(FilterChainProxy.java:371)
	at org.springframework.security.web.access.intercept.AuthorizationFilter.doFilter(AuthorizationFilter.java:101)
	at org.springframework.security.web.FilterChainProxy$VirtualFilterChain.doFilter(FilterChainProxy.java:380)
	at org.springframework.security.web.access.ExceptionTranslationFilter.doFilter(ExceptionTranslationFilter.java:126)
	at org.springframework.security.web.access.ExceptionTranslationFilter.doFilter(ExceptionTranslationFilter.java:120)
	at org.springframework.security.web.FilterChainProxy$VirtualFilterChain.doFilter(FilterChainProxy.java:380)
	at org.springframework.security.web.authentication.AnonymousAuthenticationFilter.doFilter(AnonymousAuthenticationFilter.java:100)
	at org.springframework.security.web.FilterChainProxy$VirtualFilterChain.doFilter(FilterChainProxy.java:380)
	at org.springframework.security.web.servletapi.SecurityContextHolderAwareRequestFilter.doFilter(SecurityContextHolderAwareRequestFilter.java:181)
	at org.springframework.security.web.FilterChainProxy$VirtualFilterChain.doFilter(FilterChainProxy.java:380)
	at org.springframework.security.web.savedrequest.RequestCacheAwareFilter.doFilter(RequestCacheAwareFilter.java:63)
	at org.springframework.security.web.FilterChainProxy$VirtualFilterChain.doFilter(FilterChainProxy.java:380)
	at com.example.BookingApplication.Filter.Filterjwt.doFilterInternal(Filterjwt.java:51)
	at org.springframework.web.filter.OncePerRequestFilter.doFilter(OncePerRequestFilter.java:116)
	at org.springframework.security.web.FilterChainProxy$VirtualFilterChain.doFilter(FilterChainProxy.java:380)
	at org.springframework.security.web.authentication.logout.LogoutFilter.doFilter(LogoutFilter.java:110)
	at org.springframework.security.web.authentication.logout.LogoutFilter.doFilter(LogoutFilter.java:96)
	at org.springframework.security.web.FilterChainProxy$VirtualFilterChain.doFilter(FilterChainProxy.java:380)
	at org.springframework.web.filter.CorsFilter.doFilterInternal(CorsFilter.java:91)
	at org.springframework.web.filter.OncePerRequestFilter.doFilter(OncePerRequestFilter.java:116)
	at org.springframework.security.web.FilterChainProxy$VirtualFilterChain.doFilter(FilterChainProxy.java:380)
	at org.springframework.security.web.header.HeaderWriterFilter.doHeadersAfter(HeaderWriterFilter.java:90)
	at org.springframework.security.web.header.HeaderWriterFilter.doFilterInternal(HeaderWriterFilter.java:75)
	at org.springframework.web.filter.OncePerRequestFilter.doFilter(OncePerRequestFilter.java:116)
	at org.springframework.security.web.FilterChainProxy$VirtualFilterChain.doFilter(FilterChainProxy.java:380)
	at org.springframework.security.web.context.SecurityContextHolderFilter.doFilter(SecurityContextHolderFilter.java:82)
	at org.springframework.security.web.context.SecurityContextHolderFilter.doFilter(SecurityContextHolderFilter.java:69)
	at org.springframework.security.web.FilterChainProxy$VirtualFilterChain.doFilter(FilterChainProxy.java:380)
	at org.springframework.security.web.context.request.async.WebAsyncManagerIntegrationFilter.doFilterInternal(WebAsyncManagerIntegrationFilter.java:62)
	at org.springframework.web.filter.OncePerRequestFilter.doFilter(OncePerRequestFilter.java:116)
	at org.springframework.security.web.FilterChainProxy$VirtualFilterChain.doFilter(FilterChainProxy.java:380)
	at org.springframework.security.web.session.DisableEncodeUrlFilter.doFilterInternal(DisableEncodeUrlFilter.java:42)
	at org.springframework.web.filter.OncePerRequestFilter.doFilter(OncePerRequestFilter.java:116)
	at org.springframework.security.web.FilterChainProxy$VirtualFilterChain.doFilter(FilterChainProxy.java:380)
	at org.springframework.security.web.FilterChainProxy.doFilterInternal(FilterChainProxy.java:237)
	at org.springframework.security.web.FilterChainProxy.doFilter(FilterChainProxy.java:195)
	at org.springframework.web.filter.CompositeFilter$VirtualFilterChain.doFilter(CompositeFilter.java:113)
	at org.springframework.web.filter.ServletRequestPathFilter.doFilter(ServletRequestPathFilter.java:52)
	at org.springframework.web.filter.CompositeFilter$VirtualFilterChain.doFilter(CompositeFilter.java:113)
	at org.springframework.web.filter.CompositeFilter.doFilter(CompositeFilter.java:74)
	at org.springframework.security.config.annotation.web.configuration.WebSecurityConfiguration$CompositeFilterChainProxy.doFilter(WebSecurityConfiguration.java:317)
	at org.springframework.web.filter.DelegatingFilterProxy.invokeDelegate(DelegatingFilterProxy.java:355)
	at org.springframework.web.filter.DelegatingFilterProxy.doFilter(DelegatingFilterProxy.java:272)
	at org.apache.catalina.core.ApplicationFilterChain.doFilter(ApplicationFilterChain.java:107)
	at org.springframework.web.filter.RequestContextFilter.doFilterInternal(RequestContextFilter.java:100)
	at org.springframework.web.filter.OncePerRequestFilter.doFilter(OncePerRequestFilter.java:116)
	at org.apache.catalina.core.ApplicationFilterChain.doFilter(ApplicationFilterChain.java:107)
	at org.springframework.web.filter.FormContentFilter.doFilterInternal(FormContentFilter.java:93)
	at org.springframework.web.filter.OncePerRequestFilter.doFilter(OncePerRequestFilter.java:116)
	at org.apache.catalina.core.ApplicationFilterChain.doFilter(ApplicationFilterChain.java:107)
	at org.springframework.web.filter.CharacterEncodingFilter.doFilterInternal(CharacterEncodingFilter.java:199)
	at org.springframework.web.filter.OncePerRequestFilter.doFilter(OncePerRequestFilter.java:116)
	at org.apache.catalina.core.ApplicationFilterChain.doFilter(ApplicationFilterChain.java:107)
	at org.apache.catalina.core.StandardWrapperValve.invoke(StandardWrapperValve.java:165)
	at org.apache.catalina.core.StandardContextValve.invoke(StandardContextValve.java:77)
	at org.apache.catalina.authenticator.AuthenticatorBase.invoke(AuthenticatorBase.java:492)
	at org.apache.catalina.core.StandardHostValve.invoke(StandardHostValve.java:113)
	at org.apache.catalina.valves.ErrorReportValve.invoke(ErrorReportValve.java:83)
	at org.apache.catalina.core.StandardEngineValve.invoke(StandardEngineValve.java:72)
	at org.apache.catalina.connector.CoyoteAdapter.service(CoyoteAdapter.java:341)
	at org.apache.coyote.http11.Http11Processor.service(Http11Processor.java:397)
	at org.apache.coyote.AbstractProcessorLight.process(AbstractProcessorLight.java:63)
	at org.apache.coyote.AbstractProtocol$ConnectionHandler.process(AbstractProtocol.java:903)
	at org.apache.tomcat.util.net.NioEndpoint$SocketProcessor.doRun(NioEndpoint.java:1779)
	at org.apache.tomcat.util.net.SocketProcessorBase.run(SocketProcessorBase.java:52)
	at org.apache.tomcat.util.threads.ThreadPoolExecutor.runWorker(ThreadPoolExecutor.java:946)
	at org.apache.tomcat.util.threads.ThreadPoolExecutor$Worker.run(ThreadPoolExecutor.java:480)
	at org.apache.tomcat.util.threads.TaskThread$WrappingRunnable.run(TaskThread.java:57)
	at java.base/java.lang.Thread.run(Thread.java:1583)
2026-03-25 15:08:54 [SpringApplicationShutdownHook] INFO  org.springframework.boot.tomcat.GracefulShutdown - Commencing graceful shutdown. Waiting for active requests to complete
2026-03-25 15:08:54 [tomcat-shutdown] INFO  org.springframework.boot.tomcat.GracefulShutdown - Graceful shutdown complete
2026-03-25 15:11:26 [main] INFO  com.example.BookingApplication.BookingApplication - Starting BookingApplication using Java 21.0.7 with PID 8956 (C:\Users\ADMIN\Downloads\BookingApplication\BookingApplication\target\classes started by ADMIN in C:\Users\ADMIN\Downloads\BookingApplication)
2026-03-25 15:11:26 [main] INFO  com.example.BookingApplication.BookingApplication - No active profile set, falling back to 1 default profile: "default"
2026-03-25 15:11:26 [main] INFO  org.springframework.data.repository.config.RepositoryConfigurationDelegate - Multiple Spring Data modules found, entering strict repository configuration mode
2026-03-25 15:11:26 [main] INFO  org.springframework.data.repository.config.RepositoryConfigurationDelegate - Bootstrapping Spring Data MongoDB repositories in DEFAULT mode.
2026-03-25 15:11:26 [main] INFO  org.springframework.data.repository.config.RepositoryConfigurationDelegate - Finished Spring Data repository scanning in 77 ms. Found 3 MongoDB repository interfaces.
2026-03-25 15:11:26 [main] INFO  org.springframework.data.repository.config.RepositoryConfigurationDelegate - Multiple Spring Data modules found, entering strict repository configuration mode
2026-03-25 15:11:26 [main] INFO  org.springframework.data.repository.config.RepositoryConfigurationDelegate - Bootstrapping Spring Data Redis repositories in DEFAULT mode.
2026-03-25 15:11:26 [main] INFO  org.springframework.data.repository.config.RepositoryConfigurationExtensionSupport - Spring Data Redis - Could not safely identify store assignment for repository candidate interface com.example.BookingApplication.Repositories.BookingsRepository; If you want this repository to be a Redis repository, consider annotating your entities with one of these annotations: org.springframework.data.redis.core.RedisHash (preferred), or consider extending one of the following types with your repository: org.springframework.data.keyvalue.repository.KeyValueRepository
2026-03-25 15:11:26 [main] INFO  org.springframework.data.repository.config.RepositoryConfigurationExtensionSupport - Spring Data Redis - Could not safely identify store assignment for repository candidate interface com.example.BookingApplication.Repositories.StudioRepository; If you want this repository to be a Redis repository, consider annotating your entities with one of these annotations: org.springframework.data.redis.core.RedisHash (preferred), or consider extending one of the following types with your repository: org.springframework.data.keyvalue.repository.KeyValueRepository
2026-03-25 15:11:26 [main] INFO  org.springframework.data.repository.config.RepositoryConfigurationExtensionSupport - Spring Data Redis - Could not safely identify store assignment for repository candidate interface com.example.BookingApplication.Repositories.UserRepository; If you want this repository to be a Redis repository, consider annotating your entities with one of these annotations: org.springframework.data.redis.core.RedisHash (preferred), or consider extending one of the following types with your repository: org.springframework.data.keyvalue.repository.KeyValueRepository
2026-03-25 15:11:26 [main] INFO  org.springframework.data.repository.config.RepositoryConfigurationDelegate - Finished Spring Data repository scanning in 5 ms. Found 0 Redis repository interfaces.
2026-03-25 15:11:27 [main] INFO  org.springframework.boot.tomcat.TomcatWebServer - Tomcat initialized with port 8080 (http)
2026-03-25 15:11:27 [main] INFO  org.apache.coyote.http11.Http11NioProtocol - Initializing ProtocolHandler ["http-nio-8080"]
2026-03-25 15:11:27 [main] INFO  org.apache.catalina.core.StandardService - Starting service [Tomcat]
2026-03-25 15:11:27 [main] INFO  org.apache.catalina.core.StandardEngine - Starting Servlet engine: [Apache Tomcat/11.0.18]
2026-03-25 15:11:27 [main] INFO  org.springframework.boot.web.context.servlet.WebApplicationContextInitializer - Root WebApplicationContext: initialization completed in 998 ms
2026-03-25 15:11:27 [cluster-ClusterId{value='69c3adc71f1df58c2a447266', description='null'}-srv-cluster0.en0pykp.mongodb.net] INFO  org.mongodb.driver.cluster - Adding discovered server ac-aoerbz6-shard-00-01.en0pykp.mongodb.net:27017 to client view of cluster
2026-03-25 15:11:27 [main] INFO  org.mongodb.driver.client - MongoClient with metadata {"driver": {"name": "mongo-java-driver|spring-boot|sync", "version": "5.6.4"}, "os": {"type": "Windows", "name": "Windows 11", "architecture": "amd64", "version": "10.0"}, "platform": "Java/Oracle Corporation/21.0.7+8-LTS-245"} created with settings MongoClientSettings{readPreference=primary, writeConcern=WriteConcern{w=majority, wTimeout=null ms, journal=null}, retryWrites=true, retryReads=true, readConcern=ReadConcern{level=null}, credential=MongoCredential{mechanism=null, userName='root', source='admin', password=<hidden>, mechanismProperties=<hidden>}, transportSettings=null, commandListeners=[], codecRegistry=ProvidersCodecRegistry{codecProviders=[ValueCodecProvider{}, BsonValueCodecProvider{}, DBRefCodecProvider{}, DBObjectCodecProvider{}, DocumentCodecProvider{}, CollectionCodecProvider{}, IterableCodecProvider{}, MapCodecProvider{}, GeoJsonCodecProvider{}, GridFSFileCodecProvider{}, Jsr310CodecProvider{}, JsonObjectCodecProvider{}, BsonCodecProvider{}, com.mongodb.client.model.mql.ExpressionCodecProvider@77aea, com.mongodb.Jep395RecordCodecProvider@73e4bb60, com.mongodb.KotlinCodecProvider@9a9aa68, EnumCodecProvider{}]}, loggerSettings=LoggerSettings{maxDocumentLength=1000}, clusterSettings={hosts=[127.0.0.1:27017], srvHost=cluster0.en0pykp.mongodb.net, srvServiceName=mongodb, mode=MULTIPLE, requiredClusterType=REPLICA_SET, requiredReplicaSetName='atlas-zt48hn-shard-0', serverSelector='null', clusterListeners='[]', serverSelectionTimeout='30000 ms', localThreshold='15 ms'}, socketSettings=SocketSettings{connectTimeoutMS=10000, readTimeoutMS=0, receiveBufferSize=0, proxySettings=ProxySettings{host=null, port=null, username=null, password=null}}, heartbeatSocketSettings=SocketSettings{connectTimeoutMS=10000, readTimeoutMS=10000, receiveBufferSize=0, proxySettings=ProxySettings{host=null, port=null, username=null, password=null}}, connectionPoolSettings=ConnectionPoolSettings{maxSize=100, minSize=0, maxWaitTimeMS=120000, maxConnectionLifeTimeMS=0, maxConnectionIdleTimeMS=0, maintenanceInitialDelayMS=0, maintenanceFrequencyMS=60000, connectionPoolListeners=[], maxConnecting=2}, serverSettings=ServerSettings{heartbeatFrequencyMS=10000, minHeartbeatFrequencyMS=500, serverMonitoringMode=AUTO, serverListeners='[]', serverMonitorListeners='[]'}, sslSettings=SslSettings{enabled=true, invalidHostNameAllowed=false, context=null}, applicationName='null', compressorList=[], uuidRepresentation=UNSPECIFIED, serverApi=null, autoEncryptionSettings=null, dnsClient=null, inetAddressResolver=null, contextProvider=null, timeoutMS=null}
2026-03-25 15:11:27 [cluster-ClusterId{value='69c3adc71f1df58c2a447266', description='null'}-srv-cluster0.en0pykp.mongodb.net] INFO  org.mongodb.driver.cluster - Adding discovered server ac-aoerbz6-shard-00-00.en0pykp.mongodb.net:27017 to client view of cluster
2026-03-25 15:11:27 [cluster-ClusterId{value='69c3adc71f1df58c2a447266', description='null'}-srv-cluster0.en0pykp.mongodb.net] INFO  org.mongodb.driver.cluster - Adding discovered server ac-aoerbz6-shard-00-02.en0pykp.mongodb.net:27017 to client view of cluster
2026-03-25 15:11:27 [cluster-ClusterId{value='69c3adc71f1df58c2a447266', description='null'}-ac-aoerbz6-shard-00-01.en0pykp.mongodb.net:27017] INFO  org.mongodb.driver.cluster - Monitor thread successfully connected to server with description ServerDescription{address=ac-aoerbz6-shard-00-01.en0pykp.mongodb.net:27017, type=REPLICA_SET_SECONDARY, cryptd=false, state=CONNECTED, ok=true, minWireVersion=0, maxWireVersion=25, maxDocumentSize=16777216, logicalSessionTimeoutMinutes=30, roundTripTimeNanos=236783300, minRoundTripTimeNanos=0, setName='atlas-zt48hn-shard-0', canonicalAddress=ac-aoerbz6-shard-00-01.en0pykp.mongodb.net:27017, hosts=[ac-aoerbz6-shard-00-01.en0pykp.mongodb.net:27017, ac-aoerbz6-shard-00-00.en0pykp.mongodb.net:27017, ac-aoerbz6-shard-00-02.en0pykp.mongodb.net:27017], passives=[], arbiters=[], primary='ac-aoerbz6-shard-00-02.en0pykp.mongodb.net:27017', tagSet=TagSet{[Tag{name='availabilityZone', value='aps1-az3'}, Tag{name='diskState', value='READY'}, Tag{name='nodeType', value='ELECTABLE'}, Tag{name='provider', value='AWS'}, Tag{name='region', value='AP_SOUTH_1'}, Tag{name='workloadType', value='OPERATIONAL'}]}, electionId=null, setVersion=391, topologyVersion=TopologyVersion{processId=69b85ccb4b84e800f9f6512d, counter=3}, lastWriteDate=Wed Mar 25 15:11:27 IST 2026, lastUpdateTimeNanos=166785583678000}
2026-03-25 15:11:27 [cluster-ClusterId{value='69c3adc71f1df58c2a447266', description='null'}-ac-aoerbz6-shard-00-02.en0pykp.mongodb.net:27017] INFO  org.mongodb.driver.cluster - Monitor thread successfully connected to server with description ServerDescription{address=ac-aoerbz6-shard-00-02.en0pykp.mongodb.net:27017, type=REPLICA_SET_PRIMARY, cryptd=false, state=CONNECTED, ok=true, minWireVersion=0, maxWireVersion=25, maxDocumentSize=16777216, logicalSessionTimeoutMinutes=30, roundTripTimeNanos=236612000, minRoundTripTimeNanos=0, setName='atlas-zt48hn-shard-0', canonicalAddress=ac-aoerbz6-shard-00-02.en0pykp.mongodb.net:27017, hosts=[ac-aoerbz6-shard-00-01.en0pykp.mongodb.net:27017, ac-aoerbz6-shard-00-00.en0pykp.mongodb.net:27017, ac-aoerbz6-shard-00-02.en0pykp.mongodb.net:27017], passives=[], arbiters=[], primary='ac-aoerbz6-shard-00-02.en0pykp.mongodb.net:27017', tagSet=TagSet{[Tag{name='availabilityZone', value='aps1-az2'}, Tag{name='diskState', value='READY'}, Tag{name='nodeType', value='ELECTABLE'}, Tag{name='provider', value='AWS'}, Tag{name='region', value='AP_SOUTH_1'}, Tag{name='workloadType', value='OPERATIONAL'}]}, electionId=7fffffff0000000000000156, setVersion=391, topologyVersion=TopologyVersion{processId=69b859a89b4f2018f8b26ac6, counter=6}, lastWriteDate=Wed Mar 25 15:11:27 IST 2026, lastUpdateTimeNanos=166785583678000}
2026-03-25 15:11:27 [cluster-ClusterId{value='69c3adc71f1df58c2a447266', description='null'}-ac-aoerbz6-shard-00-00.en0pykp.mongodb.net:27017] INFO  org.mongodb.driver.cluster - Monitor thread successfully connected to server with description ServerDescription{address=ac-aoerbz6-shard-00-00.en0pykp.mongodb.net:27017, type=REPLICA_SET_SECONDARY, cryptd=false, state=CONNECTED, ok=true, minWireVersion=0, maxWireVersion=25, maxDocumentSize=16777216, logicalSessionTimeoutMinutes=30, roundTripTimeNanos=236612000, minRoundTripTimeNanos=0, setName='atlas-zt48hn-shard-0', canonicalAddress=ac-aoerbz6-shard-00-00.en0pykp.mongodb.net:27017, hosts=[ac-aoerbz6-shard-00-01.en0pykp.mongodb.net:27017, ac-aoerbz6-shard-00-00.en0pykp.mongodb.net:27017, ac-aoerbz6-shard-00-02.en0pykp.mongodb.net:27017], passives=[], arbiters=[], primary='ac-aoerbz6-shard-00-02.en0pykp.mongodb.net:27017', tagSet=TagSet{[Tag{name='availabilityZone', value='aps1-az1'}, Tag{name='diskState', value='READY'}, Tag{name='nodeType', value='ELECTABLE'}, Tag{name='provider', value='AWS'}, Tag{name='region', value='AP_SOUTH_1'}, Tag{name='workloadType', value='OPERATIONAL'}]}, electionId=null, setVersion=391, topologyVersion=TopologyVersion{processId=69b855abb14686967b76fdd6, counter=4}, lastWriteDate=Wed Mar 25 15:11:27 IST 2026, lastUpdateTimeNanos=166785583678000}
2026-03-25 15:11:27 [cluster-ClusterId{value='69c3adc71f1df58c2a447266', description='null'}-ac-aoerbz6-shard-00-02.en0pykp.mongodb.net:27017] INFO  org.mongodb.driver.cluster - Discovered replica set primary ac-aoerbz6-shard-00-02.en0pykp.mongodb.net:27017 with max election id 7fffffff0000000000000156 and max set version 391
2026-03-25 15:11:28 [main] WARN  com.password4j.PropertyReader - bcrypt minor version is not defined. Default value is used (b). Please set property hash.bcrypt.minor in your psw4j.properties file.
2026-03-25 15:11:28 [main] WARN  com.password4j.PropertyReader - bcrypt rounds are not defined. Default value is used (10). Please set property hash.bcrypt.rounds in your psw4j.properties file.
2026-03-25 15:11:28 [main] INFO  org.springframework.security.config.annotation.authentication.configuration.InitializeUserDetailsBeanManagerConfigurer$InitializeUserDetailsManagerConfigurer - Global AuthenticationManager configured with UserDetailsService bean with name userDetailsImpl
2026-03-25 15:11:28 [main] INFO  org.apache.coyote.http11.Http11NioProtocol - Starting ProtocolHandler ["http-nio-8080"]
2026-03-25 15:11:28 [main] INFO  org.springframework.boot.tomcat.TomcatWebServer - Tomcat started on port 8080 (http) with context path '/'
2026-03-25 15:11:28 [main] INFO  com.example.BookingApplication.BookingApplication - Started BookingApplication in 2.669 seconds (process running for 3.133)
2026-03-25 15:11:30 [http-nio-8080-exec-2] INFO  org.apache.catalina.core.ContainerBase.[Tomcat].[localhost].[/] - Initializing Spring DispatcherServlet 'dispatcherServlet'
2026-03-25 15:11:30 [http-nio-8080-exec-2] INFO  org.springframework.web.servlet.DispatcherServlet - Initializing Servlet 'dispatcherServlet'
2026-03-25 15:11:30 [http-nio-8080-exec-2] INFO  org.springframework.web.servlet.DispatcherServlet - Completed initialization in 2 ms
2026-03-25 15:11:30 [http-nio-8080-exec-1] WARN  org.springframework.web.servlet.handler.HandlerMappingIntrospector - Cache miss for REQUEST dispatch to '/getstarted/List' (previous null). Performing CorsConfiguration lookup. This is logged once only at WARN level, and every time at TRACE.
2026-03-25 15:12:34 [SpringApplicationShutdownHook] INFO  org.springframework.boot.tomcat.GracefulShutdown - Commencing graceful shutdown. Waiting for active requests to complete
2026-03-25 15:12:34 [tomcat-shutdown] INFO  org.springframework.boot.tomcat.GracefulShutdown - Graceful shutdown complete
2026-03-25 16:27:24 [main] INFO  com.example.BookingApplication.BookingApplication - Starting BookingApplication using Java 21.0.7 with PID 35056 (C:\Users\ADMIN\Downloads\BookingApplication\BookingApplication\target\classes started by ADMIN in C:\Users\ADMIN\Downloads\BookingApplication)
2026-03-25 16:27:24 [main] INFO  com.example.BookingApplication.BookingApplication - No active profile set, falling back to 1 default profile: "default"
2026-03-25 16:27:25 [main] INFO  org.springframework.data.repository.config.RepositoryConfigurationDelegate - Multiple Spring Data modules found, entering strict repository configuration mode
2026-03-25 16:27:25 [main] INFO  org.springframework.data.repository.config.RepositoryConfigurationDelegate - Bootstrapping Spring Data MongoDB repositories in DEFAULT mode.
2026-03-25 16:27:25 [main] INFO  org.springframework.data.repository.config.RepositoryConfigurationDelegate - Finished Spring Data repository scanning in 119 ms. Found 3 MongoDB repository interfaces.
2026-03-25 16:27:25 [main] INFO  org.springframework.data.repository.config.RepositoryConfigurationDelegate - Multiple Spring Data modules found, entering strict repository configuration mode
2026-03-25 16:27:25 [main] INFO  org.springframework.data.repository.config.RepositoryConfigurationDelegate - Bootstrapping Spring Data Redis repositories in DEFAULT mode.
2026-03-25 16:27:25 [main] INFO  org.springframework.data.repository.config.RepositoryConfigurationExtensionSupport - Spring Data Redis - Could not safely identify store assignment for repository candidate interface com.example.BookingApplication.Repositories.BookingsRepository; If you want this repository to be a Redis repository, consider annotating your entities with one of these annotations: org.springframework.data.redis.core.RedisHash (preferred), or consider extending one of the following types with your repository: org.springframework.data.keyvalue.repository.KeyValueRepository
2026-03-25 16:27:25 [main] INFO  org.springframework.data.repository.config.RepositoryConfigurationExtensionSupport - Spring Data Redis - Could not safely identify store assignment for repository candidate interface com.example.BookingApplication.Repositories.StudioRepository; If you want this repository to be a Redis repository, consider annotating your entities with one of these annotations: org.springframework.data.redis.core.RedisHash (preferred), or consider extending one of the following types with your repository: org.springframework.data.keyvalue.repository.KeyValueRepository
2026-03-25 16:27:25 [main] INFO  org.springframework.data.repository.config.RepositoryConfigurationExtensionSupport - Spring Data Redis - Could not safely identify store assignment for repository candidate interface com.example.BookingApplication.Repositories.UserRepository; If you want this repository to be a Redis repository, consider annotating your entities with one of these annotations: org.springframework.data.redis.core.RedisHash (preferred), or consider extending one of the following types with your repository: org.springframework.data.keyvalue.repository.KeyValueRepository
2026-03-25 16:27:25 [main] INFO  org.springframework.data.repository.config.RepositoryConfigurationDelegate - Finished Spring Data repository scanning in 6 ms. Found 0 Redis repository interfaces.
2026-03-25 16:27:25 [main] INFO  org.springframework.boot.tomcat.TomcatWebServer - Tomcat initialized with port 8080 (http)
2026-03-25 16:27:25 [main] INFO  org.apache.coyote.http11.Http11NioProtocol - Initializing ProtocolHandler ["http-nio-8080"]
2026-03-25 16:27:25 [main] INFO  org.apache.catalina.core.StandardService - Starting service [Tomcat]
2026-03-25 16:27:25 [main] INFO  org.apache.catalina.core.StandardEngine - Starting Servlet engine: [Apache Tomcat/11.0.18]
2026-03-25 16:27:26 [main] INFO  org.springframework.boot.web.context.servlet.WebApplicationContextInitializer - Root WebApplicationContext: initialization completed in 1230 ms
2026-03-25 16:27:26 [cluster-ClusterId{value='69c3bf96e1d5d8cc541734ce', description='null'}-srv-cluster0.en0pykp.mongodb.net] INFO  org.mongodb.driver.cluster - Adding discovered server ac-aoerbz6-shard-00-01.en0pykp.mongodb.net:27017 to client view of cluster
2026-03-25 16:27:26 [main] INFO  org.mongodb.driver.client - MongoClient with metadata {"driver": {"name": "mongo-java-driver|spring-boot|sync", "version": "5.6.4"}, "os": {"type": "Windows", "name": "Windows 11", "architecture": "amd64", "version": "10.0"}, "platform": "Java/Oracle Corporation/21.0.7+8-LTS-245"} created with settings MongoClientSettings{readPreference=primary, writeConcern=WriteConcern{w=majority, wTimeout=null ms, journal=null}, retryWrites=true, retryReads=true, readConcern=ReadConcern{level=null}, credential=MongoCredential{mechanism=null, userName='root', source='admin', password=<hidden>, mechanismProperties=<hidden>}, transportSettings=null, commandListeners=[], codecRegistry=ProvidersCodecRegistry{codecProviders=[ValueCodecProvider{}, BsonValueCodecProvider{}, DBRefCodecProvider{}, DBObjectCodecProvider{}, DocumentCodecProvider{}, CollectionCodecProvider{}, IterableCodecProvider{}, MapCodecProvider{}, GeoJsonCodecProvider{}, GridFSFileCodecProvider{}, Jsr310CodecProvider{}, JsonObjectCodecProvider{}, BsonCodecProvider{}, com.mongodb.client.model.mql.ExpressionCodecProvider@d36c1c3, com.mongodb.Jep395RecordCodecProvider@96abc76, com.mongodb.KotlinCodecProvider@4d69d288, EnumCodecProvider{}]}, loggerSettings=LoggerSettings{maxDocumentLength=1000}, clusterSettings={hosts=[127.0.0.1:27017], srvHost=cluster0.en0pykp.mongodb.net, srvServiceName=mongodb, mode=MULTIPLE, requiredClusterType=REPLICA_SET, requiredReplicaSetName='atlas-zt48hn-shard-0', serverSelector='null', clusterListeners='[]', serverSelectionTimeout='30000 ms', localThreshold='15 ms'}, socketSettings=SocketSettings{connectTimeoutMS=10000, readTimeoutMS=0, receiveBufferSize=0, proxySettings=ProxySettings{host=null, port=null, username=null, password=null}}, heartbeatSocketSettings=SocketSettings{connectTimeoutMS=10000, readTimeoutMS=10000, receiveBufferSize=0, proxySettings=ProxySettings{host=null, port=null, username=null, password=null}}, connectionPoolSettings=ConnectionPoolSettings{maxSize=100, minSize=0, maxWaitTimeMS=120000, maxConnectionLifeTimeMS=0, maxConnectionIdleTimeMS=0, maintenanceInitialDelayMS=0, maintenanceFrequencyMS=60000, connectionPoolListeners=[], maxConnecting=2}, serverSettings=ServerSettings{heartbeatFrequencyMS=10000, minHeartbeatFrequencyMS=500, serverMonitoringMode=AUTO, serverListeners='[]', serverMonitorListeners='[]'}, sslSettings=SslSettings{enabled=true, invalidHostNameAllowed=false, context=null}, applicationName='null', compressorList=[], uuidRepresentation=UNSPECIFIED, serverApi=null, autoEncryptionSettings=null, dnsClient=null, inetAddressResolver=null, contextProvider=null, timeoutMS=null}
2026-03-25 16:27:26 [cluster-ClusterId{value='69c3bf96e1d5d8cc541734ce', description='null'}-srv-cluster0.en0pykp.mongodb.net] INFO  org.mongodb.driver.cluster - Adding discovered server ac-aoerbz6-shard-00-00.en0pykp.mongodb.net:27017 to client view of cluster
2026-03-25 16:27:26 [cluster-ClusterId{value='69c3bf96e1d5d8cc541734ce', description='null'}-srv-cluster0.en0pykp.mongodb.net] INFO  org.mongodb.driver.cluster - Adding discovered server ac-aoerbz6-shard-00-02.en0pykp.mongodb.net:27017 to client view of cluster
2026-03-25 16:27:26 [cluster-ClusterId{value='69c3bf96e1d5d8cc541734ce', description='null'}-ac-aoerbz6-shard-00-01.en0pykp.mongodb.net:27017] INFO  org.mongodb.driver.cluster - Monitor thread successfully connected to server with description ServerDescription{address=ac-aoerbz6-shard-00-01.en0pykp.mongodb.net:27017, type=REPLICA_SET_SECONDARY, cryptd=false, state=CONNECTED, ok=true, minWireVersion=0, maxWireVersion=25, maxDocumentSize=16777216, logicalSessionTimeoutMinutes=30, roundTripTimeNanos=253931000, minRoundTripTimeNanos=0, setName='atlas-zt48hn-shard-0', canonicalAddress=ac-aoerbz6-shard-00-01.en0pykp.mongodb.net:27017, hosts=[ac-aoerbz6-shard-00-01.en0pykp.mongodb.net:27017, ac-aoerbz6-shard-00-00.en0pykp.mongodb.net:27017, ac-aoerbz6-shard-00-02.en0pykp.mongodb.net:27017], passives=[], arbiters=[], primary='ac-aoerbz6-shard-00-02.en0pykp.mongodb.net:27017', tagSet=TagSet{[Tag{name='availabilityZone', value='aps1-az3'}, Tag{name='diskState', value='READY'}, Tag{name='nodeType', value='ELECTABLE'}, Tag{name='provider', value='AWS'}, Tag{name='region', value='AP_SOUTH_1'}, Tag{name='workloadType', value='OPERATIONAL'}]}, electionId=null, setVersion=391, topologyVersion=TopologyVersion{processId=69b85ccb4b84e800f9f6512d, counter=3}, lastWriteDate=Wed Mar 25 16:27:25 IST 2026, lastUpdateTimeNanos=171344705189700}
2026-03-25 16:27:26 [cluster-ClusterId{value='69c3bf96e1d5d8cc541734ce', description='null'}-ac-aoerbz6-shard-00-00.en0pykp.mongodb.net:27017] INFO  org.mongodb.driver.cluster - Monitor thread successfully connected to server with description ServerDescription{address=ac-aoerbz6-shard-00-00.en0pykp.mongodb.net:27017, type=REPLICA_SET_SECONDARY, cryptd=false, state=CONNECTED, ok=true, minWireVersion=0, maxWireVersion=25, maxDocumentSize=16777216, logicalSessionTimeoutMinutes=30, roundTripTimeNanos=249742900, minRoundTripTimeNanos=0, setName='atlas-zt48hn-shard-0', canonicalAddress=ac-aoerbz6-shard-00-00.en0pykp.mongodb.net:27017, hosts=[ac-aoerbz6-shard-00-01.en0pykp.mongodb.net:27017, ac-aoerbz6-shard-00-00.en0pykp.mongodb.net:27017, ac-aoerbz6-shard-00-02.en0pykp.mongodb.net:27017], passives=[], arbiters=[], primary='ac-aoerbz6-shard-00-02.en0pykp.mongodb.net:27017', tagSet=TagSet{[Tag{name='availabilityZone', value='aps1-az1'}, Tag{name='diskState', value='READY'}, Tag{name='nodeType', value='ELECTABLE'}, Tag{name='provider', value='AWS'}, Tag{name='region', value='AP_SOUTH_1'}, Tag{name='workloadType', value='OPERATIONAL'}]}, electionId=null, setVersion=391, topologyVersion=TopologyVersion{processId=69b855abb14686967b76fdd6, counter=4}, lastWriteDate=Wed Mar 25 16:27:25 IST 2026, lastUpdateTimeNanos=171344705189600}
2026-03-25 16:27:26 [cluster-ClusterId{value='69c3bf96e1d5d8cc541734ce', description='null'}-ac-aoerbz6-shard-00-02.en0pykp.mongodb.net:27017] INFO  org.mongodb.driver.cluster - Monitor thread successfully connected to server with description ServerDescription{address=ac-aoerbz6-shard-00-02.en0pykp.mongodb.net:27017, type=REPLICA_SET_PRIMARY, cryptd=false, state=CONNECTED, ok=true, minWireVersion=0, maxWireVersion=25, maxDocumentSize=16777216, logicalSessionTimeoutMinutes=30, roundTripTimeNanos=246640400, minRoundTripTimeNanos=0, setName='atlas-zt48hn-shard-0', canonicalAddress=ac-aoerbz6-shard-00-02.en0pykp.mongodb.net:27017, hosts=[ac-aoerbz6-shard-00-01.en0pykp.mongodb.net:27017, ac-aoerbz6-shard-00-00.en0pykp.mongodb.net:27017, ac-aoerbz6-shard-00-02.en0pykp.mongodb.net:27017], passives=[], arbiters=[], primary='ac-aoerbz6-shard-00-02.en0pykp.mongodb.net:27017', tagSet=TagSet{[Tag{name='availabilityZone', value='aps1-az2'}, Tag{name='diskState', value='READY'}, Tag{name='nodeType', value='ELECTABLE'}, Tag{name='provider', value='AWS'}, Tag{name='region', value='AP_SOUTH_1'}, Tag{name='workloadType', value='OPERATIONAL'}]}, electionId=7fffffff0000000000000156, setVersion=391, topologyVersion=TopologyVersion{processId=69b859a89b4f2018f8b26ac6, counter=6}, lastWriteDate=Wed Mar 25 16:27:25 IST 2026, lastUpdateTimeNanos=171344709494200}
2026-03-25 16:27:26 [cluster-ClusterId{value='69c3bf96e1d5d8cc541734ce', description='null'}-ac-aoerbz6-shard-00-02.en0pykp.mongodb.net:27017] INFO  org.mongodb.driver.cluster - Discovered replica set primary ac-aoerbz6-shard-00-02.en0pykp.mongodb.net:27017 with max election id 7fffffff0000000000000156 and max set version 391
2026-03-25 16:27:26 [main] WARN  com.password4j.PropertyReader - bcrypt minor version is not defined. Default value is used (b). Please set property hash.bcrypt.minor in your psw4j.properties file.
2026-03-25 16:27:26 [main] WARN  com.password4j.PropertyReader - bcrypt rounds are not defined. Default value is used (10). Please set property hash.bcrypt.rounds in your psw4j.properties file.
2026-03-25 16:27:26 [main] INFO  org.springframework.security.config.annotation.authentication.configuration.InitializeUserDetailsBeanManagerConfigurer$InitializeUserDetailsManagerConfigurer - Global AuthenticationManager configured with UserDetailsService bean with name userDetailsImpl
2026-03-25 16:27:27 [main] INFO  org.apache.coyote.http11.Http11NioProtocol - Starting ProtocolHandler ["http-nio-8080"]
2026-03-25 16:27:27 [main] INFO  org.springframework.boot.tomcat.TomcatWebServer - Tomcat started on port 8080 (http) with context path '/'
2026-03-25 16:27:27 [main] INFO  com.example.BookingApplication.BookingApplication - Started BookingApplication in 2.958 seconds (process running for 3.526)
2026-03-25 16:27:30 [http-nio-8080-exec-2] INFO  org.apache.catalina.core.ContainerBase.[Tomcat].[localhost].[/] - Initializing Spring DispatcherServlet 'dispatcherServlet'
2026-03-25 16:27:30 [http-nio-8080-exec-2] INFO  org.springframework.web.servlet.DispatcherServlet - Initializing Servlet 'dispatcherServlet'
2026-03-25 16:27:30 [http-nio-8080-exec-2] INFO  org.springframework.web.servlet.DispatcherServlet - Completed initialization in 1 ms
2026-03-25 16:27:30 [http-nio-8080-exec-2] WARN  org.springframework.web.servlet.handler.HandlerMappingIntrospector - Cache miss for REQUEST dispatch to '/getstarted/login' (previous null). Performing CorsConfiguration lookup. This is logged once only at WARN level, and every time at TRACE.
2026-03-25 16:31:21 [http-nio-8080-exec-8] ERROR org.apache.catalina.core.ContainerBase.[Tomcat].[localhost].[/].[dispatcherServlet] - Servlet.service() for servlet [dispatcherServlet] in context with path [] threw exception [Request processing failed: java.lang.NullPointerException: Cannot invoke "com.google.gson.JsonElement.getAsString()" because the return value of "com.google.gson.JsonObject.get(String)" is null] with root cause
java.lang.NullPointerException: Cannot invoke "com.google.gson.JsonElement.getAsString()" because the return value of "com.google.gson.JsonObject.get(String)" is null
	at com.example.BookingApplication.Controllers.WebhookController.handleWebhook(WebhookController.java:60)
	at java.base/jdk.internal.reflect.DirectMethodHandleAccessor.invoke(DirectMethodHandleAccessor.java:103)
	at java.base/java.lang.reflect.Method.invoke(Method.java:580)
	at org.springframework.web.method.support.InvocableHandlerMethod.doInvoke(InvocableHandlerMethod.java:252)
	at org.springframework.web.method.support.InvocableHandlerMethod.invokeForRequest(InvocableHandlerMethod.java:184)
	at org.springframework.web.servlet.mvc.method.annotation.ServletInvocableHandlerMethod.invokeAndHandle(ServletInvocableHandlerMethod.java:117)
	at org.springframework.web.servlet.mvc.method.annotation.RequestMappingHandlerAdapter.invokeHandlerMethod(RequestMappingHandlerAdapter.java:934)
	at org.springframework.web.servlet.mvc.method.annotation.RequestMappingHandlerAdapter.handleInternal(RequestMappingHandlerAdapter.java:853)
	at org.springframework.web.servlet.mvc.method.AbstractHandlerMethodAdapter.handle(AbstractHandlerMethodAdapter.java:86)
	at org.springframework.web.servlet.DispatcherServlet.doDispatch(DispatcherServlet.java:963)
	at org.springframework.web.servlet.DispatcherServlet.doService(DispatcherServlet.java:866)
	at org.springframework.web.servlet.FrameworkServlet.processRequest(FrameworkServlet.java:1000)
	at org.springframework.web.servlet.FrameworkServlet.doPost(FrameworkServlet.java:903)
	at jakarta.servlet.http.HttpServlet.service(HttpServlet.java:649)
	at org.springframework.web.servlet.FrameworkServlet.service(FrameworkServlet.java:874)
	at jakarta.servlet.http.HttpServlet.service(HttpServlet.java:710)
	at org.apache.catalina.core.ApplicationFilterChain.doFilter(ApplicationFilterChain.java:128)
	at org.apache.tomcat.websocket.server.WsFilter.doFilter(WsFilter.java:53)
	at org.apache.catalina.core.ApplicationFilterChain.doFilter(ApplicationFilterChain.java:107)
	at org.springframework.web.filter.OncePerRequestFilter.doFilter(OncePerRequestFilter.java:110)
	at org.apache.catalina.core.ApplicationFilterChain.doFilter(ApplicationFilterChain.java:107)
	at org.springframework.web.filter.CompositeFilter$VirtualFilterChain.doFilter(CompositeFilter.java:108)
	at org.springframework.security.web.FilterChainProxy.lambda$doFilterInternal$3(FilterChainProxy.java:235)
	at org.springframework.security.web.FilterChainProxy$VirtualFilterChain.doFilter(FilterChainProxy.java:371)
	at org.springframework.security.web.access.intercept.AuthorizationFilter.doFilter(AuthorizationFilter.java:101)
	at org.springframework.security.web.FilterChainProxy$VirtualFilterChain.doFilter(FilterChainProxy.java:380)
	at org.springframework.security.web.access.ExceptionTranslationFilter.doFilter(ExceptionTranslationFilter.java:126)
	at org.springframework.security.web.access.ExceptionTranslationFilter.doFilter(ExceptionTranslationFilter.java:120)
	at org.springframework.security.web.FilterChainProxy$VirtualFilterChain.doFilter(FilterChainProxy.java:380)
	at org.springframework.security.web.authentication.AnonymousAuthenticationFilter.doFilter(AnonymousAuthenticationFilter.java:100)
	at org.springframework.security.web.FilterChainProxy$VirtualFilterChain.doFilter(FilterChainProxy.java:380)
	at org.springframework.security.web.servletapi.SecurityContextHolderAwareRequestFilter.doFilter(SecurityContextHolderAwareRequestFilter.java:181)
	at org.springframework.security.web.FilterChainProxy$VirtualFilterChain.doFilter(FilterChainProxy.java:380)
	at org.springframework.security.web.savedrequest.RequestCacheAwareFilter.doFilter(RequestCacheAwareFilter.java:63)
	at org.springframework.security.web.FilterChainProxy$VirtualFilterChain.doFilter(FilterChainProxy.java:380)
	at com.example.BookingApplication.Filter.Filterjwt.doFilterInternal(Filterjwt.java:51)
	at org.springframework.web.filter.OncePerRequestFilter.doFilter(OncePerRequestFilter.java:116)
	at org.springframework.security.web.FilterChainProxy$VirtualFilterChain.doFilter(FilterChainProxy.java:380)
	at org.springframework.security.web.authentication.logout.LogoutFilter.doFilter(LogoutFilter.java:110)
	at org.springframework.security.web.authentication.logout.LogoutFilter.doFilter(LogoutFilter.java:96)
	at org.springframework.security.web.FilterChainProxy$VirtualFilterChain.doFilter(FilterChainProxy.java:380)
	at org.springframework.web.filter.CorsFilter.doFilterInternal(CorsFilter.java:91)
	at org.springframework.web.filter.OncePerRequestFilter.doFilter(OncePerRequestFilter.java:116)
	at org.springframework.security.web.FilterChainProxy$VirtualFilterChain.doFilter(FilterChainProxy.java:380)
	at org.springframework.security.web.header.HeaderWriterFilter.doHeadersAfter(HeaderWriterFilter.java:90)
	at org.springframework.security.web.header.HeaderWriterFilter.doFilterInternal(HeaderWriterFilter.java:75)
	at org.springframework.web.filter.OncePerRequestFilter.doFilter(OncePerRequestFilter.java:116)
	at org.springframework.security.web.FilterChainProxy$VirtualFilterChain.doFilter(FilterChainProxy.java:380)
	at org.springframework.security.web.context.SecurityContextHolderFilter.doFilter(SecurityContextHolderFilter.java:82)
	at org.springframework.security.web.context.SecurityContextHolderFilter.doFilter(SecurityContextHolderFilter.java:69)
	at org.springframework.security.web.FilterChainProxy$VirtualFilterChain.doFilter(FilterChainProxy.java:380)
	at org.springframework.security.web.context.request.async.WebAsyncManagerIntegrationFilter.doFilterInternal(WebAsyncManagerIntegrationFilter.java:62)
	at org.springframework.web.filter.OncePerRequestFilter.doFilter(OncePerRequestFilter.java:116)
	at org.springframework.security.web.FilterChainProxy$VirtualFilterChain.doFilter(FilterChainProxy.java:380)
	at org.springframework.security.web.session.DisableEncodeUrlFilter.doFilterInternal(DisableEncodeUrlFilter.java:42)
	at org.springframework.web.filter.OncePerRequestFilter.doFilter(OncePerRequestFilter.java:116)
	at org.springframework.security.web.FilterChainProxy$VirtualFilterChain.doFilter(FilterChainProxy.java:380)
	at org.springframework.security.web.FilterChainProxy.doFilterInternal(FilterChainProxy.java:237)
	at org.springframework.security.web.FilterChainProxy.doFilter(FilterChainProxy.java:195)
	at org.springframework.web.filter.CompositeFilter$VirtualFilterChain.doFilter(CompositeFilter.java:113)
	at org.springframework.web.filter.ServletRequestPathFilter.doFilter(ServletRequestPathFilter.java:52)
	at org.springframework.web.filter.CompositeFilter$VirtualFilterChain.doFilter(CompositeFilter.java:113)
	at org.springframework.web.filter.CompositeFilter.doFilter(CompositeFilter.java:74)
	at org.springframework.security.config.annotation.web.configuration.WebSecurityConfiguration$CompositeFilterChainProxy.doFilter(WebSecurityConfiguration.java:317)
	at org.springframework.web.filter.DelegatingFilterProxy.invokeDelegate(DelegatingFilterProxy.java:355)
	at org.springframework.web.filter.DelegatingFilterProxy.doFilter(DelegatingFilterProxy.java:272)
	at org.apache.catalina.core.ApplicationFilterChain.doFilter(ApplicationFilterChain.java:107)
	at org.springframework.web.filter.RequestContextFilter.doFilterInternal(RequestContextFilter.java:100)
	at org.springframework.web.filter.OncePerRequestFilter.doFilter(OncePerRequestFilter.java:116)
	at org.apache.catalina.core.ApplicationFilterChain.doFilter(ApplicationFilterChain.java:107)
	at org.springframework.web.filter.FormContentFilter.doFilterInternal(FormContentFilter.java:93)
	at org.springframework.web.filter.OncePerRequestFilter.doFilter(OncePerRequestFilter.java:116)
	at org.apache.catalina.core.ApplicationFilterChain.doFilter(ApplicationFilterChain.java:107)
	at org.springframework.web.filter.CharacterEncodingFilter.doFilterInternal(CharacterEncodingFilter.java:199)
	at org.springframework.web.filter.OncePerRequestFilter.doFilter(OncePerRequestFilter.java:116)
	at org.apache.catalina.core.ApplicationFilterChain.doFilter(ApplicationFilterChain.java:107)
	at org.apache.catalina.core.StandardWrapperValve.invoke(StandardWrapperValve.java:165)
	at org.apache.catalina.core.StandardContextValve.invoke(StandardContextValve.java:77)
	at org.apache.catalina.authenticator.AuthenticatorBase.invoke(AuthenticatorBase.java:492)
	at org.apache.catalina.core.StandardHostValve.invoke(StandardHostValve.java:113)
	at org.apache.catalina.valves.ErrorReportValve.invoke(ErrorReportValve.java:83)
	at org.apache.catalina.core.StandardEngineValve.invoke(StandardEngineValve.java:72)
	at org.apache.catalina.connector.CoyoteAdapter.service(CoyoteAdapter.java:341)
	at org.apache.coyote.http11.Http11Processor.service(Http11Processor.java:397)
	at org.apache.coyote.AbstractProcessorLight.process(AbstractProcessorLight.java:63)
	at org.apache.coyote.AbstractProtocol$ConnectionHandler.process(AbstractProtocol.java:903)
	at org.apache.tomcat.util.net.NioEndpoint$SocketProcessor.doRun(NioEndpoint.java:1779)
	at org.apache.tomcat.util.net.SocketProcessorBase.run(SocketProcessorBase.java:52)
	at org.apache.tomcat.util.threads.ThreadPoolExecutor.runWorker(ThreadPoolExecutor.java:946)
	at org.apache.tomcat.util.threads.ThreadPoolExecutor$Worker.run(ThreadPoolExecutor.java:480)
	at org.apache.tomcat.util.threads.TaskThread$WrappingRunnable.run(TaskThread.java:57)
	at java.base/java.lang.Thread.run(Thread.java:1583)
2026-03-25 16:32:57 [SpringApplicationShutdownHook] INFO  org.springframework.boot.tomcat.GracefulShutdown - Commencing graceful shutdown. Waiting for active requests to complete
2026-03-25 16:32:57 [tomcat-shutdown] INFO  org.springframework.boot.tomcat.GracefulShutdown - Graceful shutdown complete
2026-03-25 16:32:59 [main] INFO  com.example.BookingApplication.BookingApplication - Starting BookingApplication using Java 21.0.7 with PID 30320 (C:\Users\ADMIN\Downloads\BookingApplication\BookingApplication\target\classes started by ADMIN in C:\Users\ADMIN\Downloads\BookingApplication)
2026-03-25 16:32:59 [main] INFO  com.example.BookingApplication.BookingApplication - No active profile set, falling back to 1 default profile: "default"
2026-03-25 16:33:00 [main] INFO  org.springframework.data.repository.config.RepositoryConfigurationDelegate - Multiple Spring Data modules found, entering strict repository configuration mode
2026-03-25 16:33:00 [main] INFO  org.springframework.data.repository.config.RepositoryConfigurationDelegate - Bootstrapping Spring Data MongoDB repositories in DEFAULT mode.
2026-03-25 16:33:00 [main] INFO  org.springframework.data.repository.config.RepositoryConfigurationDelegate - Finished Spring Data repository scanning in 86 ms. Found 3 MongoDB repository interfaces.
2026-03-25 16:33:00 [main] INFO  org.springframework.data.repository.config.RepositoryConfigurationDelegate - Multiple Spring Data modules found, entering strict repository configuration mode
2026-03-25 16:33:00 [main] INFO  org.springframework.data.repository.config.RepositoryConfigurationDelegate - Bootstrapping Spring Data Redis repositories in DEFAULT mode.
2026-03-25 16:33:00 [main] INFO  org.springframework.data.repository.config.RepositoryConfigurationExtensionSupport - Spring Data Redis - Could not safely identify store assignment for repository candidate interface com.example.BookingApplication.Repositories.BookingsRepository; If you want this repository to be a Redis repository, consider annotating your entities with one of these annotations: org.springframework.data.redis.core.RedisHash (preferred), or consider extending one of the following types with your repository: org.springframework.data.keyvalue.repository.KeyValueRepository
2026-03-25 16:33:00 [main] INFO  org.springframework.data.repository.config.RepositoryConfigurationExtensionSupport - Spring Data Redis - Could not safely identify store assignment for repository candidate interface com.example.BookingApplication.Repositories.StudioRepository; If you want this repository to be a Redis repository, consider annotating your entities with one of these annotations: org.springframework.data.redis.core.RedisHash (preferred), or consider extending one of the following types with your repository: org.springframework.data.keyvalue.repository.KeyValueRepository
2026-03-25 16:33:00 [main] INFO  org.springframework.data.repository.config.RepositoryConfigurationExtensionSupport - Spring Data Redis - Could not safely identify store assignment for repository candidate interface com.example.BookingApplication.Repositories.UserRepository; If you want this repository to be a Redis repository, consider annotating your entities with one of these annotations: org.springframework.data.redis.core.RedisHash (preferred), or consider extending one of the following types with your repository: org.springframework.data.keyvalue.repository.KeyValueRepository
2026-03-25 16:33:00 [main] INFO  org.springframework.data.repository.config.RepositoryConfigurationDelegate - Finished Spring Data repository scanning in 6 ms. Found 0 Redis repository interfaces.
2026-03-25 16:33:00 [main] INFO  org.springframework.boot.tomcat.TomcatWebServer - Tomcat initialized with port 8080 (http)
2026-03-25 16:33:00 [main] INFO  org.apache.coyote.http11.Http11NioProtocol - Initializing ProtocolHandler ["http-nio-8080"]
2026-03-25 16:33:00 [main] INFO  org.apache.catalina.core.StandardService - Starting service [Tomcat]
2026-03-25 16:33:00 [main] INFO  org.apache.catalina.core.StandardEngine - Starting Servlet engine: [Apache Tomcat/11.0.18]
2026-03-25 16:33:00 [main] INFO  org.springframework.boot.web.context.servlet.WebApplicationContextInitializer - Root WebApplicationContext: initialization completed in 1000 ms
2026-03-25 16:33:01 [main] INFO  org.mongodb.driver.client - MongoClient with metadata {"driver": {"name": "mongo-java-driver|spring-boot|sync", "version": "5.6.4"}, "os": {"type": "Windows", "name": "Windows 11", "architecture": "amd64", "version": "10.0"}, "platform": "Java/Oracle Corporation/21.0.7+8-LTS-245"} created with settings MongoClientSettings{readPreference=primary, writeConcern=WriteConcern{w=majority, wTimeout=null ms, journal=null}, retryWrites=true, retryReads=true, readConcern=ReadConcern{level=null}, credential=MongoCredential{mechanism=null, userName='root', source='admin', password=<hidden>, mechanismProperties=<hidden>}, transportSettings=null, commandListeners=[], codecRegistry=ProvidersCodecRegistry{codecProviders=[ValueCodecProvider{}, BsonValueCodecProvider{}, DBRefCodecProvider{}, DBObjectCodecProvider{}, DocumentCodecProvider{}, CollectionCodecProvider{}, IterableCodecProvider{}, MapCodecProvider{}, GeoJsonCodecProvider{}, GridFSFileCodecProvider{}, Jsr310CodecProvider{}, JsonObjectCodecProvider{}, BsonCodecProvider{}, com.mongodb.client.model.mql.ExpressionCodecProvider@787178b1, com.mongodb.Jep395RecordCodecProvider@24a4e2c5, com.mongodb.KotlinCodecProvider@27da994b, EnumCodecProvider{}]}, loggerSettings=LoggerSettings{maxDocumentLength=1000}, clusterSettings={hosts=[127.0.0.1:27017], srvHost=cluster0.en0pykp.mongodb.net, srvServiceName=mongodb, mode=MULTIPLE, requiredClusterType=REPLICA_SET, requiredReplicaSetName='atlas-zt48hn-shard-0', serverSelector='null', clusterListeners='[]', serverSelectionTimeout='30000 ms', localThreshold='15 ms'}, socketSettings=SocketSettings{connectTimeoutMS=10000, readTimeoutMS=0, receiveBufferSize=0, proxySettings=ProxySettings{host=null, port=null, username=null, password=null}}, heartbeatSocketSettings=SocketSettings{connectTimeoutMS=10000, readTimeoutMS=10000, receiveBufferSize=0, proxySettings=ProxySettings{host=null, port=null, username=null, password=null}}, connectionPoolSettings=ConnectionPoolSettings{maxSize=100, minSize=0, maxWaitTimeMS=120000, maxConnectionLifeTimeMS=0, maxConnectionIdleTimeMS=0, maintenanceInitialDelayMS=0, maintenanceFrequencyMS=60000, connectionPoolListeners=[], maxConnecting=2}, serverSettings=ServerSettings{heartbeatFrequencyMS=10000, minHeartbeatFrequencyMS=500, serverMonitoringMode=AUTO, serverListeners='[]', serverMonitorListeners='[]'}, sslSettings=SslSettings{enabled=true, invalidHostNameAllowed=false, context=null}, applicationName='null', compressorList=[], uuidRepresentation=UNSPECIFIED, serverApi=null, autoEncryptionSettings=null, dnsClient=null, inetAddressResolver=null, contextProvider=null, timeoutMS=null}
2026-03-25 16:33:01 [cluster-ClusterId{value='69c3c0e54b97a1368dc80dd3', description='null'}-srv-cluster0.en0pykp.mongodb.net] INFO  org.mongodb.driver.cluster - Adding discovered server ac-aoerbz6-shard-00-01.en0pykp.mongodb.net:27017 to client view of cluster
2026-03-25 16:33:01 [cluster-ClusterId{value='69c3c0e54b97a1368dc80dd3', description='null'}-srv-cluster0.en0pykp.mongodb.net] INFO  org.mongodb.driver.cluster - Adding discovered server ac-aoerbz6-shard-00-00.en0pykp.mongodb.net:27017 to client view of cluster
2026-03-25 16:33:01 [cluster-ClusterId{value='69c3c0e54b97a1368dc80dd3', description='null'}-srv-cluster0.en0pykp.mongodb.net] INFO  org.mongodb.driver.cluster - Adding discovered server ac-aoerbz6-shard-00-02.en0pykp.mongodb.net:27017 to client view of cluster
2026-03-25 16:33:01 [cluster-ClusterId{value='69c3c0e54b97a1368dc80dd3', description='null'}-ac-aoerbz6-shard-00-00.en0pykp.mongodb.net:27017] INFO  org.mongodb.driver.cluster - Monitor thread successfully connected to server with description ServerDescription{address=ac-aoerbz6-shard-00-00.en0pykp.mongodb.net:27017, type=REPLICA_SET_SECONDARY, cryptd=false, state=CONNECTED, ok=true, minWireVersion=0, maxWireVersion=25, maxDocumentSize=16777216, logicalSessionTimeoutMinutes=30, roundTripTimeNanos=233037400, minRoundTripTimeNanos=0, setName='atlas-zt48hn-shard-0', canonicalAddress=ac-aoerbz6-shard-00-00.en0pykp.mongodb.net:27017, hosts=[ac-aoerbz6-shard-00-01.en0pykp.mongodb.net:27017, ac-aoerbz6-shard-00-00.en0pykp.mongodb.net:27017, ac-aoerbz6-shard-00-02.en0pykp.mongodb.net:27017], passives=[], arbiters=[], primary='ac-aoerbz6-shard-00-02.en0pykp.mongodb.net:27017', tagSet=TagSet{[Tag{name='availabilityZone', value='aps1-az1'}, Tag{name='diskState', value='READY'}, Tag{name='nodeType', value='ELECTABLE'}, Tag{name='provider', value='AWS'}, Tag{name='region', value='AP_SOUTH_1'}, Tag{name='workloadType', value='OPERATIONAL'}]}, electionId=null, setVersion=391, topologyVersion=TopologyVersion{processId=69b855abb14686967b76fdd6, counter=4}, lastWriteDate=Wed Mar 25 16:33:00 IST 2026, lastUpdateTimeNanos=171679505183200}
2026-03-25 16:33:01 [cluster-ClusterId{value='69c3c0e54b97a1368dc80dd3', description='null'}-ac-aoerbz6-shard-00-02.en0pykp.mongodb.net:27017] INFO  org.mongodb.driver.cluster - Monitor thread successfully connected to server with description ServerDescription{address=ac-aoerbz6-shard-00-02.en0pykp.mongodb.net:27017, type=REPLICA_SET_PRIMARY, cryptd=false, state=CONNECTED, ok=true, minWireVersion=0, maxWireVersion=25, maxDocumentSize=16777216, logicalSessionTimeoutMinutes=30, roundTripTimeNanos=229589900, minRoundTripTimeNanos=0, setName='atlas-zt48hn-shard-0', canonicalAddress=ac-aoerbz6-shard-00-02.en0pykp.mongodb.net:27017, hosts=[ac-aoerbz6-shard-00-01.en0pykp.mongodb.net:27017, ac-aoerbz6-shard-00-00.en0pykp.mongodb.net:27017, ac-aoerbz6-shard-00-02.en0pykp.mongodb.net:27017], passives=[], arbiters=[], primary='ac-aoerbz6-shard-00-02.en0pykp.mongodb.net:27017', tagSet=TagSet{[Tag{name='availabilityZone', value='aps1-az2'}, Tag{name='diskState', value='READY'}, Tag{name='nodeType', value='ELECTABLE'}, Tag{name='provider', value='AWS'}, Tag{name='region', value='AP_SOUTH_1'}, Tag{name='workloadType', value='OPERATIONAL'}]}, electionId=7fffffff0000000000000156, setVersion=391, topologyVersion=TopologyVersion{processId=69b859a89b4f2018f8b26ac6, counter=6}, lastWriteDate=Wed Mar 25 16:33:00 IST 2026, lastUpdateTimeNanos=171679505183200}
2026-03-25 16:33:01 [cluster-ClusterId{value='69c3c0e54b97a1368dc80dd3', description='null'}-ac-aoerbz6-shard-00-01.en0pykp.mongodb.net:27017] INFO  org.mongodb.driver.cluster - Monitor thread successfully connected to server with description ServerDescription{address=ac-aoerbz6-shard-00-01.en0pykp.mongodb.net:27017, type=REPLICA_SET_SECONDARY, cryptd=false, state=CONNECTED, ok=true, minWireVersion=0, maxWireVersion=25, maxDocumentSize=16777216, logicalSessionTimeoutMinutes=30, roundTripTimeNanos=224879200, minRoundTripTimeNanos=0, setName='atlas-zt48hn-shard-0', canonicalAddress=ac-aoerbz6-shard-00-01.en0pykp.mongodb.net:27017, hosts=[ac-aoerbz6-shard-00-01.en0pykp.mongodb.net:27017, ac-aoerbz6-shard-00-00.en0pykp.mongodb.net:27017, ac-aoerbz6-shard-00-02.en0pykp.mongodb.net:27017], passives=[], arbiters=[], primary='ac-aoerbz6-shard-00-02.en0pykp.mongodb.net:27017', tagSet=TagSet{[Tag{name='availabilityZone', value='aps1-az3'}, Tag{name='diskState', value='READY'}, Tag{name='nodeType', value='ELECTABLE'}, Tag{name='provider', value='AWS'}, Tag{name='region', value='AP_SOUTH_1'}, Tag{name='workloadType', value='OPERATIONAL'}]}, electionId=null, setVersion=391, topologyVersion=TopologyVersion{processId=69b85ccb4b84e800f9f6512d, counter=3}, lastWriteDate=Wed Mar 25 16:33:00 IST 2026, lastUpdateTimeNanos=171679509361700}
2026-03-25 16:33:01 [cluster-ClusterId{value='69c3c0e54b97a1368dc80dd3', description='null'}-ac-aoerbz6-shard-00-02.en0pykp.mongodb.net:27017] INFO  org.mongodb.driver.cluster - Discovered replica set primary ac-aoerbz6-shard-00-02.en0pykp.mongodb.net:27017 with max election id 7fffffff0000000000000156 and max set version 391
2026-03-25 16:33:01 [main] WARN  com.password4j.PropertyReader - bcrypt minor version is not defined. Default value is used (b). Please set property hash.bcrypt.minor in your psw4j.properties file.
2026-03-25 16:33:01 [main] WARN  com.password4j.PropertyReader - bcrypt rounds are not defined. Default value is used (10). Please set property hash.bcrypt.rounds in your psw4j.properties file.
2026-03-25 16:33:01 [main] INFO  org.springframework.security.config.annotation.authentication.configuration.InitializeUserDetailsBeanManagerConfigurer$InitializeUserDetailsManagerConfigurer - Global AuthenticationManager configured with UserDetailsService bean with name userDetailsImpl
2026-03-25 16:33:02 [main] INFO  org.apache.coyote.http11.Http11NioProtocol - Starting ProtocolHandler ["http-nio-8080"]
2026-03-25 16:33:02 [main] INFO  org.springframework.boot.tomcat.TomcatWebServer - Tomcat started on port 8080 (http) with context path '/'
2026-03-25 16:33:02 [main] INFO  com.example.BookingApplication.BookingApplication - Started BookingApplication in 2.656 seconds (process running for 3.083)
2026-03-25 16:33:45 [http-nio-8080-exec-1] INFO  org.apache.catalina.core.ContainerBase.[Tomcat].[localhost].[/] - Initializing Spring DispatcherServlet 'dispatcherServlet'
2026-03-25 16:33:45 [http-nio-8080-exec-1] INFO  org.springframework.web.servlet.DispatcherServlet - Initializing Servlet 'dispatcherServlet'
2026-03-25 16:33:45 [http-nio-8080-exec-1] INFO  org.springframework.web.servlet.DispatcherServlet - Completed initialization in 1 ms
2026-03-25 16:33:45 [http-nio-8080-exec-1] WARN  org.springframework.web.servlet.handler.HandlerMappingIntrospector - Cache miss for REQUEST dispatch to '/Booking/new' (previous null). Performing CorsConfiguration lookup. This is logged once only at WARN level, and every time at TRACE.
2026-03-25 16:34:51 [SpringApplicationShutdownHook] INFO  org.springframework.boot.tomcat.GracefulShutdown - Commencing graceful shutdown. Waiting for active requests to complete
2026-03-25 16:34:51 [tomcat-shutdown] INFO  org.springframework.boot.tomcat.GracefulShutdown - Graceful shutdown complete
2026-03-25 16:35:33 [main] INFO  com.example.BookingApplication.BookingApplication - Starting BookingApplication using Java 21.0.7 with PID 30444 (C:\Users\ADMIN\Downloads\BookingApplication\BookingApplication\target\classes started by ADMIN in C:\Users\ADMIN\Downloads\BookingApplication)
2026-03-25 16:35:33 [main] INFO  com.example.BookingApplication.BookingApplication - No active profile set, falling back to 1 default profile: "default"
2026-03-25 16:35:34 [main] INFO  org.springframework.data.repository.config.RepositoryConfigurationDelegate - Multiple Spring Data modules found, entering strict repository configuration mode
2026-03-25 16:35:34 [main] INFO  org.springframework.data.repository.config.RepositoryConfigurationDelegate - Bootstrapping Spring Data MongoDB repositories in DEFAULT mode.
2026-03-25 16:35:34 [main] INFO  org.springframework.data.repository.config.RepositoryConfigurationDelegate - Finished Spring Data repository scanning in 77 ms. Found 3 MongoDB repository interfaces.
2026-03-25 16:35:34 [main] INFO  org.springframework.data.repository.config.RepositoryConfigurationDelegate - Multiple Spring Data modules found, entering strict repository configuration mode
2026-03-25 16:35:34 [main] INFO  org.springframework.data.repository.config.RepositoryConfigurationDelegate - Bootstrapping Spring Data Redis repositories in DEFAULT mode.
2026-03-25 16:35:34 [main] INFO  org.springframework.data.repository.config.RepositoryConfigurationExtensionSupport - Spring Data Redis - Could not safely identify store assignment for repository candidate interface com.example.BookingApplication.Repositories.BookingsRepository; If you want this repository to be a Redis repository, consider annotating your entities with one of these annotations: org.springframework.data.redis.core.RedisHash (preferred), or consider extending one of the following types with your repository: org.springframework.data.keyvalue.repository.KeyValueRepository
2026-03-25 16:35:34 [main] INFO  org.springframework.data.repository.config.RepositoryConfigurationExtensionSupport - Spring Data Redis - Could not safely identify store assignment for repository candidate interface com.example.BookingApplication.Repositories.StudioRepository; If you want this repository to be a Redis repository, consider annotating your entities with one of these annotations: org.springframework.data.redis.core.RedisHash (preferred), or consider extending one of the following types with your repository: org.springframework.data.keyvalue.repository.KeyValueRepository
2026-03-25 16:35:34 [main] INFO  org.springframework.data.repository.config.RepositoryConfigurationExtensionSupport - Spring Data Redis - Could not safely identify store assignment for repository candidate interface com.example.BookingApplication.Repositories.UserRepository; If you want this repository to be a Redis repository, consider annotating your entities with one of these annotations: org.springframework.data.redis.core.RedisHash (preferred), or consider extending one of the following types with your repository: org.springframework.data.keyvalue.repository.KeyValueRepository
2026-03-25 16:35:34 [main] INFO  org.springframework.data.repository.config.RepositoryConfigurationDelegate - Finished Spring Data repository scanning in 5 ms. Found 0 Redis repository interfaces.
2026-03-25 16:35:34 [main] INFO  org.springframework.boot.tomcat.TomcatWebServer - Tomcat initialized with port 8080 (http)
2026-03-25 16:35:34 [main] INFO  org.apache.coyote.http11.Http11NioProtocol - Initializing ProtocolHandler ["http-nio-8080"]
2026-03-25 16:35:34 [main] INFO  org.apache.catalina.core.StandardService - Starting service [Tomcat]
2026-03-25 16:35:34 [main] INFO  org.apache.catalina.core.StandardEngine - Starting Servlet engine: [Apache Tomcat/11.0.18]
2026-03-25 16:35:34 [main] INFO  org.springframework.boot.web.context.servlet.WebApplicationContextInitializer - Root WebApplicationContext: initialization completed in 1035 ms
2026-03-25 16:35:34 [main] INFO  org.mongodb.driver.client - MongoClient with metadata {"driver": {"name": "mongo-java-driver|spring-boot|sync", "version": "5.6.4"}, "os": {"type": "Windows", "name": "Windows 11", "architecture": "amd64", "version": "10.0"}, "platform": "Java/Oracle Corporation/21.0.7+8-LTS-245"} created with settings MongoClientSettings{readPreference=primary, writeConcern=WriteConcern{w=majority, wTimeout=null ms, journal=null}, retryWrites=true, retryReads=true, readConcern=ReadConcern{level=null}, credential=MongoCredential{mechanism=null, userName='root', source='admin', password=<hidden>, mechanismProperties=<hidden>}, transportSettings=null, commandListeners=[], codecRegistry=ProvidersCodecRegistry{codecProviders=[ValueCodecProvider{}, BsonValueCodecProvider{}, DBRefCodecProvider{}, DBObjectCodecProvider{}, DocumentCodecProvider{}, CollectionCodecProvider{}, IterableCodecProvider{}, MapCodecProvider{}, GeoJsonCodecProvider{}, GridFSFileCodecProvider{}, Jsr310CodecProvider{}, JsonObjectCodecProvider{}, BsonCodecProvider{}, com.mongodb.client.model.mql.ExpressionCodecProvider@77aea, com.mongodb.Jep395RecordCodecProvider@73e4bb60, com.mongodb.KotlinCodecProvider@9a9aa68, EnumCodecProvider{}]}, loggerSettings=LoggerSettings{maxDocumentLength=1000}, clusterSettings={hosts=[127.0.0.1:27017], srvHost=cluster0.en0pykp.mongodb.net, srvServiceName=mongodb, mode=MULTIPLE, requiredClusterType=REPLICA_SET, requiredReplicaSetName='atlas-zt48hn-shard-0', serverSelector='null', clusterListeners='[]', serverSelectionTimeout='30000 ms', localThreshold='15 ms'}, socketSettings=SocketSettings{connectTimeoutMS=10000, readTimeoutMS=0, receiveBufferSize=0, proxySettings=ProxySettings{host=null, port=null, username=null, password=null}}, heartbeatSocketSettings=SocketSettings{connectTimeoutMS=10000, readTimeoutMS=10000, receiveBufferSize=0, proxySettings=ProxySettings{host=null, port=null, username=null, password=null}}, connectionPoolSettings=ConnectionPoolSettings{maxSize=100, minSize=0, maxWaitTimeMS=120000, maxConnectionLifeTimeMS=0, maxConnectionIdleTimeMS=0, maintenanceInitialDelayMS=0, maintenanceFrequencyMS=60000, connectionPoolListeners=[], maxConnecting=2}, serverSettings=ServerSettings{heartbeatFrequencyMS=10000, minHeartbeatFrequencyMS=500, serverMonitoringMode=AUTO, serverListeners='[]', serverMonitorListeners='[]'}, sslSettings=SslSettings{enabled=true, invalidHostNameAllowed=false, context=null}, applicationName='null', compressorList=[], uuidRepresentation=UNSPECIFIED, serverApi=null, autoEncryptionSettings=null, dnsClient=null, inetAddressResolver=null, contextProvider=null, timeoutMS=null}
2026-03-25 16:35:34 [cluster-ClusterId{value='69c3c17e62f1f15fca92f125', description='null'}-srv-cluster0.en0pykp.mongodb.net] INFO  org.mongodb.driver.cluster - Adding discovered server ac-aoerbz6-shard-00-01.en0pykp.mongodb.net:27017 to client view of cluster
2026-03-25 16:35:34 [cluster-ClusterId{value='69c3c17e62f1f15fca92f125', description='null'}-srv-cluster0.en0pykp.mongodb.net] INFO  org.mongodb.driver.cluster - Adding discovered server ac-aoerbz6-shard-00-00.en0pykp.mongodb.net:27017 to client view of cluster
2026-03-25 16:35:34 [cluster-ClusterId{value='69c3c17e62f1f15fca92f125', description='null'}-srv-cluster0.en0pykp.mongodb.net] INFO  org.mongodb.driver.cluster - Adding discovered server ac-aoerbz6-shard-00-02.en0pykp.mongodb.net:27017 to client view of cluster
2026-03-25 16:35:35 [cluster-ClusterId{value='69c3c17e62f1f15fca92f125', description='null'}-ac-aoerbz6-shard-00-01.en0pykp.mongodb.net:27017] INFO  org.mongodb.driver.cluster - Monitor thread successfully connected to server with description ServerDescription{address=ac-aoerbz6-shard-00-01.en0pykp.mongodb.net:27017, type=REPLICA_SET_SECONDARY, cryptd=false, state=CONNECTED, ok=true, minWireVersion=0, maxWireVersion=25, maxDocumentSize=16777216, logicalSessionTimeoutMinutes=30, roundTripTimeNanos=200320000, minRoundTripTimeNanos=0, setName='atlas-zt48hn-shard-0', canonicalAddress=ac-aoerbz6-shard-00-01.en0pykp.mongodb.net:27017, hosts=[ac-aoerbz6-shard-00-01.en0pykp.mongodb.net:27017, ac-aoerbz6-shard-00-00.en0pykp.mongodb.net:27017, ac-aoerbz6-shard-00-02.en0pykp.mongodb.net:27017], passives=[], arbiters=[], primary='ac-aoerbz6-shard-00-02.en0pykp.mongodb.net:27017', tagSet=TagSet{[Tag{name='availabilityZone', value='aps1-az3'}, Tag{name='diskState', value='READY'}, Tag{name='nodeType', value='ELECTABLE'}, Tag{name='provider', value='AWS'}, Tag{name='region', value='AP_SOUTH_1'}, Tag{name='workloadType', value='OPERATIONAL'}]}, electionId=null, setVersion=391, topologyVersion=TopologyVersion{processId=69b85ccb4b84e800f9f6512d, counter=3}, lastWriteDate=Wed Mar 25 16:35:34 IST 2026, lastUpdateTimeNanos=171833294388500}
2026-03-25 16:35:35 [cluster-ClusterId{value='69c3c17e62f1f15fca92f125', description='null'}-ac-aoerbz6-shard-00-02.en0pykp.mongodb.net:27017] INFO  org.mongodb.driver.cluster - Monitor thread successfully connected to server with description ServerDescription{address=ac-aoerbz6-shard-00-02.en0pykp.mongodb.net:27017, type=REPLICA_SET_PRIMARY, cryptd=false, state=CONNECTED, ok=true, minWireVersion=0, maxWireVersion=25, maxDocumentSize=16777216, logicalSessionTimeoutMinutes=30, roundTripTimeNanos=200321800, minRoundTripTimeNanos=0, setName='atlas-zt48hn-shard-0', canonicalAddress=ac-aoerbz6-shard-00-02.en0pykp.mongodb.net:27017, hosts=[ac-aoerbz6-shard-00-01.en0pykp.mongodb.net:27017, ac-aoerbz6-shard-00-00.en0pykp.mongodb.net:27017, ac-aoerbz6-shard-00-02.en0pykp.mongodb.net:27017], passives=[], arbiters=[], primary='ac-aoerbz6-shard-00-02.en0pykp.mongodb.net:27017', tagSet=TagSet{[Tag{name='availabilityZone', value='aps1-az2'}, Tag{name='diskState', value='READY'}, Tag{name='nodeType', value='ELECTABLE'}, Tag{name='provider', value='AWS'}, Tag{name='region', value='AP_SOUTH_1'}, Tag{name='workloadType', value='OPERATIONAL'}]}, electionId=7fffffff0000000000000156, setVersion=391, topologyVersion=TopologyVersion{processId=69b859a89b4f2018f8b26ac6, counter=6}, lastWriteDate=Wed Mar 25 16:35:34 IST 2026, lastUpdateTimeNanos=171833294388400}
2026-03-25 16:35:35 [cluster-ClusterId{value='69c3c17e62f1f15fca92f125', description='null'}-ac-aoerbz6-shard-00-00.en0pykp.mongodb.net:27017] INFO  org.mongodb.driver.cluster - Monitor thread successfully connected to server with description ServerDescription{address=ac-aoerbz6-shard-00-00.en0pykp.mongodb.net:27017, type=REPLICA_SET_SECONDARY, cryptd=false, state=CONNECTED, ok=true, minWireVersion=0, maxWireVersion=25, maxDocumentSize=16777216, logicalSessionTimeoutMinutes=30, roundTripTimeNanos=190949300, minRoundTripTimeNanos=0, setName='atlas-zt48hn-shard-0', canonicalAddress=ac-aoerbz6-shard-00-00.en0pykp.mongodb.net:27017, hosts=[ac-aoerbz6-shard-00-01.en0pykp.mongodb.net:27017, ac-aoerbz6-shard-00-00.en0pykp.mongodb.net:27017, ac-aoerbz6-shard-00-02.en0pykp.mongodb.net:27017], passives=[], arbiters=[], primary='ac-aoerbz6-shard-00-02.en0pykp.mongodb.net:27017', tagSet=TagSet{[Tag{name='availabilityZone', value='aps1-az1'}, Tag{name='diskState', value='READY'}, Tag{name='nodeType', value='ELECTABLE'}, Tag{name='provider', value='AWS'}, Tag{name='region', value='AP_SOUTH_1'}, Tag{name='workloadType', value='OPERATIONAL'}]}, electionId=null, setVersion=391, topologyVersion=TopologyVersion{processId=69b855abb14686967b76fdd6, counter=4}, lastWriteDate=Wed Mar 25 16:35:34 IST 2026, lastUpdateTimeNanos=171833297267800}
2026-03-25 16:35:35 [cluster-ClusterId{value='69c3c17e62f1f15fca92f125', description='null'}-ac-aoerbz6-shard-00-02.en0pykp.mongodb.net:27017] INFO  org.mongodb.driver.cluster - Discovered replica set primary ac-aoerbz6-shard-00-02.en0pykp.mongodb.net:27017 with max election id 7fffffff0000000000000156 and max set version 391
2026-03-25 16:35:35 [main] WARN  com.password4j.PropertyReader - bcrypt minor version is not defined. Default value is used (b). Please set property hash.bcrypt.minor in your psw4j.properties file.
2026-03-25 16:35:35 [main] WARN  com.password4j.PropertyReader - bcrypt rounds are not defined. Default value is used (10). Please set property hash.bcrypt.rounds in your psw4j.properties file.
2026-03-25 16:35:35 [main] INFO  org.springframework.security.config.annotation.authentication.configuration.InitializeUserDetailsBeanManagerConfigurer$InitializeUserDetailsManagerConfigurer - Global AuthenticationManager configured with UserDetailsService bean with name userDetailsImpl
2026-03-25 16:35:36 [main] INFO  org.apache.coyote.http11.Http11NioProtocol - Starting ProtocolHandler ["http-nio-8080"]
2026-03-25 16:35:36 [main] INFO  org.springframework.boot.tomcat.TomcatWebServer - Tomcat started on port 8080 (http) with context path '/'
2026-03-25 16:35:36 [main] INFO  com.example.BookingApplication.BookingApplication - Started BookingApplication in 2.637 seconds (process running for 3.083)
2026-03-25 16:35:40 [http-nio-8080-exec-2] INFO  org.apache.catalina.core.ContainerBase.[Tomcat].[localhost].[/] - Initializing Spring DispatcherServlet 'dispatcherServlet'
2026-03-25 16:35:40 [http-nio-8080-exec-2] INFO  org.springframework.web.servlet.DispatcherServlet - Initializing Servlet 'dispatcherServlet'
2026-03-25 16:35:40 [http-nio-8080-exec-2] INFO  org.springframework.web.servlet.DispatcherServlet - Completed initialization in 2 ms
2026-03-25 16:35:40 [http-nio-8080-exec-2] WARN  org.springframework.web.servlet.handler.HandlerMappingIntrospector - Cache miss for REQUEST dispatch to '/getstarted/List' (previous null). Performing CorsConfiguration lookup. This is logged once only at WARN level, and every time at TRACE.
2026-03-25 16:36:26 [SpringApplicationShutdownHook] INFO  org.springframework.boot.tomcat.GracefulShutdown - Commencing graceful shutdown. Waiting for active requests to complete
2026-03-25 16:36:26 [tomcat-shutdown] INFO  org.springframework.boot.tomcat.GracefulShutdown - Graceful shutdown complete
2026-03-25 16:36:27 [main] INFO  com.example.BookingApplication.BookingApplication - Starting BookingApplication using Java 21.0.7 with PID 34988 (C:\Users\ADMIN\Downloads\BookingApplication\BookingApplication\target\classes started by ADMIN in C:\Users\ADMIN\Downloads\BookingApplication)
2026-03-25 16:36:27 [main] INFO  com.example.BookingApplication.BookingApplication - No active profile set, falling back to 1 default profile: "default"
2026-03-25 16:36:28 [main] INFO  org.springframework.data.repository.config.RepositoryConfigurationDelegate - Multiple Spring Data modules found, entering strict repository configuration mode
2026-03-25 16:36:28 [main] INFO  org.springframework.data.repository.config.RepositoryConfigurationDelegate - Bootstrapping Spring Data MongoDB repositories in DEFAULT mode.
2026-03-25 16:36:28 [main] INFO  org.springframework.data.repository.config.RepositoryConfigurationDelegate - Finished Spring Data repository scanning in 85 ms. Found 3 MongoDB repository interfaces.
2026-03-25 16:36:28 [main] INFO  org.springframework.data.repository.config.RepositoryConfigurationDelegate - Multiple Spring Data modules found, entering strict repository configuration mode
2026-03-25 16:36:28 [main] INFO  org.springframework.data.repository.config.RepositoryConfigurationDelegate - Bootstrapping Spring Data Redis repositories in DEFAULT mode.
2026-03-25 16:36:28 [main] INFO  org.springframework.data.repository.config.RepositoryConfigurationExtensionSupport - Spring Data Redis - Could not safely identify store assignment for repository candidate interface com.example.BookingApplication.Repositories.BookingsRepository; If you want this repository to be a Redis repository, consider annotating your entities with one of these annotations: org.springframework.data.redis.core.RedisHash (preferred), or consider extending one of the following types with your repository: org.springframework.data.keyvalue.repository.KeyValueRepository
2026-03-25 16:36:28 [main] INFO  org.springframework.data.repository.config.RepositoryConfigurationExtensionSupport - Spring Data Redis - Could not safely identify store assignment for repository candidate interface com.example.BookingApplication.Repositories.StudioRepository; If you want this repository to be a Redis repository, consider annotating your entities with one of these annotations: org.springframework.data.redis.core.RedisHash (preferred), or consider extending one of the following types with your repository: org.springframework.data.keyvalue.repository.KeyValueRepository
2026-03-25 16:36:28 [main] INFO  org.springframework.data.repository.config.RepositoryConfigurationExtensionSupport - Spring Data Redis - Could not safely identify store assignment for repository candidate interface com.example.BookingApplication.Repositories.UserRepository; If you want this repository to be a Redis repository, consider annotating your entities with one of these annotations: org.springframework.data.redis.core.RedisHash (preferred), or consider extending one of the following types with your repository: org.springframework.data.keyvalue.repository.KeyValueRepository
2026-03-25 16:36:28 [main] INFO  org.springframework.data.repository.config.RepositoryConfigurationDelegate - Finished Spring Data repository scanning in 5 ms. Found 0 Redis repository interfaces.
2026-03-25 16:36:28 [main] INFO  org.springframework.boot.tomcat.TomcatWebServer - Tomcat initialized with port 8080 (http)
2026-03-25 16:36:28 [main] INFO  org.apache.coyote.http11.Http11NioProtocol - Initializing ProtocolHandler ["http-nio-8080"]
2026-03-25 16:36:28 [main] INFO  org.apache.catalina.core.StandardService - Starting service [Tomcat]
2026-03-25 16:36:28 [main] INFO  org.apache.catalina.core.StandardEngine - Starting Servlet engine: [Apache Tomcat/11.0.18]
2026-03-25 16:36:28 [main] INFO  org.springframework.boot.web.context.servlet.WebApplicationContextInitializer - Root WebApplicationContext: initialization completed in 993 ms
2026-03-25 16:36:29 [main] INFO  org.mongodb.driver.client - MongoClient with metadata {"driver": {"name": "mongo-java-driver|spring-boot|sync", "version": "5.6.4"}, "os": {"type": "Windows", "name": "Windows 11", "architecture": "amd64", "version": "10.0"}, "platform": "Java/Oracle Corporation/21.0.7+8-LTS-245"} created with settings MongoClientSettings{readPreference=primary, writeConcern=WriteConcern{w=majority, wTimeout=null ms, journal=null}, retryWrites=true, retryReads=true, readConcern=ReadConcern{level=null}, credential=MongoCredential{mechanism=null, userName='root', source='admin', password=<hidden>, mechanismProperties=<hidden>}, transportSettings=null, commandListeners=[], codecRegistry=ProvidersCodecRegistry{codecProviders=[ValueCodecProvider{}, BsonValueCodecProvider{}, DBRefCodecProvider{}, DBObjectCodecProvider{}, DocumentCodecProvider{}, CollectionCodecProvider{}, IterableCodecProvider{}, MapCodecProvider{}, GeoJsonCodecProvider{}, GridFSFileCodecProvider{}, Jsr310CodecProvider{}, JsonObjectCodecProvider{}, BsonCodecProvider{}, com.mongodb.client.model.mql.ExpressionCodecProvider@3360283, com.mongodb.Jep395RecordCodecProvider@77aea, com.mongodb.KotlinCodecProvider@73e4bb60, EnumCodecProvider{}]}, loggerSettings=LoggerSettings{maxDocumentLength=1000}, clusterSettings={hosts=[127.0.0.1:27017], srvHost=cluster0.en0pykp.mongodb.net, srvServiceName=mongodb, mode=MULTIPLE, requiredClusterType=REPLICA_SET, requiredReplicaSetName='atlas-zt48hn-shard-0', serverSelector='null', clusterListeners='[]', serverSelectionTimeout='30000 ms', localThreshold='15 ms'}, socketSettings=SocketSettings{connectTimeoutMS=10000, readTimeoutMS=0, receiveBufferSize=0, proxySettings=ProxySettings{host=null, port=null, username=null, password=null}}, heartbeatSocketSettings=SocketSettings{connectTimeoutMS=10000, readTimeoutMS=10000, receiveBufferSize=0, proxySettings=ProxySettings{host=null, port=null, username=null, password=null}}, connectionPoolSettings=ConnectionPoolSettings{maxSize=100, minSize=0, maxWaitTimeMS=120000, maxConnectionLifeTimeMS=0, maxConnectionIdleTimeMS=0, maintenanceInitialDelayMS=0, maintenanceFrequencyMS=60000, connectionPoolListeners=[], maxConnecting=2}, serverSettings=ServerSettings{heartbeatFrequencyMS=10000, minHeartbeatFrequencyMS=500, serverMonitoringMode=AUTO, serverListeners='[]', serverMonitorListeners='[]'}, sslSettings=SslSettings{enabled=true, invalidHostNameAllowed=false, context=null}, applicationName='null', compressorList=[], uuidRepresentation=UNSPECIFIED, serverApi=null, autoEncryptionSettings=null, dnsClient=null, inetAddressResolver=null, contextProvider=null, timeoutMS=null}
2026-03-25 16:36:29 [cluster-ClusterId{value='69c3c1b57b79a019bffd93e1', description='null'}-srv-cluster0.en0pykp.mongodb.net] INFO  org.mongodb.driver.cluster - Adding discovered server ac-aoerbz6-shard-00-01.en0pykp.mongodb.net:27017 to client view of cluster
2026-03-25 16:36:29 [cluster-ClusterId{value='69c3c1b57b79a019bffd93e1', description='null'}-srv-cluster0.en0pykp.mongodb.net] INFO  org.mongodb.driver.cluster - Adding discovered server ac-aoerbz6-shard-00-00.en0pykp.mongodb.net:27017 to client view of cluster
2026-03-25 16:36:29 [cluster-ClusterId{value='69c3c1b57b79a019bffd93e1', description='null'}-srv-cluster0.en0pykp.mongodb.net] INFO  org.mongodb.driver.cluster - Adding discovered server ac-aoerbz6-shard-00-02.en0pykp.mongodb.net:27017 to client view of cluster
2026-03-25 16:36:29 [cluster-ClusterId{value='69c3c1b57b79a019bffd93e1', description='null'}-ac-aoerbz6-shard-00-00.en0pykp.mongodb.net:27017] INFO  org.mongodb.driver.cluster - Monitor thread successfully connected to server with description ServerDescription{address=ac-aoerbz6-shard-00-00.en0pykp.mongodb.net:27017, type=REPLICA_SET_SECONDARY, cryptd=false, state=CONNECTED, ok=true, minWireVersion=0, maxWireVersion=25, maxDocumentSize=16777216, logicalSessionTimeoutMinutes=30, roundTripTimeNanos=214480000, minRoundTripTimeNanos=0, setName='atlas-zt48hn-shard-0', canonicalAddress=ac-aoerbz6-shard-00-00.en0pykp.mongodb.net:27017, hosts=[ac-aoerbz6-shard-00-01.en0pykp.mongodb.net:27017, ac-aoerbz6-shard-00-00.en0pykp.mongodb.net:27017, ac-aoerbz6-shard-00-02.en0pykp.mongodb.net:27017], passives=[], arbiters=[], primary='ac-aoerbz6-shard-00-02.en0pykp.mongodb.net:27017', tagSet=TagSet{[Tag{name='availabilityZone', value='aps1-az1'}, Tag{name='diskState', value='READY'}, Tag{name='nodeType', value='ELECTABLE'}, Tag{name='provider', value='AWS'}, Tag{name='region', value='AP_SOUTH_1'}, Tag{name='workloadType', value='OPERATIONAL'}]}, electionId=null, setVersion=391, topologyVersion=TopologyVersion{processId=69b855abb14686967b76fdd6, counter=4}, lastWriteDate=Wed Mar 25 16:36:28 IST 2026, lastUpdateTimeNanos=171887479888000}
2026-03-25 16:36:29 [cluster-ClusterId{value='69c3c1b57b79a019bffd93e1', description='null'}-ac-aoerbz6-shard-00-01.en0pykp.mongodb.net:27017] INFO  org.mongodb.driver.cluster - Monitor thread successfully connected to server with description ServerDescription{address=ac-aoerbz6-shard-00-01.en0pykp.mongodb.net:27017, type=REPLICA_SET_SECONDARY, cryptd=false, state=CONNECTED, ok=true, minWireVersion=0, maxWireVersion=25, maxDocumentSize=16777216, logicalSessionTimeoutMinutes=30, roundTripTimeNanos=216724800, minRoundTripTimeNanos=0, setName='atlas-zt48hn-shard-0', canonicalAddress=ac-aoerbz6-shard-00-01.en0pykp.mongodb.net:27017, hosts=[ac-aoerbz6-shard-00-01.en0pykp.mongodb.net:27017, ac-aoerbz6-shard-00-00.en0pykp.mongodb.net:27017, ac-aoerbz6-shard-00-02.en0pykp.mongodb.net:27017], passives=[], arbiters=[], primary='ac-aoerbz6-shard-00-02.en0pykp.mongodb.net:27017', tagSet=TagSet{[Tag{name='availabilityZone', value='aps1-az3'}, Tag{name='diskState', value='READY'}, Tag{name='nodeType', value='ELECTABLE'}, Tag{name='provider', value='AWS'}, Tag{name='region', value='AP_SOUTH_1'}, Tag{name='workloadType', value='OPERATIONAL'}]}, electionId=null, setVersion=391, topologyVersion=TopologyVersion{processId=69b85ccb4b84e800f9f6512d, counter=3}, lastWriteDate=Wed Mar 25 16:36:28 IST 2026, lastUpdateTimeNanos=171887479859900}
2026-03-25 16:36:29 [cluster-ClusterId{value='69c3c1b57b79a019bffd93e1', description='null'}-ac-aoerbz6-shard-00-02.en0pykp.mongodb.net:27017] INFO  org.mongodb.driver.cluster - Monitor thread successfully connected to server with description ServerDescription{address=ac-aoerbz6-shard-00-02.en0pykp.mongodb.net:27017, type=REPLICA_SET_PRIMARY, cryptd=false, state=CONNECTED, ok=true, minWireVersion=0, maxWireVersion=25, maxDocumentSize=16777216, logicalSessionTimeoutMinutes=30, roundTripTimeNanos=207016300, minRoundTripTimeNanos=0, setName='atlas-zt48hn-shard-0', canonicalAddress=ac-aoerbz6-shard-00-02.en0pykp.mongodb.net:27017, hosts=[ac-aoerbz6-shard-00-01.en0pykp.mongodb.net:27017, ac-aoerbz6-shard-00-00.en0pykp.mongodb.net:27017, ac-aoerbz6-shard-00-02.en0pykp.mongodb.net:27017], passives=[], arbiters=[], primary='ac-aoerbz6-shard-00-02.en0pykp.mongodb.net:27017', tagSet=TagSet{[Tag{name='availabilityZone', value='aps1-az2'}, Tag{name='diskState', value='READY'}, Tag{name='nodeType', value='ELECTABLE'}, Tag{name='provider', value='AWS'}, Tag{name='region', value='AP_SOUTH_1'}, Tag{name='workloadType', value='OPERATIONAL'}]}, electionId=7fffffff0000000000000156, setVersion=391, topologyVersion=TopologyVersion{processId=69b859a89b4f2018f8b26ac6, counter=6}, lastWriteDate=Wed Mar 25 16:36:28 IST 2026, lastUpdateTimeNanos=171887485858800}
2026-03-25 16:36:29 [cluster-ClusterId{value='69c3c1b57b79a019bffd93e1', description='null'}-ac-aoerbz6-shard-00-02.en0pykp.mongodb.net:27017] INFO  org.mongodb.driver.cluster - Discovered replica set primary ac-aoerbz6-shard-00-02.en0pykp.mongodb.net:27017 with max election id 7fffffff0000000000000156 and max set version 391
2026-03-25 16:36:29 [main] WARN  com.password4j.PropertyReader - bcrypt minor version is not defined. Default value is used (b). Please set property hash.bcrypt.minor in your psw4j.properties file.
2026-03-25 16:36:29 [main] WARN  com.password4j.PropertyReader - bcrypt rounds are not defined. Default value is used (10). Please set property hash.bcrypt.rounds in your psw4j.properties file.
2026-03-25 16:36:29 [main] INFO  org.springframework.security.config.annotation.authentication.configuration.InitializeUserDetailsBeanManagerConfigurer$InitializeUserDetailsManagerConfigurer - Global AuthenticationManager configured with UserDetailsService bean with name userDetailsImpl
2026-03-25 16:36:30 [main] INFO  org.apache.coyote.http11.Http11NioProtocol - Starting ProtocolHandler ["http-nio-8080"]
2026-03-25 16:36:30 [main] INFO  org.springframework.boot.tomcat.TomcatWebServer - Tomcat started on port 8080 (http) with context path '/'
2026-03-25 16:36:30 [main] INFO  com.example.BookingApplication.BookingApplication - Started BookingApplication in 2.505 seconds (process running for 2.989)
2026-03-25 16:36:46 [http-nio-8080-exec-1] INFO  org.apache.catalina.core.ContainerBase.[Tomcat].[localhost].[/] - Initializing Spring DispatcherServlet 'dispatcherServlet'
2026-03-25 16:36:46 [http-nio-8080-exec-1] INFO  org.springframework.web.servlet.DispatcherServlet - Initializing Servlet 'dispatcherServlet'
2026-03-25 16:36:46 [http-nio-8080-exec-1] INFO  org.springframework.web.servlet.DispatcherServlet - Completed initialization in 2 ms
2026-03-25 16:36:46 [http-nio-8080-exec-1] WARN  org.springframework.web.servlet.handler.HandlerMappingIntrospector - Cache miss for REQUEST dispatch to '/Booking/new' (previous null). Performing CorsConfiguration lookup. This is logged once only at WARN level, and every time at TRACE.
2026-03-25 16:41:35 [SpringApplicationShutdownHook] INFO  org.springframework.boot.tomcat.GracefulShutdown - Commencing graceful shutdown. Waiting for active requests to complete
2026-03-25 16:41:35 [tomcat-shutdown] INFO  org.springframework.boot.tomcat.GracefulShutdown - Graceful shutdown complete
2026-03-25 16:41:37 [main] INFO  com.example.BookingApplication.BookingApplication - Starting BookingApplication using Java 21.0.7 with PID 6696 (C:\Users\ADMIN\Downloads\BookingApplication\BookingApplication\target\classes started by ADMIN in C:\Users\ADMIN\Downloads\BookingApplication)
2026-03-25 16:41:37 [main] INFO  com.example.BookingApplication.BookingApplication - No active profile set, falling back to 1 default profile: "default"
2026-03-25 16:41:38 [main] INFO  org.springframework.data.repository.config.RepositoryConfigurationDelegate - Multiple Spring Data modules found, entering strict repository configuration mode
2026-03-25 16:41:38 [main] INFO  org.springframework.data.repository.config.RepositoryConfigurationDelegate - Bootstrapping Spring Data MongoDB repositories in DEFAULT mode.
2026-03-25 16:41:38 [main] INFO  org.springframework.data.repository.config.RepositoryConfigurationDelegate - Finished Spring Data repository scanning in 72 ms. Found 3 MongoDB repository interfaces.
2026-03-25 16:41:38 [main] INFO  org.springframework.data.repository.config.RepositoryConfigurationDelegate - Multiple Spring Data modules found, entering strict repository configuration mode
2026-03-25 16:41:38 [main] INFO  org.springframework.data.repository.config.RepositoryConfigurationDelegate - Bootstrapping Spring Data Redis repositories in DEFAULT mode.
2026-03-25 16:41:38 [main] INFO  org.springframework.data.repository.config.RepositoryConfigurationExtensionSupport - Spring Data Redis - Could not safely identify store assignment for repository candidate interface com.example.BookingApplication.Repositories.BookingsRepository; If you want this repository to be a Redis repository, consider annotating your entities with one of these annotations: org.springframework.data.redis.core.RedisHash (preferred), or consider extending one of the following types with your repository: org.springframework.data.keyvalue.repository.KeyValueRepository
2026-03-25 16:41:38 [main] INFO  org.springframework.data.repository.config.RepositoryConfigurationExtensionSupport - Spring Data Redis - Could not safely identify store assignment for repository candidate interface com.example.BookingApplication.Repositories.StudioRepository; If you want this repository to be a Redis repository, consider annotating your entities with one of these annotations: org.springframework.data.redis.core.RedisHash (preferred), or consider extending one of the following types with your repository: org.springframework.data.keyvalue.repository.KeyValueRepository
2026-03-25 16:41:38 [main] INFO  org.springframework.data.repository.config.RepositoryConfigurationExtensionSupport - Spring Data Redis - Could not safely identify store assignment for repository candidate interface com.example.BookingApplication.Repositories.UserRepository; If you want this repository to be a Redis repository, consider annotating your entities with one of these annotations: org.springframework.data.redis.core.RedisHash (preferred), or consider extending one of the following types with your repository: org.springframework.data.keyvalue.repository.KeyValueRepository
2026-03-25 16:41:38 [main] INFO  org.springframework.data.repository.config.RepositoryConfigurationDelegate - Finished Spring Data repository scanning in 5 ms. Found 0 Redis repository interfaces.
2026-03-25 16:41:38 [main] INFO  org.springframework.boot.tomcat.TomcatWebServer - Tomcat initialized with port 8080 (http)
2026-03-25 16:41:38 [main] INFO  org.apache.coyote.http11.Http11NioProtocol - Initializing ProtocolHandler ["http-nio-8080"]
2026-03-25 16:41:38 [main] INFO  org.apache.catalina.core.StandardService - Starting service [Tomcat]
2026-03-25 16:41:38 [main] INFO  org.apache.catalina.core.StandardEngine - Starting Servlet engine: [Apache Tomcat/11.0.18]
2026-03-25 16:41:38 [main] INFO  org.springframework.boot.web.context.servlet.WebApplicationContextInitializer - Root WebApplicationContext: initialization completed in 1002 ms
2026-03-25 16:41:39 [main] INFO  org.mongodb.driver.client - MongoClient with metadata {"driver": {"name": "mongo-java-driver|spring-boot|sync", "version": "5.6.4"}, "os": {"type": "Windows", "name": "Windows 11", "architecture": "amd64", "version": "10.0"}, "platform": "Java/Oracle Corporation/21.0.7+8-LTS-245"} created with settings MongoClientSettings{readPreference=primary, writeConcern=WriteConcern{w=majority, wTimeout=null ms, journal=null}, retryWrites=true, retryReads=true, readConcern=ReadConcern{level=null}, credential=MongoCredential{mechanism=null, userName='root', source='admin', password=<hidden>, mechanismProperties=<hidden>}, transportSettings=null, commandListeners=[], codecRegistry=ProvidersCodecRegistry{codecProviders=[ValueCodecProvider{}, BsonValueCodecProvider{}, DBRefCodecProvider{}, DBObjectCodecProvider{}, DocumentCodecProvider{}, CollectionCodecProvider{}, IterableCodecProvider{}, MapCodecProvider{}, GeoJsonCodecProvider{}, GridFSFileCodecProvider{}, Jsr310CodecProvider{}, JsonObjectCodecProvider{}, BsonCodecProvider{}, com.mongodb.client.model.mql.ExpressionCodecProvider@4d69d288, com.mongodb.Jep395RecordCodecProvider@437281c5, com.mongodb.KotlinCodecProvider@787178b1, EnumCodecProvider{}]}, loggerSettings=LoggerSettings{maxDocumentLength=1000}, clusterSettings={hosts=[127.0.0.1:27017], srvHost=cluster0.en0pykp.mongodb.net, srvServiceName=mongodb, mode=MULTIPLE, requiredClusterType=REPLICA_SET, requiredReplicaSetName='atlas-zt48hn-shard-0', serverSelector='null', clusterListeners='[]', serverSelectionTimeout='30000 ms', localThreshold='15 ms'}, socketSettings=SocketSettings{connectTimeoutMS=10000, readTimeoutMS=0, receiveBufferSize=0, proxySettings=ProxySettings{host=null, port=null, username=null, password=null}}, heartbeatSocketSettings=SocketSettings{connectTimeoutMS=10000, readTimeoutMS=10000, receiveBufferSize=0, proxySettings=ProxySettings{host=null, port=null, username=null, password=null}}, connectionPoolSettings=ConnectionPoolSettings{maxSize=100, minSize=0, maxWaitTimeMS=120000, maxConnectionLifeTimeMS=0, maxConnectionIdleTimeMS=0, maintenanceInitialDelayMS=0, maintenanceFrequencyMS=60000, connectionPoolListeners=[], maxConnecting=2}, serverSettings=ServerSettings{heartbeatFrequencyMS=10000, minHeartbeatFrequencyMS=500, serverMonitoringMode=AUTO, serverListeners='[]', serverMonitorListeners='[]'}, sslSettings=SslSettings{enabled=true, invalidHostNameAllowed=false, context=null}, applicationName='null', compressorList=[], uuidRepresentation=UNSPECIFIED, serverApi=null, autoEncryptionSettings=null, dnsClient=null, inetAddressResolver=null, contextProvider=null, timeoutMS=null}
2026-03-25 16:41:39 [cluster-ClusterId{value='69c3c2eb76bd49117300765e', description='null'}-srv-cluster0.en0pykp.mongodb.net] INFO  org.mongodb.driver.cluster - Adding discovered server ac-aoerbz6-shard-00-01.en0pykp.mongodb.net:27017 to client view of cluster
2026-03-25 16:41:39 [cluster-ClusterId{value='69c3c2eb76bd49117300765e', description='null'}-srv-cluster0.en0pykp.mongodb.net] INFO  org.mongodb.driver.cluster - Adding discovered server ac-aoerbz6-shard-00-00.en0pykp.mongodb.net:27017 to client view of cluster
2026-03-25 16:41:39 [cluster-ClusterId{value='69c3c2eb76bd49117300765e', description='null'}-srv-cluster0.en0pykp.mongodb.net] INFO  org.mongodb.driver.cluster - Adding discovered server ac-aoerbz6-shard-00-02.en0pykp.mongodb.net:27017 to client view of cluster
2026-03-25 16:41:39 [cluster-ClusterId{value='69c3c2eb76bd49117300765e', description='null'}-ac-aoerbz6-shard-00-00.en0pykp.mongodb.net:27017] INFO  org.mongodb.driver.cluster - Monitor thread successfully connected to server with description ServerDescription{address=ac-aoerbz6-shard-00-00.en0pykp.mongodb.net:27017, type=REPLICA_SET_SECONDARY, cryptd=false, state=CONNECTED, ok=true, minWireVersion=0, maxWireVersion=25, maxDocumentSize=16777216, logicalSessionTimeoutMinutes=30, roundTripTimeNanos=204278300, minRoundTripTimeNanos=0, setName='atlas-zt48hn-shard-0', canonicalAddress=ac-aoerbz6-shard-00-00.en0pykp.mongodb.net:27017, hosts=[ac-aoerbz6-shard-00-01.en0pykp.mongodb.net:27017, ac-aoerbz6-shard-00-00.en0pykp.mongodb.net:27017, ac-aoerbz6-shard-00-02.en0pykp.mongodb.net:27017], passives=[], arbiters=[], primary='ac-aoerbz6-shard-00-02.en0pykp.mongodb.net:27017', tagSet=TagSet{[Tag{name='availabilityZone', value='aps1-az1'}, Tag{name='diskState', value='READY'}, Tag{name='nodeType', value='ELECTABLE'}, Tag{name='provider', value='AWS'}, Tag{name='region', value='AP_SOUTH_1'}, Tag{name='workloadType', value='OPERATIONAL'}]}, electionId=null, setVersion=391, topologyVersion=TopologyVersion{processId=69b855abb14686967b76fdd6, counter=4}, lastWriteDate=Wed Mar 25 16:41:38 IST 2026, lastUpdateTimeNanos=172197473377800}
2026-03-25 16:41:39 [cluster-ClusterId{value='69c3c2eb76bd49117300765e', description='null'}-ac-aoerbz6-shard-00-01.en0pykp.mongodb.net:27017] INFO  org.mongodb.driver.cluster - Monitor thread successfully connected to server with description ServerDescription{address=ac-aoerbz6-shard-00-01.en0pykp.mongodb.net:27017, type=REPLICA_SET_SECONDARY, cryptd=false, state=CONNECTED, ok=true, minWireVersion=0, maxWireVersion=25, maxDocumentSize=16777216, logicalSessionTimeoutMinutes=30, roundTripTimeNanos=213417200, minRoundTripTimeNanos=0, setName='atlas-zt48hn-shard-0', canonicalAddress=ac-aoerbz6-shard-00-01.en0pykp.mongodb.net:27017, hosts=[ac-aoerbz6-shard-00-01.en0pykp.mongodb.net:27017, ac-aoerbz6-shard-00-00.en0pykp.mongodb.net:27017, ac-aoerbz6-shard-00-02.en0pykp.mongodb.net:27017], passives=[], arbiters=[], primary='ac-aoerbz6-shard-00-02.en0pykp.mongodb.net:27017', tagSet=TagSet{[Tag{name='availabilityZone', value='aps1-az3'}, Tag{name='diskState', value='READY'}, Tag{name='nodeType', value='ELECTABLE'}, Tag{name='provider', value='AWS'}, Tag{name='region', value='AP_SOUTH_1'}, Tag{name='workloadType', value='OPERATIONAL'}]}, electionId=null, setVersion=391, topologyVersion=TopologyVersion{processId=69b85ccb4b84e800f9f6512d, counter=3}, lastWriteDate=Wed Mar 25 16:41:38 IST 2026, lastUpdateTimeNanos=172197471405300}
2026-03-25 16:41:39 [cluster-ClusterId{value='69c3c2eb76bd49117300765e', description='null'}-ac-aoerbz6-shard-00-02.en0pykp.mongodb.net:27017] INFO  org.mongodb.driver.cluster - Monitor thread successfully connected to server with description ServerDescription{address=ac-aoerbz6-shard-00-02.en0pykp.mongodb.net:27017, type=REPLICA_SET_PRIMARY, cryptd=false, state=CONNECTED, ok=true, minWireVersion=0, maxWireVersion=25, maxDocumentSize=16777216, logicalSessionTimeoutMinutes=30, roundTripTimeNanos=206924300, minRoundTripTimeNanos=0, setName='atlas-zt48hn-shard-0', canonicalAddress=ac-aoerbz6-shard-00-02.en0pykp.mongodb.net:27017, hosts=[ac-aoerbz6-shard-00-01.en0pykp.mongodb.net:27017, ac-aoerbz6-shard-00-00.en0pykp.mongodb.net:27017, ac-aoerbz6-shard-00-02.en0pykp.mongodb.net:27017], passives=[], arbiters=[], primary='ac-aoerbz6-shard-00-02.en0pykp.mongodb.net:27017', tagSet=TagSet{[Tag{name='availabilityZone', value='aps1-az2'}, Tag{name='diskState', value='READY'}, Tag{name='nodeType', value='ELECTABLE'}, Tag{name='provider', value='AWS'}, Tag{name='region', value='AP_SOUTH_1'}, Tag{name='workloadType', value='OPERATIONAL'}]}, electionId=7fffffff0000000000000156, setVersion=391, topologyVersion=TopologyVersion{processId=69b859a89b4f2018f8b26ac6, counter=6}, lastWriteDate=Wed Mar 25 16:41:38 IST 2026, lastUpdateTimeNanos=172197475970500}
2026-03-25 16:41:39 [cluster-ClusterId{value='69c3c2eb76bd49117300765e', description='null'}-ac-aoerbz6-shard-00-02.en0pykp.mongodb.net:27017] INFO  org.mongodb.driver.cluster - Discovered replica set primary ac-aoerbz6-shard-00-02.en0pykp.mongodb.net:27017 with max election id 7fffffff0000000000000156 and max set version 391
2026-03-25 16:41:39 [main] WARN  com.password4j.PropertyReader - bcrypt minor version is not defined. Default value is used (b). Please set property hash.bcrypt.minor in your psw4j.properties file.
2026-03-25 16:41:39 [main] WARN  com.password4j.PropertyReader - bcrypt rounds are not defined. Default value is used (10). Please set property hash.bcrypt.rounds in your psw4j.properties file.
2026-03-25 16:41:39 [main] INFO  org.springframework.security.config.annotation.authentication.configuration.InitializeUserDetailsBeanManagerConfigurer$InitializeUserDetailsManagerConfigurer - Global AuthenticationManager configured with UserDetailsService bean with name userDetailsImpl
2026-03-25 16:41:40 [main] INFO  org.apache.coyote.http11.Http11NioProtocol - Starting ProtocolHandler ["http-nio-8080"]
2026-03-25 16:41:40 [main] INFO  org.springframework.boot.tomcat.TomcatWebServer - Tomcat started on port 8080 (http) with context path '/'
2026-03-25 16:41:40 [main] INFO  com.example.BookingApplication.BookingApplication - Started BookingApplication in 2.531 seconds (process running for 2.954)
2026-03-25 16:41:50 [http-nio-8080-exec-1] INFO  org.apache.catalina.core.ContainerBase.[Tomcat].[localhost].[/] - Initializing Spring DispatcherServlet 'dispatcherServlet'
2026-03-25 16:41:50 [http-nio-8080-exec-1] INFO  org.springframework.web.servlet.DispatcherServlet - Initializing Servlet 'dispatcherServlet'
2026-03-25 16:41:50 [http-nio-8080-exec-1] INFO  org.springframework.web.servlet.DispatcherServlet - Completed initialization in 1 ms
2026-03-25 16:41:50 [http-nio-8080-exec-1] WARN  org.springframework.web.servlet.handler.HandlerMappingIntrospector - Cache miss for REQUEST dispatch to '/Booking/new' (previous null). Performing CorsConfiguration lookup. This is logged once only at WARN level, and every time at TRACE.
2026-03-25 16:49:49 [SpringApplicationShutdownHook] INFO  org.springframework.boot.tomcat.GracefulShutdown - Commencing graceful shutdown. Waiting for active requests to complete
2026-03-25 16:49:49 [tomcat-shutdown] INFO  org.springframework.boot.tomcat.GracefulShutdown - Graceful shutdown complete
2026-03-25 16:49:52 [main] INFO  com.example.BookingApplication.BookingApplication - Starting BookingApplication using Java 21.0.7 with PID 12344 (C:\Users\ADMIN\Downloads\BookingApplication\BookingApplication\target\classes started by ADMIN in C:\Users\ADMIN\Downloads\BookingApplication)
2026-03-25 16:49:52 [main] INFO  com.example.BookingApplication.BookingApplication - No active profile set, falling back to 1 default profile: "default"
2026-03-25 16:49:52 [main] INFO  org.springframework.data.repository.config.RepositoryConfigurationDelegate - Multiple Spring Data modules found, entering strict repository configuration mode
2026-03-25 16:49:52 [main] INFO  org.springframework.data.repository.config.RepositoryConfigurationDelegate - Bootstrapping Spring Data MongoDB repositories in DEFAULT mode.
2026-03-25 16:49:52 [main] INFO  org.springframework.data.repository.config.RepositoryConfigurationDelegate - Finished Spring Data repository scanning in 76 ms. Found 3 MongoDB repository interfaces.
2026-03-25 16:49:53 [main] INFO  org.springframework.data.repository.config.RepositoryConfigurationDelegate - Multiple Spring Data modules found, entering strict repository configuration mode
2026-03-25 16:49:53 [main] INFO  org.springframework.data.repository.config.RepositoryConfigurationDelegate - Bootstrapping Spring Data Redis repositories in DEFAULT mode.
2026-03-25 16:49:53 [main] INFO  org.springframework.data.repository.config.RepositoryConfigurationExtensionSupport - Spring Data Redis - Could not safely identify store assignment for repository candidate interface com.example.BookingApplication.Repositories.BookingsRepository; If you want this repository to be a Redis repository, consider annotating your entities with one of these annotations: org.springframework.data.redis.core.RedisHash (preferred), or consider extending one of the following types with your repository: org.springframework.data.keyvalue.repository.KeyValueRepository
2026-03-25 16:49:53 [main] INFO  org.springframework.data.repository.config.RepositoryConfigurationExtensionSupport - Spring Data Redis - Could not safely identify store assignment for repository candidate interface com.example.BookingApplication.Repositories.StudioRepository; If you want this repository to be a Redis repository, consider annotating your entities with one of these annotations: org.springframework.data.redis.core.RedisHash (preferred), or consider extending one of the following types with your repository: org.springframework.data.keyvalue.repository.KeyValueRepository
2026-03-25 16:49:53 [main] INFO  org.springframework.data.repository.config.RepositoryConfigurationExtensionSupport - Spring Data Redis - Could not safely identify store assignment for repository candidate interface com.example.BookingApplication.Repositories.UserRepository; If you want this repository to be a Redis repository, consider annotating your entities with one of these annotations: org.springframework.data.redis.core.RedisHash (preferred), or consider extending one of the following types with your repository: org.springframework.data.keyvalue.repository.KeyValueRepository
2026-03-25 16:49:53 [main] INFO  org.springframework.data.repository.config.RepositoryConfigurationDelegate - Finished Spring Data repository scanning in 6 ms. Found 0 Redis repository interfaces.
2026-03-25 16:49:53 [main] INFO  org.springframework.boot.tomcat.TomcatWebServer - Tomcat initialized with port 8080 (http)
2026-03-25 16:49:53 [main] INFO  org.apache.coyote.http11.Http11NioProtocol - Initializing ProtocolHandler ["http-nio-8080"]
2026-03-25 16:49:53 [main] INFO  org.apache.catalina.core.StandardService - Starting service [Tomcat]
2026-03-25 16:49:53 [main] INFO  org.apache.catalina.core.StandardEngine - Starting Servlet engine: [Apache Tomcat/11.0.18]
2026-03-25 16:49:53 [main] INFO  org.springframework.boot.web.context.servlet.WebApplicationContextInitializer - Root WebApplicationContext: initialization completed in 1052 ms
2026-03-25 16:49:53 [main] INFO  org.mongodb.driver.client - MongoClient with metadata {"driver": {"name": "mongo-java-driver|spring-boot|sync", "version": "5.6.4"}, "os": {"type": "Windows", "name": "Windows 11", "architecture": "amd64", "version": "10.0"}, "platform": "Java/Oracle Corporation/21.0.7+8-LTS-245"} created with settings MongoClientSettings{readPreference=primary, writeConcern=WriteConcern{w=majority, wTimeout=null ms, journal=null}, retryWrites=true, retryReads=true, readConcern=ReadConcern{level=null}, credential=MongoCredential{mechanism=null, userName='root', source='admin', password=<hidden>, mechanismProperties=<hidden>}, transportSettings=null, commandListeners=[], codecRegistry=ProvidersCodecRegistry{codecProviders=[ValueCodecProvider{}, BsonValueCodecProvider{}, DBRefCodecProvider{}, DBObjectCodecProvider{}, DocumentCodecProvider{}, CollectionCodecProvider{}, IterableCodecProvider{}, MapCodecProvider{}, GeoJsonCodecProvider{}, GridFSFileCodecProvider{}, Jsr310CodecProvider{}, JsonObjectCodecProvider{}, BsonCodecProvider{}, com.mongodb.client.model.mql.ExpressionCodecProvider@9a9aa68, com.mongodb.Jep395RecordCodecProvider@3a3883c4, com.mongodb.KotlinCodecProvider@1537e43, EnumCodecProvider{}]}, loggerSettings=LoggerSettings{maxDocumentLength=1000}, clusterSettings={hosts=[127.0.0.1:27017], srvHost=cluster0.en0pykp.mongodb.net, srvServiceName=mongodb, mode=MULTIPLE, requiredClusterType=REPLICA_SET, requiredReplicaSetName='atlas-zt48hn-shard-0', serverSelector='null', clusterListeners='[]', serverSelectionTimeout='30000 ms', localThreshold='15 ms'}, socketSettings=SocketSettings{connectTimeoutMS=10000, readTimeoutMS=0, receiveBufferSize=0, proxySettings=ProxySettings{host=null, port=null, username=null, password=null}}, heartbeatSocketSettings=SocketSettings{connectTimeoutMS=10000, readTimeoutMS=10000, receiveBufferSize=0, proxySettings=ProxySettings{host=null, port=null, username=null, password=null}}, connectionPoolSettings=ConnectionPoolSettings{maxSize=100, minSize=0, maxWaitTimeMS=120000, maxConnectionLifeTimeMS=0, maxConnectionIdleTimeMS=0, maintenanceInitialDelayMS=0, maintenanceFrequencyMS=60000, connectionPoolListeners=[], maxConnecting=2}, serverSettings=ServerSettings{heartbeatFrequencyMS=10000, minHeartbeatFrequencyMS=500, serverMonitoringMode=AUTO, serverListeners='[]', serverMonitorListeners='[]'}, sslSettings=SslSettings{enabled=true, invalidHostNameAllowed=false, context=null}, applicationName='null', compressorList=[], uuidRepresentation=UNSPECIFIED, serverApi=null, autoEncryptionSettings=null, dnsClient=null, inetAddressResolver=null, contextProvider=null, timeoutMS=null}
2026-03-25 16:49:53 [cluster-ClusterId{value='69c3c4d92f5b44fe8914770e', description='null'}-srv-cluster0.en0pykp.mongodb.net] INFO  org.mongodb.driver.cluster - Adding discovered server ac-aoerbz6-shard-00-01.en0pykp.mongodb.net:27017 to client view of cluster
2026-03-25 16:49:53 [cluster-ClusterId{value='69c3c4d92f5b44fe8914770e', description='null'}-srv-cluster0.en0pykp.mongodb.net] INFO  org.mongodb.driver.cluster - Adding discovered server ac-aoerbz6-shard-00-00.en0pykp.mongodb.net:27017 to client view of cluster
2026-03-25 16:49:53 [cluster-ClusterId{value='69c3c4d92f5b44fe8914770e', description='null'}-srv-cluster0.en0pykp.mongodb.net] INFO  org.mongodb.driver.cluster - Adding discovered server ac-aoerbz6-shard-00-02.en0pykp.mongodb.net:27017 to client view of cluster
2026-03-25 16:49:54 [cluster-ClusterId{value='69c3c4d92f5b44fe8914770e', description='null'}-ac-aoerbz6-shard-00-00.en0pykp.mongodb.net:27017] INFO  org.mongodb.driver.cluster - Monitor thread successfully connected to server with description ServerDescription{address=ac-aoerbz6-shard-00-00.en0pykp.mongodb.net:27017, type=REPLICA_SET_SECONDARY, cryptd=false, state=CONNECTED, ok=true, minWireVersion=0, maxWireVersion=25, maxDocumentSize=16777216, logicalSessionTimeoutMinutes=30, roundTripTimeNanos=233994100, minRoundTripTimeNanos=0, setName='atlas-zt48hn-shard-0', canonicalAddress=ac-aoerbz6-shard-00-00.en0pykp.mongodb.net:27017, hosts=[ac-aoerbz6-shard-00-01.en0pykp.mongodb.net:27017, ac-aoerbz6-shard-00-00.en0pykp.mongodb.net:27017, ac-aoerbz6-shard-00-02.en0pykp.mongodb.net:27017], passives=[], arbiters=[], primary='ac-aoerbz6-shard-00-02.en0pykp.mongodb.net:27017', tagSet=TagSet{[Tag{name='availabilityZone', value='aps1-az1'}, Tag{name='diskState', value='READY'}, Tag{name='nodeType', value='ELECTABLE'}, Tag{name='provider', value='AWS'}, Tag{name='region', value='AP_SOUTH_1'}, Tag{name='workloadType', value='OPERATIONAL'}]}, electionId=null, setVersion=391, topologyVersion=TopologyVersion{processId=69b855abb14686967b76fdd6, counter=4}, lastWriteDate=Wed Mar 25 16:49:52 IST 2026, lastUpdateTimeNanos=172692075544100}
2026-03-25 16:49:54 [cluster-ClusterId{value='69c3c4d92f5b44fe8914770e', description='null'}-ac-aoerbz6-shard-00-02.en0pykp.mongodb.net:27017] INFO  org.mongodb.driver.cluster - Monitor thread successfully connected to server with description ServerDescription{address=ac-aoerbz6-shard-00-02.en0pykp.mongodb.net:27017, type=REPLICA_SET_PRIMARY, cryptd=false, state=CONNECTED, ok=true, minWireVersion=0, maxWireVersion=25, maxDocumentSize=16777216, logicalSessionTimeoutMinutes=30, roundTripTimeNanos=230809600, minRoundTripTimeNanos=0, setName='atlas-zt48hn-shard-0', canonicalAddress=ac-aoerbz6-shard-00-02.en0pykp.mongodb.net:27017, hosts=[ac-aoerbz6-shard-00-01.en0pykp.mongodb.net:27017, ac-aoerbz6-shard-00-00.en0pykp.mongodb.net:27017, ac-aoerbz6-shard-00-02.en0pykp.mongodb.net:27017], passives=[], arbiters=[], primary='ac-aoerbz6-shard-00-02.en0pykp.mongodb.net:27017', tagSet=TagSet{[Tag{name='availabilityZone', value='aps1-az2'}, Tag{name='diskState', value='READY'}, Tag{name='nodeType', value='ELECTABLE'}, Tag{name='provider', value='AWS'}, Tag{name='region', value='AP_SOUTH_1'}, Tag{name='workloadType', value='OPERATIONAL'}]}, electionId=7fffffff0000000000000156, setVersion=391, topologyVersion=TopologyVersion{processId=69b859a89b4f2018f8b26ac6, counter=6}, lastWriteDate=Wed Mar 25 16:49:52 IST 2026, lastUpdateTimeNanos=172692075544100}
2026-03-25 16:49:54 [cluster-ClusterId{value='69c3c4d92f5b44fe8914770e', description='null'}-ac-aoerbz6-shard-00-01.en0pykp.mongodb.net:27017] INFO  org.mongodb.driver.cluster - Monitor thread successfully connected to server with description ServerDescription{address=ac-aoerbz6-shard-00-01.en0pykp.mongodb.net:27017, type=REPLICA_SET_SECONDARY, cryptd=false, state=CONNECTED, ok=true, minWireVersion=0, maxWireVersion=25, maxDocumentSize=16777216, logicalSessionTimeoutMinutes=30, roundTripTimeNanos=223959300, minRoundTripTimeNanos=0, setName='atlas-zt48hn-shard-0', canonicalAddress=ac-aoerbz6-shard-00-01.en0pykp.mongodb.net:27017, hosts=[ac-aoerbz6-shard-00-01.en0pykp.mongodb.net:27017, ac-aoerbz6-shard-00-00.en0pykp.mongodb.net:27017, ac-aoerbz6-shard-00-02.en0pykp.mongodb.net:27017], passives=[], arbiters=[], primary='ac-aoerbz6-shard-00-02.en0pykp.mongodb.net:27017', tagSet=TagSet{[Tag{name='availabilityZone', value='aps1-az3'}, Tag{name='diskState', value='READY'}, Tag{name='nodeType', value='ELECTABLE'}, Tag{name='provider', value='AWS'}, Tag{name='region', value='AP_SOUTH_1'}, Tag{name='workloadType', value='OPERATIONAL'}]}, electionId=null, setVersion=391, topologyVersion=TopologyVersion{processId=69b85ccb4b84e800f9f6512d, counter=3}, lastWriteDate=Wed Mar 25 16:49:52 IST 2026, lastUpdateTimeNanos=172692075571200}
2026-03-25 16:49:54 [cluster-ClusterId{value='69c3c4d92f5b44fe8914770e', description='null'}-ac-aoerbz6-shard-00-02.en0pykp.mongodb.net:27017] INFO  org.mongodb.driver.cluster - Discovered replica set primary ac-aoerbz6-shard-00-02.en0pykp.mongodb.net:27017 with max election id 7fffffff0000000000000156 and max set version 391
2026-03-25 16:49:54 [main] WARN  com.password4j.PropertyReader - bcrypt minor version is not defined. Default value is used (b). Please set property hash.bcrypt.minor in your psw4j.properties file.
2026-03-25 16:49:54 [main] WARN  com.password4j.PropertyReader - bcrypt rounds are not defined. Default value is used (10). Please set property hash.bcrypt.rounds in your psw4j.properties file.
2026-03-25 16:49:54 [main] INFO  org.springframework.security.config.annotation.authentication.configuration.InitializeUserDetailsBeanManagerConfigurer$InitializeUserDetailsManagerConfigurer - Global AuthenticationManager configured with UserDetailsService bean with name userDetailsImpl
2026-03-25 16:49:54 [main] INFO  org.apache.coyote.http11.Http11NioProtocol - Starting ProtocolHandler ["http-nio-8080"]
2026-03-25 16:49:54 [main] INFO  org.springframework.boot.tomcat.TomcatWebServer - Tomcat started on port 8080 (http) with context path '/'
2026-03-25 16:49:54 [main] INFO  com.example.BookingApplication.BookingApplication - Started BookingApplication in 2.726 seconds (process running for 3.142)
2026-03-25 16:49:59 [http-nio-8080-exec-1] INFO  org.apache.catalina.core.ContainerBase.[Tomcat].[localhost].[/] - Initializing Spring DispatcherServlet 'dispatcherServlet'
2026-03-25 16:49:59 [http-nio-8080-exec-1] INFO  org.springframework.web.servlet.DispatcherServlet - Initializing Servlet 'dispatcherServlet'
2026-03-25 16:49:59 [http-nio-8080-exec-1] INFO  org.springframework.web.servlet.DispatcherServlet - Completed initialization in 6 ms
2026-03-25 16:49:59 [http-nio-8080-exec-1] WARN  org.springframework.web.servlet.handler.HandlerMappingIntrospector - Cache miss for REQUEST dispatch to '/getstarted/List' (previous null). Performing CorsConfiguration lookup. This is logged once only at WARN level, and every time at TRACE.
2026-03-25 16:50:50 [http-nio-8080-exec-3] ERROR org.apache.catalina.core.ContainerBase.[Tomcat].[localhost].[/].[dispatcherServlet] - Servlet.service() for servlet [dispatcherServlet] in context with path [] threw exception [Request processing failed: java.lang.NullPointerException: Cannot invoke "com.google.gson.JsonElement.getAsString()" because the return value of "com.google.gson.JsonObject.get(String)" is null] with root cause
java.lang.NullPointerException: Cannot invoke "com.google.gson.JsonElement.getAsString()" because the return value of "com.google.gson.JsonObject.get(String)" is null
	at com.example.BookingApplication.Controllers.WebhookController.handleWebhook(WebhookController.java:60)
	at java.base/jdk.internal.reflect.DirectMethodHandleAccessor.invoke(DirectMethodHandleAccessor.java:103)
	at java.base/java.lang.reflect.Method.invoke(Method.java:580)
	at org.springframework.web.method.support.InvocableHandlerMethod.doInvoke(InvocableHandlerMethod.java:252)
	at org.springframework.web.method.support.InvocableHandlerMethod.invokeForRequest(InvocableHandlerMethod.java:184)
	at org.springframework.web.servlet.mvc.method.annotation.ServletInvocableHandlerMethod.invokeAndHandle(ServletInvocableHandlerMethod.java:117)
	at org.springframework.web.servlet.mvc.method.annotation.RequestMappingHandlerAdapter.invokeHandlerMethod(RequestMappingHandlerAdapter.java:934)
	at org.springframework.web.servlet.mvc.method.annotation.RequestMappingHandlerAdapter.handleInternal(RequestMappingHandlerAdapter.java:853)
	at org.springframework.web.servlet.mvc.method.AbstractHandlerMethodAdapter.handle(AbstractHandlerMethodAdapter.java:86)
	at org.springframework.web.servlet.DispatcherServlet.doDispatch(DispatcherServlet.java:963)
	at org.springframework.web.servlet.DispatcherServlet.doService(DispatcherServlet.java:866)
	at org.springframework.web.servlet.FrameworkServlet.processRequest(FrameworkServlet.java:1000)
	at org.springframework.web.servlet.FrameworkServlet.doPost(FrameworkServlet.java:903)
	at jakarta.servlet.http.HttpServlet.service(HttpServlet.java:649)
	at org.springframework.web.servlet.FrameworkServlet.service(FrameworkServlet.java:874)
	at jakarta.servlet.http.HttpServlet.service(HttpServlet.java:710)
	at org.apache.catalina.core.ApplicationFilterChain.doFilter(ApplicationFilterChain.java:128)
	at org.apache.tomcat.websocket.server.WsFilter.doFilter(WsFilter.java:53)
	at org.apache.catalina.core.ApplicationFilterChain.doFilter(ApplicationFilterChain.java:107)
	at org.springframework.web.filter.OncePerRequestFilter.doFilter(OncePerRequestFilter.java:110)
	at org.apache.catalina.core.ApplicationFilterChain.doFilter(ApplicationFilterChain.java:107)
	at org.springframework.web.filter.CompositeFilter$VirtualFilterChain.doFilter(CompositeFilter.java:108)
	at org.springframework.security.web.FilterChainProxy.lambda$doFilterInternal$3(FilterChainProxy.java:235)
	at org.springframework.security.web.FilterChainProxy$VirtualFilterChain.doFilter(FilterChainProxy.java:371)
	at org.springframework.security.web.access.intercept.AuthorizationFilter.doFilter(AuthorizationFilter.java:101)
	at org.springframework.security.web.FilterChainProxy$VirtualFilterChain.doFilter(FilterChainProxy.java:380)
	at org.springframework.security.web.access.ExceptionTranslationFilter.doFilter(ExceptionTranslationFilter.java:126)
	at org.springframework.security.web.access.ExceptionTranslationFilter.doFilter(ExceptionTranslationFilter.java:120)
	at org.springframework.security.web.FilterChainProxy$VirtualFilterChain.doFilter(FilterChainProxy.java:380)
	at org.springframework.security.web.authentication.AnonymousAuthenticationFilter.doFilter(AnonymousAuthenticationFilter.java:100)
	at org.springframework.security.web.FilterChainProxy$VirtualFilterChain.doFilter(FilterChainProxy.java:380)
	at org.springframework.security.web.servletapi.SecurityContextHolderAwareRequestFilter.doFilter(SecurityContextHolderAwareRequestFilter.java:181)
	at org.springframework.security.web.FilterChainProxy$VirtualFilterChain.doFilter(FilterChainProxy.java:380)
	at org.springframework.security.web.savedrequest.RequestCacheAwareFilter.doFilter(RequestCacheAwareFilter.java:63)
	at org.springframework.security.web.FilterChainProxy$VirtualFilterChain.doFilter(FilterChainProxy.java:380)
	at com.example.BookingApplication.Filter.Filterjwt.doFilterInternal(Filterjwt.java:51)
	at org.springframework.web.filter.OncePerRequestFilter.doFilter(OncePerRequestFilter.java:116)
	at org.springframework.security.web.FilterChainProxy$VirtualFilterChain.doFilter(FilterChainProxy.java:380)
	at org.springframework.security.web.authentication.logout.LogoutFilter.doFilter(LogoutFilter.java:110)
	at org.springframework.security.web.authentication.logout.LogoutFilter.doFilter(LogoutFilter.java:96)
	at org.springframework.security.web.FilterChainProxy$VirtualFilterChain.doFilter(FilterChainProxy.java:380)
	at org.springframework.web.filter.CorsFilter.doFilterInternal(CorsFilter.java:91)
	at org.springframework.web.filter.OncePerRequestFilter.doFilter(OncePerRequestFilter.java:116)
	at org.springframework.security.web.FilterChainProxy$VirtualFilterChain.doFilter(FilterChainProxy.java:380)
	at org.springframework.security.web.header.HeaderWriterFilter.doHeadersAfter(HeaderWriterFilter.java:90)
	at org.springframework.security.web.header.HeaderWriterFilter.doFilterInternal(HeaderWriterFilter.java:75)
	at org.springframework.web.filter.OncePerRequestFilter.doFilter(OncePerRequestFilter.java:116)
	at org.springframework.security.web.FilterChainProxy$VirtualFilterChain.doFilter(FilterChainProxy.java:380)
	at org.springframework.security.web.context.SecurityContextHolderFilter.doFilter(SecurityContextHolderFilter.java:82)
	at org.springframework.security.web.context.SecurityContextHolderFilter.doFilter(SecurityContextHolderFilter.java:69)
	at org.springframework.security.web.FilterChainProxy$VirtualFilterChain.doFilter(FilterChainProxy.java:380)
	at org.springframework.security.web.context.request.async.WebAsyncManagerIntegrationFilter.doFilterInternal(WebAsyncManagerIntegrationFilter.java:62)
	at org.springframework.web.filter.OncePerRequestFilter.doFilter(OncePerRequestFilter.java:116)
	at org.springframework.security.web.FilterChainProxy$VirtualFilterChain.doFilter(FilterChainProxy.java:380)
	at org.springframework.security.web.session.DisableEncodeUrlFilter.doFilterInternal(DisableEncodeUrlFilter.java:42)
	at org.springframework.web.filter.OncePerRequestFilter.doFilter(OncePerRequestFilter.java:116)
	at org.springframework.security.web.FilterChainProxy$VirtualFilterChain.doFilter(FilterChainProxy.java:380)
	at org.springframework.security.web.FilterChainProxy.doFilterInternal(FilterChainProxy.java:237)
	at org.springframework.security.web.FilterChainProxy.doFilter(FilterChainProxy.java:195)
	at org.springframework.web.filter.CompositeFilter$VirtualFilterChain.doFilter(CompositeFilter.java:113)
	at org.springframework.web.filter.ServletRequestPathFilter.doFilter(ServletRequestPathFilter.java:52)
	at org.springframework.web.filter.CompositeFilter$VirtualFilterChain.doFilter(CompositeFilter.java:113)
	at org.springframework.web.filter.CompositeFilter.doFilter(CompositeFilter.java:74)
	at org.springframework.security.config.annotation.web.configuration.WebSecurityConfiguration$CompositeFilterChainProxy.doFilter(WebSecurityConfiguration.java:317)
	at org.springframework.web.filter.DelegatingFilterProxy.invokeDelegate(DelegatingFilterProxy.java:355)
	at org.springframework.web.filter.DelegatingFilterProxy.doFilter(DelegatingFilterProxy.java:272)
	at org.apache.catalina.core.ApplicationFilterChain.doFilter(ApplicationFilterChain.java:107)
	at org.springframework.web.filter.RequestContextFilter.doFilterInternal(RequestContextFilter.java:100)
	at org.springframework.web.filter.OncePerRequestFilter.doFilter(OncePerRequestFilter.java:116)
	at org.apache.catalina.core.ApplicationFilterChain.doFilter(ApplicationFilterChain.java:107)
	at org.springframework.web.filter.FormContentFilter.doFilterInternal(FormContentFilter.java:93)
	at org.springframework.web.filter.OncePerRequestFilter.doFilter(OncePerRequestFilter.java:116)
	at org.apache.catalina.core.ApplicationFilterChain.doFilter(ApplicationFilterChain.java:107)
	at org.springframework.web.filter.CharacterEncodingFilter.doFilterInternal(CharacterEncodingFilter.java:199)
	at org.springframework.web.filter.OncePerRequestFilter.doFilter(OncePerRequestFilter.java:116)
	at org.apache.catalina.core.ApplicationFilterChain.doFilter(ApplicationFilterChain.java:107)
	at org.apache.catalina.core.StandardWrapperValve.invoke(StandardWrapperValve.java:165)
	at org.apache.catalina.core.StandardContextValve.invoke(StandardContextValve.java:77)
	at org.apache.catalina.authenticator.AuthenticatorBase.invoke(AuthenticatorBase.java:492)
	at org.apache.catalina.core.StandardHostValve.invoke(StandardHostValve.java:113)
	at org.apache.catalina.valves.ErrorReportValve.invoke(ErrorReportValve.java:83)
	at org.apache.catalina.core.StandardEngineValve.invoke(StandardEngineValve.java:72)
	at org.apache.catalina.connector.CoyoteAdapter.service(CoyoteAdapter.java:341)
	at org.apache.coyote.http11.Http11Processor.service(Http11Processor.java:397)
	at org.apache.coyote.AbstractProcessorLight.process(AbstractProcessorLight.java:63)
	at org.apache.coyote.AbstractProtocol$ConnectionHandler.process(AbstractProtocol.java:903)
	at org.apache.tomcat.util.net.NioEndpoint$SocketProcessor.doRun(NioEndpoint.java:1779)
	at org.apache.tomcat.util.net.SocketProcessorBase.run(SocketProcessorBase.java:52)
	at org.apache.tomcat.util.threads.ThreadPoolExecutor.runWorker(ThreadPoolExecutor.java:946)
	at org.apache.tomcat.util.threads.ThreadPoolExecutor$Worker.run(ThreadPoolExecutor.java:480)
	at org.apache.tomcat.util.threads.TaskThread$WrappingRunnable.run(TaskThread.java:57)
	at java.base/java.lang.Thread.run(Thread.java:1583)
2026-03-25 16:59:12 [SpringApplicationShutdownHook] INFO  org.springframework.boot.tomcat.GracefulShutdown - Commencing graceful shutdown. Waiting for active requests to complete
2026-03-25 16:59:12 [tomcat-shutdown] INFO  org.springframework.boot.tomcat.GracefulShutdown - Graceful shutdown complete
2026-03-25 16:59:15 [main] INFO  com.example.BookingApplication.BookingApplication - Starting BookingApplication using Java 21.0.7 with PID 10200 (C:\Users\ADMIN\Downloads\BookingApplication\BookingApplication\target\classes started by ADMIN in C:\Users\ADMIN\Downloads\BookingApplication)
2026-03-25 16:59:15 [main] INFO  com.example.BookingApplication.BookingApplication - No active profile set, falling back to 1 default profile: "default"
2026-03-25 16:59:16 [main] INFO  org.springframework.data.repository.config.RepositoryConfigurationDelegate - Multiple Spring Data modules found, entering strict repository configuration mode
2026-03-25 16:59:16 [main] INFO  org.springframework.data.repository.config.RepositoryConfigurationDelegate - Bootstrapping Spring Data MongoDB repositories in DEFAULT mode.
2026-03-25 16:59:16 [main] INFO  org.springframework.data.repository.config.RepositoryConfigurationDelegate - Finished Spring Data repository scanning in 79 ms. Found 3 MongoDB repository interfaces.
2026-03-25 16:59:16 [main] INFO  org.springframework.data.repository.config.RepositoryConfigurationDelegate - Multiple Spring Data modules found, entering strict repository configuration mode
2026-03-25 16:59:16 [main] INFO  org.springframework.data.repository.config.RepositoryConfigurationDelegate - Bootstrapping Spring Data Redis repositories in DEFAULT mode.
2026-03-25 16:59:16 [main] INFO  org.springframework.data.repository.config.RepositoryConfigurationExtensionSupport - Spring Data Redis - Could not safely identify store assignment for repository candidate interface com.example.BookingApplication.Repositories.BookingsRepository; If you want this repository to be a Redis repository, consider annotating your entities with one of these annotations: org.springframework.data.redis.core.RedisHash (preferred), or consider extending one of the following types with your repository: org.springframework.data.keyvalue.repository.KeyValueRepository
2026-03-25 16:59:16 [main] INFO  org.springframework.data.repository.config.RepositoryConfigurationExtensionSupport - Spring Data Redis - Could not safely identify store assignment for repository candidate interface com.example.BookingApplication.Repositories.StudioRepository; If you want this repository to be a Redis repository, consider annotating your entities with one of these annotations: org.springframework.data.redis.core.RedisHash (preferred), or consider extending one of the following types with your repository: org.springframework.data.keyvalue.repository.KeyValueRepository
2026-03-25 16:59:16 [main] INFO  org.springframework.data.repository.config.RepositoryConfigurationExtensionSupport - Spring Data Redis - Could not safely identify store assignment for repository candidate interface com.example.BookingApplication.Repositories.UserRepository; If you want this repository to be a Redis repository, consider annotating your entities with one of these annotations: org.springframework.data.redis.core.RedisHash (preferred), or consider extending one of the following types with your repository: org.springframework.data.keyvalue.repository.KeyValueRepository
2026-03-25 16:59:16 [main] INFO  org.springframework.data.repository.config.RepositoryConfigurationDelegate - Finished Spring Data repository scanning in 5 ms. Found 0 Redis repository interfaces.
2026-03-25 16:59:16 [main] INFO  org.springframework.boot.tomcat.TomcatWebServer - Tomcat initialized with port 8080 (http)
2026-03-25 16:59:16 [main] INFO  org.apache.coyote.http11.Http11NioProtocol - Initializing ProtocolHandler ["http-nio-8080"]
2026-03-25 16:59:16 [main] INFO  org.apache.catalina.core.StandardService - Starting service [Tomcat]
2026-03-25 16:59:16 [main] INFO  org.apache.catalina.core.StandardEngine - Starting Servlet engine: [Apache Tomcat/11.0.18]
2026-03-25 16:59:16 [main] INFO  org.springframework.boot.web.context.servlet.WebApplicationContextInitializer - Root WebApplicationContext: initialization completed in 997 ms
2026-03-25 16:59:16 [main] INFO  org.mongodb.driver.client - MongoClient with metadata {"driver": {"name": "mongo-java-driver|spring-boot|sync", "version": "5.6.4"}, "os": {"type": "Windows", "name": "Windows 11", "architecture": "amd64", "version": "10.0"}, "platform": "Java/Oracle Corporation/21.0.7+8-LTS-245"} created with settings MongoClientSettings{readPreference=primary, writeConcern=WriteConcern{w=majority, wTimeout=null ms, journal=null}, retryWrites=true, retryReads=true, readConcern=ReadConcern{level=null}, credential=MongoCredential{mechanism=null, userName='root', source='admin', password=<hidden>, mechanismProperties=<hidden>}, transportSettings=null, commandListeners=[], codecRegistry=ProvidersCodecRegistry{codecProviders=[ValueCodecProvider{}, BsonValueCodecProvider{}, DBRefCodecProvider{}, DBObjectCodecProvider{}, DocumentCodecProvider{}, CollectionCodecProvider{}, IterableCodecProvider{}, MapCodecProvider{}, GeoJsonCodecProvider{}, GridFSFileCodecProvider{}, Jsr310CodecProvider{}, JsonObjectCodecProvider{}, BsonCodecProvider{}, com.mongodb.client.model.mql.ExpressionCodecProvider@4d69d288, com.mongodb.Jep395RecordCodecProvider@437281c5, com.mongodb.KotlinCodecProvider@787178b1, EnumCodecProvider{}]}, loggerSettings=LoggerSettings{maxDocumentLength=1000}, clusterSettings={hosts=[127.0.0.1:27017], srvHost=cluster0.en0pykp.mongodb.net, srvServiceName=mongodb, mode=MULTIPLE, requiredClusterType=REPLICA_SET, requiredReplicaSetName='atlas-zt48hn-shard-0', serverSelector='null', clusterListeners='[]', serverSelectionTimeout='30000 ms', localThreshold='15 ms'}, socketSettings=SocketSettings{connectTimeoutMS=10000, readTimeoutMS=0, receiveBufferSize=0, proxySettings=ProxySettings{host=null, port=null, username=null, password=null}}, heartbeatSocketSettings=SocketSettings{connectTimeoutMS=10000, readTimeoutMS=10000, receiveBufferSize=0, proxySettings=ProxySettings{host=null, port=null, username=null, password=null}}, connectionPoolSettings=ConnectionPoolSettings{maxSize=100, minSize=0, maxWaitTimeMS=120000, maxConnectionLifeTimeMS=0, maxConnectionIdleTimeMS=0, maintenanceInitialDelayMS=0, maintenanceFrequencyMS=60000, connectionPoolListeners=[], maxConnecting=2}, serverSettings=ServerSettings{heartbeatFrequencyMS=10000, minHeartbeatFrequencyMS=500, serverMonitoringMode=AUTO, serverListeners='[]', serverMonitorListeners='[]'}, sslSettings=SslSettings{enabled=true, invalidHostNameAllowed=false, context=null}, applicationName='null', compressorList=[], uuidRepresentation=UNSPECIFIED, serverApi=null, autoEncryptionSettings=null, dnsClient=null, inetAddressResolver=null, contextProvider=null, timeoutMS=null}
2026-03-25 16:59:16 [cluster-ClusterId{value='69c3c70c3628383d45b08f13', description='null'}-srv-cluster0.en0pykp.mongodb.net] INFO  org.mongodb.driver.cluster - Adding discovered server ac-aoerbz6-shard-00-01.en0pykp.mongodb.net:27017 to client view of cluster
2026-03-25 16:59:16 [cluster-ClusterId{value='69c3c70c3628383d45b08f13', description='null'}-srv-cluster0.en0pykp.mongodb.net] INFO  org.mongodb.driver.cluster - Adding discovered server ac-aoerbz6-shard-00-00.en0pykp.mongodb.net:27017 to client view of cluster
2026-03-25 16:59:16 [cluster-ClusterId{value='69c3c70c3628383d45b08f13', description='null'}-srv-cluster0.en0pykp.mongodb.net] INFO  org.mongodb.driver.cluster - Adding discovered server ac-aoerbz6-shard-00-02.en0pykp.mongodb.net:27017 to client view of cluster
2026-03-25 16:59:17 [cluster-ClusterId{value='69c3c70c3628383d45b08f13', description='null'}-ac-aoerbz6-shard-00-01.en0pykp.mongodb.net:27017] INFO  org.mongodb.driver.cluster - Monitor thread successfully connected to server with description ServerDescription{address=ac-aoerbz6-shard-00-01.en0pykp.mongodb.net:27017, type=REPLICA_SET_SECONDARY, cryptd=false, state=CONNECTED, ok=true, minWireVersion=0, maxWireVersion=25, maxDocumentSize=16777216, logicalSessionTimeoutMinutes=30, roundTripTimeNanos=213114400, minRoundTripTimeNanos=0, setName='atlas-zt48hn-shard-0', canonicalAddress=ac-aoerbz6-shard-00-01.en0pykp.mongodb.net:27017, hosts=[ac-aoerbz6-shard-00-01.en0pykp.mongodb.net:27017, ac-aoerbz6-shard-00-00.en0pykp.mongodb.net:27017, ac-aoerbz6-shard-00-02.en0pykp.mongodb.net:27017], passives=[], arbiters=[], primary='ac-aoerbz6-shard-00-02.en0pykp.mongodb.net:27017', tagSet=TagSet{[Tag{name='availabilityZone', value='aps1-az3'}, Tag{name='diskState', value='READY'}, Tag{name='nodeType', value='ELECTABLE'}, Tag{name='provider', value='AWS'}, Tag{name='region', value='AP_SOUTH_1'}, Tag{name='workloadType', value='OPERATIONAL'}]}, electionId=null, setVersion=391, topologyVersion=TopologyVersion{processId=69b85ccb4b84e800f9f6512d, counter=3}, lastWriteDate=Wed Mar 25 16:59:15 IST 2026, lastUpdateTimeNanos=173255167716600}
2026-03-25 16:59:17 [cluster-ClusterId{value='69c3c70c3628383d45b08f13', description='null'}-ac-aoerbz6-shard-00-00.en0pykp.mongodb.net:27017] INFO  org.mongodb.driver.cluster - Monitor thread successfully connected to server with description ServerDescription{address=ac-aoerbz6-shard-00-00.en0pykp.mongodb.net:27017, type=REPLICA_SET_SECONDARY, cryptd=false, state=CONNECTED, ok=true, minWireVersion=0, maxWireVersion=25, maxDocumentSize=16777216, logicalSessionTimeoutMinutes=30, roundTripTimeNanos=213114300, minRoundTripTimeNanos=0, setName='atlas-zt48hn-shard-0', canonicalAddress=ac-aoerbz6-shard-00-00.en0pykp.mongodb.net:27017, hosts=[ac-aoerbz6-shard-00-01.en0pykp.mongodb.net:27017, ac-aoerbz6-shard-00-00.en0pykp.mongodb.net:27017, ac-aoerbz6-shard-00-02.en0pykp.mongodb.net:27017], passives=[], arbiters=[], primary='ac-aoerbz6-shard-00-02.en0pykp.mongodb.net:27017', tagSet=TagSet{[Tag{name='availabilityZone', value='aps1-az1'}, Tag{name='diskState', value='READY'}, Tag{name='nodeType', value='ELECTABLE'}, Tag{name='provider', value='AWS'}, Tag{name='region', value='AP_SOUTH_1'}, Tag{name='workloadType', value='OPERATIONAL'}]}, electionId=null, setVersion=391, topologyVersion=TopologyVersion{processId=69b855abb14686967b76fdd6, counter=4}, lastWriteDate=Wed Mar 25 16:59:15 IST 2026, lastUpdateTimeNanos=173255167716600}
2026-03-25 16:59:17 [cluster-ClusterId{value='69c3c70c3628383d45b08f13', description='null'}-ac-aoerbz6-shard-00-02.en0pykp.mongodb.net:27017] INFO  org.mongodb.driver.cluster - Monitor thread successfully connected to server with description ServerDescription{address=ac-aoerbz6-shard-00-02.en0pykp.mongodb.net:27017, type=REPLICA_SET_PRIMARY, cryptd=false, state=CONNECTED, ok=true, minWireVersion=0, maxWireVersion=25, maxDocumentSize=16777216, logicalSessionTimeoutMinutes=30, roundTripTimeNanos=210049900, minRoundTripTimeNanos=0, setName='atlas-zt48hn-shard-0', canonicalAddress=ac-aoerbz6-shard-00-02.en0pykp.mongodb.net:27017, hosts=[ac-aoerbz6-shard-00-01.en0pykp.mongodb.net:27017, ac-aoerbz6-shard-00-00.en0pykp.mongodb.net:27017, ac-aoerbz6-shard-00-02.en0pykp.mongodb.net:27017], passives=[], arbiters=[], primary='ac-aoerbz6-shard-00-02.en0pykp.mongodb.net:27017', tagSet=TagSet{[Tag{name='availabilityZone', value='aps1-az2'}, Tag{name='diskState', value='READY'}, Tag{name='nodeType', value='ELECTABLE'}, Tag{name='provider', value='AWS'}, Tag{name='region', value='AP_SOUTH_1'}, Tag{name='workloadType', value='OPERATIONAL'}]}, electionId=7fffffff0000000000000156, setVersion=391, topologyVersion=TopologyVersion{processId=69b859a89b4f2018f8b26ac6, counter=6}, lastWriteDate=Wed Mar 25 16:59:15 IST 2026, lastUpdateTimeNanos=173255172810500}
2026-03-25 16:59:17 [cluster-ClusterId{value='69c3c70c3628383d45b08f13', description='null'}-ac-aoerbz6-shard-00-02.en0pykp.mongodb.net:27017] INFO  org.mongodb.driver.cluster - Discovered replica set primary ac-aoerbz6-shard-00-02.en0pykp.mongodb.net:27017 with max election id 7fffffff0000000000000156 and max set version 391
2026-03-25 16:59:17 [main] WARN  com.password4j.PropertyReader - bcrypt minor version is not defined. Default value is used (b). Please set property hash.bcrypt.minor in your psw4j.properties file.
2026-03-25 16:59:17 [main] WARN  com.password4j.PropertyReader - bcrypt rounds are not defined. Default value is used (10). Please set property hash.bcrypt.rounds in your psw4j.properties file.
2026-03-25 16:59:17 [main] INFO  org.springframework.security.config.annotation.authentication.configuration.InitializeUserDetailsBeanManagerConfigurer$InitializeUserDetailsManagerConfigurer - Global AuthenticationManager configured with UserDetailsService bean with name userDetailsImpl
2026-03-25 16:59:17 [main] INFO  org.apache.coyote.http11.Http11NioProtocol - Starting ProtocolHandler ["http-nio-8080"]
2026-03-25 16:59:17 [main] INFO  org.springframework.boot.tomcat.TomcatWebServer - Tomcat started on port 8080 (http) with context path '/'
2026-03-25 16:59:17 [main] INFO  com.example.BookingApplication.BookingApplication - Started BookingApplication in 2.538 seconds (process running for 2.976)
2026-03-25 16:59:31 [http-nio-8080-exec-1] INFO  org.apache.catalina.core.ContainerBase.[Tomcat].[localhost].[/] - Initializing Spring DispatcherServlet 'dispatcherServlet'
2026-03-25 16:59:31 [http-nio-8080-exec-1] INFO  org.springframework.web.servlet.DispatcherServlet - Initializing Servlet 'dispatcherServlet'
2026-03-25 16:59:31 [http-nio-8080-exec-1] INFO  org.springframework.web.servlet.DispatcherServlet - Completed initialization in 1 ms
2026-03-25 16:59:31 [http-nio-8080-exec-1] WARN  org.springframework.web.servlet.handler.HandlerMappingIntrospector - Cache miss for REQUEST dispatch to '/Booking/new' (previous null). Performing CorsConfiguration lookup. This is logged once only at WARN level, and every time at TRACE.
2026-03-25 16:59:53 [http-nio-8080-exec-9] ERROR org.apache.catalina.core.ContainerBase.[Tomcat].[localhost].[/].[dispatcherServlet] - Servlet.service() for servlet [dispatcherServlet] in context with path [] threw exception [Request processing failed: java.lang.NullPointerException: Cannot invoke "com.google.gson.JsonElement.getAsString()" because the return value of "com.google.gson.JsonObject.get(String)" is null] with root cause
java.lang.NullPointerException: Cannot invoke "com.google.gson.JsonElement.getAsString()" because the return value of "com.google.gson.JsonObject.get(String)" is null
	at com.example.BookingApplication.Controllers.WebhookController.handleWebhook(WebhookController.java:60)
	at java.base/jdk.internal.reflect.DirectMethodHandleAccessor.invoke(DirectMethodHandleAccessor.java:103)
	at java.base/java.lang.reflect.Method.invoke(Method.java:580)
	at org.springframework.web.method.support.InvocableHandlerMethod.doInvoke(InvocableHandlerMethod.java:252)
	at org.springframework.web.method.support.InvocableHandlerMethod.invokeForRequest(InvocableHandlerMethod.java:184)
	at org.springframework.web.servlet.mvc.method.annotation.ServletInvocableHandlerMethod.invokeAndHandle(ServletInvocableHandlerMethod.java:117)
	at org.springframework.web.servlet.mvc.method.annotation.RequestMappingHandlerAdapter.invokeHandlerMethod(RequestMappingHandlerAdapter.java:934)
	at org.springframework.web.servlet.mvc.method.annotation.RequestMappingHandlerAdapter.handleInternal(RequestMappingHandlerAdapter.java:853)
	at org.springframework.web.servlet.mvc.method.AbstractHandlerMethodAdapter.handle(AbstractHandlerMethodAdapter.java:86)
	at org.springframework.web.servlet.DispatcherServlet.doDispatch(DispatcherServlet.java:963)
	at org.springframework.web.servlet.DispatcherServlet.doService(DispatcherServlet.java:866)
	at org.springframework.web.servlet.FrameworkServlet.processRequest(FrameworkServlet.java:1000)
	at org.springframework.web.servlet.FrameworkServlet.doPost(FrameworkServlet.java:903)
	at jakarta.servlet.http.HttpServlet.service(HttpServlet.java:649)
	at org.springframework.web.servlet.FrameworkServlet.service(FrameworkServlet.java:874)
	at jakarta.servlet.http.HttpServlet.service(HttpServlet.java:710)
	at org.apache.catalina.core.ApplicationFilterChain.doFilter(ApplicationFilterChain.java:128)
	at org.apache.tomcat.websocket.server.WsFilter.doFilter(WsFilter.java:53)
	at org.apache.catalina.core.ApplicationFilterChain.doFilter(ApplicationFilterChain.java:107)
	at org.springframework.web.filter.OncePerRequestFilter.doFilter(OncePerRequestFilter.java:110)
	at org.apache.catalina.core.ApplicationFilterChain.doFilter(ApplicationFilterChain.java:107)
	at org.springframework.web.filter.CompositeFilter$VirtualFilterChain.doFilter(CompositeFilter.java:108)
	at org.springframework.security.web.FilterChainProxy.lambda$doFilterInternal$3(FilterChainProxy.java:235)
	at org.springframework.security.web.FilterChainProxy$VirtualFilterChain.doFilter(FilterChainProxy.java:371)
	at org.springframework.security.web.access.intercept.AuthorizationFilter.doFilter(AuthorizationFilter.java:101)
	at org.springframework.security.web.FilterChainProxy$VirtualFilterChain.doFilter(FilterChainProxy.java:380)
	at org.springframework.security.web.access.ExceptionTranslationFilter.doFilter(ExceptionTranslationFilter.java:126)
	at org.springframework.security.web.access.ExceptionTranslationFilter.doFilter(ExceptionTranslationFilter.java:120)
	at org.springframework.security.web.FilterChainProxy$VirtualFilterChain.doFilter(FilterChainProxy.java:380)
	at org.springframework.security.web.authentication.AnonymousAuthenticationFilter.doFilter(AnonymousAuthenticationFilter.java:100)
	at org.springframework.security.web.FilterChainProxy$VirtualFilterChain.doFilter(FilterChainProxy.java:380)
	at org.springframework.security.web.servletapi.SecurityContextHolderAwareRequestFilter.doFilter(SecurityContextHolderAwareRequestFilter.java:181)
	at org.springframework.security.web.FilterChainProxy$VirtualFilterChain.doFilter(FilterChainProxy.java:380)
	at org.springframework.security.web.savedrequest.RequestCacheAwareFilter.doFilter(RequestCacheAwareFilter.java:63)
	at org.springframework.security.web.FilterChainProxy$VirtualFilterChain.doFilter(FilterChainProxy.java:380)
	at com.example.BookingApplication.Filter.Filterjwt.doFilterInternal(Filterjwt.java:51)
	at org.springframework.web.filter.OncePerRequestFilter.doFilter(OncePerRequestFilter.java:116)
	at org.springframework.security.web.FilterChainProxy$VirtualFilterChain.doFilter(FilterChainProxy.java:380)
	at org.springframework.security.web.authentication.logout.LogoutFilter.doFilter(LogoutFilter.java:110)
	at org.springframework.security.web.authentication.logout.LogoutFilter.doFilter(LogoutFilter.java:96)
	at org.springframework.security.web.FilterChainProxy$VirtualFilterChain.doFilter(FilterChainProxy.java:380)
	at org.springframework.web.filter.CorsFilter.doFilterInternal(CorsFilter.java:91)
	at org.springframework.web.filter.OncePerRequestFilter.doFilter(OncePerRequestFilter.java:116)
	at org.springframework.security.web.FilterChainProxy$VirtualFilterChain.doFilter(FilterChainProxy.java:380)
	at org.springframework.security.web.header.HeaderWriterFilter.doHeadersAfter(HeaderWriterFilter.java:90)
	at org.springframework.security.web.header.HeaderWriterFilter.doFilterInternal(HeaderWriterFilter.java:75)
	at org.springframework.web.filter.OncePerRequestFilter.doFilter(OncePerRequestFilter.java:116)
	at org.springframework.security.web.FilterChainProxy$VirtualFilterChain.doFilter(FilterChainProxy.java:380)
	at org.springframework.security.web.context.SecurityContextHolderFilter.doFilter(SecurityContextHolderFilter.java:82)
	at org.springframework.security.web.context.SecurityContextHolderFilter.doFilter(SecurityContextHolderFilter.java:69)
	at org.springframework.security.web.FilterChainProxy$VirtualFilterChain.doFilter(FilterChainProxy.java:380)
	at org.springframework.security.web.context.request.async.WebAsyncManagerIntegrationFilter.doFilterInternal(WebAsyncManagerIntegrationFilter.java:62)
	at org.springframework.web.filter.OncePerRequestFilter.doFilter(OncePerRequestFilter.java:116)
	at org.springframework.security.web.FilterChainProxy$VirtualFilterChain.doFilter(FilterChainProxy.java:380)
	at org.springframework.security.web.session.DisableEncodeUrlFilter.doFilterInternal(DisableEncodeUrlFilter.java:42)
	at org.springframework.web.filter.OncePerRequestFilter.doFilter(OncePerRequestFilter.java:116)
	at org.springframework.security.web.FilterChainProxy$VirtualFilterChain.doFilter(FilterChainProxy.java:380)
	at org.springframework.security.web.FilterChainProxy.doFilterInternal(FilterChainProxy.java:237)
	at org.springframework.security.web.FilterChainProxy.doFilter(FilterChainProxy.java:195)
	at org.springframework.web.filter.CompositeFilter$VirtualFilterChain.doFilter(CompositeFilter.java:113)
	at org.springframework.web.filter.ServletRequestPathFilter.doFilter(ServletRequestPathFilter.java:52)
	at org.springframework.web.filter.CompositeFilter$VirtualFilterChain.doFilter(CompositeFilter.java:113)
	at org.springframework.web.filter.CompositeFilter.doFilter(CompositeFilter.java:74)
	at org.springframework.security.config.annotation.web.configuration.WebSecurityConfiguration$CompositeFilterChainProxy.doFilter(WebSecurityConfiguration.java:317)
	at org.springframework.web.filter.DelegatingFilterProxy.invokeDelegate(DelegatingFilterProxy.java:355)
	at org.springframework.web.filter.DelegatingFilterProxy.doFilter(DelegatingFilterProxy.java:272)
	at org.apache.catalina.core.ApplicationFilterChain.doFilter(ApplicationFilterChain.java:107)
	at org.springframework.web.filter.RequestContextFilter.doFilterInternal(RequestContextFilter.java:100)
	at org.springframework.web.filter.OncePerRequestFilter.doFilter(OncePerRequestFilter.java:116)
	at org.apache.catalina.core.ApplicationFilterChain.doFilter(ApplicationFilterChain.java:107)
	at org.springframework.web.filter.FormContentFilter.doFilterInternal(FormContentFilter.java:93)
	at org.springframework.web.filter.OncePerRequestFilter.doFilter(OncePerRequestFilter.java:116)
	at org.apache.catalina.core.ApplicationFilterChain.doFilter(ApplicationFilterChain.java:107)
	at org.springframework.web.filter.CharacterEncodingFilter.doFilterInternal(CharacterEncodingFilter.java:199)
	at org.springframework.web.filter.OncePerRequestFilter.doFilter(OncePerRequestFilter.java:116)
	at org.apache.catalina.core.ApplicationFilterChain.doFilter(ApplicationFilterChain.java:107)
	at org.apache.catalina.core.StandardWrapperValve.invoke(StandardWrapperValve.java:165)
	at org.apache.catalina.core.StandardContextValve.invoke(StandardContextValve.java:77)
	at org.apache.catalina.authenticator.AuthenticatorBase.invoke(AuthenticatorBase.java:492)
	at org.apache.catalina.core.StandardHostValve.invoke(StandardHostValve.java:113)
	at org.apache.catalina.valves.ErrorReportValve.invoke(ErrorReportValve.java:83)
	at org.apache.catalina.core.StandardEngineValve.invoke(StandardEngineValve.java:72)
	at org.apache.catalina.connector.CoyoteAdapter.service(CoyoteAdapter.java:341)
	at org.apache.coyote.http11.Http11Processor.service(Http11Processor.java:397)
	at org.apache.coyote.AbstractProcessorLight.process(AbstractProcessorLight.java:63)
	at org.apache.coyote.AbstractProtocol$ConnectionHandler.process(AbstractProtocol.java:903)
	at org.apache.tomcat.util.net.NioEndpoint$SocketProcessor.doRun(NioEndpoint.java:1779)
	at org.apache.tomcat.util.net.SocketProcessorBase.run(SocketProcessorBase.java:52)
	at org.apache.tomcat.util.threads.ThreadPoolExecutor.runWorker(ThreadPoolExecutor.java:946)
	at org.apache.tomcat.util.threads.ThreadPoolExecutor$Worker.run(ThreadPoolExecutor.java:480)
	at org.apache.tomcat.util.threads.TaskThread$WrappingRunnable.run(TaskThread.java:57)
	at java.base/java.lang.Thread.run(Thread.java:1583)
2026-03-25 17:01:29 [SpringApplicationShutdownHook] INFO  org.springframework.boot.tomcat.GracefulShutdown - Commencing graceful shutdown. Waiting for active requests to complete
2026-03-25 17:01:29 [tomcat-shutdown] INFO  org.springframework.boot.tomcat.GracefulShutdown - Graceful shutdown complete
2026-03-25 17:05:16 [main] INFO  com.example.BookingApplication.BookingApplication - Starting BookingApplication using Java 21.0.7 with PID 36000 (C:\Users\ADMIN\Downloads\BookingApplication\BookingApplication\target\classes started by ADMIN in C:\Users\ADMIN\Downloads\BookingApplication)
2026-03-25 17:05:16 [main] INFO  com.example.BookingApplication.BookingApplication - No active profile set, falling back to 1 default profile: "default"
2026-03-25 17:05:17 [main] INFO  org.springframework.data.repository.config.RepositoryConfigurationDelegate - Multiple Spring Data modules found, entering strict repository configuration mode
2026-03-25 17:05:17 [main] INFO  org.springframework.data.repository.config.RepositoryConfigurationDelegate - Bootstrapping Spring Data MongoDB repositories in DEFAULT mode.
2026-03-25 17:05:17 [main] INFO  org.springframework.data.repository.config.RepositoryConfigurationDelegate - Finished Spring Data repository scanning in 81 ms. Found 3 MongoDB repository interfaces.
2026-03-25 17:05:17 [main] INFO  org.springframework.data.repository.config.RepositoryConfigurationDelegate - Multiple Spring Data modules found, entering strict repository configuration mode
2026-03-25 17:05:17 [main] INFO  org.springframework.data.repository.config.RepositoryConfigurationDelegate - Bootstrapping Spring Data Redis repositories in DEFAULT mode.
2026-03-25 17:05:17 [main] INFO  org.springframework.data.repository.config.RepositoryConfigurationExtensionSupport - Spring Data Redis - Could not safely identify store assignment for repository candidate interface com.example.BookingApplication.Repositories.BookingsRepository; If you want this repository to be a Redis repository, consider annotating your entities with one of these annotations: org.springframework.data.redis.core.RedisHash (preferred), or consider extending one of the following types with your repository: org.springframework.data.keyvalue.repository.KeyValueRepository
2026-03-25 17:05:17 [main] INFO  org.springframework.data.repository.config.RepositoryConfigurationExtensionSupport - Spring Data Redis - Could not safely identify store assignment for repository candidate interface com.example.BookingApplication.Repositories.StudioRepository; If you want this repository to be a Redis repository, consider annotating your entities with one of these annotations: org.springframework.data.redis.core.RedisHash (preferred), or consider extending one of the following types with your repository: org.springframework.data.keyvalue.repository.KeyValueRepository
2026-03-25 17:05:17 [main] INFO  org.springframework.data.repository.config.RepositoryConfigurationExtensionSupport - Spring Data Redis - Could not safely identify store assignment for repository candidate interface com.example.BookingApplication.Repositories.UserRepository; If you want this repository to be a Redis repository, consider annotating your entities with one of these annotations: org.springframework.data.redis.core.RedisHash (preferred), or consider extending one of the following types with your repository: org.springframework.data.keyvalue.repository.KeyValueRepository
2026-03-25 17:05:17 [main] INFO  org.springframework.data.repository.config.RepositoryConfigurationDelegate - Finished Spring Data repository scanning in 5 ms. Found 0 Redis repository interfaces.
2026-03-25 17:05:17 [main] INFO  org.springframework.boot.tomcat.TomcatWebServer - Tomcat initialized with port 8080 (http)
2026-03-25 17:05:17 [main] INFO  org.apache.coyote.http11.Http11NioProtocol - Initializing ProtocolHandler ["http-nio-8080"]
2026-03-25 17:05:17 [main] INFO  org.apache.catalina.core.StandardService - Starting service [Tomcat]
2026-03-25 17:05:17 [main] INFO  org.apache.catalina.core.StandardEngine - Starting Servlet engine: [Apache Tomcat/11.0.18]
2026-03-25 17:05:17 [main] INFO  org.springframework.boot.web.context.servlet.WebApplicationContextInitializer - Root WebApplicationContext: initialization completed in 986 ms
2026-03-25 17:05:18 [main] INFO  org.mongodb.driver.client - MongoClient with metadata {"driver": {"name": "mongo-java-driver|spring-boot|sync", "version": "5.6.4"}, "os": {"type": "Windows", "name": "Windows 11", "architecture": "amd64", "version": "10.0"}, "platform": "Java/Oracle Corporation/21.0.7+8-LTS-245"} created with settings MongoClientSettings{readPreference=primary, writeConcern=WriteConcern{w=majority, wTimeout=null ms, journal=null}, retryWrites=true, retryReads=true, readConcern=ReadConcern{level=null}, credential=MongoCredential{mechanism=null, userName='root', source='admin', password=<hidden>, mechanismProperties=<hidden>}, transportSettings=null, commandListeners=[], codecRegistry=ProvidersCodecRegistry{codecProviders=[ValueCodecProvider{}, BsonValueCodecProvider{}, DBRefCodecProvider{}, DBObjectCodecProvider{}, DocumentCodecProvider{}, CollectionCodecProvider{}, IterableCodecProvider{}, MapCodecProvider{}, GeoJsonCodecProvider{}, GridFSFileCodecProvider{}, Jsr310CodecProvider{}, JsonObjectCodecProvider{}, BsonCodecProvider{}, com.mongodb.client.model.mql.ExpressionCodecProvider@d36c1c3, com.mongodb.Jep395RecordCodecProvider@96abc76, com.mongodb.KotlinCodecProvider@4d69d288, EnumCodecProvider{}]}, loggerSettings=LoggerSettings{maxDocumentLength=1000}, clusterSettings={hosts=[127.0.0.1:27017], srvHost=cluster0.en0pykp.mongodb.net, srvServiceName=mongodb, mode=MULTIPLE, requiredClusterType=REPLICA_SET, requiredReplicaSetName='atlas-zt48hn-shard-0', serverSelector='null', clusterListeners='[]', serverSelectionTimeout='30000 ms', localThreshold='15 ms'}, socketSettings=SocketSettings{connectTimeoutMS=10000, readTimeoutMS=0, receiveBufferSize=0, proxySettings=ProxySettings{host=null, port=null, username=null, password=null}}, heartbeatSocketSettings=SocketSettings{connectTimeoutMS=10000, readTimeoutMS=10000, receiveBufferSize=0, proxySettings=ProxySettings{host=null, port=null, username=null, password=null}}, connectionPoolSettings=ConnectionPoolSettings{maxSize=100, minSize=0, maxWaitTimeMS=120000, maxConnectionLifeTimeMS=0, maxConnectionIdleTimeMS=0, maintenanceInitialDelayMS=0, maintenanceFrequencyMS=60000, connectionPoolListeners=[], maxConnecting=2}, serverSettings=ServerSettings{heartbeatFrequencyMS=10000, minHeartbeatFrequencyMS=500, serverMonitoringMode=AUTO, serverListeners='[]', serverMonitorListeners='[]'}, sslSettings=SslSettings{enabled=true, invalidHostNameAllowed=false, context=null}, applicationName='null', compressorList=[], uuidRepresentation=UNSPECIFIED, serverApi=null, autoEncryptionSettings=null, dnsClient=null, inetAddressResolver=null, contextProvider=null, timeoutMS=null}
2026-03-25 17:05:18 [cluster-ClusterId{value='69c3c876d89290a55224e5c8', description='null'}-srv-cluster0.en0pykp.mongodb.net] INFO  org.mongodb.driver.cluster - Adding discovered server ac-aoerbz6-shard-00-01.en0pykp.mongodb.net:27017 to client view of cluster
2026-03-25 17:05:18 [cluster-ClusterId{value='69c3c876d89290a55224e5c8', description='null'}-srv-cluster0.en0pykp.mongodb.net] INFO  org.mongodb.driver.cluster - Adding discovered server ac-aoerbz6-shard-00-00.en0pykp.mongodb.net:27017 to client view of cluster
2026-03-25 17:05:18 [cluster-ClusterId{value='69c3c876d89290a55224e5c8', description='null'}-srv-cluster0.en0pykp.mongodb.net] INFO  org.mongodb.driver.cluster - Adding discovered server ac-aoerbz6-shard-00-02.en0pykp.mongodb.net:27017 to client view of cluster
2026-03-25 17:05:18 [cluster-ClusterId{value='69c3c876d89290a55224e5c8', description='null'}-ac-aoerbz6-shard-00-01.en0pykp.mongodb.net:27017] INFO  org.mongodb.driver.cluster - Monitor thread successfully connected to server with description ServerDescription{address=ac-aoerbz6-shard-00-01.en0pykp.mongodb.net:27017, type=REPLICA_SET_SECONDARY, cryptd=false, state=CONNECTED, ok=true, minWireVersion=0, maxWireVersion=25, maxDocumentSize=16777216, logicalSessionTimeoutMinutes=30, roundTripTimeNanos=226007600, minRoundTripTimeNanos=0, setName='atlas-zt48hn-shard-0', canonicalAddress=ac-aoerbz6-shard-00-01.en0pykp.mongodb.net:27017, hosts=[ac-aoerbz6-shard-00-01.en0pykp.mongodb.net:27017, ac-aoerbz6-shard-00-00.en0pykp.mongodb.net:27017, ac-aoerbz6-shard-00-02.en0pykp.mongodb.net:27017], passives=[], arbiters=[], primary='ac-aoerbz6-shard-00-02.en0pykp.mongodb.net:27017', tagSet=TagSet{[Tag{name='availabilityZone', value='aps1-az3'}, Tag{name='diskState', value='READY'}, Tag{name='nodeType', value='ELECTABLE'}, Tag{name='provider', value='AWS'}, Tag{name='region', value='AP_SOUTH_1'}, Tag{name='workloadType', value='OPERATIONAL'}]}, electionId=null, setVersion=391, topologyVersion=TopologyVersion{processId=69b85ccb4b84e800f9f6512d, counter=3}, lastWriteDate=Wed Mar 25 17:05:17 IST 2026, lastUpdateTimeNanos=173616451850600}
2026-03-25 17:05:18 [cluster-ClusterId{value='69c3c876d89290a55224e5c8', description='null'}-ac-aoerbz6-shard-00-02.en0pykp.mongodb.net:27017] INFO  org.mongodb.driver.cluster - Monitor thread successfully connected to server with description ServerDescription{address=ac-aoerbz6-shard-00-02.en0pykp.mongodb.net:27017, type=REPLICA_SET_PRIMARY, cryptd=false, state=CONNECTED, ok=true, minWireVersion=0, maxWireVersion=25, maxDocumentSize=16777216, logicalSessionTimeoutMinutes=30, roundTripTimeNanos=236205600, minRoundTripTimeNanos=0, setName='atlas-zt48hn-shard-0', canonicalAddress=ac-aoerbz6-shard-00-02.en0pykp.mongodb.net:27017, hosts=[ac-aoerbz6-shard-00-01.en0pykp.mongodb.net:27017, ac-aoerbz6-shard-00-00.en0pykp.mongodb.net:27017, ac-aoerbz6-shard-00-02.en0pykp.mongodb.net:27017], passives=[], arbiters=[], primary='ac-aoerbz6-shard-00-02.en0pykp.mongodb.net:27017', tagSet=TagSet{[Tag{name='availabilityZone', value='aps1-az2'}, Tag{name='diskState', value='READY'}, Tag{name='nodeType', value='ELECTABLE'}, Tag{name='provider', value='AWS'}, Tag{name='region', value='AP_SOUTH_1'}, Tag{name='workloadType', value='OPERATIONAL'}]}, electionId=7fffffff0000000000000156, setVersion=391, topologyVersion=TopologyVersion{processId=69b859a89b4f2018f8b26ac6, counter=6}, lastWriteDate=Wed Mar 25 17:05:17 IST 2026, lastUpdateTimeNanos=173616451850500}
2026-03-25 17:05:18 [cluster-ClusterId{value='69c3c876d89290a55224e5c8', description='null'}-ac-aoerbz6-shard-00-00.en0pykp.mongodb.net:27017] INFO  org.mongodb.driver.cluster - Monitor thread successfully connected to server with description ServerDescription{address=ac-aoerbz6-shard-00-00.en0pykp.mongodb.net:27017, type=REPLICA_SET_SECONDARY, cryptd=false, state=CONNECTED, ok=true, minWireVersion=0, maxWireVersion=25, maxDocumentSize=16777216, logicalSessionTimeoutMinutes=30, roundTripTimeNanos=228098700, minRoundTripTimeNanos=0, setName='atlas-zt48hn-shard-0', canonicalAddress=ac-aoerbz6-shard-00-00.en0pykp.mongodb.net:27017, hosts=[ac-aoerbz6-shard-00-01.en0pykp.mongodb.net:27017, ac-aoerbz6-shard-00-00.en0pykp.mongodb.net:27017, ac-aoerbz6-shard-00-02.en0pykp.mongodb.net:27017], passives=[], arbiters=[], primary='ac-aoerbz6-shard-00-02.en0pykp.mongodb.net:27017', tagSet=TagSet{[Tag{name='availabilityZone', value='aps1-az1'}, Tag{name='diskState', value='READY'}, Tag{name='nodeType', value='ELECTABLE'}, Tag{name='provider', value='AWS'}, Tag{name='region', value='AP_SOUTH_1'}, Tag{name='workloadType', value='OPERATIONAL'}]}, electionId=null, setVersion=391, topologyVersion=TopologyVersion{processId=69b855abb14686967b76fdd6, counter=4}, lastWriteDate=Wed Mar 25 17:05:17 IST 2026, lastUpdateTimeNanos=173616451850500}
2026-03-25 17:05:18 [cluster-ClusterId{value='69c3c876d89290a55224e5c8', description='null'}-ac-aoerbz6-shard-00-02.en0pykp.mongodb.net:27017] INFO  org.mongodb.driver.cluster - Discovered replica set primary ac-aoerbz6-shard-00-02.en0pykp.mongodb.net:27017 with max election id 7fffffff0000000000000156 and max set version 391
2026-03-25 17:05:18 [main] WARN  com.password4j.PropertyReader - bcrypt minor version is not defined. Default value is used (b). Please set property hash.bcrypt.minor in your psw4j.properties file.
2026-03-25 17:05:18 [main] WARN  com.password4j.PropertyReader - bcrypt rounds are not defined. Default value is used (10). Please set property hash.bcrypt.rounds in your psw4j.properties file.
2026-03-25 17:05:18 [main] INFO  org.springframework.security.config.annotation.authentication.configuration.InitializeUserDetailsBeanManagerConfigurer$InitializeUserDetailsManagerConfigurer - Global AuthenticationManager configured with UserDetailsService bean with name userDetailsImpl
2026-03-25 17:05:19 [main] INFO  org.apache.coyote.http11.Http11NioProtocol - Starting ProtocolHandler ["http-nio-8080"]
2026-03-25 17:05:19 [main] INFO  org.springframework.boot.tomcat.TomcatWebServer - Tomcat started on port 8080 (http) with context path '/'
2026-03-25 17:05:19 [main] INFO  com.example.BookingApplication.BookingApplication - Started BookingApplication in 2.573 seconds (process running for 2.988)
2026-03-25 17:05:22 [http-nio-8080-exec-2] INFO  org.apache.catalina.core.ContainerBase.[Tomcat].[localhost].[/] - Initializing Spring DispatcherServlet 'dispatcherServlet'
2026-03-25 17:05:22 [http-nio-8080-exec-2] INFO  org.springframework.web.servlet.DispatcherServlet - Initializing Servlet 'dispatcherServlet'
2026-03-25 17:05:22 [http-nio-8080-exec-2] INFO  org.springframework.web.servlet.DispatcherServlet - Completed initialization in 2 ms
2026-03-25 17:05:22 [http-nio-8080-exec-1] WARN  org.springframework.web.servlet.handler.HandlerMappingIntrospector - Cache miss for REQUEST dispatch to '/getstarted/List' (previous null). Performing CorsConfiguration lookup. This is logged once only at WARN level, and every time at TRACE.
2026-03-25 17:06:03 [http-nio-8080-exec-9] ERROR org.apache.catalina.core.ContainerBase.[Tomcat].[localhost].[/].[dispatcherServlet] - Servlet.service() for servlet [dispatcherServlet] in context with path [] threw exception [Request processing failed: java.lang.NullPointerException: Cannot invoke "com.example.BookingApplication.Entity.User.getId()" because "byName" is null] with root cause
java.lang.NullPointerException: Cannot invoke "com.example.BookingApplication.Entity.User.getId()" because "byName" is null
	at com.example.BookingApplication.Service.MemberService.ConfirmBooking(MemberService.java:150)
	at com.example.BookingApplication.Controllers.WebhookController.handleWebhook(WebhookController.java:88)
	at java.base/jdk.internal.reflect.DirectMethodHandleAccessor.invoke(DirectMethodHandleAccessor.java:103)
	at java.base/java.lang.reflect.Method.invoke(Method.java:580)
	at org.springframework.web.method.support.InvocableHandlerMethod.doInvoke(InvocableHandlerMethod.java:252)
	at org.springframework.web.method.support.InvocableHandlerMethod.invokeForRequest(InvocableHandlerMethod.java:184)
	at org.springframework.web.servlet.mvc.method.annotation.ServletInvocableHandlerMethod.invokeAndHandle(ServletInvocableHandlerMethod.java:117)
	at org.springframework.web.servlet.mvc.method.annotation.RequestMappingHandlerAdapter.invokeHandlerMethod(RequestMappingHandlerAdapter.java:934)
	at org.springframework.web.servlet.mvc.method.annotation.RequestMappingHandlerAdapter.handleInternal(RequestMappingHandlerAdapter.java:853)
	at org.springframework.web.servlet.mvc.method.AbstractHandlerMethodAdapter.handle(AbstractHandlerMethodAdapter.java:86)
	at org.springframework.web.servlet.DispatcherServlet.doDispatch(DispatcherServlet.java:963)
	at org.springframework.web.servlet.DispatcherServlet.doService(DispatcherServlet.java:866)
	at org.springframework.web.servlet.FrameworkServlet.processRequest(FrameworkServlet.java:1000)
	at org.springframework.web.servlet.FrameworkServlet.doPost(FrameworkServlet.java:903)
	at jakarta.servlet.http.HttpServlet.service(HttpServlet.java:649)
	at org.springframework.web.servlet.FrameworkServlet.service(FrameworkServlet.java:874)
	at jakarta.servlet.http.HttpServlet.service(HttpServlet.java:710)
	at org.apache.catalina.core.ApplicationFilterChain.doFilter(ApplicationFilterChain.java:128)
	at org.apache.tomcat.websocket.server.WsFilter.doFilter(WsFilter.java:53)
	at org.apache.catalina.core.ApplicationFilterChain.doFilter(ApplicationFilterChain.java:107)
	at org.springframework.web.filter.OncePerRequestFilter.doFilter(OncePerRequestFilter.java:110)
	at org.apache.catalina.core.ApplicationFilterChain.doFilter(ApplicationFilterChain.java:107)
	at org.springframework.web.filter.CompositeFilter$VirtualFilterChain.doFilter(CompositeFilter.java:108)
	at org.springframework.security.web.FilterChainProxy.lambda$doFilterInternal$3(FilterChainProxy.java:235)
	at org.springframework.security.web.FilterChainProxy$VirtualFilterChain.doFilter(FilterChainProxy.java:371)
	at org.springframework.security.web.access.intercept.AuthorizationFilter.doFilter(AuthorizationFilter.java:101)
	at org.springframework.security.web.FilterChainProxy$VirtualFilterChain.doFilter(FilterChainProxy.java:380)
	at org.springframework.security.web.access.ExceptionTranslationFilter.doFilter(ExceptionTranslationFilter.java:126)
	at org.springframework.security.web.access.ExceptionTranslationFilter.doFilter(ExceptionTranslationFilter.java:120)
	at org.springframework.security.web.FilterChainProxy$VirtualFilterChain.doFilter(FilterChainProxy.java:380)
	at org.springframework.security.web.authentication.AnonymousAuthenticationFilter.doFilter(AnonymousAuthenticationFilter.java:100)
	at org.springframework.security.web.FilterChainProxy$VirtualFilterChain.doFilter(FilterChainProxy.java:380)
	at org.springframework.security.web.servletapi.SecurityContextHolderAwareRequestFilter.doFilter(SecurityContextHolderAwareRequestFilter.java:181)
	at org.springframework.security.web.FilterChainProxy$VirtualFilterChain.doFilter(FilterChainProxy.java:380)
	at org.springframework.security.web.savedrequest.RequestCacheAwareFilter.doFilter(RequestCacheAwareFilter.java:63)
	at org.springframework.security.web.FilterChainProxy$VirtualFilterChain.doFilter(FilterChainProxy.java:380)
	at com.example.BookingApplication.Filter.Filterjwt.doFilterInternal(Filterjwt.java:51)
	at org.springframework.web.filter.OncePerRequestFilter.doFilter(OncePerRequestFilter.java:116)
	at org.springframework.security.web.FilterChainProxy$VirtualFilterChain.doFilter(FilterChainProxy.java:380)
	at org.springframework.security.web.authentication.logout.LogoutFilter.doFilter(LogoutFilter.java:110)
	at org.springframework.security.web.authentication.logout.LogoutFilter.doFilter(LogoutFilter.java:96)
	at org.springframework.security.web.FilterChainProxy$VirtualFilterChain.doFilter(FilterChainProxy.java:380)
	at org.springframework.web.filter.CorsFilter.doFilterInternal(CorsFilter.java:91)
	at org.springframework.web.filter.OncePerRequestFilter.doFilter(OncePerRequestFilter.java:116)
	at org.springframework.security.web.FilterChainProxy$VirtualFilterChain.doFilter(FilterChainProxy.java:380)
	at org.springframework.security.web.header.HeaderWriterFilter.doHeadersAfter(HeaderWriterFilter.java:90)
	at org.springframework.security.web.header.HeaderWriterFilter.doFilterInternal(HeaderWriterFilter.java:75)
	at org.springframework.web.filter.OncePerRequestFilter.doFilter(OncePerRequestFilter.java:116)
	at org.springframework.security.web.FilterChainProxy$VirtualFilterChain.doFilter(FilterChainProxy.java:380)
	at org.springframework.security.web.context.SecurityContextHolderFilter.doFilter(SecurityContextHolderFilter.java:82)
	at org.springframework.security.web.context.SecurityContextHolderFilter.doFilter(SecurityContextHolderFilter.java:69)
	at org.springframework.security.web.FilterChainProxy$VirtualFilterChain.doFilter(FilterChainProxy.java:380)
	at org.springframework.security.web.context.request.async.WebAsyncManagerIntegrationFilter.doFilterInternal(WebAsyncManagerIntegrationFilter.java:62)
	at org.springframework.web.filter.OncePerRequestFilter.doFilter(OncePerRequestFilter.java:116)
	at org.springframework.security.web.FilterChainProxy$VirtualFilterChain.doFilter(FilterChainProxy.java:380)
	at org.springframework.security.web.session.DisableEncodeUrlFilter.doFilterInternal(DisableEncodeUrlFilter.java:42)
	at org.springframework.web.filter.OncePerRequestFilter.doFilter(OncePerRequestFilter.java:116)
	at org.springframework.security.web.FilterChainProxy$VirtualFilterChain.doFilter(FilterChainProxy.java:380)
	at org.springframework.security.web.FilterChainProxy.doFilterInternal(FilterChainProxy.java:237)
	at org.springframework.security.web.FilterChainProxy.doFilter(FilterChainProxy.java:195)
	at org.springframework.web.filter.CompositeFilter$VirtualFilterChain.doFilter(CompositeFilter.java:113)
	at org.springframework.web.filter.ServletRequestPathFilter.doFilter(ServletRequestPathFilter.java:52)
	at org.springframework.web.filter.CompositeFilter$VirtualFilterChain.doFilter(CompositeFilter.java:113)
	at org.springframework.web.filter.CompositeFilter.doFilter(CompositeFilter.java:74)
	at org.springframework.security.config.annotation.web.configuration.WebSecurityConfiguration$CompositeFilterChainProxy.doFilter(WebSecurityConfiguration.java:317)
	at org.springframework.web.filter.DelegatingFilterProxy.invokeDelegate(DelegatingFilterProxy.java:355)
	at org.springframework.web.filter.DelegatingFilterProxy.doFilter(DelegatingFilterProxy.java:272)
	at org.apache.catalina.core.ApplicationFilterChain.doFilter(ApplicationFilterChain.java:107)
	at org.springframework.web.filter.RequestContextFilter.doFilterInternal(RequestContextFilter.java:100)
	at org.springframework.web.filter.OncePerRequestFilter.doFilter(OncePerRequestFilter.java:116)
	at org.apache.catalina.core.ApplicationFilterChain.doFilter(ApplicationFilterChain.java:107)
	at org.springframework.web.filter.FormContentFilter.doFilterInternal(FormContentFilter.java:93)
	at org.springframework.web.filter.OncePerRequestFilter.doFilter(OncePerRequestFilter.java:116)
	at org.apache.catalina.core.ApplicationFilterChain.doFilter(ApplicationFilterChain.java:107)
	at org.springframework.web.filter.CharacterEncodingFilter.doFilterInternal(CharacterEncodingFilter.java:199)
	at org.springframework.web.filter.OncePerRequestFilter.doFilter(OncePerRequestFilter.java:116)
	at org.apache.catalina.core.ApplicationFilterChain.doFilter(ApplicationFilterChain.java:107)
	at org.apache.catalina.core.StandardWrapperValve.invoke(StandardWrapperValve.java:165)
	at org.apache.catalina.core.StandardContextValve.invoke(StandardContextValve.java:77)
	at org.apache.catalina.authenticator.AuthenticatorBase.invoke(AuthenticatorBase.java:492)
	at org.apache.catalina.core.StandardHostValve.invoke(StandardHostValve.java:113)
	at org.apache.catalina.valves.ErrorReportValve.invoke(ErrorReportValve.java:83)
	at org.apache.catalina.core.StandardEngineValve.invoke(StandardEngineValve.java:72)
	at org.apache.catalina.connector.CoyoteAdapter.service(CoyoteAdapter.java:341)
	at org.apache.coyote.http11.Http11Processor.service(Http11Processor.java:397)
	at org.apache.coyote.AbstractProcessorLight.process(AbstractProcessorLight.java:63)
	at org.apache.coyote.AbstractProtocol$ConnectionHandler.process(AbstractProtocol.java:903)
	at org.apache.tomcat.util.net.NioEndpoint$SocketProcessor.doRun(NioEndpoint.java:1779)
	at org.apache.tomcat.util.net.SocketProcessorBase.run(SocketProcessorBase.java:52)
	at org.apache.tomcat.util.threads.ThreadPoolExecutor.runWorker(ThreadPoolExecutor.java:946)
	at org.apache.tomcat.util.threads.ThreadPoolExecutor$Worker.run(ThreadPoolExecutor.java:480)
	at org.apache.tomcat.util.threads.TaskThread$WrappingRunnable.run(TaskThread.java:57)
	at java.base/java.lang.Thread.run(Thread.java:1583)
2026-03-25 17:08:24 [SpringApplicationShutdownHook] INFO  org.springframework.boot.tomcat.GracefulShutdown - Commencing graceful shutdown. Waiting for active requests to complete
2026-03-25 17:08:24 [tomcat-shutdown] INFO  org.springframework.boot.tomcat.GracefulShutdown - Graceful shutdown complete
2026-03-25 17:08:27 [main] INFO  com.example.BookingApplication.BookingApplication - Starting BookingApplication using Java 21.0.7 with PID 29592 (C:\Users\ADMIN\Downloads\BookingApplication\BookingApplication\target\classes started by ADMIN in C:\Users\ADMIN\Downloads\BookingApplication)
2026-03-25 17:08:27 [main] INFO  com.example.BookingApplication.BookingApplication - No active profile set, falling back to 1 default profile: "default"
2026-03-25 17:08:28 [main] INFO  org.springframework.data.repository.config.RepositoryConfigurationDelegate - Multiple Spring Data modules found, entering strict repository configuration mode
2026-03-25 17:08:28 [main] INFO  org.springframework.data.repository.config.RepositoryConfigurationDelegate - Bootstrapping Spring Data MongoDB repositories in DEFAULT mode.
2026-03-25 17:08:28 [main] INFO  org.springframework.data.repository.config.RepositoryConfigurationDelegate - Finished Spring Data repository scanning in 83 ms. Found 3 MongoDB repository interfaces.
2026-03-25 17:08:28 [main] INFO  org.springframework.data.repository.config.RepositoryConfigurationDelegate - Multiple Spring Data modules found, entering strict repository configuration mode
2026-03-25 17:08:28 [main] INFO  org.springframework.data.repository.config.RepositoryConfigurationDelegate - Bootstrapping Spring Data Redis repositories in DEFAULT mode.
2026-03-25 17:08:28 [main] INFO  org.springframework.data.repository.config.RepositoryConfigurationExtensionSupport - Spring Data Redis - Could not safely identify store assignment for repository candidate interface com.example.BookingApplication.Repositories.BookingsRepository; If you want this repository to be a Redis repository, consider annotating your entities with one of these annotations: org.springframework.data.redis.core.RedisHash (preferred), or consider extending one of the following types with your repository: org.springframework.data.keyvalue.repository.KeyValueRepository
2026-03-25 17:08:28 [main] INFO  org.springframework.data.repository.config.RepositoryConfigurationExtensionSupport - Spring Data Redis - Could not safely identify store assignment for repository candidate interface com.example.BookingApplication.Repositories.StudioRepository; If you want this repository to be a Redis repository, consider annotating your entities with one of these annotations: org.springframework.data.redis.core.RedisHash (preferred), or consider extending one of the following types with your repository: org.springframework.data.keyvalue.repository.KeyValueRepository
2026-03-25 17:08:28 [main] INFO  org.springframework.data.repository.config.RepositoryConfigurationExtensionSupport - Spring Data Redis - Could not safely identify store assignment for repository candidate interface com.example.BookingApplication.Repositories.UserRepository; If you want this repository to be a Redis repository, consider annotating your entities with one of these annotations: org.springframework.data.redis.core.RedisHash (preferred), or consider extending one of the following types with your repository: org.springframework.data.keyvalue.repository.KeyValueRepository
2026-03-25 17:08:28 [main] INFO  org.springframework.data.repository.config.RepositoryConfigurationDelegate - Finished Spring Data repository scanning in 5 ms. Found 0 Redis repository interfaces.
2026-03-25 17:08:28 [main] INFO  org.springframework.boot.tomcat.TomcatWebServer - Tomcat initialized with port 8080 (http)
2026-03-25 17:08:28 [main] INFO  org.apache.coyote.http11.Http11NioProtocol - Initializing ProtocolHandler ["http-nio-8080"]
2026-03-25 17:08:28 [main] INFO  org.apache.catalina.core.StandardService - Starting service [Tomcat]
2026-03-25 17:08:28 [main] INFO  org.apache.catalina.core.StandardEngine - Starting Servlet engine: [Apache Tomcat/11.0.18]
2026-03-25 17:08:28 [main] INFO  org.springframework.boot.web.context.servlet.WebApplicationContextInitializer - Root WebApplicationContext: initialization completed in 1026 ms
2026-03-25 17:08:29 [main] INFO  org.mongodb.driver.client - MongoClient with metadata {"driver": {"name": "mongo-java-driver|spring-boot|sync", "version": "5.6.4"}, "os": {"type": "Windows", "name": "Windows 11", "architecture": "amd64", "version": "10.0"}, "platform": "Java/Oracle Corporation/21.0.7+8-LTS-245"} created with settings MongoClientSettings{readPreference=primary, writeConcern=WriteConcern{w=majority, wTimeout=null ms, journal=null}, retryWrites=true, retryReads=true, readConcern=ReadConcern{level=null}, credential=MongoCredential{mechanism=null, userName='root', source='admin', password=<hidden>, mechanismProperties=<hidden>}, transportSettings=null, commandListeners=[], codecRegistry=ProvidersCodecRegistry{codecProviders=[ValueCodecProvider{}, BsonValueCodecProvider{}, DBRefCodecProvider{}, DBObjectCodecProvider{}, DocumentCodecProvider{}, CollectionCodecProvider{}, IterableCodecProvider{}, MapCodecProvider{}, GeoJsonCodecProvider{}, GridFSFileCodecProvider{}, Jsr310CodecProvider{}, JsonObjectCodecProvider{}, BsonCodecProvider{}, com.mongodb.client.model.mql.ExpressionCodecProvider@65593327, com.mongodb.Jep395RecordCodecProvider@68e5c7ae, com.mongodb.KotlinCodecProvider@68bd8ca7, EnumCodecProvider{}]}, loggerSettings=LoggerSettings{maxDocumentLength=1000}, clusterSettings={hosts=[127.0.0.1:27017], srvHost=cluster0.en0pykp.mongodb.net, srvServiceName=mongodb, mode=MULTIPLE, requiredClusterType=REPLICA_SET, requiredReplicaSetName='atlas-zt48hn-shard-0', serverSelector='null', clusterListeners='[]', serverSelectionTimeout='30000 ms', localThreshold='15 ms'}, socketSettings=SocketSettings{connectTimeoutMS=10000, readTimeoutMS=0, receiveBufferSize=0, proxySettings=ProxySettings{host=null, port=null, username=null, password=null}}, heartbeatSocketSettings=SocketSettings{connectTimeoutMS=10000, readTimeoutMS=10000, receiveBufferSize=0, proxySettings=ProxySettings{host=null, port=null, username=null, password=null}}, connectionPoolSettings=ConnectionPoolSettings{maxSize=100, minSize=0, maxWaitTimeMS=120000, maxConnectionLifeTimeMS=0, maxConnectionIdleTimeMS=0, maintenanceInitialDelayMS=0, maintenanceFrequencyMS=60000, connectionPoolListeners=[], maxConnecting=2}, serverSettings=ServerSettings{heartbeatFrequencyMS=10000, minHeartbeatFrequencyMS=500, serverMonitoringMode=AUTO, serverListeners='[]', serverMonitorListeners='[]'}, sslSettings=SslSettings{enabled=true, invalidHostNameAllowed=false, context=null}, applicationName='null', compressorList=[], uuidRepresentation=UNSPECIFIED, serverApi=null, autoEncryptionSettings=null, dnsClient=null, inetAddressResolver=null, contextProvider=null, timeoutMS=null}
2026-03-25 17:08:29 [cluster-ClusterId{value='69c3c935d883f01621e18e3c', description='null'}-srv-cluster0.en0pykp.mongodb.net] INFO  org.mongodb.driver.cluster - Adding discovered server ac-aoerbz6-shard-00-01.en0pykp.mongodb.net:27017 to client view of cluster
2026-03-25 17:08:29 [cluster-ClusterId{value='69c3c935d883f01621e18e3c', description='null'}-srv-cluster0.en0pykp.mongodb.net] INFO  org.mongodb.driver.cluster - Adding discovered server ac-aoerbz6-shard-00-00.en0pykp.mongodb.net:27017 to client view of cluster
2026-03-25 17:08:29 [cluster-ClusterId{value='69c3c935d883f01621e18e3c', description='null'}-srv-cluster0.en0pykp.mongodb.net] INFO  org.mongodb.driver.cluster - Adding discovered server ac-aoerbz6-shard-00-02.en0pykp.mongodb.net:27017 to client view of cluster
2026-03-25 17:08:29 [cluster-ClusterId{value='69c3c935d883f01621e18e3c', description='null'}-ac-aoerbz6-shard-00-01.en0pykp.mongodb.net:27017] INFO  org.mongodb.driver.cluster - Monitor thread successfully connected to server with description ServerDescription{address=ac-aoerbz6-shard-00-01.en0pykp.mongodb.net:27017, type=REPLICA_SET_SECONDARY, cryptd=false, state=CONNECTED, ok=true, minWireVersion=0, maxWireVersion=25, maxDocumentSize=16777216, logicalSessionTimeoutMinutes=30, roundTripTimeNanos=267770900, minRoundTripTimeNanos=0, setName='atlas-zt48hn-shard-0', canonicalAddress=ac-aoerbz6-shard-00-01.en0pykp.mongodb.net:27017, hosts=[ac-aoerbz6-shard-00-01.en0pykp.mongodb.net:27017, ac-aoerbz6-shard-00-00.en0pykp.mongodb.net:27017, ac-aoerbz6-shard-00-02.en0pykp.mongodb.net:27017], passives=[], arbiters=[], primary='ac-aoerbz6-shard-00-02.en0pykp.mongodb.net:27017', tagSet=TagSet{[Tag{name='availabilityZone', value='aps1-az3'}, Tag{name='diskState', value='READY'}, Tag{name='nodeType', value='ELECTABLE'}, Tag{name='provider', value='AWS'}, Tag{name='region', value='AP_SOUTH_1'}, Tag{name='workloadType', value='OPERATIONAL'}]}, electionId=null, setVersion=391, topologyVersion=TopologyVersion{processId=69b85ccb4b84e800f9f6512d, counter=3}, lastWriteDate=Wed Mar 25 17:08:28 IST 2026, lastUpdateTimeNanos=173807518900600}
2026-03-25 17:08:29 [cluster-ClusterId{value='69c3c935d883f01621e18e3c', description='null'}-ac-aoerbz6-shard-00-02.en0pykp.mongodb.net:27017] INFO  org.mongodb.driver.cluster - Monitor thread successfully connected to server with description ServerDescription{address=ac-aoerbz6-shard-00-02.en0pykp.mongodb.net:27017, type=REPLICA_SET_PRIMARY, cryptd=false, state=CONNECTED, ok=true, minWireVersion=0, maxWireVersion=25, maxDocumentSize=16777216, logicalSessionTimeoutMinutes=30, roundTripTimeNanos=267770800, minRoundTripTimeNanos=0, setName='atlas-zt48hn-shard-0', canonicalAddress=ac-aoerbz6-shard-00-02.en0pykp.mongodb.net:27017, hosts=[ac-aoerbz6-shard-00-01.en0pykp.mongodb.net:27017, ac-aoerbz6-shard-00-00.en0pykp.mongodb.net:27017, ac-aoerbz6-shard-00-02.en0pykp.mongodb.net:27017], passives=[], arbiters=[], primary='ac-aoerbz6-shard-00-02.en0pykp.mongodb.net:27017', tagSet=TagSet{[Tag{name='availabilityZone', value='aps1-az2'}, Tag{name='diskState', value='READY'}, Tag{name='nodeType', value='ELECTABLE'}, Tag{name='provider', value='AWS'}, Tag{name='region', value='AP_SOUTH_1'}, Tag{name='workloadType', value='OPERATIONAL'}]}, electionId=7fffffff0000000000000156, setVersion=391, topologyVersion=TopologyVersion{processId=69b859a89b4f2018f8b26ac6, counter=6}, lastWriteDate=Wed Mar 25 17:08:28 IST 2026, lastUpdateTimeNanos=173807518900600}
2026-03-25 17:08:29 [cluster-ClusterId{value='69c3c935d883f01621e18e3c', description='null'}-ac-aoerbz6-shard-00-00.en0pykp.mongodb.net:27017] INFO  org.mongodb.driver.cluster - Monitor thread successfully connected to server with description ServerDescription{address=ac-aoerbz6-shard-00-00.en0pykp.mongodb.net:27017, type=REPLICA_SET_SECONDARY, cryptd=false, state=CONNECTED, ok=true, minWireVersion=0, maxWireVersion=25, maxDocumentSize=16777216, logicalSessionTimeoutMinutes=30, roundTripTimeNanos=267654900, minRoundTripTimeNanos=0, setName='atlas-zt48hn-shard-0', canonicalAddress=ac-aoerbz6-shard-00-00.en0pykp.mongodb.net:27017, hosts=[ac-aoerbz6-shard-00-01.en0pykp.mongodb.net:27017, ac-aoerbz6-shard-00-00.en0pykp.mongodb.net:27017, ac-aoerbz6-shard-00-02.en0pykp.mongodb.net:27017], passives=[], arbiters=[], primary='ac-aoerbz6-shard-00-02.en0pykp.mongodb.net:27017', tagSet=TagSet{[Tag{name='availabilityZone', value='aps1-az1'}, Tag{name='diskState', value='READY'}, Tag{name='nodeType', value='ELECTABLE'}, Tag{name='provider', value='AWS'}, Tag{name='region', value='AP_SOUTH_1'}, Tag{name='workloadType', value='OPERATIONAL'}]}, electionId=null, setVersion=391, topologyVersion=TopologyVersion{processId=69b855abb14686967b76fdd6, counter=4}, lastWriteDate=Wed Mar 25 17:08:28 GMT+05:30 2026, lastUpdateTimeNanos=173807518900600}
2026-03-25 17:08:29 [cluster-ClusterId{value='69c3c935d883f01621e18e3c', description='null'}-ac-aoerbz6-shard-00-02.en0pykp.mongodb.net:27017] INFO  org.mongodb.driver.cluster - Discovered replica set primary ac-aoerbz6-shard-00-02.en0pykp.mongodb.net:27017 with max election id 7fffffff0000000000000156 and max set version 391
2026-03-25 17:08:29 [main] WARN  com.password4j.PropertyReader - bcrypt minor version is not defined. Default value is used (b). Please set property hash.bcrypt.minor in your psw4j.properties file.
2026-03-25 17:08:29 [main] WARN  com.password4j.PropertyReader - bcrypt rounds are not defined. Default value is used (10). Please set property hash.bcrypt.rounds in your psw4j.properties file.
2026-03-25 17:08:29 [main] INFO  org.springframework.security.config.annotation.authentication.configuration.InitializeUserDetailsBeanManagerConfigurer$InitializeUserDetailsManagerConfigurer - Global AuthenticationManager configured with UserDetailsService bean with name userDetailsImpl
2026-03-25 17:08:30 [main] INFO  org.apache.coyote.http11.Http11NioProtocol - Starting ProtocolHandler ["http-nio-8080"]
2026-03-25 17:08:30 [main] INFO  org.springframework.boot.tomcat.TomcatWebServer - Tomcat started on port 8080 (http) with context path '/'
2026-03-25 17:08:30 [main] INFO  com.example.BookingApplication.BookingApplication - Started BookingApplication in 2.733 seconds (process running for 3.164)
2026-03-25 17:11:37 [SpringApplicationShutdownHook] INFO  org.springframework.boot.tomcat.GracefulShutdown - Commencing graceful shutdown. Waiting for active requests to complete
2026-03-25 17:11:37 [tomcat-shutdown] INFO  org.springframework.boot.tomcat.GracefulShutdown - Graceful shutdown complete
2026-03-25 17:11:39 [main] INFO  com.example.BookingApplication.BookingApplication - Starting BookingApplication using Java 21.0.7 with PID 31308 (C:\Users\ADMIN\Downloads\BookingApplication\BookingApplication\target\classes started by ADMIN in C:\Users\ADMIN\Downloads\BookingApplication)
2026-03-25 17:11:39 [main] INFO  com.example.BookingApplication.BookingApplication - No active profile set, falling back to 1 default profile: "default"
2026-03-25 17:11:40 [main] INFO  org.springframework.data.repository.config.RepositoryConfigurationDelegate - Multiple Spring Data modules found, entering strict repository configuration mode
2026-03-25 17:11:40 [main] INFO  org.springframework.data.repository.config.RepositoryConfigurationDelegate - Bootstrapping Spring Data MongoDB repositories in DEFAULT mode.
2026-03-25 17:11:40 [main] INFO  org.springframework.data.repository.config.RepositoryConfigurationDelegate - Finished Spring Data repository scanning in 73 ms. Found 3 MongoDB repository interfaces.
2026-03-25 17:11:40 [main] INFO  org.springframework.data.repository.config.RepositoryConfigurationDelegate - Multiple Spring Data modules found, entering strict repository configuration mode
2026-03-25 17:11:40 [main] INFO  org.springframework.data.repository.config.RepositoryConfigurationDelegate - Bootstrapping Spring Data Redis repositories in DEFAULT mode.
2026-03-25 17:11:40 [main] INFO  org.springframework.data.repository.config.RepositoryConfigurationExtensionSupport - Spring Data Redis - Could not safely identify store assignment for repository candidate interface com.example.BookingApplication.Repositories.BookingsRepository; If you want this repository to be a Redis repository, consider annotating your entities with one of these annotations: org.springframework.data.redis.core.RedisHash (preferred), or consider extending one of the following types with your repository: org.springframework.data.keyvalue.repository.KeyValueRepository
2026-03-25 17:11:40 [main] INFO  org.springframework.data.repository.config.RepositoryConfigurationExtensionSupport - Spring Data Redis - Could not safely identify store assignment for repository candidate interface com.example.BookingApplication.Repositories.StudioRepository; If you want this repository to be a Redis repository, consider annotating your entities with one of these annotations: org.springframework.data.redis.core.RedisHash (preferred), or consider extending one of the following types with your repository: org.springframework.data.keyvalue.repository.KeyValueRepository
2026-03-25 17:11:40 [main] INFO  org.springframework.data.repository.config.RepositoryConfigurationExtensionSupport - Spring Data Redis - Could not safely identify store assignment for repository candidate interface com.example.BookingApplication.Repositories.UserRepository; If you want this repository to be a Redis repository, consider annotating your entities with one of these annotations: org.springframework.data.redis.core.RedisHash (preferred), or consider extending one of the following types with your repository: org.springframework.data.keyvalue.repository.KeyValueRepository
2026-03-25 17:11:40 [main] INFO  org.springframework.data.repository.config.RepositoryConfigurationDelegate - Finished Spring Data repository scanning in 6 ms. Found 0 Redis repository interfaces.
2026-03-25 17:11:40 [main] INFO  org.springframework.boot.tomcat.TomcatWebServer - Tomcat initialized with port 8080 (http)
2026-03-25 17:11:40 [main] INFO  org.apache.coyote.http11.Http11NioProtocol - Initializing ProtocolHandler ["http-nio-8080"]
2026-03-25 17:11:40 [main] INFO  org.apache.catalina.core.StandardService - Starting service [Tomcat]
2026-03-25 17:11:40 [main] INFO  org.apache.catalina.core.StandardEngine - Starting Servlet engine: [Apache Tomcat/11.0.18]
2026-03-25 17:11:40 [main] INFO  org.springframework.boot.web.context.servlet.WebApplicationContextInitializer - Root WebApplicationContext: initialization completed in 971 ms
2026-03-25 17:11:42 [main] INFO  org.mongodb.driver.client - MongoClient with metadata {"driver": {"name": "mongo-java-driver|spring-boot|sync", "version": "5.6.4"}, "os": {"type": "Windows", "name": "Windows 11", "architecture": "amd64", "version": "10.0"}, "platform": "Java/Oracle Corporation/21.0.7+8-LTS-245"} created with settings MongoClientSettings{readPreference=primary, writeConcern=WriteConcern{w=majority, wTimeout=null ms, journal=null}, retryWrites=true, retryReads=true, readConcern=ReadConcern{level=null}, credential=MongoCredential{mechanism=null, userName='root', source='admin', password=<hidden>, mechanismProperties=<hidden>}, transportSettings=null, commandListeners=[], codecRegistry=ProvidersCodecRegistry{codecProviders=[ValueCodecProvider{}, BsonValueCodecProvider{}, DBRefCodecProvider{}, DBObjectCodecProvider{}, DocumentCodecProvider{}, CollectionCodecProvider{}, IterableCodecProvider{}, MapCodecProvider{}, GeoJsonCodecProvider{}, GridFSFileCodecProvider{}, Jsr310CodecProvider{}, JsonObjectCodecProvider{}, BsonCodecProvider{}, com.mongodb.client.model.mql.ExpressionCodecProvider@24a4e2c5, com.mongodb.Jep395RecordCodecProvider@27da994b, com.mongodb.KotlinCodecProvider@70f148dc, EnumCodecProvider{}]}, loggerSettings=LoggerSettings{maxDocumentLength=1000}, clusterSettings={hosts=[127.0.0.1:27017], srvHost=cluster0.en0pykp.mongodb.net, srvServiceName=mongodb, mode=MULTIPLE, requiredClusterType=REPLICA_SET, requiredReplicaSetName='atlas-zt48hn-shard-0', serverSelector='null', clusterListeners='[]', serverSelectionTimeout='30000 ms', localThreshold='15 ms'}, socketSettings=SocketSettings{connectTimeoutMS=10000, readTimeoutMS=0, receiveBufferSize=0, proxySettings=ProxySettings{host=null, port=null, username=null, password=null}}, heartbeatSocketSettings=SocketSettings{connectTimeoutMS=10000, readTimeoutMS=10000, receiveBufferSize=0, proxySettings=ProxySettings{host=null, port=null, username=null, password=null}}, connectionPoolSettings=ConnectionPoolSettings{maxSize=100, minSize=0, maxWaitTimeMS=120000, maxConnectionLifeTimeMS=0, maxConnectionIdleTimeMS=0, maintenanceInitialDelayMS=0, maintenanceFrequencyMS=60000, connectionPoolListeners=[], maxConnecting=2}, serverSettings=ServerSettings{heartbeatFrequencyMS=10000, minHeartbeatFrequencyMS=500, serverMonitoringMode=AUTO, serverListeners='[]', serverMonitorListeners='[]'}, sslSettings=SslSettings{enabled=true, invalidHostNameAllowed=false, context=null}, applicationName='null', compressorList=[], uuidRepresentation=UNSPECIFIED, serverApi=null, autoEncryptionSettings=null, dnsClient=null, inetAddressResolver=null, contextProvider=null, timeoutMS=null}
2026-03-25 17:11:42 [cluster-ClusterId{value='69c3c9f6981f43f36625d285', description='null'}-srv-cluster0.en0pykp.mongodb.net] INFO  org.mongodb.driver.cluster - Adding discovered server ac-aoerbz6-shard-00-01.en0pykp.mongodb.net:27017 to client view of cluster
2026-03-25 17:11:42 [cluster-ClusterId{value='69c3c9f6981f43f36625d285', description='null'}-srv-cluster0.en0pykp.mongodb.net] INFO  org.mongodb.driver.cluster - Adding discovered server ac-aoerbz6-shard-00-00.en0pykp.mongodb.net:27017 to client view of cluster
2026-03-25 17:11:42 [cluster-ClusterId{value='69c3c9f6981f43f36625d285', description='null'}-srv-cluster0.en0pykp.mongodb.net] INFO  org.mongodb.driver.cluster - Adding discovered server ac-aoerbz6-shard-00-02.en0pykp.mongodb.net:27017 to client view of cluster
2026-03-25 17:11:42 [cluster-ClusterId{value='69c3c9f6981f43f36625d285', description='null'}-ac-aoerbz6-shard-00-01.en0pykp.mongodb.net:27017] INFO  org.mongodb.driver.cluster - Monitor thread successfully connected to server with description ServerDescription{address=ac-aoerbz6-shard-00-01.en0pykp.mongodb.net:27017, type=REPLICA_SET_SECONDARY, cryptd=false, state=CONNECTED, ok=true, minWireVersion=0, maxWireVersion=25, maxDocumentSize=16777216, logicalSessionTimeoutMinutes=30, roundTripTimeNanos=217427900, minRoundTripTimeNanos=0, setName='atlas-zt48hn-shard-0', canonicalAddress=ac-aoerbz6-shard-00-01.en0pykp.mongodb.net:27017, hosts=[ac-aoerbz6-shard-00-01.en0pykp.mongodb.net:27017, ac-aoerbz6-shard-00-00.en0pykp.mongodb.net:27017, ac-aoerbz6-shard-00-02.en0pykp.mongodb.net:27017], passives=[], arbiters=[], primary='ac-aoerbz6-shard-00-02.en0pykp.mongodb.net:27017', tagSet=TagSet{[Tag{name='availabilityZone', value='aps1-az3'}, Tag{name='diskState', value='READY'}, Tag{name='nodeType', value='ELECTABLE'}, Tag{name='provider', value='AWS'}, Tag{name='region', value='AP_SOUTH_1'}, Tag{name='workloadType', value='OPERATIONAL'}]}, electionId=null, setVersion=391, topologyVersion=TopologyVersion{processId=69b85ccb4b84e800f9f6512d, counter=3}, lastWriteDate=Wed Mar 25 17:11:41 IST 2026, lastUpdateTimeNanos=174000454299700}
2026-03-25 17:11:42 [cluster-ClusterId{value='69c3c9f6981f43f36625d285', description='null'}-ac-aoerbz6-shard-00-02.en0pykp.mongodb.net:27017] INFO  org.mongodb.driver.cluster - Monitor thread successfully connected to server with description ServerDescription{address=ac-aoerbz6-shard-00-02.en0pykp.mongodb.net:27017, type=REPLICA_SET_PRIMARY, cryptd=false, state=CONNECTED, ok=true, minWireVersion=0, maxWireVersion=25, maxDocumentSize=16777216, logicalSessionTimeoutMinutes=30, roundTripTimeNanos=209600800, minRoundTripTimeNanos=0, setName='atlas-zt48hn-shard-0', canonicalAddress=ac-aoerbz6-shard-00-02.en0pykp.mongodb.net:27017, hosts=[ac-aoerbz6-shard-00-01.en0pykp.mongodb.net:27017, ac-aoerbz6-shard-00-00.en0pykp.mongodb.net:27017, ac-aoerbz6-shard-00-02.en0pykp.mongodb.net:27017], passives=[], arbiters=[], primary='ac-aoerbz6-shard-00-02.en0pykp.mongodb.net:27017', tagSet=TagSet{[Tag{name='availabilityZone', value='aps1-az2'}, Tag{name='diskState', value='READY'}, Tag{name='nodeType', value='ELECTABLE'}, Tag{name='provider', value='AWS'}, Tag{name='region', value='AP_SOUTH_1'}, Tag{name='workloadType', value='OPERATIONAL'}]}, electionId=7fffffff0000000000000156, setVersion=391, topologyVersion=TopologyVersion{processId=69b859a89b4f2018f8b26ac6, counter=6}, lastWriteDate=Wed Mar 25 17:11:41 IST 2026, lastUpdateTimeNanos=174000454299700}
2026-03-25 17:11:42 [cluster-ClusterId{value='69c3c9f6981f43f36625d285', description='null'}-ac-aoerbz6-shard-00-02.en0pykp.mongodb.net:27017] INFO  org.mongodb.driver.cluster - Discovered replica set primary ac-aoerbz6-shard-00-02.en0pykp.mongodb.net:27017 with max election id 7fffffff0000000000000156 and max set version 391
2026-03-25 17:11:42 [cluster-ClusterId{value='69c3c9f6981f43f36625d285', description='null'}-ac-aoerbz6-shard-00-00.en0pykp.mongodb.net:27017] INFO  org.mongodb.driver.cluster - Monitor thread successfully connected to server with description ServerDescription{address=ac-aoerbz6-shard-00-00.en0pykp.mongodb.net:27017, type=REPLICA_SET_SECONDARY, cryptd=false, state=CONNECTED, ok=true, minWireVersion=0, maxWireVersion=25, maxDocumentSize=16777216, logicalSessionTimeoutMinutes=30, roundTripTimeNanos=207986100, minRoundTripTimeNanos=0, setName='atlas-zt48hn-shard-0', canonicalAddress=ac-aoerbz6-shard-00-00.en0pykp.mongodb.net:27017, hosts=[ac-aoerbz6-shard-00-01.en0pykp.mongodb.net:27017, ac-aoerbz6-shard-00-00.en0pykp.mongodb.net:27017, ac-aoerbz6-shard-00-02.en0pykp.mongodb.net:27017], passives=[], arbiters=[], primary='ac-aoerbz6-shard-00-02.en0pykp.mongodb.net:27017', tagSet=TagSet{[Tag{name='availabilityZone', value='aps1-az1'}, Tag{name='diskState', value='READY'}, Tag{name='nodeType', value='ELECTABLE'}, Tag{name='provider', value='AWS'}, Tag{name='region', value='AP_SOUTH_1'}, Tag{name='workloadType', value='OPERATIONAL'}]}, electionId=null, setVersion=391, topologyVersion=TopologyVersion{processId=69b855abb14686967b76fdd6, counter=4}, lastWriteDate=Wed Mar 25 17:11:41 IST 2026, lastUpdateTimeNanos=174000460460600}
2026-03-25 17:11:42 [main] WARN  com.password4j.PropertyReader - bcrypt minor version is not defined. Default value is used (b). Please set property hash.bcrypt.minor in your psw4j.properties file.
2026-03-25 17:11:42 [main] WARN  com.password4j.PropertyReader - bcrypt rounds are not defined. Default value is used (10). Please set property hash.bcrypt.rounds in your psw4j.properties file.
2026-03-25 17:11:42 [main] INFO  org.springframework.security.config.annotation.authentication.configuration.InitializeUserDetailsBeanManagerConfigurer$InitializeUserDetailsManagerConfigurer - Global AuthenticationManager configured with UserDetailsService bean with name userDetailsImpl
2026-03-25 17:11:43 [main] INFO  org.apache.coyote.http11.Http11NioProtocol - Starting ProtocolHandler ["http-nio-8080"]
2026-03-25 17:11:43 [main] INFO  org.springframework.boot.tomcat.TomcatWebServer - Tomcat started on port 8080 (http) with context path '/'
2026-03-25 17:11:43 [main] INFO  com.example.BookingApplication.BookingApplication - Started BookingApplication in 3.52 seconds (process running for 3.993)
2026-03-25 17:11:59 [http-nio-8080-exec-1] INFO  org.apache.catalina.core.ContainerBase.[Tomcat].[localhost].[/] - Initializing Spring DispatcherServlet 'dispatcherServlet'
2026-03-25 17:11:59 [http-nio-8080-exec-1] INFO  org.springframework.web.servlet.DispatcherServlet - Initializing Servlet 'dispatcherServlet'
2026-03-25 17:11:59 [http-nio-8080-exec-1] INFO  org.springframework.web.servlet.DispatcherServlet - Completed initialization in 1 ms
2026-03-25 17:11:59 [http-nio-8080-exec-1] WARN  org.springframework.web.servlet.handler.HandlerMappingIntrospector - Cache miss for REQUEST dispatch to '/getstarted/List' (previous null). Performing CorsConfiguration lookup. This is logged once only at WARN level, and every time at TRACE.
2026-03-25 17:14:59 [SpringApplicationShutdownHook] INFO  org.springframework.boot.tomcat.GracefulShutdown - Commencing graceful shutdown. Waiting for active requests to complete
2026-03-25 17:14:59 [tomcat-shutdown] INFO  org.springframework.boot.tomcat.GracefulShutdown - Graceful shutdown complete
2026-03-25 17:17:35 [main] INFO  com.example.BookingApplication.BookingApplication - Starting BookingApplication using Java 21.0.7 with PID 14236 (C:\Users\ADMIN\Downloads\BookingApplication\BookingApplication\target\classes started by ADMIN in C:\Users\ADMIN\Downloads\BookingApplication)
2026-03-25 17:17:35 [main] INFO  com.example.BookingApplication.BookingApplication - No active profile set, falling back to 1 default profile: "default"
2026-03-25 17:17:36 [main] INFO  org.springframework.data.repository.config.RepositoryConfigurationDelegate - Multiple Spring Data modules found, entering strict repository configuration mode
2026-03-25 17:17:36 [main] INFO  org.springframework.data.repository.config.RepositoryConfigurationDelegate - Bootstrapping Spring Data MongoDB repositories in DEFAULT mode.
2026-03-25 17:17:36 [main] INFO  org.springframework.data.repository.config.RepositoryConfigurationDelegate - Finished Spring Data repository scanning in 79 ms. Found 3 MongoDB repository interfaces.
2026-03-25 17:17:36 [main] INFO  org.springframework.data.repository.config.RepositoryConfigurationDelegate - Multiple Spring Data modules found, entering strict repository configuration mode
2026-03-25 17:17:36 [main] INFO  org.springframework.data.repository.config.RepositoryConfigurationDelegate - Bootstrapping Spring Data Redis repositories in DEFAULT mode.
2026-03-25 17:17:36 [main] INFO  org.springframework.data.repository.config.RepositoryConfigurationExtensionSupport - Spring Data Redis - Could not safely identify store assignment for repository candidate interface com.example.BookingApplication.Repositories.BookingsRepository; If you want this repository to be a Redis repository, consider annotating your entities with one of these annotations: org.springframework.data.redis.core.RedisHash (preferred), or consider extending one of the following types with your repository: org.springframework.data.keyvalue.repository.KeyValueRepository
2026-03-25 17:17:36 [main] INFO  org.springframework.data.repository.config.RepositoryConfigurationExtensionSupport - Spring Data Redis - Could not safely identify store assignment for repository candidate interface com.example.BookingApplication.Repositories.StudioRepository; If you want this repository to be a Redis repository, consider annotating your entities with one of these annotations: org.springframework.data.redis.core.RedisHash (preferred), or consider extending one of the following types with your repository: org.springframework.data.keyvalue.repository.KeyValueRepository
2026-03-25 17:17:36 [main] INFO  org.springframework.data.repository.config.RepositoryConfigurationExtensionSupport - Spring Data Redis - Could not safely identify store assignment for repository candidate interface com.example.BookingApplication.Repositories.UserRepository; If you want this repository to be a Redis repository, consider annotating your entities with one of these annotations: org.springframework.data.redis.core.RedisHash (preferred), or consider extending one of the following types with your repository: org.springframework.data.keyvalue.repository.KeyValueRepository
2026-03-25 17:17:36 [main] INFO  org.springframework.data.repository.config.RepositoryConfigurationDelegate - Finished Spring Data repository scanning in 5 ms. Found 0 Redis repository interfaces.
2026-03-25 17:17:36 [main] INFO  org.springframework.boot.tomcat.TomcatWebServer - Tomcat initialized with port 8080 (http)
2026-03-25 17:17:36 [main] INFO  org.apache.coyote.http11.Http11NioProtocol - Initializing ProtocolHandler ["http-nio-8080"]
2026-03-25 17:17:36 [main] INFO  org.apache.catalina.core.StandardService - Starting service [Tomcat]
2026-03-25 17:17:36 [main] INFO  org.apache.catalina.core.StandardEngine - Starting Servlet engine: [Apache Tomcat/11.0.18]
2026-03-25 17:17:36 [main] INFO  org.springframework.boot.web.context.servlet.WebApplicationContextInitializer - Root WebApplicationContext: initialization completed in 981 ms
2026-03-25 17:17:36 [cluster-ClusterId{value='69c3cb5815e13d5e66d8a200', description='null'}-srv-cluster0.en0pykp.mongodb.net] INFO  org.mongodb.driver.cluster - Adding discovered server ac-aoerbz6-shard-00-01.en0pykp.mongodb.net:27017 to client view of cluster
2026-03-25 17:17:36 [main] INFO  org.mongodb.driver.client - MongoClient with metadata {"driver": {"name": "mongo-java-driver|spring-boot|sync", "version": "5.6.4"}, "os": {"type": "Windows", "name": "Windows 11", "architecture": "amd64", "version": "10.0"}, "platform": "Java/Oracle Corporation/21.0.7+8-LTS-245"} created with settings MongoClientSettings{readPreference=primary, writeConcern=WriteConcern{w=majority, wTimeout=null ms, journal=null}, retryWrites=true, retryReads=true, readConcern=ReadConcern{level=null}, credential=MongoCredential{mechanism=null, userName='root', source='admin', password=<hidden>, mechanismProperties=<hidden>}, transportSettings=null, commandListeners=[], codecRegistry=ProvidersCodecRegistry{codecProviders=[ValueCodecProvider{}, BsonValueCodecProvider{}, DBRefCodecProvider{}, DBObjectCodecProvider{}, DocumentCodecProvider{}, CollectionCodecProvider{}, IterableCodecProvider{}, MapCodecProvider{}, GeoJsonCodecProvider{}, GridFSFileCodecProvider{}, Jsr310CodecProvider{}, JsonObjectCodecProvider{}, BsonCodecProvider{}, com.mongodb.client.model.mql.ExpressionCodecProvider@3360283, com.mongodb.Jep395RecordCodecProvider@77aea, com.mongodb.KotlinCodecProvider@73e4bb60, EnumCodecProvider{}]}, loggerSettings=LoggerSettings{maxDocumentLength=1000}, clusterSettings={hosts=[127.0.0.1:27017], srvHost=cluster0.en0pykp.mongodb.net, srvServiceName=mongodb, mode=MULTIPLE, requiredClusterType=REPLICA_SET, requiredReplicaSetName='atlas-zt48hn-shard-0', serverSelector='null', clusterListeners='[]', serverSelectionTimeout='30000 ms', localThreshold='15 ms'}, socketSettings=SocketSettings{connectTimeoutMS=10000, readTimeoutMS=0, receiveBufferSize=0, proxySettings=ProxySettings{host=null, port=null, username=null, password=null}}, heartbeatSocketSettings=SocketSettings{connectTimeoutMS=10000, readTimeoutMS=10000, receiveBufferSize=0, proxySettings=ProxySettings{host=null, port=null, username=null, password=null}}, connectionPoolSettings=ConnectionPoolSettings{maxSize=100, minSize=0, maxWaitTimeMS=120000, maxConnectionLifeTimeMS=0, maxConnectionIdleTimeMS=0, maintenanceInitialDelayMS=0, maintenanceFrequencyMS=60000, connectionPoolListeners=[], maxConnecting=2}, serverSettings=ServerSettings{heartbeatFrequencyMS=10000, minHeartbeatFrequencyMS=500, serverMonitoringMode=AUTO, serverListeners='[]', serverMonitorListeners='[]'}, sslSettings=SslSettings{enabled=true, invalidHostNameAllowed=false, context=null}, applicationName='null', compressorList=[], uuidRepresentation=UNSPECIFIED, serverApi=null, autoEncryptionSettings=null, dnsClient=null, inetAddressResolver=null, contextProvider=null, timeoutMS=null}
2026-03-25 17:17:36 [cluster-ClusterId{value='69c3cb5815e13d5e66d8a200', description='null'}-srv-cluster0.en0pykp.mongodb.net] INFO  org.mongodb.driver.cluster - Adding discovered server ac-aoerbz6-shard-00-00.en0pykp.mongodb.net:27017 to client view of cluster
2026-03-25 17:17:36 [cluster-ClusterId{value='69c3cb5815e13d5e66d8a200', description='null'}-srv-cluster0.en0pykp.mongodb.net] INFO  org.mongodb.driver.cluster - Adding discovered server ac-aoerbz6-shard-00-02.en0pykp.mongodb.net:27017 to client view of cluster
2026-03-25 17:17:37 [cluster-ClusterId{value='69c3cb5815e13d5e66d8a200', description='null'}-ac-aoerbz6-shard-00-00.en0pykp.mongodb.net:27017] INFO  org.mongodb.driver.cluster - Monitor thread successfully connected to server with description ServerDescription{address=ac-aoerbz6-shard-00-00.en0pykp.mongodb.net:27017, type=REPLICA_SET_SECONDARY, cryptd=false, state=CONNECTED, ok=true, minWireVersion=0, maxWireVersion=25, maxDocumentSize=16777216, logicalSessionTimeoutMinutes=30, roundTripTimeNanos=212653700, minRoundTripTimeNanos=0, setName='atlas-zt48hn-shard-0', canonicalAddress=ac-aoerbz6-shard-00-00.en0pykp.mongodb.net:27017, hosts=[ac-aoerbz6-shard-00-01.en0pykp.mongodb.net:27017, ac-aoerbz6-shard-00-00.en0pykp.mongodb.net:27017, ac-aoerbz6-shard-00-02.en0pykp.mongodb.net:27017], passives=[], arbiters=[], primary='ac-aoerbz6-shard-00-02.en0pykp.mongodb.net:27017', tagSet=TagSet{[Tag{name='availabilityZone', value='aps1-az1'}, Tag{name='diskState', value='READY'}, Tag{name='nodeType', value='ELECTABLE'}, Tag{name='provider', value='AWS'}, Tag{name='region', value='AP_SOUTH_1'}, Tag{name='workloadType', value='OPERATIONAL'}]}, electionId=null, setVersion=391, topologyVersion=TopologyVersion{processId=69b855abb14686967b76fdd6, counter=4}, lastWriteDate=Wed Mar 25 17:17:35 IST 2026, lastUpdateTimeNanos=174355151554200}
2026-03-25 17:17:37 [cluster-ClusterId{value='69c3cb5815e13d5e66d8a200', description='null'}-ac-aoerbz6-shard-00-02.en0pykp.mongodb.net:27017] INFO  org.mongodb.driver.cluster - Monitor thread successfully connected to server with description ServerDescription{address=ac-aoerbz6-shard-00-02.en0pykp.mongodb.net:27017, type=REPLICA_SET_PRIMARY, cryptd=false, state=CONNECTED, ok=true, minWireVersion=0, maxWireVersion=25, maxDocumentSize=16777216, logicalSessionTimeoutMinutes=30, roundTripTimeNanos=204149400, minRoundTripTimeNanos=0, setName='atlas-zt48hn-shard-0', canonicalAddress=ac-aoerbz6-shard-00-02.en0pykp.mongodb.net:27017, hosts=[ac-aoerbz6-shard-00-01.en0pykp.mongodb.net:27017, ac-aoerbz6-shard-00-00.en0pykp.mongodb.net:27017, ac-aoerbz6-shard-00-02.en0pykp.mongodb.net:27017], passives=[], arbiters=[], primary='ac-aoerbz6-shard-00-02.en0pykp.mongodb.net:27017', tagSet=TagSet{[Tag{name='availabilityZone', value='aps1-az2'}, Tag{name='diskState', value='READY'}, Tag{name='nodeType', value='ELECTABLE'}, Tag{name='provider', value='AWS'}, Tag{name='region', value='AP_SOUTH_1'}, Tag{name='workloadType', value='OPERATIONAL'}]}, electionId=7fffffff0000000000000156, setVersion=391, topologyVersion=TopologyVersion{processId=69b859a89b4f2018f8b26ac6, counter=6}, lastWriteDate=Wed Mar 25 17:17:35 IST 2026, lastUpdateTimeNanos=174355151554200}
2026-03-25 17:17:37 [cluster-ClusterId{value='69c3cb5815e13d5e66d8a200', description='null'}-ac-aoerbz6-shard-00-01.en0pykp.mongodb.net:27017] INFO  org.mongodb.driver.cluster - Monitor thread successfully connected to server with description ServerDescription{address=ac-aoerbz6-shard-00-01.en0pykp.mongodb.net:27017, type=REPLICA_SET_SECONDARY, cryptd=false, state=CONNECTED, ok=true, minWireVersion=0, maxWireVersion=25, maxDocumentSize=16777216, logicalSessionTimeoutMinutes=30, roundTripTimeNanos=204543500, minRoundTripTimeNanos=0, setName='atlas-zt48hn-shard-0', canonicalAddress=ac-aoerbz6-shard-00-01.en0pykp.mongodb.net:27017, hosts=[ac-aoerbz6-shard-00-01.en0pykp.mongodb.net:27017, ac-aoerbz6-shard-00-00.en0pykp.mongodb.net:27017, ac-aoerbz6-shard-00-02.en0pykp.mongodb.net:27017], passives=[], arbiters=[], primary='ac-aoerbz6-shard-00-02.en0pykp.mongodb.net:27017', tagSet=TagSet{[Tag{name='availabilityZone', value='aps1-az3'}, Tag{name='diskState', value='READY'}, Tag{name='nodeType', value='ELECTABLE'}, Tag{name='provider', value='AWS'}, Tag{name='region', value='AP_SOUTH_1'}, Tag{name='workloadType', value='OPERATIONAL'}]}, electionId=null, setVersion=391, topologyVersion=TopologyVersion{processId=69b85ccb4b84e800f9f6512d, counter=3}, lastWriteDate=Wed Mar 25 17:17:35 IST 2026, lastUpdateTimeNanos=174355155009200}
2026-03-25 17:17:37 [cluster-ClusterId{value='69c3cb5815e13d5e66d8a200', description='null'}-ac-aoerbz6-shard-00-02.en0pykp.mongodb.net:27017] INFO  org.mongodb.driver.cluster - Discovered replica set primary ac-aoerbz6-shard-00-02.en0pykp.mongodb.net:27017 with max election id 7fffffff0000000000000156 and max set version 391
2026-03-25 17:17:37 [main] WARN  com.password4j.PropertyReader - bcrypt minor version is not defined. Default value is used (b). Please set property hash.bcrypt.minor in your psw4j.properties file.
2026-03-25 17:17:37 [main] WARN  com.password4j.PropertyReader - bcrypt rounds are not defined. Default value is used (10). Please set property hash.bcrypt.rounds in your psw4j.properties file.
2026-03-25 17:17:37 [main] INFO  org.springframework.security.config.annotation.authentication.configuration.InitializeUserDetailsBeanManagerConfigurer$InitializeUserDetailsManagerConfigurer - Global AuthenticationManager configured with UserDetailsService bean with name userDetailsImpl
2026-03-25 17:17:37 [main] INFO  org.apache.coyote.http11.Http11NioProtocol - Starting ProtocolHandler ["http-nio-8080"]
2026-03-25 17:17:37 [main] INFO  org.springframework.boot.tomcat.TomcatWebServer - Tomcat started on port 8080 (http) with context path '/'
2026-03-25 17:17:37 [main] INFO  com.example.BookingApplication.BookingApplication - Started BookingApplication in 2.469 seconds (process running for 2.883)
2026-03-25 17:17:50 [http-nio-8080-exec-1] INFO  org.apache.catalina.core.ContainerBase.[Tomcat].[localhost].[/] - Initializing Spring DispatcherServlet 'dispatcherServlet'
2026-03-25 17:17:50 [http-nio-8080-exec-1] INFO  org.springframework.web.servlet.DispatcherServlet - Initializing Servlet 'dispatcherServlet'
2026-03-25 17:17:50 [http-nio-8080-exec-1] INFO  org.springframework.web.servlet.DispatcherServlet - Completed initialization in 1 ms
2026-03-25 17:17:50 [http-nio-8080-exec-1] WARN  org.springframework.web.servlet.handler.HandlerMappingIntrospector - Cache miss for REQUEST dispatch to '/getstarted/List' (previous null). Performing CorsConfiguration lookup. This is logged once only at WARN level, and every time at TRACE.
2026-03-25 17:19:54 [SpringApplicationShutdownHook] INFO  org.springframework.boot.tomcat.GracefulShutdown - Commencing graceful shutdown. Waiting for active requests to complete
2026-03-25 17:19:54 [tomcat-shutdown] INFO  org.springframework.boot.tomcat.GracefulShutdown - Graceful shutdown complete
2026-03-25 17:20:54 [main] INFO  com.example.BookingApplication.BookingApplication - Starting BookingApplication using Java 21.0.7 with PID 30016 (C:\Users\ADMIN\Downloads\BookingApplication\BookingApplication\target\classes started by ADMIN in C:\Users\ADMIN\Downloads\BookingApplication)
2026-03-25 17:20:54 [main] INFO  com.example.BookingApplication.BookingApplication - No active profile set, falling back to 1 default profile: "default"
2026-03-25 17:20:55 [main] INFO  org.springframework.data.repository.config.RepositoryConfigurationDelegate - Multiple Spring Data modules found, entering strict repository configuration mode
2026-03-25 17:20:55 [main] INFO  org.springframework.data.repository.config.RepositoryConfigurationDelegate - Bootstrapping Spring Data MongoDB repositories in DEFAULT mode.
2026-03-25 17:20:55 [main] INFO  org.springframework.data.repository.config.RepositoryConfigurationDelegate - Finished Spring Data repository scanning in 80 ms. Found 3 MongoDB repository interfaces.
2026-03-25 17:20:55 [main] INFO  org.springframework.data.repository.config.RepositoryConfigurationDelegate - Multiple Spring Data modules found, entering strict repository configuration mode
2026-03-25 17:20:55 [main] INFO  org.springframework.data.repository.config.RepositoryConfigurationDelegate - Bootstrapping Spring Data Redis repositories in DEFAULT mode.
2026-03-25 17:20:55 [main] INFO  org.springframework.data.repository.config.RepositoryConfigurationExtensionSupport - Spring Data Redis - Could not safely identify store assignment for repository candidate interface com.example.BookingApplication.Repositories.BookingsRepository; If you want this repository to be a Redis repository, consider annotating your entities with one of these annotations: org.springframework.data.redis.core.RedisHash (preferred), or consider extending one of the following types with your repository: org.springframework.data.keyvalue.repository.KeyValueRepository
2026-03-25 17:20:55 [main] INFO  org.springframework.data.repository.config.RepositoryConfigurationExtensionSupport - Spring Data Redis - Could not safely identify store assignment for repository candidate interface com.example.BookingApplication.Repositories.StudioRepository; If you want this repository to be a Redis repository, consider annotating your entities with one of these annotations: org.springframework.data.redis.core.RedisHash (preferred), or consider extending one of the following types with your repository: org.springframework.data.keyvalue.repository.KeyValueRepository
2026-03-25 17:20:55 [main] INFO  org.springframework.data.repository.config.RepositoryConfigurationExtensionSupport - Spring Data Redis - Could not safely identify store assignment for repository candidate interface com.example.BookingApplication.Repositories.UserRepository; If you want this repository to be a Redis repository, consider annotating your entities with one of these annotations: org.springframework.data.redis.core.RedisHash (preferred), or consider extending one of the following types with your repository: org.springframework.data.keyvalue.repository.KeyValueRepository
2026-03-25 17:20:55 [main] INFO  org.springframework.data.repository.config.RepositoryConfigurationDelegate - Finished Spring Data repository scanning in 6 ms. Found 0 Redis repository interfaces.
2026-03-25 17:20:55 [main] INFO  org.springframework.boot.tomcat.TomcatWebServer - Tomcat initialized with port 8080 (http)
2026-03-25 17:20:55 [main] INFO  org.apache.coyote.http11.Http11NioProtocol - Initializing ProtocolHandler ["http-nio-8080"]
2026-03-25 17:20:55 [main] INFO  org.apache.catalina.core.StandardService - Starting service [Tomcat]
2026-03-25 17:20:55 [main] INFO  org.apache.catalina.core.StandardEngine - Starting Servlet engine: [Apache Tomcat/11.0.18]
2026-03-25 17:20:55 [main] INFO  org.springframework.boot.web.context.servlet.WebApplicationContextInitializer - Root WebApplicationContext: initialization completed in 1047 ms
2026-03-25 17:20:56 [main] INFO  org.mongodb.driver.client - MongoClient with metadata {"driver": {"name": "mongo-java-driver|spring-boot|sync", "version": "5.6.4"}, "os": {"type": "Windows", "name": "Windows 11", "architecture": "amd64", "version": "10.0"}, "platform": "Java/Oracle Corporation/21.0.7+8-LTS-245"} created with settings MongoClientSettings{readPreference=primary, writeConcern=WriteConcern{w=majority, wTimeout=null ms, journal=null}, retryWrites=true, retryReads=true, readConcern=ReadConcern{level=null}, credential=MongoCredential{mechanism=null, userName='root', source='admin', password=<hidden>, mechanismProperties=<hidden>}, transportSettings=null, commandListeners=[], codecRegistry=ProvidersCodecRegistry{codecProviders=[ValueCodecProvider{}, BsonValueCodecProvider{}, DBRefCodecProvider{}, DBObjectCodecProvider{}, DocumentCodecProvider{}, CollectionCodecProvider{}, IterableCodecProvider{}, MapCodecProvider{}, GeoJsonCodecProvider{}, GridFSFileCodecProvider{}, Jsr310CodecProvider{}, JsonObjectCodecProvider{}, BsonCodecProvider{}, com.mongodb.client.model.mql.ExpressionCodecProvider@79be91eb, com.mongodb.Jep395RecordCodecProvider@626c569b, com.mongodb.KotlinCodecProvider@684ce74c, EnumCodecProvider{}]}, loggerSettings=LoggerSettings{maxDocumentLength=1000}, clusterSettings={hosts=[127.0.0.1:27017], srvHost=cluster0.en0pykp.mongodb.net, srvServiceName=mongodb, mode=MULTIPLE, requiredClusterType=REPLICA_SET, requiredReplicaSetName='atlas-zt48hn-shard-0', serverSelector='null', clusterListeners='[]', serverSelectionTimeout='30000 ms', localThreshold='15 ms'}, socketSettings=SocketSettings{connectTimeoutMS=10000, readTimeoutMS=0, receiveBufferSize=0, proxySettings=ProxySettings{host=null, port=null, username=null, password=null}}, heartbeatSocketSettings=SocketSettings{connectTimeoutMS=10000, readTimeoutMS=10000, receiveBufferSize=0, proxySettings=ProxySettings{host=null, port=null, username=null, password=null}}, connectionPoolSettings=ConnectionPoolSettings{maxSize=100, minSize=0, maxWaitTimeMS=120000, maxConnectionLifeTimeMS=0, maxConnectionIdleTimeMS=0, maintenanceInitialDelayMS=0, maintenanceFrequencyMS=60000, connectionPoolListeners=[], maxConnecting=2}, serverSettings=ServerSettings{heartbeatFrequencyMS=10000, minHeartbeatFrequencyMS=500, serverMonitoringMode=AUTO, serverListeners='[]', serverMonitorListeners='[]'}, sslSettings=SslSettings{enabled=true, invalidHostNameAllowed=false, context=null}, applicationName='null', compressorList=[], uuidRepresentation=UNSPECIFIED, serverApi=null, autoEncryptionSettings=null, dnsClient=null, inetAddressResolver=null, contextProvider=null, timeoutMS=null}
2026-03-25 17:20:56 [cluster-ClusterId{value='69c3cc20cef5b49b2e81b1ce', description='null'}-srv-cluster0.en0pykp.mongodb.net] INFO  org.mongodb.driver.cluster - Adding discovered server ac-aoerbz6-shard-00-01.en0pykp.mongodb.net:27017 to client view of cluster
2026-03-25 17:20:56 [cluster-ClusterId{value='69c3cc20cef5b49b2e81b1ce', description='null'}-srv-cluster0.en0pykp.mongodb.net] INFO  org.mongodb.driver.cluster - Adding discovered server ac-aoerbz6-shard-00-00.en0pykp.mongodb.net:27017 to client view of cluster
2026-03-25 17:20:56 [cluster-ClusterId{value='69c3cc20cef5b49b2e81b1ce', description='null'}-srv-cluster0.en0pykp.mongodb.net] INFO  org.mongodb.driver.cluster - Adding discovered server ac-aoerbz6-shard-00-02.en0pykp.mongodb.net:27017 to client view of cluster
2026-03-25 17:20:56 [cluster-ClusterId{value='69c3cc20cef5b49b2e81b1ce', description='null'}-ac-aoerbz6-shard-00-00.en0pykp.mongodb.net:27017] INFO  org.mongodb.driver.cluster - Monitor thread successfully connected to server with description ServerDescription{address=ac-aoerbz6-shard-00-00.en0pykp.mongodb.net:27017, type=REPLICA_SET_SECONDARY, cryptd=false, state=CONNECTED, ok=true, minWireVersion=0, maxWireVersion=25, maxDocumentSize=16777216, logicalSessionTimeoutMinutes=30, roundTripTimeNanos=219951700, minRoundTripTimeNanos=0, setName='atlas-zt48hn-shard-0', canonicalAddress=ac-aoerbz6-shard-00-00.en0pykp.mongodb.net:27017, hosts=[ac-aoerbz6-shard-00-01.en0pykp.mongodb.net:27017, ac-aoerbz6-shard-00-00.en0pykp.mongodb.net:27017, ac-aoerbz6-shard-00-02.en0pykp.mongodb.net:27017], passives=[], arbiters=[], primary='ac-aoerbz6-shard-00-02.en0pykp.mongodb.net:27017', tagSet=TagSet{[Tag{name='availabilityZone', value='aps1-az1'}, Tag{name='diskState', value='READY'}, Tag{name='nodeType', value='ELECTABLE'}, Tag{name='provider', value='AWS'}, Tag{name='region', value='AP_SOUTH_1'}, Tag{name='workloadType', value='OPERATIONAL'}]}, electionId=null, setVersion=391, topologyVersion=TopologyVersion{processId=69b855abb14686967b76fdd6, counter=4}, lastWriteDate=Wed Mar 25 17:20:55 IST 2026, lastUpdateTimeNanos=174554523592400}
2026-03-25 17:20:56 [cluster-ClusterId{value='69c3cc20cef5b49b2e81b1ce', description='null'}-ac-aoerbz6-shard-00-01.en0pykp.mongodb.net:27017] INFO  org.mongodb.driver.cluster - Monitor thread successfully connected to server with description ServerDescription{address=ac-aoerbz6-shard-00-01.en0pykp.mongodb.net:27017, type=REPLICA_SET_SECONDARY, cryptd=false, state=CONNECTED, ok=true, minWireVersion=0, maxWireVersion=25, maxDocumentSize=16777216, logicalSessionTimeoutMinutes=30, roundTripTimeNanos=221925900, minRoundTripTimeNanos=0, setName='atlas-zt48hn-shard-0', canonicalAddress=ac-aoerbz6-shard-00-01.en0pykp.mongodb.net:27017, hosts=[ac-aoerbz6-shard-00-01.en0pykp.mongodb.net:27017, ac-aoerbz6-shard-00-00.en0pykp.mongodb.net:27017, ac-aoerbz6-shard-00-02.en0pykp.mongodb.net:27017], passives=[], arbiters=[], primary='ac-aoerbz6-shard-00-02.en0pykp.mongodb.net:27017', tagSet=TagSet{[Tag{name='availabilityZone', value='aps1-az3'}, Tag{name='diskState', value='READY'}, Tag{name='nodeType', value='ELECTABLE'}, Tag{name='provider', value='AWS'}, Tag{name='region', value='AP_SOUTH_1'}, Tag{name='workloadType', value='OPERATIONAL'}]}, electionId=null, setVersion=391, topologyVersion=TopologyVersion{processId=69b85ccb4b84e800f9f6512d, counter=3}, lastWriteDate=Wed Mar 25 17:20:55 IST 2026, lastUpdateTimeNanos=174554525343700}
2026-03-25 17:20:56 [cluster-ClusterId{value='69c3cc20cef5b49b2e81b1ce', description='null'}-ac-aoerbz6-shard-00-02.en0pykp.mongodb.net:27017] INFO  org.mongodb.driver.cluster - Monitor thread successfully connected to server with description ServerDescription{address=ac-aoerbz6-shard-00-02.en0pykp.mongodb.net:27017, type=REPLICA_SET_PRIMARY, cryptd=false, state=CONNECTED, ok=true, minWireVersion=0, maxWireVersion=25, maxDocumentSize=16777216, logicalSessionTimeoutMinutes=30, roundTripTimeNanos=231921300, minRoundTripTimeNanos=0, setName='atlas-zt48hn-shard-0', canonicalAddress=ac-aoerbz6-shard-00-02.en0pykp.mongodb.net:27017, hosts=[ac-aoerbz6-shard-00-01.en0pykp.mongodb.net:27017, ac-aoerbz6-shard-00-00.en0pykp.mongodb.net:27017, ac-aoerbz6-shard-00-02.en0pykp.mongodb.net:27017], passives=[], arbiters=[], primary='ac-aoerbz6-shard-00-02.en0pykp.mongodb.net:27017', tagSet=TagSet{[Tag{name='availabilityZone', value='aps1-az2'}, Tag{name='diskState', value='READY'}, Tag{name='nodeType', value='ELECTABLE'}, Tag{name='provider', value='AWS'}, Tag{name='region', value='AP_SOUTH_1'}, Tag{name='workloadType', value='OPERATIONAL'}]}, electionId=7fffffff0000000000000156, setVersion=391, topologyVersion=TopologyVersion{processId=69b859a89b4f2018f8b26ac6, counter=6}, lastWriteDate=Wed Mar 25 17:20:55 IST 2026, lastUpdateTimeNanos=174554523592500}
2026-03-25 17:20:56 [cluster-ClusterId{value='69c3cc20cef5b49b2e81b1ce', description='null'}-ac-aoerbz6-shard-00-02.en0pykp.mongodb.net:27017] INFO  org.mongodb.driver.cluster - Discovered replica set primary ac-aoerbz6-shard-00-02.en0pykp.mongodb.net:27017 with max election id 7fffffff0000000000000156 and max set version 391
2026-03-25 17:20:56 [main] WARN  com.password4j.PropertyReader - bcrypt minor version is not defined. Default value is used (b). Please set property hash.bcrypt.minor in your psw4j.properties file.
2026-03-25 17:20:56 [main] WARN  com.password4j.PropertyReader - bcrypt rounds are not defined. Default value is used (10). Please set property hash.bcrypt.rounds in your psw4j.properties file.
2026-03-25 17:20:56 [main] INFO  org.springframework.security.config.annotation.authentication.configuration.InitializeUserDetailsBeanManagerConfigurer$InitializeUserDetailsManagerConfigurer - Global AuthenticationManager configured with UserDetailsService bean with name userDetailsImpl
2026-03-25 17:20:57 [main] INFO  org.apache.coyote.http11.Http11NioProtocol - Starting ProtocolHandler ["http-nio-8080"]
2026-03-25 17:20:57 [main] INFO  org.springframework.boot.tomcat.TomcatWebServer - Tomcat started on port 8080 (http) with context path '/'
2026-03-25 17:20:57 [main] INFO  com.example.BookingApplication.BookingApplication - Started BookingApplication in 2.737 seconds (process running for 3.158)
2026-03-25 17:21:01 [http-nio-8080-exec-1] INFO  org.apache.catalina.core.ContainerBase.[Tomcat].[localhost].[/] - Initializing Spring DispatcherServlet 'dispatcherServlet'
2026-03-25 17:21:01 [http-nio-8080-exec-1] INFO  org.springframework.web.servlet.DispatcherServlet - Initializing Servlet 'dispatcherServlet'
2026-03-25 17:21:01 [http-nio-8080-exec-1] INFO  org.springframework.web.servlet.DispatcherServlet - Completed initialization in 1 ms
2026-03-25 17:21:01 [http-nio-8080-exec-2] WARN  org.springframework.web.servlet.handler.HandlerMappingIntrospector - Cache miss for REQUEST dispatch to '/getstarted/List' (previous null). Performing CorsConfiguration lookup. This is logged once only at WARN level, and every time at TRACE.
2026-03-25 17:44:44 [http-nio-8080-exec-10] ERROR org.apache.catalina.core.ContainerBase.[Tomcat].[localhost].[/].[dispatcherServlet] - Servlet.service() for servlet [dispatcherServlet] in context with path [] threw exception
io.jsonwebtoken.ExpiredJwtException: JWT expired 1034908 milliseconds ago at 2026-03-25T11:57:30.000Z. Current time: 2026-03-25T12:14:44.908Z. Allowed clock skew: 0 milliseconds.
	at io.jsonwebtoken.impl.DefaultJwtParser.parse(DefaultJwtParser.java:688)
	at io.jsonwebtoken.impl.DefaultJwtParser.parse(DefaultJwtParser.java:364)
	at io.jsonwebtoken.impl.DefaultJwtParser.parse(DefaultJwtParser.java:94)
	at io.jsonwebtoken.impl.io.AbstractParser.parse(AbstractParser.java:36)
	at io.jsonwebtoken.impl.io.AbstractParser.parse(AbstractParser.java:29)
	at io.jsonwebtoken.impl.DefaultJwtParser.parseSignedClaims(DefaultJwtParser.java:827)
	at com.example.BookingApplication.JwtUtil.Jwtutil.Extractallclaims(Jwtutil.java:49)
	at com.example.BookingApplication.JwtUtil.Jwtutil.Extractusername(Jwtutil.java:53)
	at com.example.BookingApplication.Filter.Filterjwt.doFilterInternal(Filterjwt.java:38)
	at org.springframework.web.filter.OncePerRequestFilter.doFilter(OncePerRequestFilter.java:116)
	at org.springframework.security.web.FilterChainProxy$VirtualFilterChain.doFilter(FilterChainProxy.java:380)
	at org.springframework.security.web.authentication.logout.LogoutFilter.doFilter(LogoutFilter.java:110)
	at org.springframework.security.web.authentication.logout.LogoutFilter.doFilter(LogoutFilter.java:96)
	at org.springframework.security.web.FilterChainProxy$VirtualFilterChain.doFilter(FilterChainProxy.java:380)
	at org.springframework.web.filter.CorsFilter.doFilterInternal(CorsFilter.java:91)
	at org.springframework.web.filter.OncePerRequestFilter.doFilter(OncePerRequestFilter.java:116)
	at org.springframework.security.web.FilterChainProxy$VirtualFilterChain.doFilter(FilterChainProxy.java:380)
	at org.springframework.security.web.header.HeaderWriterFilter.doHeadersAfter(HeaderWriterFilter.java:90)
	at org.springframework.security.web.header.HeaderWriterFilter.doFilterInternal(HeaderWriterFilter.java:75)
	at org.springframework.web.filter.OncePerRequestFilter.doFilter(OncePerRequestFilter.java:116)
	at org.springframework.security.web.FilterChainProxy$VirtualFilterChain.doFilter(FilterChainProxy.java:380)
	at org.springframework.security.web.context.SecurityContextHolderFilter.doFilter(SecurityContextHolderFilter.java:82)
	at org.springframework.security.web.context.SecurityContextHolderFilter.doFilter(SecurityContextHolderFilter.java:69)
	at org.springframework.security.web.FilterChainProxy$VirtualFilterChain.doFilter(FilterChainProxy.java:380)
	at org.springframework.security.web.context.request.async.WebAsyncManagerIntegrationFilter.doFilterInternal(WebAsyncManagerIntegrationFilter.java:62)
	at org.springframework.web.filter.OncePerRequestFilter.doFilter(OncePerRequestFilter.java:116)
	at org.springframework.security.web.FilterChainProxy$VirtualFilterChain.doFilter(FilterChainProxy.java:380)
	at org.springframework.security.web.session.DisableEncodeUrlFilter.doFilterInternal(DisableEncodeUrlFilter.java:42)
	at org.springframework.web.filter.OncePerRequestFilter.doFilter(OncePerRequestFilter.java:116)
	at org.springframework.security.web.FilterChainProxy$VirtualFilterChain.doFilter(FilterChainProxy.java:380)
	at org.springframework.security.web.FilterChainProxy.doFilterInternal(FilterChainProxy.java:237)
	at org.springframework.security.web.FilterChainProxy.doFilter(FilterChainProxy.java:195)
	at org.springframework.web.filter.CompositeFilter$VirtualFilterChain.doFilter(CompositeFilter.java:113)
	at org.springframework.web.filter.ServletRequestPathFilter.doFilter(ServletRequestPathFilter.java:52)
	at org.springframework.web.filter.CompositeFilter$VirtualFilterChain.doFilter(CompositeFilter.java:113)
	at org.springframework.web.filter.CompositeFilter.doFilter(CompositeFilter.java:74)
	at org.springframework.security.config.annotation.web.configuration.WebSecurityConfiguration$CompositeFilterChainProxy.doFilter(WebSecurityConfiguration.java:317)
	at org.springframework.web.filter.DelegatingFilterProxy.invokeDelegate(DelegatingFilterProxy.java:355)
	at org.springframework.web.filter.DelegatingFilterProxy.doFilter(DelegatingFilterProxy.java:272)
	at org.apache.catalina.core.ApplicationFilterChain.doFilter(ApplicationFilterChain.java:107)
	at org.springframework.web.filter.RequestContextFilter.doFilterInternal(RequestContextFilter.java:100)
	at org.springframework.web.filter.OncePerRequestFilter.doFilter(OncePerRequestFilter.java:116)
	at org.apache.catalina.core.ApplicationFilterChain.doFilter(ApplicationFilterChain.java:107)
	at org.springframework.web.filter.FormContentFilter.doFilterInternal(FormContentFilter.java:93)
	at org.springframework.web.filter.OncePerRequestFilter.doFilter(OncePerRequestFilter.java:116)
	at org.apache.catalina.core.ApplicationFilterChain.doFilter(ApplicationFilterChain.java:107)
	at org.springframework.web.filter.CharacterEncodingFilter.doFilterInternal(CharacterEncodingFilter.java:199)
	at org.springframework.web.filter.OncePerRequestFilter.doFilter(OncePerRequestFilter.java:116)
	at org.apache.catalina.core.ApplicationFilterChain.doFilter(ApplicationFilterChain.java:107)
	at org.apache.catalina.core.StandardWrapperValve.invoke(StandardWrapperValve.java:165)
	at org.apache.catalina.core.StandardContextValve.invoke(StandardContextValve.java:77)
	at org.apache.catalina.authenticator.AuthenticatorBase.invoke(AuthenticatorBase.java:492)
	at org.apache.catalina.core.StandardHostValve.invoke(StandardHostValve.java:113)
	at org.apache.catalina.valves.ErrorReportValve.invoke(ErrorReportValve.java:83)
	at org.apache.catalina.core.StandardEngineValve.invoke(StandardEngineValve.java:72)
	at org.apache.catalina.connector.CoyoteAdapter.service(CoyoteAdapter.java:341)
	at org.apache.coyote.http11.Http11Processor.service(Http11Processor.java:397)
	at org.apache.coyote.AbstractProcessorLight.process(AbstractProcessorLight.java:63)
	at org.apache.coyote.AbstractProtocol$ConnectionHandler.process(AbstractProtocol.java:903)
	at org.apache.tomcat.util.net.NioEndpoint$SocketProcessor.doRun(NioEndpoint.java:1779)
	at org.apache.tomcat.util.net.SocketProcessorBase.run(SocketProcessorBase.java:52)
	at org.apache.tomcat.util.threads.ThreadPoolExecutor.runWorker(ThreadPoolExecutor.java:946)
	at org.apache.tomcat.util.threads.ThreadPoolExecutor$Worker.run(ThreadPoolExecutor.java:480)
	at org.apache.tomcat.util.threads.TaskThread$WrappingRunnable.run(TaskThread.java:57)
	at java.base/java.lang.Thread.run(Thread.java:1583)
2026-03-25 17:47:23 [SpringApplicationShutdownHook] INFO  org.springframework.boot.tomcat.GracefulShutdown - Commencing graceful shutdown. Waiting for active requests to complete
2026-03-25 17:47:23 [tomcat-shutdown] INFO  org.springframework.boot.tomcat.GracefulShutdown - Graceful shutdown complete
2026-03-25 17:57:57 [main] INFO  com.example.BookingApplication.BookingApplication - Starting BookingApplication using Java 21.0.7 with PID 31844 (C:\Users\ADMIN\Downloads\BookingApplication\BookingApplication\target\classes started by ADMIN in C:\Users\ADMIN\Downloads\BookingApplication)
2026-03-25 17:57:57 [main] INFO  com.example.BookingApplication.BookingApplication - No active profile set, falling back to 1 default profile: "default"
2026-03-25 17:57:58 [main] INFO  org.springframework.data.repository.config.RepositoryConfigurationDelegate - Multiple Spring Data modules found, entering strict repository configuration mode
2026-03-25 17:57:58 [main] INFO  org.springframework.data.repository.config.RepositoryConfigurationDelegate - Bootstrapping Spring Data MongoDB repositories in DEFAULT mode.
2026-03-25 17:57:58 [main] INFO  org.springframework.data.repository.config.RepositoryConfigurationDelegate - Finished Spring Data repository scanning in 80 ms. Found 3 MongoDB repository interfaces.
2026-03-25 17:57:58 [main] INFO  org.springframework.data.repository.config.RepositoryConfigurationDelegate - Multiple Spring Data modules found, entering strict repository configuration mode
2026-03-25 17:57:58 [main] INFO  org.springframework.data.repository.config.RepositoryConfigurationDelegate - Bootstrapping Spring Data Redis repositories in DEFAULT mode.
2026-03-25 17:57:58 [main] INFO  org.springframework.data.repository.config.RepositoryConfigurationExtensionSupport - Spring Data Redis - Could not safely identify store assignment for repository candidate interface com.example.BookingApplication.Repositories.BookingsRepository; If you want this repository to be a Redis repository, consider annotating your entities with one of these annotations: org.springframework.data.redis.core.RedisHash (preferred), or consider extending one of the following types with your repository: org.springframework.data.keyvalue.repository.KeyValueRepository
2026-03-25 17:57:58 [main] INFO  org.springframework.data.repository.config.RepositoryConfigurationExtensionSupport - Spring Data Redis - Could not safely identify store assignment for repository candidate interface com.example.BookingApplication.Repositories.StudioRepository; If you want this repository to be a Redis repository, consider annotating your entities with one of these annotations: org.springframework.data.redis.core.RedisHash (preferred), or consider extending one of the following types with your repository: org.springframework.data.keyvalue.repository.KeyValueRepository
2026-03-25 17:57:58 [main] INFO  org.springframework.data.repository.config.RepositoryConfigurationExtensionSupport - Spring Data Redis - Could not safely identify store assignment for repository candidate interface com.example.BookingApplication.Repositories.UserRepository; If you want this repository to be a Redis repository, consider annotating your entities with one of these annotations: org.springframework.data.redis.core.RedisHash (preferred), or consider extending one of the following types with your repository: org.springframework.data.keyvalue.repository.KeyValueRepository
2026-03-25 17:57:58 [main] INFO  org.springframework.data.repository.config.RepositoryConfigurationDelegate - Finished Spring Data repository scanning in 6 ms. Found 0 Redis repository interfaces.
2026-03-25 17:57:58 [main] INFO  org.springframework.boot.tomcat.TomcatWebServer - Tomcat initialized with port 8080 (http)
2026-03-25 17:57:58 [main] INFO  org.apache.coyote.http11.Http11NioProtocol - Initializing ProtocolHandler ["http-nio-8080"]
2026-03-25 17:57:58 [main] INFO  org.apache.catalina.core.StandardService - Starting service [Tomcat]
2026-03-25 17:57:58 [main] INFO  org.apache.catalina.core.StandardEngine - Starting Servlet engine: [Apache Tomcat/11.0.18]
2026-03-25 17:57:58 [main] INFO  org.springframework.boot.web.context.servlet.WebApplicationContextInitializer - Root WebApplicationContext: initialization completed in 990 ms
2026-03-25 17:57:58 [main] INFO  org.mongodb.driver.client - MongoClient with metadata {"driver": {"name": "mongo-java-driver|spring-boot|sync", "version": "5.6.4"}, "os": {"type": "Windows", "name": "Windows 11", "architecture": "amd64", "version": "10.0"}, "platform": "Java/Oracle Corporation/21.0.7+8-LTS-245"} created with settings MongoClientSettings{readPreference=primary, writeConcern=WriteConcern{w=majority, wTimeout=null ms, journal=null}, retryWrites=true, retryReads=true, readConcern=ReadConcern{level=null}, credential=MongoCredential{mechanism=null, userName='root', source='admin', password=<hidden>, mechanismProperties=<hidden>}, transportSettings=null, commandListeners=[], codecRegistry=ProvidersCodecRegistry{codecProviders=[ValueCodecProvider{}, BsonValueCodecProvider{}, DBRefCodecProvider{}, DBObjectCodecProvider{}, DocumentCodecProvider{}, CollectionCodecProvider{}, IterableCodecProvider{}, MapCodecProvider{}, GeoJsonCodecProvider{}, GridFSFileCodecProvider{}, Jsr310CodecProvider{}, JsonObjectCodecProvider{}, BsonCodecProvider{}, com.mongodb.client.model.mql.ExpressionCodecProvider@9a9aa68, com.mongodb.Jep395RecordCodecProvider@3a3883c4, com.mongodb.KotlinCodecProvider@1537e43, EnumCodecProvider{}]}, loggerSettings=LoggerSettings{maxDocumentLength=1000}, clusterSettings={hosts=[127.0.0.1:27017], srvHost=cluster0.en0pykp.mongodb.net, srvServiceName=mongodb, mode=MULTIPLE, requiredClusterType=REPLICA_SET, requiredReplicaSetName='atlas-zt48hn-shard-0', serverSelector='null', clusterListeners='[]', serverSelectionTimeout='30000 ms', localThreshold='15 ms'}, socketSettings=SocketSettings{connectTimeoutMS=10000, readTimeoutMS=0, receiveBufferSize=0, proxySettings=ProxySettings{host=null, port=null, username=null, password=null}}, heartbeatSocketSettings=SocketSettings{connectTimeoutMS=10000, readTimeoutMS=10000, receiveBufferSize=0, proxySettings=ProxySettings{host=null, port=null, username=null, password=null}}, connectionPoolSettings=ConnectionPoolSettings{maxSize=100, minSize=0, maxWaitTimeMS=120000, maxConnectionLifeTimeMS=0, maxConnectionIdleTimeMS=0, maintenanceInitialDelayMS=0, maintenanceFrequencyMS=60000, connectionPoolListeners=[], maxConnecting=2}, serverSettings=ServerSettings{heartbeatFrequencyMS=10000, minHeartbeatFrequencyMS=500, serverMonitoringMode=AUTO, serverListeners='[]', serverMonitorListeners='[]'}, sslSettings=SslSettings{enabled=true, invalidHostNameAllowed=false, context=null}, applicationName='null', compressorList=[], uuidRepresentation=UNSPECIFIED, serverApi=null, autoEncryptionSettings=null, dnsClient=null, inetAddressResolver=null, contextProvider=null, timeoutMS=null}
2026-03-25 17:57:58 [cluster-ClusterId{value='69c3d4cec7b8ad48246b066f', description='null'}-srv-cluster0.en0pykp.mongodb.net] INFO  org.mongodb.driver.cluster - Adding discovered server ac-aoerbz6-shard-00-01.en0pykp.mongodb.net:27017 to client view of cluster
2026-03-25 17:57:58 [cluster-ClusterId{value='69c3d4cec7b8ad48246b066f', description='null'}-srv-cluster0.en0pykp.mongodb.net] INFO  org.mongodb.driver.cluster - Adding discovered server ac-aoerbz6-shard-00-00.en0pykp.mongodb.net:27017 to client view of cluster
2026-03-25 17:57:58 [cluster-ClusterId{value='69c3d4cec7b8ad48246b066f', description='null'}-srv-cluster0.en0pykp.mongodb.net] INFO  org.mongodb.driver.cluster - Adding discovered server ac-aoerbz6-shard-00-02.en0pykp.mongodb.net:27017 to client view of cluster
2026-03-25 17:57:59 [cluster-ClusterId{value='69c3d4cec7b8ad48246b066f', description='null'}-ac-aoerbz6-shard-00-00.en0pykp.mongodb.net:27017] INFO  org.mongodb.driver.cluster - Monitor thread successfully connected to server with description ServerDescription{address=ac-aoerbz6-shard-00-00.en0pykp.mongodb.net:27017, type=REPLICA_SET_SECONDARY, cryptd=false, state=CONNECTED, ok=true, minWireVersion=0, maxWireVersion=25, maxDocumentSize=16777216, logicalSessionTimeoutMinutes=30, roundTripTimeNanos=216912300, minRoundTripTimeNanos=0, setName='atlas-zt48hn-shard-0', canonicalAddress=ac-aoerbz6-shard-00-00.en0pykp.mongodb.net:27017, hosts=[ac-aoerbz6-shard-00-01.en0pykp.mongodb.net:27017, ac-aoerbz6-shard-00-00.en0pykp.mongodb.net:27017, ac-aoerbz6-shard-00-02.en0pykp.mongodb.net:27017], passives=[], arbiters=[], primary='ac-aoerbz6-shard-00-02.en0pykp.mongodb.net:27017', tagSet=TagSet{[Tag{name='availabilityZone', value='aps1-az1'}, Tag{name='diskState', value='READY'}, Tag{name='nodeType', value='ELECTABLE'}, Tag{name='provider', value='AWS'}, Tag{name='region', value='AP_SOUTH_1'}, Tag{name='workloadType', value='OPERATIONAL'}]}, electionId=null, setVersion=391, topologyVersion=TopologyVersion{processId=69b855abb14686967b76fdd6, counter=4}, lastWriteDate=Wed Mar 25 17:57:57 IST 2026, lastUpdateTimeNanos=176777171117300}
2026-03-25 17:57:59 [cluster-ClusterId{value='69c3d4cec7b8ad48246b066f', description='null'}-ac-aoerbz6-shard-00-01.en0pykp.mongodb.net:27017] INFO  org.mongodb.driver.cluster - Monitor thread successfully connected to server with description ServerDescription{address=ac-aoerbz6-shard-00-01.en0pykp.mongodb.net:27017, type=REPLICA_SET_SECONDARY, cryptd=false, state=CONNECTED, ok=true, minWireVersion=0, maxWireVersion=25, maxDocumentSize=16777216, logicalSessionTimeoutMinutes=30, roundTripTimeNanos=213271000, minRoundTripTimeNanos=0, setName='atlas-zt48hn-shard-0', canonicalAddress=ac-aoerbz6-shard-00-01.en0pykp.mongodb.net:27017, hosts=[ac-aoerbz6-shard-00-01.en0pykp.mongodb.net:27017, ac-aoerbz6-shard-00-00.en0pykp.mongodb.net:27017, ac-aoerbz6-shard-00-02.en0pykp.mongodb.net:27017], passives=[], arbiters=[], primary='ac-aoerbz6-shard-00-02.en0pykp.mongodb.net:27017', tagSet=TagSet{[Tag{name='availabilityZone', value='aps1-az3'}, Tag{name='diskState', value='READY'}, Tag{name='nodeType', value='ELECTABLE'}, Tag{name='provider', value='AWS'}, Tag{name='region', value='AP_SOUTH_1'}, Tag{name='workloadType', value='OPERATIONAL'}]}, electionId=null, setVersion=391, topologyVersion=TopologyVersion{processId=69b85ccb4b84e800f9f6512d, counter=3}, lastWriteDate=Wed Mar 25 17:57:57 IST 2026, lastUpdateTimeNanos=176777171117300}
2026-03-25 17:57:59 [cluster-ClusterId{value='69c3d4cec7b8ad48246b066f', description='null'}-ac-aoerbz6-shard-00-02.en0pykp.mongodb.net:27017] INFO  org.mongodb.driver.cluster - Monitor thread successfully connected to server with description ServerDescription{address=ac-aoerbz6-shard-00-02.en0pykp.mongodb.net:27017, type=REPLICA_SET_PRIMARY, cryptd=false, state=CONNECTED, ok=true, minWireVersion=0, maxWireVersion=25, maxDocumentSize=16777216, logicalSessionTimeoutMinutes=30, roundTripTimeNanos=208332200, minRoundTripTimeNanos=0, setName='atlas-zt48hn-shard-0', canonicalAddress=ac-aoerbz6-shard-00-02.en0pykp.mongodb.net:27017, hosts=[ac-aoerbz6-shard-00-01.en0pykp.mongodb.net:27017, ac-aoerbz6-shard-00-00.en0pykp.mongodb.net:27017, ac-aoerbz6-shard-00-02.en0pykp.mongodb.net:27017], passives=[], arbiters=[], primary='ac-aoerbz6-shard-00-02.en0pykp.mongodb.net:27017', tagSet=TagSet{[Tag{name='availabilityZone', value='aps1-az2'}, Tag{name='diskState', value='READY'}, Tag{name='nodeType', value='ELECTABLE'}, Tag{name='provider', value='AWS'}, Tag{name='region', value='AP_SOUTH_1'}, Tag{name='workloadType', value='OPERATIONAL'}]}, electionId=7fffffff0000000000000156, setVersion=391, topologyVersion=TopologyVersion{processId=69b859a89b4f2018f8b26ac6, counter=6}, lastWriteDate=Wed Mar 25 17:57:57 IST 2026, lastUpdateTimeNanos=176777178148100}
2026-03-25 17:57:59 [cluster-ClusterId{value='69c3d4cec7b8ad48246b066f', description='null'}-ac-aoerbz6-shard-00-02.en0pykp.mongodb.net:27017] INFO  org.mongodb.driver.cluster - Discovered replica set primary ac-aoerbz6-shard-00-02.en0pykp.mongodb.net:27017 with max election id 7fffffff0000000000000156 and max set version 391
2026-03-25 17:57:59 [main] WARN  com.password4j.PropertyReader - bcrypt minor version is not defined. Default value is used (b). Please set property hash.bcrypt.minor in your psw4j.properties file.
2026-03-25 17:57:59 [main] WARN  com.password4j.PropertyReader - bcrypt rounds are not defined. Default value is used (10). Please set property hash.bcrypt.rounds in your psw4j.properties file.
2026-03-25 17:57:59 [main] INFO  org.springframework.security.config.annotation.authentication.configuration.InitializeUserDetailsBeanManagerConfigurer$InitializeUserDetailsManagerConfigurer - Global AuthenticationManager configured with UserDetailsService bean with name userDetailsImpl
2026-03-25 17:57:59 [main] INFO  org.apache.coyote.http11.Http11NioProtocol - Starting ProtocolHandler ["http-nio-8080"]
2026-03-25 17:57:59 [main] INFO  org.springframework.boot.tomcat.TomcatWebServer - Tomcat started on port 8080 (http) with context path '/'
2026-03-25 17:57:59 [main] INFO  com.example.BookingApplication.BookingApplication - Started BookingApplication in 2.522 seconds (process running for 2.963)
2026-03-25 17:58:08 [http-nio-8080-exec-2] INFO  org.apache.catalina.core.ContainerBase.[Tomcat].[localhost].[/] - Initializing Spring DispatcherServlet 'dispatcherServlet'
2026-03-25 17:58:08 [http-nio-8080-exec-2] INFO  org.springframework.web.servlet.DispatcherServlet - Initializing Servlet 'dispatcherServlet'
2026-03-25 17:58:08 [http-nio-8080-exec-2] INFO  org.springframework.web.servlet.DispatcherServlet - Completed initialization in 1 ms
2026-03-25 17:58:08 [http-nio-8080-exec-2] WARN  org.springframework.web.servlet.handler.HandlerMappingIntrospector - Cache miss for REQUEST dispatch to '/getstarted/List' (previous null). Performing CorsConfiguration lookup. This is logged once only at WARN level, and every time at TRACE.
2026-03-25 17:59:33 [SpringApplicationShutdownHook] INFO  org.springframework.boot.tomcat.GracefulShutdown - Commencing graceful shutdown. Waiting for active requests to complete
2026-03-25 17:59:33 [tomcat-shutdown] INFO  org.springframework.boot.tomcat.GracefulShutdown - Graceful shutdown complete
2026-03-25 18:05:24 [main] INFO  com.example.BookingApplication.BookingApplication - Starting BookingApplication using Java 21.0.7 with PID 19984 (C:\Users\ADMIN\Downloads\BookingApplication\BookingApplication\target\classes started by ADMIN in C:\Users\ADMIN\Downloads\BookingApplication)
2026-03-25 18:05:24 [main] INFO  com.example.BookingApplication.BookingApplication - No active profile set, falling back to 1 default profile: "default"
2026-03-25 18:05:24 [main] INFO  org.springframework.data.repository.config.RepositoryConfigurationDelegate - Multiple Spring Data modules found, entering strict repository configuration mode
2026-03-25 18:05:24 [main] INFO  org.springframework.data.repository.config.RepositoryConfigurationDelegate - Bootstrapping Spring Data MongoDB repositories in DEFAULT mode.
2026-03-25 18:05:24 [main] INFO  org.springframework.data.repository.config.RepositoryConfigurationDelegate - Finished Spring Data repository scanning in 76 ms. Found 3 MongoDB repository interfaces.
2026-03-25 18:05:24 [main] INFO  org.springframework.data.repository.config.RepositoryConfigurationDelegate - Multiple Spring Data modules found, entering strict repository configuration mode
2026-03-25 18:05:24 [main] INFO  org.springframework.data.repository.config.RepositoryConfigurationDelegate - Bootstrapping Spring Data Redis repositories in DEFAULT mode.
2026-03-25 18:05:24 [main] INFO  org.springframework.data.repository.config.RepositoryConfigurationExtensionSupport - Spring Data Redis - Could not safely identify store assignment for repository candidate interface com.example.BookingApplication.Repositories.BookingsRepository; If you want this repository to be a Redis repository, consider annotating your entities with one of these annotations: org.springframework.data.redis.core.RedisHash (preferred), or consider extending one of the following types with your repository: org.springframework.data.keyvalue.repository.KeyValueRepository
2026-03-25 18:05:24 [main] INFO  org.springframework.data.repository.config.RepositoryConfigurationExtensionSupport - Spring Data Redis - Could not safely identify store assignment for repository candidate interface com.example.BookingApplication.Repositories.StudioRepository; If you want this repository to be a Redis repository, consider annotating your entities with one of these annotations: org.springframework.data.redis.core.RedisHash (preferred), or consider extending one of the following types with your repository: org.springframework.data.keyvalue.repository.KeyValueRepository
2026-03-25 18:05:24 [main] INFO  org.springframework.data.repository.config.RepositoryConfigurationExtensionSupport - Spring Data Redis - Could not safely identify store assignment for repository candidate interface com.example.BookingApplication.Repositories.UserRepository; If you want this repository to be a Redis repository, consider annotating your entities with one of these annotations: org.springframework.data.redis.core.RedisHash (preferred), or consider extending one of the following types with your repository: org.springframework.data.keyvalue.repository.KeyValueRepository
2026-03-25 18:05:24 [main] INFO  org.springframework.data.repository.config.RepositoryConfigurationDelegate - Finished Spring Data repository scanning in 5 ms. Found 0 Redis repository interfaces.
2026-03-25 18:05:25 [main] INFO  org.springframework.boot.tomcat.TomcatWebServer - Tomcat initialized with port 8080 (http)
2026-03-25 18:05:25 [main] INFO  org.apache.coyote.http11.Http11NioProtocol - Initializing ProtocolHandler ["http-nio-8080"]
2026-03-25 18:05:25 [main] INFO  org.apache.catalina.core.StandardService - Starting service [Tomcat]
2026-03-25 18:05:25 [main] INFO  org.apache.catalina.core.StandardEngine - Starting Servlet engine: [Apache Tomcat/11.0.18]
2026-03-25 18:05:25 [main] INFO  org.springframework.boot.web.context.servlet.WebApplicationContextInitializer - Root WebApplicationContext: initialization completed in 1028 ms
2026-03-25 18:05:25 [cluster-ClusterId{value='69c3d68d9be0a65def2fc4fd', description='null'}-srv-cluster0.en0pykp.mongodb.net] INFO  org.mongodb.driver.cluster - Adding discovered server ac-aoerbz6-shard-00-01.en0pykp.mongodb.net:27017 to client view of cluster
2026-03-25 18:05:25 [main] INFO  org.mongodb.driver.client - MongoClient with metadata {"driver": {"name": "mongo-java-driver|spring-boot|sync", "version": "5.6.4"}, "os": {"type": "Windows", "name": "Windows 11", "architecture": "amd64", "version": "10.0"}, "platform": "Java/Oracle Corporation/21.0.7+8-LTS-245"} created with settings MongoClientSettings{readPreference=primary, writeConcern=WriteConcern{w=majority, wTimeout=null ms, journal=null}, retryWrites=true, retryReads=true, readConcern=ReadConcern{level=null}, credential=MongoCredential{mechanism=null, userName='root', source='admin', password=<hidden>, mechanismProperties=<hidden>}, transportSettings=null, commandListeners=[], codecRegistry=ProvidersCodecRegistry{codecProviders=[ValueCodecProvider{}, BsonValueCodecProvider{}, DBRefCodecProvider{}, DBObjectCodecProvider{}, DocumentCodecProvider{}, CollectionCodecProvider{}, IterableCodecProvider{}, MapCodecProvider{}, GeoJsonCodecProvider{}, GridFSFileCodecProvider{}, Jsr310CodecProvider{}, JsonObjectCodecProvider{}, BsonCodecProvider{}, com.mongodb.client.model.mql.ExpressionCodecProvider@9a9aa68, com.mongodb.Jep395RecordCodecProvider@3a3883c4, com.mongodb.KotlinCodecProvider@1537e43, EnumCodecProvider{}]}, loggerSettings=LoggerSettings{maxDocumentLength=1000}, clusterSettings={hosts=[127.0.0.1:27017], srvHost=cluster0.en0pykp.mongodb.net, srvServiceName=mongodb, mode=MULTIPLE, requiredClusterType=REPLICA_SET, requiredReplicaSetName='atlas-zt48hn-shard-0', serverSelector='null', clusterListeners='[]', serverSelectionTimeout='30000 ms', localThreshold='15 ms'}, socketSettings=SocketSettings{connectTimeoutMS=10000, readTimeoutMS=0, receiveBufferSize=0, proxySettings=ProxySettings{host=null, port=null, username=null, password=null}}, heartbeatSocketSettings=SocketSettings{connectTimeoutMS=10000, readTimeoutMS=10000, receiveBufferSize=0, proxySettings=ProxySettings{host=null, port=null, username=null, password=null}}, connectionPoolSettings=ConnectionPoolSettings{maxSize=100, minSize=0, maxWaitTimeMS=120000, maxConnectionLifeTimeMS=0, maxConnectionIdleTimeMS=0, maintenanceInitialDelayMS=0, maintenanceFrequencyMS=60000, connectionPoolListeners=[], maxConnecting=2}, serverSettings=ServerSettings{heartbeatFrequencyMS=10000, minHeartbeatFrequencyMS=500, serverMonitoringMode=AUTO, serverListeners='[]', serverMonitorListeners='[]'}, sslSettings=SslSettings{enabled=true, invalidHostNameAllowed=false, context=null}, applicationName='null', compressorList=[], uuidRepresentation=UNSPECIFIED, serverApi=null, autoEncryptionSettings=null, dnsClient=null, inetAddressResolver=null, contextProvider=null, timeoutMS=null}
2026-03-25 18:05:25 [cluster-ClusterId{value='69c3d68d9be0a65def2fc4fd', description='null'}-srv-cluster0.en0pykp.mongodb.net] INFO  org.mongodb.driver.cluster - Adding discovered server ac-aoerbz6-shard-00-00.en0pykp.mongodb.net:27017 to client view of cluster
2026-03-25 18:05:25 [cluster-ClusterId{value='69c3d68d9be0a65def2fc4fd', description='null'}-srv-cluster0.en0pykp.mongodb.net] INFO  org.mongodb.driver.cluster - Adding discovered server ac-aoerbz6-shard-00-02.en0pykp.mongodb.net:27017 to client view of cluster
2026-03-25 18:05:25 [cluster-ClusterId{value='69c3d68d9be0a65def2fc4fd', description='null'}-ac-aoerbz6-shard-00-02.en0pykp.mongodb.net:27017] INFO  org.mongodb.driver.cluster - Monitor thread successfully connected to server with description ServerDescription{address=ac-aoerbz6-shard-00-02.en0pykp.mongodb.net:27017, type=REPLICA_SET_PRIMARY, cryptd=false, state=CONNECTED, ok=true, minWireVersion=0, maxWireVersion=25, maxDocumentSize=16777216, logicalSessionTimeoutMinutes=30, roundTripTimeNanos=229415500, minRoundTripTimeNanos=0, setName='atlas-zt48hn-shard-0', canonicalAddress=ac-aoerbz6-shard-00-02.en0pykp.mongodb.net:27017, hosts=[ac-aoerbz6-shard-00-01.en0pykp.mongodb.net:27017, ac-aoerbz6-shard-00-00.en0pykp.mongodb.net:27017, ac-aoerbz6-shard-00-02.en0pykp.mongodb.net:27017], passives=[], arbiters=[], primary='ac-aoerbz6-shard-00-02.en0pykp.mongodb.net:27017', tagSet=TagSet{[Tag{name='availabilityZone', value='aps1-az2'}, Tag{name='diskState', value='READY'}, Tag{name='nodeType', value='ELECTABLE'}, Tag{name='provider', value='AWS'}, Tag{name='region', value='AP_SOUTH_1'}, Tag{name='workloadType', value='OPERATIONAL'}]}, electionId=7fffffff0000000000000156, setVersion=391, topologyVersion=TopologyVersion{processId=69b859a89b4f2018f8b26ac6, counter=6}, lastWriteDate=Wed Mar 25 18:05:24 IST 2026, lastUpdateTimeNanos=177223921461000}
2026-03-25 18:05:25 [cluster-ClusterId{value='69c3d68d9be0a65def2fc4fd', description='null'}-ac-aoerbz6-shard-00-02.en0pykp.mongodb.net:27017] INFO  org.mongodb.driver.cluster - Discovered replica set primary ac-aoerbz6-shard-00-02.en0pykp.mongodb.net:27017 with max election id 7fffffff0000000000000156 and max set version 391
2026-03-25 18:05:25 [cluster-ClusterId{value='69c3d68d9be0a65def2fc4fd', description='null'}-ac-aoerbz6-shard-00-01.en0pykp.mongodb.net:27017] INFO  org.mongodb.driver.cluster - Monitor thread successfully connected to server with description ServerDescription{address=ac-aoerbz6-shard-00-01.en0pykp.mongodb.net:27017, type=REPLICA_SET_SECONDARY, cryptd=false, state=CONNECTED, ok=true, minWireVersion=0, maxWireVersion=25, maxDocumentSize=16777216, logicalSessionTimeoutMinutes=30, roundTripTimeNanos=226148400, minRoundTripTimeNanos=0, setName='atlas-zt48hn-shard-0', canonicalAddress=ac-aoerbz6-shard-00-01.en0pykp.mongodb.net:27017, hosts=[ac-aoerbz6-shard-00-01.en0pykp.mongodb.net:27017, ac-aoerbz6-shard-00-00.en0pykp.mongodb.net:27017, ac-aoerbz6-shard-00-02.en0pykp.mongodb.net:27017], passives=[], arbiters=[], primary='ac-aoerbz6-shard-00-02.en0pykp.mongodb.net:27017', tagSet=TagSet{[Tag{name='availabilityZone', value='aps1-az3'}, Tag{name='diskState', value='READY'}, Tag{name='nodeType', value='ELECTABLE'}, Tag{name='provider', value='AWS'}, Tag{name='region', value='AP_SOUTH_1'}, Tag{name='workloadType', value='OPERATIONAL'}]}, electionId=null, setVersion=391, topologyVersion=TopologyVersion{processId=69b85ccb4b84e800f9f6512d, counter=3}, lastWriteDate=Wed Mar 25 18:05:24 IST 2026, lastUpdateTimeNanos=177223930885100}
2026-03-25 18:05:25 [cluster-ClusterId{value='69c3d68d9be0a65def2fc4fd', description='null'}-ac-aoerbz6-shard-00-00.en0pykp.mongodb.net:27017] INFO  org.mongodb.driver.cluster - Monitor thread successfully connected to server with description ServerDescription{address=ac-aoerbz6-shard-00-00.en0pykp.mongodb.net:27017, type=REPLICA_SET_SECONDARY, cryptd=false, state=CONNECTED, ok=true, minWireVersion=0, maxWireVersion=25, maxDocumentSize=16777216, logicalSessionTimeoutMinutes=30, roundTripTimeNanos=236762700, minRoundTripTimeNanos=0, setName='atlas-zt48hn-shard-0', canonicalAddress=ac-aoerbz6-shard-00-00.en0pykp.mongodb.net:27017, hosts=[ac-aoerbz6-shard-00-01.en0pykp.mongodb.net:27017, ac-aoerbz6-shard-00-00.en0pykp.mongodb.net:27017, ac-aoerbz6-shard-00-02.en0pykp.mongodb.net:27017], passives=[], arbiters=[], primary='ac-aoerbz6-shard-00-02.en0pykp.mongodb.net:27017', tagSet=TagSet{[Tag{name='availabilityZone', value='aps1-az1'}, Tag{name='diskState', value='READY'}, Tag{name='nodeType', value='ELECTABLE'}, Tag{name='provider', value='AWS'}, Tag{name='region', value='AP_SOUTH_1'}, Tag{name='workloadType', value='OPERATIONAL'}]}, electionId=null, setVersion=391, topologyVersion=TopologyVersion{processId=69b855abb14686967b76fdd6, counter=4}, lastWriteDate=Wed Mar 25 18:05:24 IST 2026, lastUpdateTimeNanos=177223936921500}
2026-03-25 18:05:26 [main] WARN  com.password4j.PropertyReader - bcrypt minor version is not defined. Default value is used (b). Please set property hash.bcrypt.minor in your psw4j.properties file.
2026-03-25 18:05:26 [main] WARN  com.password4j.PropertyReader - bcrypt rounds are not defined. Default value is used (10). Please set property hash.bcrypt.rounds in your psw4j.properties file.
2026-03-25 18:05:26 [main] INFO  org.springframework.security.config.annotation.authentication.configuration.InitializeUserDetailsBeanManagerConfigurer$InitializeUserDetailsManagerConfigurer - Global AuthenticationManager configured with UserDetailsService bean with name userDetailsImpl
2026-03-25 18:05:26 [main] INFO  org.apache.coyote.http11.Http11NioProtocol - Starting ProtocolHandler ["http-nio-8080"]
2026-03-25 18:05:26 [main] INFO  org.springframework.boot.tomcat.TomcatWebServer - Tomcat started on port 8080 (http) with context path '/'
2026-03-25 18:05:26 [main] INFO  com.example.BookingApplication.BookingApplication - Started BookingApplication in 2.604 seconds (process running for 3.047)
2026-03-25 18:05:30 [http-nio-8080-exec-1] INFO  org.apache.catalina.core.ContainerBase.[Tomcat].[localhost].[/] - Initializing Spring DispatcherServlet 'dispatcherServlet'
2026-03-25 18:05:30 [http-nio-8080-exec-1] INFO  org.springframework.web.servlet.DispatcherServlet - Initializing Servlet 'dispatcherServlet'
2026-03-25 18:05:30 [http-nio-8080-exec-1] INFO  org.springframework.web.servlet.DispatcherServlet - Completed initialization in 1 ms
2026-03-25 18:05:30 [http-nio-8080-exec-2] WARN  org.springframework.web.servlet.handler.HandlerMappingIntrospector - Cache miss for REQUEST dispatch to '/getstarted/List' (previous null). Performing CorsConfiguration lookup. This is logged once only at WARN level, and every time at TRACE.
2026-03-25 18:08:01 [SpringApplicationShutdownHook] INFO  org.springframework.boot.tomcat.GracefulShutdown - Commencing graceful shutdown. Waiting for active requests to complete
2026-03-25 18:08:01 [tomcat-shutdown] INFO  org.springframework.boot.tomcat.GracefulShutdown - Graceful shutdown complete
2026-03-25 23:43:11 [main] INFO  com.example.BookingApplication.BookingApplication - Starting BookingApplication using Java 21.0.7 with PID 18832 (C:\Users\ADMIN\Downloads\BookingApplication\BookingApplication\target\classes started by ADMIN in C:\Users\ADMIN\Downloads\BookingApplication)
2026-03-25 23:43:11 [main] INFO  com.example.BookingApplication.BookingApplication - No active profile set, falling back to 1 default profile: "default"
2026-03-25 23:43:12 [main] INFO  org.springframework.data.repository.config.RepositoryConfigurationDelegate - Multiple Spring Data modules found, entering strict repository configuration mode
2026-03-25 23:43:12 [main] INFO  org.springframework.data.repository.config.RepositoryConfigurationDelegate - Bootstrapping Spring Data MongoDB repositories in DEFAULT mode.
2026-03-25 23:43:12 [main] INFO  org.springframework.data.repository.config.RepositoryConfigurationDelegate - Finished Spring Data repository scanning in 86 ms. Found 3 MongoDB repository interfaces.
2026-03-25 23:43:12 [main] INFO  org.springframework.data.repository.config.RepositoryConfigurationDelegate - Multiple Spring Data modules found, entering strict repository configuration mode
2026-03-25 23:43:12 [main] INFO  org.springframework.data.repository.config.RepositoryConfigurationDelegate - Bootstrapping Spring Data Redis repositories in DEFAULT mode.
2026-03-25 23:43:12 [main] INFO  org.springframework.data.repository.config.RepositoryConfigurationExtensionSupport - Spring Data Redis - Could not safely identify store assignment for repository candidate interface com.example.BookingApplication.Repositories.BookingsRepository; If you want this repository to be a Redis repository, consider annotating your entities with one of these annotations: org.springframework.data.redis.core.RedisHash (preferred), or consider extending one of the following types with your repository: org.springframework.data.keyvalue.repository.KeyValueRepository
2026-03-25 23:43:12 [main] INFO  org.springframework.data.repository.config.RepositoryConfigurationExtensionSupport - Spring Data Redis - Could not safely identify store assignment for repository candidate interface com.example.BookingApplication.Repositories.StudioRepository; If you want this repository to be a Redis repository, consider annotating your entities with one of these annotations: org.springframework.data.redis.core.RedisHash (preferred), or consider extending one of the following types with your repository: org.springframework.data.keyvalue.repository.KeyValueRepository
2026-03-25 23:43:12 [main] INFO  org.springframework.data.repository.config.RepositoryConfigurationExtensionSupport - Spring Data Redis - Could not safely identify store assignment for repository candidate interface com.example.BookingApplication.Repositories.UserRepository; If you want this repository to be a Redis repository, consider annotating your entities with one of these annotations: org.springframework.data.redis.core.RedisHash (preferred), or consider extending one of the following types with your repository: org.springframework.data.keyvalue.repository.KeyValueRepository
2026-03-25 23:43:12 [main] INFO  org.springframework.data.repository.config.RepositoryConfigurationDelegate - Finished Spring Data repository scanning in 6 ms. Found 0 Redis repository interfaces.
2026-03-25 23:43:13 [main] INFO  org.springframework.boot.tomcat.TomcatWebServer - Tomcat initialized with port 8080 (http)
2026-03-25 23:43:13 [main] INFO  org.apache.coyote.http11.Http11NioProtocol - Initializing ProtocolHandler ["http-nio-8080"]
2026-03-25 23:43:13 [main] INFO  org.apache.catalina.core.StandardService - Starting service [Tomcat]
2026-03-25 23:43:13 [main] INFO  org.apache.catalina.core.StandardEngine - Starting Servlet engine: [Apache Tomcat/11.0.18]
2026-03-25 23:43:13 [main] INFO  org.springframework.boot.web.context.servlet.WebApplicationContextInitializer - Root WebApplicationContext: initialization completed in 1135 ms
2026-03-25 23:43:13 [cluster-ClusterId{value='69c425b9e080250a5cce7ff7', description='null'}-srv-cluster0.en0pykp.mongodb.net] INFO  org.mongodb.driver.cluster - Adding discovered server ac-aoerbz6-shard-00-01.en0pykp.mongodb.net:27017 to client view of cluster
2026-03-25 23:43:13 [main] INFO  org.mongodb.driver.client - MongoClient with metadata {"driver": {"name": "mongo-java-driver|spring-boot|sync", "version": "5.6.4"}, "os": {"type": "Windows", "name": "Windows 11", "architecture": "amd64", "version": "10.0"}, "platform": "Java/Oracle Corporation/21.0.7+8-LTS-245"} created with settings MongoClientSettings{readPreference=primary, writeConcern=WriteConcern{w=majority, wTimeout=null ms, journal=null}, retryWrites=true, retryReads=true, readConcern=ReadConcern{level=null}, credential=MongoCredential{mechanism=null, userName='root', source='admin', password=<hidden>, mechanismProperties=<hidden>}, transportSettings=null, commandListeners=[], codecRegistry=ProvidersCodecRegistry{codecProviders=[ValueCodecProvider{}, BsonValueCodecProvider{}, DBRefCodecProvider{}, DBObjectCodecProvider{}, DocumentCodecProvider{}, CollectionCodecProvider{}, IterableCodecProvider{}, MapCodecProvider{}, GeoJsonCodecProvider{}, GridFSFileCodecProvider{}, Jsr310CodecProvider{}, JsonObjectCodecProvider{}, BsonCodecProvider{}, com.mongodb.client.model.mql.ExpressionCodecProvider@4d69d288, com.mongodb.Jep395RecordCodecProvider@437281c5, com.mongodb.KotlinCodecProvider@787178b1, EnumCodecProvider{}]}, loggerSettings=LoggerSettings{maxDocumentLength=1000}, clusterSettings={hosts=[127.0.0.1:27017], srvHost=cluster0.en0pykp.mongodb.net, srvServiceName=mongodb, mode=MULTIPLE, requiredClusterType=REPLICA_SET, requiredReplicaSetName='atlas-zt48hn-shard-0', serverSelector='null', clusterListeners='[]', serverSelectionTimeout='30000 ms', localThreshold='15 ms'}, socketSettings=SocketSettings{connectTimeoutMS=10000, readTimeoutMS=0, receiveBufferSize=0, proxySettings=ProxySettings{host=null, port=null, username=null, password=null}}, heartbeatSocketSettings=SocketSettings{connectTimeoutMS=10000, readTimeoutMS=10000, receiveBufferSize=0, proxySettings=ProxySettings{host=null, port=null, username=null, password=null}}, connectionPoolSettings=ConnectionPoolSettings{maxSize=100, minSize=0, maxWaitTimeMS=120000, maxConnectionLifeTimeMS=0, maxConnectionIdleTimeMS=0, maintenanceInitialDelayMS=0, maintenanceFrequencyMS=60000, connectionPoolListeners=[], maxConnecting=2}, serverSettings=ServerSettings{heartbeatFrequencyMS=10000, minHeartbeatFrequencyMS=500, serverMonitoringMode=AUTO, serverListeners='[]', serverMonitorListeners='[]'}, sslSettings=SslSettings{enabled=true, invalidHostNameAllowed=false, context=null}, applicationName='null', compressorList=[], uuidRepresentation=UNSPECIFIED, serverApi=null, autoEncryptionSettings=null, dnsClient=null, inetAddressResolver=null, contextProvider=null, timeoutMS=null}
2026-03-25 23:43:13 [cluster-ClusterId{value='69c425b9e080250a5cce7ff7', description='null'}-srv-cluster0.en0pykp.mongodb.net] INFO  org.mongodb.driver.cluster - Adding discovered server ac-aoerbz6-shard-00-00.en0pykp.mongodb.net:27017 to client view of cluster
2026-03-25 23:43:13 [cluster-ClusterId{value='69c425b9e080250a5cce7ff7', description='null'}-srv-cluster0.en0pykp.mongodb.net] INFO  org.mongodb.driver.cluster - Adding discovered server ac-aoerbz6-shard-00-02.en0pykp.mongodb.net:27017 to client view of cluster
2026-03-25 23:43:13 [cluster-ClusterId{value='69c425b9e080250a5cce7ff7', description='null'}-ac-aoerbz6-shard-00-01.en0pykp.mongodb.net:27017] INFO  org.mongodb.driver.cluster - Monitor thread successfully connected to server with description ServerDescription{address=ac-aoerbz6-shard-00-01.en0pykp.mongodb.net:27017, type=REPLICA_SET_SECONDARY, cryptd=false, state=CONNECTED, ok=true, minWireVersion=0, maxWireVersion=25, maxDocumentSize=16777216, logicalSessionTimeoutMinutes=30, roundTripTimeNanos=256225500, minRoundTripTimeNanos=0, setName='atlas-zt48hn-shard-0', canonicalAddress=ac-aoerbz6-shard-00-01.en0pykp.mongodb.net:27017, hosts=[ac-aoerbz6-shard-00-01.en0pykp.mongodb.net:27017, ac-aoerbz6-shard-00-00.en0pykp.mongodb.net:27017, ac-aoerbz6-shard-00-02.en0pykp.mongodb.net:27017], passives=[], arbiters=[], primary='ac-aoerbz6-shard-00-02.en0pykp.mongodb.net:27017', tagSet=TagSet{[Tag{name='availabilityZone', value='aps1-az3'}, Tag{name='diskState', value='READY'}, Tag{name='nodeType', value='ELECTABLE'}, Tag{name='provider', value='AWS'}, Tag{name='region', value='AP_SOUTH_1'}, Tag{name='workloadType', value='OPERATIONAL'}]}, electionId=null, setVersion=391, topologyVersion=TopologyVersion{processId=69b85ccb4b84e800f9f6512d, counter=3}, lastWriteDate=Wed Mar 25 23:43:13 IST 2026, lastUpdateTimeNanos=197492198344200}
2026-03-25 23:43:13 [cluster-ClusterId{value='69c425b9e080250a5cce7ff7', description='null'}-ac-aoerbz6-shard-00-02.en0pykp.mongodb.net:27017] INFO  org.mongodb.driver.cluster - Monitor thread successfully connected to server with description ServerDescription{address=ac-aoerbz6-shard-00-02.en0pykp.mongodb.net:27017, type=REPLICA_SET_PRIMARY, cryptd=false, state=CONNECTED, ok=true, minWireVersion=0, maxWireVersion=25, maxDocumentSize=16777216, logicalSessionTimeoutMinutes=30, roundTripTimeNanos=257687100, minRoundTripTimeNanos=0, setName='atlas-zt48hn-shard-0', canonicalAddress=ac-aoerbz6-shard-00-02.en0pykp.mongodb.net:27017, hosts=[ac-aoerbz6-shard-00-01.en0pykp.mongodb.net:27017, ac-aoerbz6-shard-00-00.en0pykp.mongodb.net:27017, ac-aoerbz6-shard-00-02.en0pykp.mongodb.net:27017], passives=[], arbiters=[], primary='ac-aoerbz6-shard-00-02.en0pykp.mongodb.net:27017', tagSet=TagSet{[Tag{name='availabilityZone', value='aps1-az2'}, Tag{name='diskState', value='READY'}, Tag{name='nodeType', value='ELECTABLE'}, Tag{name='provider', value='AWS'}, Tag{name='region', value='AP_SOUTH_1'}, Tag{name='workloadType', value='OPERATIONAL'}]}, electionId=7fffffff0000000000000156, setVersion=391, topologyVersion=TopologyVersion{processId=69b859a89b4f2018f8b26ac6, counter=6}, lastWriteDate=Wed Mar 25 23:43:13 IST 2026, lastUpdateTimeNanos=197492199802100}
2026-03-25 23:43:13 [cluster-ClusterId{value='69c425b9e080250a5cce7ff7', description='null'}-ac-aoerbz6-shard-00-00.en0pykp.mongodb.net:27017] INFO  org.mongodb.driver.cluster - Monitor thread successfully connected to server with description ServerDescription{address=ac-aoerbz6-shard-00-00.en0pykp.mongodb.net:27017, type=REPLICA_SET_SECONDARY, cryptd=false, state=CONNECTED, ok=true, minWireVersion=0, maxWireVersion=25, maxDocumentSize=16777216, logicalSessionTimeoutMinutes=30, roundTripTimeNanos=254357200, minRoundTripTimeNanos=0, setName='atlas-zt48hn-shard-0', canonicalAddress=ac-aoerbz6-shard-00-00.en0pykp.mongodb.net:27017, hosts=[ac-aoerbz6-shard-00-01.en0pykp.mongodb.net:27017, ac-aoerbz6-shard-00-00.en0pykp.mongodb.net:27017, ac-aoerbz6-shard-00-02.en0pykp.mongodb.net:27017], passives=[], arbiters=[], primary='ac-aoerbz6-shard-00-02.en0pykp.mongodb.net:27017', tagSet=TagSet{[Tag{name='availabilityZone', value='aps1-az1'}, Tag{name='diskState', value='READY'}, Tag{name='nodeType', value='ELECTABLE'}, Tag{name='provider', value='AWS'}, Tag{name='region', value='AP_SOUTH_1'}, Tag{name='workloadType', value='OPERATIONAL'}]}, electionId=null, setVersion=391, topologyVersion=TopologyVersion{processId=69b855abb14686967b76fdd6, counter=4}, lastWriteDate=Wed Mar 25 23:43:13 IST 2026, lastUpdateTimeNanos=197492198344200}
2026-03-25 23:43:13 [cluster-ClusterId{value='69c425b9e080250a5cce7ff7', description='null'}-ac-aoerbz6-shard-00-02.en0pykp.mongodb.net:27017] INFO  org.mongodb.driver.cluster - Discovered replica set primary ac-aoerbz6-shard-00-02.en0pykp.mongodb.net:27017 with max election id 7fffffff0000000000000156 and max set version 391
2026-03-25 23:43:13 [main] WARN  com.password4j.PropertyReader - bcrypt minor version is not defined. Default value is used (b). Please set property hash.bcrypt.minor in your psw4j.properties file.
2026-03-25 23:43:13 [main] WARN  com.password4j.PropertyReader - bcrypt rounds are not defined. Default value is used (10). Please set property hash.bcrypt.rounds in your psw4j.properties file.
2026-03-25 23:43:14 [main] INFO  org.springframework.security.config.annotation.authentication.configuration.InitializeUserDetailsBeanManagerConfigurer$InitializeUserDetailsManagerConfigurer - Global AuthenticationManager configured with UserDetailsService bean with name userDetailsImpl
2026-03-25 23:43:14 [main] INFO  org.apache.coyote.http11.Http11NioProtocol - Starting ProtocolHandler ["http-nio-8080"]
2026-03-25 23:43:14 [main] INFO  org.springframework.boot.tomcat.TomcatWebServer - Tomcat started on port 8080 (http) with context path '/'
2026-03-25 23:43:14 [main] INFO  com.example.BookingApplication.BookingApplication - Started BookingApplication in 2.822 seconds (process running for 3.737)
2026-03-25 23:43:17 [http-nio-8080-exec-1] INFO  org.apache.catalina.core.ContainerBase.[Tomcat].[localhost].[/] - Initializing Spring DispatcherServlet 'dispatcherServlet'
2026-03-25 23:43:17 [http-nio-8080-exec-1] INFO  org.springframework.web.servlet.DispatcherServlet - Initializing Servlet 'dispatcherServlet'
2026-03-25 23:43:17 [http-nio-8080-exec-1] INFO  org.springframework.web.servlet.DispatcherServlet - Completed initialization in 2 ms
2026-03-25 23:43:17 [http-nio-8080-exec-1] WARN  org.springframework.web.servlet.handler.HandlerMappingIntrospector - Cache miss for REQUEST dispatch to '/getstarted/List' (previous null). Performing CorsConfiguration lookup. This is logged once only at WARN level, and every time at TRACE.
2026-03-25 23:43:29 [http-nio-8080-exec-4] ERROR org.apache.catalina.core.ContainerBase.[Tomcat].[localhost].[/].[dispatcherServlet] - Servlet.service() for servlet [dispatcherServlet] in context with path [] threw exception
io.jsonwebtoken.ExpiredJwtException: JWT expired 17913035 milliseconds ago at 2026-03-25T13:14:56.000Z. Current time: 2026-03-25T18:13:29.035Z. Allowed clock skew: 0 milliseconds.
	at io.jsonwebtoken.impl.DefaultJwtParser.parse(DefaultJwtParser.java:688)
	at io.jsonwebtoken.impl.DefaultJwtParser.parse(DefaultJwtParser.java:364)
	at io.jsonwebtoken.impl.DefaultJwtParser.parse(DefaultJwtParser.java:94)
	at io.jsonwebtoken.impl.io.AbstractParser.parse(AbstractParser.java:36)
	at io.jsonwebtoken.impl.io.AbstractParser.parse(AbstractParser.java:29)
	at io.jsonwebtoken.impl.DefaultJwtParser.parseSignedClaims(DefaultJwtParser.java:827)
	at com.example.BookingApplication.JwtUtil.Jwtutil.Extractallclaims(Jwtutil.java:49)
	at com.example.BookingApplication.JwtUtil.Jwtutil.Extractusername(Jwtutil.java:53)
	at com.example.BookingApplication.Filter.Filterjwt.doFilterInternal(Filterjwt.java:38)
	at org.springframework.web.filter.OncePerRequestFilter.doFilter(OncePerRequestFilter.java:116)
	at org.springframework.security.web.FilterChainProxy$VirtualFilterChain.doFilter(FilterChainProxy.java:380)
	at org.springframework.security.web.authentication.logout.LogoutFilter.doFilter(LogoutFilter.java:110)
	at org.springframework.security.web.authentication.logout.LogoutFilter.doFilter(LogoutFilter.java:96)
	at org.springframework.security.web.FilterChainProxy$VirtualFilterChain.doFilter(FilterChainProxy.java:380)
	at org.springframework.web.filter.CorsFilter.doFilterInternal(CorsFilter.java:91)
	at org.springframework.web.filter.OncePerRequestFilter.doFilter(OncePerRequestFilter.java:116)
	at org.springframework.security.web.FilterChainProxy$VirtualFilterChain.doFilter(FilterChainProxy.java:380)
	at org.springframework.security.web.header.HeaderWriterFilter.doHeadersAfter(HeaderWriterFilter.java:90)
	at org.springframework.security.web.header.HeaderWriterFilter.doFilterInternal(HeaderWriterFilter.java:75)
	at org.springframework.web.filter.OncePerRequestFilter.doFilter(OncePerRequestFilter.java:116)
	at org.springframework.security.web.FilterChainProxy$VirtualFilterChain.doFilter(FilterChainProxy.java:380)
	at org.springframework.security.web.context.SecurityContextHolderFilter.doFilter(SecurityContextHolderFilter.java:82)
	at org.springframework.security.web.context.SecurityContextHolderFilter.doFilter(SecurityContextHolderFilter.java:69)
	at org.springframework.security.web.FilterChainProxy$VirtualFilterChain.doFilter(FilterChainProxy.java:380)
	at org.springframework.security.web.context.request.async.WebAsyncManagerIntegrationFilter.doFilterInternal(WebAsyncManagerIntegrationFilter.java:62)
	at org.springframework.web.filter.OncePerRequestFilter.doFilter(OncePerRequestFilter.java:116)
	at org.springframework.security.web.FilterChainProxy$VirtualFilterChain.doFilter(FilterChainProxy.java:380)
	at org.springframework.security.web.session.DisableEncodeUrlFilter.doFilterInternal(DisableEncodeUrlFilter.java:42)
	at org.springframework.web.filter.OncePerRequestFilter.doFilter(OncePerRequestFilter.java:116)
	at org.springframework.security.web.FilterChainProxy$VirtualFilterChain.doFilter(FilterChainProxy.java:380)
	at org.springframework.security.web.FilterChainProxy.doFilterInternal(FilterChainProxy.java:237)
	at org.springframework.security.web.FilterChainProxy.doFilter(FilterChainProxy.java:195)
	at org.springframework.web.filter.CompositeFilter$VirtualFilterChain.doFilter(CompositeFilter.java:113)
	at org.springframework.web.filter.ServletRequestPathFilter.doFilter(ServletRequestPathFilter.java:52)
	at org.springframework.web.filter.CompositeFilter$VirtualFilterChain.doFilter(CompositeFilter.java:113)
	at org.springframework.web.filter.CompositeFilter.doFilter(CompositeFilter.java:74)
	at org.springframework.security.config.annotation.web.configuration.WebSecurityConfiguration$CompositeFilterChainProxy.doFilter(WebSecurityConfiguration.java:317)
	at org.springframework.web.filter.DelegatingFilterProxy.invokeDelegate(DelegatingFilterProxy.java:355)
	at org.springframework.web.filter.DelegatingFilterProxy.doFilter(DelegatingFilterProxy.java:272)
	at org.apache.catalina.core.ApplicationFilterChain.doFilter(ApplicationFilterChain.java:107)
	at org.springframework.web.filter.RequestContextFilter.doFilterInternal(RequestContextFilter.java:100)
	at org.springframework.web.filter.OncePerRequestFilter.doFilter(OncePerRequestFilter.java:116)
	at org.apache.catalina.core.ApplicationFilterChain.doFilter(ApplicationFilterChain.java:107)
	at org.springframework.web.filter.FormContentFilter.doFilterInternal(FormContentFilter.java:93)
	at org.springframework.web.filter.OncePerRequestFilter.doFilter(OncePerRequestFilter.java:116)
	at org.apache.catalina.core.ApplicationFilterChain.doFilter(ApplicationFilterChain.java:107)
	at org.springframework.web.filter.CharacterEncodingFilter.doFilterInternal(CharacterEncodingFilter.java:199)
	at org.springframework.web.filter.OncePerRequestFilter.doFilter(OncePerRequestFilter.java:116)
	at org.apache.catalina.core.ApplicationFilterChain.doFilter(ApplicationFilterChain.java:107)
	at org.apache.catalina.core.StandardWrapperValve.invoke(StandardWrapperValve.java:165)
	at org.apache.catalina.core.StandardContextValve.invoke(StandardContextValve.java:77)
	at org.apache.catalina.authenticator.AuthenticatorBase.invoke(AuthenticatorBase.java:492)
	at org.apache.catalina.core.StandardHostValve.invoke(StandardHostValve.java:113)
	at org.apache.catalina.valves.ErrorReportValve.invoke(ErrorReportValve.java:83)
	at org.apache.catalina.core.StandardEngineValve.invoke(StandardEngineValve.java:72)
	at org.apache.catalina.connector.CoyoteAdapter.service(CoyoteAdapter.java:341)
	at org.apache.coyote.http11.Http11Processor.service(Http11Processor.java:397)
	at org.apache.coyote.AbstractProcessorLight.process(AbstractProcessorLight.java:63)
	at org.apache.coyote.AbstractProtocol$ConnectionHandler.process(AbstractProtocol.java:903)
	at org.apache.tomcat.util.net.NioEndpoint$SocketProcessor.doRun(NioEndpoint.java:1779)
	at org.apache.tomcat.util.net.SocketProcessorBase.run(SocketProcessorBase.java:52)
	at org.apache.tomcat.util.threads.ThreadPoolExecutor.runWorker(ThreadPoolExecutor.java:946)
	at org.apache.tomcat.util.threads.ThreadPoolExecutor$Worker.run(ThreadPoolExecutor.java:480)
	at org.apache.tomcat.util.threads.TaskThread$WrappingRunnable.run(TaskThread.java:57)
	at java.base/java.lang.Thread.run(Thread.java:1583)
2026-03-25 23:49:12 [SpringApplicationShutdownHook] INFO  org.springframework.boot.tomcat.GracefulShutdown - Commencing graceful shutdown. Waiting for active requests to complete
2026-03-25 23:49:12 [tomcat-shutdown] INFO  org.springframework.boot.tomcat.GracefulShutdown - Graceful shutdown complete
