2026-03-23 12:59:59 [main] INFO  com.example.BookingApplication.BookingApplication - Starting BookingApplication using Java 21.0.7 with PID 4388 (C:\Users\ADMIN\Downloads\BookingApplication\BookingApplication\target\classes started by ADMIN in C:\Users\ADMIN\Downloads\BookingApplication)
2026-03-23 12:59:59 [main] INFO  com.example.BookingApplication.BookingApplication - No active profile set, falling back to 1 default profile: "default"
2026-03-23 12:59:59 [main] INFO  org.springframework.data.repository.config.RepositoryConfigurationDelegate - Multiple Spring Data modules found, entering strict repository configuration mode
2026-03-23 12:59:59 [main] INFO  org.springframework.data.repository.config.RepositoryConfigurationDelegate - Bootstrapping Spring Data MongoDB repositories in DEFAULT mode.
2026-03-23 12:59:59 [main] INFO  org.springframework.data.repository.config.RepositoryConfigurationDelegate - Finished Spring Data repository scanning in 84 ms. Found 3 MongoDB repository interfaces.
2026-03-23 13:00:00 [main] INFO  org.springframework.data.repository.config.RepositoryConfigurationDelegate - Multiple Spring Data modules found, entering strict repository configuration mode
2026-03-23 13:00:00 [main] INFO  org.springframework.data.repository.config.RepositoryConfigurationDelegate - Bootstrapping Spring Data Redis repositories in DEFAULT mode.
2026-03-23 13:00:00 [main] INFO  org.springframework.data.repository.config.RepositoryConfigurationExtensionSupport - Spring Data Redis - Could not safely identify store assignment for repository candidate interface com.example.BookingApplication.Repositories.BookingsRepository; If you want this repository to be a Redis repository, consider annotating your entities with one of these annotations: org.springframework.data.redis.core.RedisHash (preferred), or consider extending one of the following types with your repository: org.springframework.data.keyvalue.repository.KeyValueRepository
2026-03-23 13:00:00 [main] INFO  org.springframework.data.repository.config.RepositoryConfigurationExtensionSupport - Spring Data Redis - Could not safely identify store assignment for repository candidate interface com.example.BookingApplication.Repositories.StudioRepository; If you want this repository to be a Redis repository, consider annotating your entities with one of these annotations: org.springframework.data.redis.core.RedisHash (preferred), or consider extending one of the following types with your repository: org.springframework.data.keyvalue.repository.KeyValueRepository
2026-03-23 13:00:00 [main] INFO  org.springframework.data.repository.config.RepositoryConfigurationExtensionSupport - Spring Data Redis - Could not safely identify store assignment for repository candidate interface com.example.BookingApplication.Repositories.UserRepository; If you want this repository to be a Redis repository, consider annotating your entities with one of these annotations: org.springframework.data.redis.core.RedisHash (preferred), or consider extending one of the following types with your repository: org.springframework.data.keyvalue.repository.KeyValueRepository
2026-03-23 13:00:00 [main] INFO  org.springframework.data.repository.config.RepositoryConfigurationDelegate - Finished Spring Data repository scanning in 6 ms. Found 0 Redis repository interfaces.
2026-03-23 13:00:00 [main] INFO  org.springframework.boot.tomcat.TomcatWebServer - Tomcat initialized with port 8080 (http)
2026-03-23 13:00:00 [main] INFO  org.apache.coyote.http11.Http11NioProtocol - Initializing ProtocolHandler ["http-nio-8080"]
2026-03-23 13:00:00 [main] INFO  org.apache.catalina.core.StandardService - Starting service [Tomcat]
2026-03-23 13:00:00 [main] INFO  org.apache.catalina.core.StandardEngine - Starting Servlet engine: [Apache Tomcat/11.0.18]
2026-03-23 13:00:00 [main] INFO  org.springframework.boot.web.context.servlet.WebApplicationContextInitializer - Root WebApplicationContext: initialization completed in 1241 ms
2026-03-23 13:00:00 [main] INFO  org.mongodb.driver.client - MongoClient with metadata {"driver": {"name": "mongo-java-driver|spring-boot|sync", "version": "5.6.4"}, "os": {"type": "Windows", "name": "Windows 11", "architecture": "amd64", "version": "10.0"}, "platform": "Java/Oracle Corporation/21.0.7+8-LTS-245"} created with settings MongoClientSettings{readPreference=primary, writeConcern=WriteConcern{w=majority, wTimeout=null ms, journal=null}, retryWrites=true, retryReads=true, readConcern=ReadConcern{level=null}, credential=MongoCredential{mechanism=null, userName='root', source='admin', password=<hidden>, mechanismProperties=<hidden>}, transportSettings=null, commandListeners=[], codecRegistry=ProvidersCodecRegistry{codecProviders=[ValueCodecProvider{}, BsonValueCodecProvider{}, DBRefCodecProvider{}, DBObjectCodecProvider{}, DocumentCodecProvider{}, CollectionCodecProvider{}, IterableCodecProvider{}, MapCodecProvider{}, GeoJsonCodecProvider{}, GridFSFileCodecProvider{}, Jsr310CodecProvider{}, JsonObjectCodecProvider{}, BsonCodecProvider{}, com.mongodb.client.model.mql.ExpressionCodecProvider@77aea, com.mongodb.Jep395RecordCodecProvider@73e4bb60, com.mongodb.KotlinCodecProvider@9a9aa68, EnumCodecProvider{}]}, loggerSettings=LoggerSettings{maxDocumentLength=1000}, clusterSettings={hosts=[127.0.0.1:27017], srvHost=cluster0.en0pykp.mongodb.net, srvServiceName=mongodb, mode=MULTIPLE, requiredClusterType=REPLICA_SET, requiredReplicaSetName='atlas-zt48hn-shard-0', serverSelector='null', clusterListeners='[]', serverSelectionTimeout='30000 ms', localThreshold='15 ms'}, socketSettings=SocketSettings{connectTimeoutMS=10000, readTimeoutMS=0, receiveBufferSize=0, proxySettings=ProxySettings{host=null, port=null, username=null, password=null}}, heartbeatSocketSettings=SocketSettings{connectTimeoutMS=10000, readTimeoutMS=10000, receiveBufferSize=0, proxySettings=ProxySettings{host=null, port=null, username=null, password=null}}, connectionPoolSettings=ConnectionPoolSettings{maxSize=100, minSize=0, maxWaitTimeMS=120000, maxConnectionLifeTimeMS=0, maxConnectionIdleTimeMS=0, maintenanceInitialDelayMS=0, maintenanceFrequencyMS=60000, connectionPoolListeners=[], maxConnecting=2}, serverSettings=ServerSettings{heartbeatFrequencyMS=10000, minHeartbeatFrequencyMS=500, serverMonitoringMode=AUTO, serverListeners='[]', serverMonitorListeners='[]'}, sslSettings=SslSettings{enabled=true, invalidHostNameAllowed=false, context=null}, applicationName='null', compressorList=[], uuidRepresentation=UNSPECIFIED, serverApi=null, autoEncryptionSettings=null, dnsClient=null, inetAddressResolver=null, contextProvider=null, timeoutMS=null}
2026-03-23 13:00:00 [cluster-ClusterId{value='69c0ebf8c8bcdda082ba9be4', description='null'}-srv-cluster0.en0pykp.mongodb.net] INFO  org.mongodb.driver.cluster - Adding discovered server ac-aoerbz6-shard-00-01.en0pykp.mongodb.net:27017 to client view of cluster
2026-03-23 13:00:00 [cluster-ClusterId{value='69c0ebf8c8bcdda082ba9be4', description='null'}-srv-cluster0.en0pykp.mongodb.net] INFO  org.mongodb.driver.cluster - Adding discovered server ac-aoerbz6-shard-00-00.en0pykp.mongodb.net:27017 to client view of cluster
2026-03-23 13:00:00 [cluster-ClusterId{value='69c0ebf8c8bcdda082ba9be4', description='null'}-srv-cluster0.en0pykp.mongodb.net] INFO  org.mongodb.driver.cluster - Adding discovered server ac-aoerbz6-shard-00-02.en0pykp.mongodb.net:27017 to client view of cluster
2026-03-23 13:00:01 [cluster-ClusterId{value='69c0ebf8c8bcdda082ba9be4', description='null'}-ac-aoerbz6-shard-00-01.en0pykp.mongodb.net:27017] INFO  org.mongodb.driver.cluster - Exception in monitor thread while connecting to server ac-aoerbz6-shard-00-01.en0pykp.mongodb.net:27017
com.mongodb.MongoSocketWriteException: Exception sending message
	at com.mongodb.internal.connection.InternalStreamConnection.throwTranslatedWriteException(InternalStreamConnection.java:785)
	at com.mongodb.internal.connection.InternalStreamConnection.sendMessage(InternalStreamConnection.java:670)
	at com.mongodb.internal.connection.InternalStreamConnection.trySendMessage(InternalStreamConnection.java:507)
	at com.mongodb.internal.connection.InternalStreamConnection.sendCommandMessage(InternalStreamConnection.java:482)
	at com.mongodb.internal.connection.InternalStreamConnection.sendAndReceiveInternal(InternalStreamConnection.java:440)
	at com.mongodb.internal.connection.InternalStreamConnection.lambda$sendAndReceive$0(InternalStreamConnection.java:375)
	at com.mongodb.internal.connection.InternalStreamConnection.sendAndReceive(InternalStreamConnection.java:378)
	at com.mongodb.internal.connection.CommandHelper.sendAndReceive(CommandHelper.java:98)
	at com.mongodb.internal.connection.CommandHelper.executeCommand(CommandHelper.java:47)
	at com.mongodb.internal.connection.InternalStreamConnectionInitializer.initializeConnectionDescription(InternalStreamConnectionInitializer.java:144)
	at com.mongodb.internal.connection.InternalStreamConnectionInitializer.startHandshake(InternalStreamConnectionInitializer.java:78)
	at com.mongodb.internal.connection.InternalStreamConnection.open(InternalStreamConnection.java:235)
	at com.mongodb.internal.connection.DefaultServerMonitor$ServerMonitor.setupNewConnectionAndGetInitialDescription(DefaultServerMonitor.java:282)
	at com.mongodb.internal.connection.DefaultServerMonitor$ServerMonitor.lookupServerDescription(DefaultServerMonitor.java:253)
	at com.mongodb.internal.connection.DefaultServerMonitor$ServerMonitor.run(DefaultServerMonitor.java:203)
Caused by: javax.net.ssl.SSLException: Received fatal alert: internal_error
	at java.base/sun.security.ssl.Alert.createSSLException(Alert.java:132)
	at java.base/sun.security.ssl.Alert.createSSLException(Alert.java:117)
	at java.base/sun.security.ssl.TransportContext.fatal(TransportContext.java:370)
	at java.base/sun.security.ssl.Alert$AlertConsumer.consume(Alert.java:287)
	at java.base/sun.security.ssl.TransportContext.dispatch(TransportContext.java:209)
	at java.base/sun.security.ssl.SSLTransport.decode(SSLTransport.java:172)
	at java.base/sun.security.ssl.SSLSocketImpl.decode(SSLSocketImpl.java:1506)
	at java.base/sun.security.ssl.SSLSocketImpl.readHandshakeRecord(SSLSocketImpl.java:1421)
	at java.base/sun.security.ssl.SSLSocketImpl.startHandshake(SSLSocketImpl.java:455)
	at java.base/sun.security.ssl.SSLSocketImpl.ensureNegotiated(SSLSocketImpl.java:922)
	at java.base/sun.security.ssl.SSLSocketImpl$AppOutputStream.write(SSLSocketImpl.java:1291)
	at com.mongodb.internal.connection.SocketStream.write(SocketStream.java:165)
	at com.mongodb.internal.connection.InternalStreamConnection.sendMessage(InternalStreamConnection.java:667)
	... 13 common frames omitted
2026-03-23 13:00:01 [cluster-ClusterId{value='69c0ebf8c8bcdda082ba9be4', description='null'}-ac-aoerbz6-shard-00-00.en0pykp.mongodb.net:27017] INFO  org.mongodb.driver.cluster - Exception in monitor thread while connecting to server ac-aoerbz6-shard-00-00.en0pykp.mongodb.net:27017
com.mongodb.MongoSocketWriteException: Exception sending message
	at com.mongodb.internal.connection.InternalStreamConnection.throwTranslatedWriteException(InternalStreamConnection.java:785)
	at com.mongodb.internal.connection.InternalStreamConnection.sendMessage(InternalStreamConnection.java:670)
	at com.mongodb.internal.connection.InternalStreamConnection.trySendMessage(InternalStreamConnection.java:507)
	at com.mongodb.internal.connection.InternalStreamConnection.sendCommandMessage(InternalStreamConnection.java:482)
	at com.mongodb.internal.connection.InternalStreamConnection.sendAndReceiveInternal(InternalStreamConnection.java:440)
	at com.mongodb.internal.connection.InternalStreamConnection.lambda$sendAndReceive$0(InternalStreamConnection.java:375)
	at com.mongodb.internal.connection.InternalStreamConnection.sendAndReceive(InternalStreamConnection.java:378)
	at com.mongodb.internal.connection.CommandHelper.sendAndReceive(CommandHelper.java:98)
	at com.mongodb.internal.connection.CommandHelper.executeCommand(CommandHelper.java:47)
	at com.mongodb.internal.connection.InternalStreamConnectionInitializer.initializeConnectionDescription(InternalStreamConnectionInitializer.java:144)
	at com.mongodb.internal.connection.InternalStreamConnectionInitializer.startHandshake(InternalStreamConnectionInitializer.java:78)
	at com.mongodb.internal.connection.InternalStreamConnection.open(InternalStreamConnection.java:235)
	at com.mongodb.internal.connection.DefaultServerMonitor$ServerMonitor.setupNewConnectionAndGetInitialDescription(DefaultServerMonitor.java:282)
	at com.mongodb.internal.connection.DefaultServerMonitor$ServerMonitor.lookupServerDescription(DefaultServerMonitor.java:253)
	at com.mongodb.internal.connection.DefaultServerMonitor$ServerMonitor.run(DefaultServerMonitor.java:203)
Caused by: javax.net.ssl.SSLException: Received fatal alert: internal_error
	at java.base/sun.security.ssl.Alert.createSSLException(Alert.java:132)
	at java.base/sun.security.ssl.Alert.createSSLException(Alert.java:117)
	at java.base/sun.security.ssl.TransportContext.fatal(TransportContext.java:370)
	at java.base/sun.security.ssl.Alert$AlertConsumer.consume(Alert.java:287)
	at java.base/sun.security.ssl.TransportContext.dispatch(TransportContext.java:209)
	at java.base/sun.security.ssl.SSLTransport.decode(SSLTransport.java:172)
	at java.base/sun.security.ssl.SSLSocketImpl.decode(SSLSocketImpl.java:1506)
	at java.base/sun.security.ssl.SSLSocketImpl.readHandshakeRecord(SSLSocketImpl.java:1421)
	at java.base/sun.security.ssl.SSLSocketImpl.startHandshake(SSLSocketImpl.java:455)
	at java.base/sun.security.ssl.SSLSocketImpl.ensureNegotiated(SSLSocketImpl.java:922)
	at java.base/sun.security.ssl.SSLSocketImpl$AppOutputStream.write(SSLSocketImpl.java:1291)
	at com.mongodb.internal.connection.SocketStream.write(SocketStream.java:165)
	at com.mongodb.internal.connection.InternalStreamConnection.sendMessage(InternalStreamConnection.java:667)
	... 13 common frames omitted
2026-03-23 13:00:01 [cluster-ClusterId{value='69c0ebf8c8bcdda082ba9be4', description='null'}-ac-aoerbz6-shard-00-02.en0pykp.mongodb.net:27017] INFO  org.mongodb.driver.cluster - Exception in monitor thread while connecting to server ac-aoerbz6-shard-00-02.en0pykp.mongodb.net:27017
com.mongodb.MongoSocketWriteException: Exception sending message
	at com.mongodb.internal.connection.InternalStreamConnection.throwTranslatedWriteException(InternalStreamConnection.java:785)
	at com.mongodb.internal.connection.InternalStreamConnection.sendMessage(InternalStreamConnection.java:670)
	at com.mongodb.internal.connection.InternalStreamConnection.trySendMessage(InternalStreamConnection.java:507)
	at com.mongodb.internal.connection.InternalStreamConnection.sendCommandMessage(InternalStreamConnection.java:482)
	at com.mongodb.internal.connection.InternalStreamConnection.sendAndReceiveInternal(InternalStreamConnection.java:440)
	at com.mongodb.internal.connection.InternalStreamConnection.lambda$sendAndReceive$0(InternalStreamConnection.java:375)
	at com.mongodb.internal.connection.InternalStreamConnection.sendAndReceive(InternalStreamConnection.java:378)
	at com.mongodb.internal.connection.CommandHelper.sendAndReceive(CommandHelper.java:98)
	at com.mongodb.internal.connection.CommandHelper.executeCommand(CommandHelper.java:47)
	at com.mongodb.internal.connection.InternalStreamConnectionInitializer.initializeConnectionDescription(InternalStreamConnectionInitializer.java:144)
	at com.mongodb.internal.connection.InternalStreamConnectionInitializer.startHandshake(InternalStreamConnectionInitializer.java:78)
	at com.mongodb.internal.connection.InternalStreamConnection.open(InternalStreamConnection.java:235)
	at com.mongodb.internal.connection.DefaultServerMonitor$ServerMonitor.setupNewConnectionAndGetInitialDescription(DefaultServerMonitor.java:282)
	at com.mongodb.internal.connection.DefaultServerMonitor$ServerMonitor.lookupServerDescription(DefaultServerMonitor.java:253)
	at com.mongodb.internal.connection.DefaultServerMonitor$ServerMonitor.run(DefaultServerMonitor.java:203)
Caused by: javax.net.ssl.SSLException: Received fatal alert: internal_error
	at java.base/sun.security.ssl.Alert.createSSLException(Alert.java:132)
	at java.base/sun.security.ssl.Alert.createSSLException(Alert.java:117)
	at java.base/sun.security.ssl.TransportContext.fatal(TransportContext.java:370)
	at java.base/sun.security.ssl.Alert$AlertConsumer.consume(Alert.java:287)
	at java.base/sun.security.ssl.TransportContext.dispatch(TransportContext.java:209)
	at java.base/sun.security.ssl.SSLTransport.decode(SSLTransport.java:172)
	at java.base/sun.security.ssl.SSLSocketImpl.decode(SSLSocketImpl.java:1506)
	at java.base/sun.security.ssl.SSLSocketImpl.readHandshakeRecord(SSLSocketImpl.java:1421)
	at java.base/sun.security.ssl.SSLSocketImpl.startHandshake(SSLSocketImpl.java:455)
	at java.base/sun.security.ssl.SSLSocketImpl.ensureNegotiated(SSLSocketImpl.java:922)
	at java.base/sun.security.ssl.SSLSocketImpl$AppOutputStream.write(SSLSocketImpl.java:1291)
	at com.mongodb.internal.connection.SocketStream.write(SocketStream.java:165)
	at com.mongodb.internal.connection.InternalStreamConnection.sendMessage(InternalStreamConnection.java:667)
	... 13 common frames omitted
2026-03-23 13:00:01 [main] WARN  org.springframework.boot.web.server.servlet.context.AnnotationConfigServletWebServerApplicationContext - Exception encountered during context initialization - cancelling refresh attempt: org.springframework.beans.factory.UnsatisfiedDependencyException: Error creating bean with name 'memberController': Unsatisfied dependency expressed through field 'memberService': Error creating bean with name 'memberService': Unsatisfied dependency expressed through field 'redisconfig': No qualifying bean of type 'com.example.BookingApplication.Redis.Redisconfig' available: expected at least 1 bean which qualifies as autowire candidate. Dependency annotations: {@org.springframework.beans.factory.annotation.Autowired(required=true)}
2026-03-23 13:00:01 [main] INFO  org.apache.catalina.core.StandardService - Stopping service [Tomcat]
2026-03-23 13:00:01 [main] WARN  org.apache.catalina.loader.WebappClassLoaderBase - The web application [ROOT] appears to have started a thread named [BufferPoolPruner-1-thread-1] but has failed to stop it. This is very likely to create a memory leak. Stack trace of thread:
 java.base/jdk.internal.misc.Unsafe.park(Native Method)
 java.base/java.util.concurrent.locks.LockSupport.parkNanos(LockSupport.java:269)
 java.base/java.util.concurrent.locks.AbstractQueuedSynchronizer$ConditionObject.awaitNanos(AbstractQueuedSynchronizer.java:1763)
 java.base/java.util.concurrent.ScheduledThreadPoolExecutor$DelayedWorkQueue.take(ScheduledThreadPoolExecutor.java:1182)
 java.base/java.util.concurrent.ScheduledThreadPoolExecutor$DelayedWorkQueue.take(ScheduledThreadPoolExecutor.java:899)
 java.base/java.util.concurrent.ThreadPoolExecutor.getTask(ThreadPoolExecutor.java:1070)
 java.base/java.util.concurrent.ThreadPoolExecutor.runWorker(ThreadPoolExecutor.java:1130)
 java.base/java.util.concurrent.ThreadPoolExecutor$Worker.run(ThreadPoolExecutor.java:642)
 java.base/java.lang.Thread.run(Thread.java:1583)
2026-03-23 13:00:01 [main] INFO  org.springframework.boot.autoconfigure.logging.ConditionEvaluationReportLogger - 

Error starting ApplicationContext. To display the condition evaluation report re-run your application with 'debug' enabled.
2026-03-23 13:00:01 [main] ERROR org.springframework.boot.diagnostics.LoggingFailureAnalysisReporter - 

***************************
APPLICATION FAILED TO START
***************************

Description:

Field redisconfig in com.example.BookingApplication.Service.MemberService required a bean of type 'com.example.BookingApplication.Redis.Redisconfig' that could not be found.

The injection point has the following annotations:
	- @org.springframework.beans.factory.annotation.Autowired(required=true)


Action:

Consider defining a bean of type 'com.example.BookingApplication.Redis.Redisconfig' in your configuration.

2026-03-23 13:00:57 [main] INFO  com.example.BookingApplication.BookingApplication - Starting BookingApplication using Java 21.0.7 with PID 34620 (C:\Users\ADMIN\Downloads\BookingApplication\BookingApplication\target\classes started by ADMIN in C:\Users\ADMIN\Downloads\BookingApplication)
2026-03-23 13:00:57 [main] INFO  com.example.BookingApplication.BookingApplication - No active profile set, falling back to 1 default profile: "default"
2026-03-23 13:00:57 [main] INFO  org.springframework.data.repository.config.RepositoryConfigurationDelegate - Multiple Spring Data modules found, entering strict repository configuration mode
2026-03-23 13:00:57 [main] INFO  org.springframework.data.repository.config.RepositoryConfigurationDelegate - Bootstrapping Spring Data MongoDB repositories in DEFAULT mode.
2026-03-23 13:00:57 [main] INFO  org.springframework.data.repository.config.RepositoryConfigurationDelegate - Finished Spring Data repository scanning in 76 ms. Found 3 MongoDB repository interfaces.
2026-03-23 13:00:57 [main] INFO  org.springframework.data.repository.config.RepositoryConfigurationDelegate - Multiple Spring Data modules found, entering strict repository configuration mode
2026-03-23 13:00:57 [main] INFO  org.springframework.data.repository.config.RepositoryConfigurationDelegate - Bootstrapping Spring Data Redis repositories in DEFAULT mode.
2026-03-23 13:00:57 [main] INFO  org.springframework.data.repository.config.RepositoryConfigurationExtensionSupport - Spring Data Redis - Could not safely identify store assignment for repository candidate interface com.example.BookingApplication.Repositories.BookingsRepository; If you want this repository to be a Redis repository, consider annotating your entities with one of these annotations: org.springframework.data.redis.core.RedisHash (preferred), or consider extending one of the following types with your repository: org.springframework.data.keyvalue.repository.KeyValueRepository
2026-03-23 13:00:57 [main] INFO  org.springframework.data.repository.config.RepositoryConfigurationExtensionSupport - Spring Data Redis - Could not safely identify store assignment for repository candidate interface com.example.BookingApplication.Repositories.StudioRepository; If you want this repository to be a Redis repository, consider annotating your entities with one of these annotations: org.springframework.data.redis.core.RedisHash (preferred), or consider extending one of the following types with your repository: org.springframework.data.keyvalue.repository.KeyValueRepository
2026-03-23 13:00:57 [main] INFO  org.springframework.data.repository.config.RepositoryConfigurationExtensionSupport - Spring Data Redis - Could not safely identify store assignment for repository candidate interface com.example.BookingApplication.Repositories.UserRepository; If you want this repository to be a Redis repository, consider annotating your entities with one of these annotations: org.springframework.data.redis.core.RedisHash (preferred), or consider extending one of the following types with your repository: org.springframework.data.keyvalue.repository.KeyValueRepository
2026-03-23 13:00:57 [main] INFO  org.springframework.data.repository.config.RepositoryConfigurationDelegate - Finished Spring Data repository scanning in 5 ms. Found 0 Redis repository interfaces.
2026-03-23 13:00:58 [main] INFO  org.springframework.boot.tomcat.TomcatWebServer - Tomcat initialized with port 8080 (http)
2026-03-23 13:00:58 [main] INFO  org.apache.coyote.http11.Http11NioProtocol - Initializing ProtocolHandler ["http-nio-8080"]
2026-03-23 13:00:58 [main] INFO  org.apache.catalina.core.StandardService - Starting service [Tomcat]
2026-03-23 13:00:58 [main] INFO  org.apache.catalina.core.StandardEngine - Starting Servlet engine: [Apache Tomcat/11.0.18]
2026-03-23 13:00:58 [main] INFO  org.springframework.boot.web.context.servlet.WebApplicationContextInitializer - Root WebApplicationContext: initialization completed in 1072 ms
2026-03-23 13:00:58 [main] INFO  org.mongodb.driver.client - MongoClient with metadata {"driver": {"name": "mongo-java-driver|spring-boot|sync", "version": "5.6.4"}, "os": {"type": "Windows", "name": "Windows 11", "architecture": "amd64", "version": "10.0"}, "platform": "Java/Oracle Corporation/21.0.7+8-LTS-245"} created with settings MongoClientSettings{readPreference=primary, writeConcern=WriteConcern{w=majority, wTimeout=null ms, journal=null}, retryWrites=true, retryReads=true, readConcern=ReadConcern{level=null}, credential=MongoCredential{mechanism=null, userName='root', source='admin', password=<hidden>, mechanismProperties=<hidden>}, transportSettings=null, commandListeners=[], codecRegistry=ProvidersCodecRegistry{codecProviders=[ValueCodecProvider{}, BsonValueCodecProvider{}, DBRefCodecProvider{}, DBObjectCodecProvider{}, DocumentCodecProvider{}, CollectionCodecProvider{}, IterableCodecProvider{}, MapCodecProvider{}, GeoJsonCodecProvider{}, GridFSFileCodecProvider{}, Jsr310CodecProvider{}, JsonObjectCodecProvider{}, BsonCodecProvider{}, com.mongodb.client.model.mql.ExpressionCodecProvider@27da994b, com.mongodb.Jep395RecordCodecProvider@70f148dc, com.mongodb.KotlinCodecProvider@3360283, EnumCodecProvider{}]}, loggerSettings=LoggerSettings{maxDocumentLength=1000}, clusterSettings={hosts=[127.0.0.1:27017], srvHost=cluster0.en0pykp.mongodb.net, srvServiceName=mongodb, mode=MULTIPLE, requiredClusterType=REPLICA_SET, requiredReplicaSetName='atlas-zt48hn-shard-0', serverSelector='null', clusterListeners='[]', serverSelectionTimeout='30000 ms', localThreshold='15 ms'}, socketSettings=SocketSettings{connectTimeoutMS=10000, readTimeoutMS=0, receiveBufferSize=0, proxySettings=ProxySettings{host=null, port=null, username=null, password=null}}, heartbeatSocketSettings=SocketSettings{connectTimeoutMS=10000, readTimeoutMS=10000, receiveBufferSize=0, proxySettings=ProxySettings{host=null, port=null, username=null, password=null}}, connectionPoolSettings=ConnectionPoolSettings{maxSize=100, minSize=0, maxWaitTimeMS=120000, maxConnectionLifeTimeMS=0, maxConnectionIdleTimeMS=0, maintenanceInitialDelayMS=0, maintenanceFrequencyMS=60000, connectionPoolListeners=[], maxConnecting=2}, serverSettings=ServerSettings{heartbeatFrequencyMS=10000, minHeartbeatFrequencyMS=500, serverMonitoringMode=AUTO, serverListeners='[]', serverMonitorListeners='[]'}, sslSettings=SslSettings{enabled=true, invalidHostNameAllowed=false, context=null}, applicationName='null', compressorList=[], uuidRepresentation=UNSPECIFIED, serverApi=null, autoEncryptionSettings=null, dnsClient=null, inetAddressResolver=null, contextProvider=null, timeoutMS=null}
2026-03-23 13:00:58 [cluster-ClusterId{value='69c0ec323d20a9a37a4a1d98', description='null'}-srv-cluster0.en0pykp.mongodb.net] INFO  org.mongodb.driver.cluster - Adding discovered server ac-aoerbz6-shard-00-01.en0pykp.mongodb.net:27017 to client view of cluster
2026-03-23 13:00:58 [cluster-ClusterId{value='69c0ec323d20a9a37a4a1d98', description='null'}-srv-cluster0.en0pykp.mongodb.net] INFO  org.mongodb.driver.cluster - Adding discovered server ac-aoerbz6-shard-00-00.en0pykp.mongodb.net:27017 to client view of cluster
2026-03-23 13:00:58 [cluster-ClusterId{value='69c0ec323d20a9a37a4a1d98', description='null'}-srv-cluster0.en0pykp.mongodb.net] INFO  org.mongodb.driver.cluster - Adding discovered server ac-aoerbz6-shard-00-02.en0pykp.mongodb.net:27017 to client view of cluster
2026-03-23 13:00:58 [cluster-ClusterId{value='69c0ec323d20a9a37a4a1d98', description='null'}-ac-aoerbz6-shard-00-02.en0pykp.mongodb.net:27017] INFO  org.mongodb.driver.cluster - Exception in monitor thread while connecting to server ac-aoerbz6-shard-00-02.en0pykp.mongodb.net:27017
com.mongodb.MongoSocketWriteException: Exception sending message
	at com.mongodb.internal.connection.InternalStreamConnection.throwTranslatedWriteException(InternalStreamConnection.java:785)
	at com.mongodb.internal.connection.InternalStreamConnection.sendMessage(InternalStreamConnection.java:670)
	at com.mongodb.internal.connection.InternalStreamConnection.trySendMessage(InternalStreamConnection.java:507)
	at com.mongodb.internal.connection.InternalStreamConnection.sendCommandMessage(InternalStreamConnection.java:482)
	at com.mongodb.internal.connection.InternalStreamConnection.sendAndReceiveInternal(InternalStreamConnection.java:440)
	at com.mongodb.internal.connection.InternalStreamConnection.lambda$sendAndReceive$0(InternalStreamConnection.java:375)
	at com.mongodb.internal.connection.InternalStreamConnection.sendAndReceive(InternalStreamConnection.java:378)
	at com.mongodb.internal.connection.CommandHelper.sendAndReceive(CommandHelper.java:98)
	at com.mongodb.internal.connection.CommandHelper.executeCommand(CommandHelper.java:47)
	at com.mongodb.internal.connection.InternalStreamConnectionInitializer.initializeConnectionDescription(InternalStreamConnectionInitializer.java:144)
	at com.mongodb.internal.connection.InternalStreamConnectionInitializer.startHandshake(InternalStreamConnectionInitializer.java:78)
	at com.mongodb.internal.connection.InternalStreamConnection.open(InternalStreamConnection.java:235)
	at com.mongodb.internal.connection.DefaultServerMonitor$ServerMonitor.setupNewConnectionAndGetInitialDescription(DefaultServerMonitor.java:282)
	at com.mongodb.internal.connection.DefaultServerMonitor$ServerMonitor.lookupServerDescription(DefaultServerMonitor.java:253)
	at com.mongodb.internal.connection.DefaultServerMonitor$ServerMonitor.run(DefaultServerMonitor.java:203)
Caused by: javax.net.ssl.SSLException: Received fatal alert: internal_error
	at java.base/sun.security.ssl.Alert.createSSLException(Alert.java:132)
	at java.base/sun.security.ssl.Alert.createSSLException(Alert.java:117)
	at java.base/sun.security.ssl.TransportContext.fatal(TransportContext.java:370)
	at java.base/sun.security.ssl.Alert$AlertConsumer.consume(Alert.java:287)
	at java.base/sun.security.ssl.TransportContext.dispatch(TransportContext.java:209)
	at java.base/sun.security.ssl.SSLTransport.decode(SSLTransport.java:172)
	at java.base/sun.security.ssl.SSLSocketImpl.decode(SSLSocketImpl.java:1506)
	at java.base/sun.security.ssl.SSLSocketImpl.readHandshakeRecord(SSLSocketImpl.java:1421)
	at java.base/sun.security.ssl.SSLSocketImpl.startHandshake(SSLSocketImpl.java:455)
	at java.base/sun.security.ssl.SSLSocketImpl.ensureNegotiated(SSLSocketImpl.java:922)
	at java.base/sun.security.ssl.SSLSocketImpl$AppOutputStream.write(SSLSocketImpl.java:1291)
	at com.mongodb.internal.connection.SocketStream.write(SocketStream.java:165)
	at com.mongodb.internal.connection.InternalStreamConnection.sendMessage(InternalStreamConnection.java:667)
	... 13 common frames omitted
2026-03-23 13:00:58 [cluster-ClusterId{value='69c0ec323d20a9a37a4a1d98', description='null'}-ac-aoerbz6-shard-00-01.en0pykp.mongodb.net:27017] INFO  org.mongodb.driver.cluster - Exception in monitor thread while connecting to server ac-aoerbz6-shard-00-01.en0pykp.mongodb.net:27017
com.mongodb.MongoSocketWriteException: Exception sending message
	at com.mongodb.internal.connection.InternalStreamConnection.throwTranslatedWriteException(InternalStreamConnection.java:785)
	at com.mongodb.internal.connection.InternalStreamConnection.sendMessage(InternalStreamConnection.java:670)
	at com.mongodb.internal.connection.InternalStreamConnection.trySendMessage(InternalStreamConnection.java:507)
	at com.mongodb.internal.connection.InternalStreamConnection.sendCommandMessage(InternalStreamConnection.java:482)
	at com.mongodb.internal.connection.InternalStreamConnection.sendAndReceiveInternal(InternalStreamConnection.java:440)
	at com.mongodb.internal.connection.InternalStreamConnection.lambda$sendAndReceive$0(InternalStreamConnection.java:375)
	at com.mongodb.internal.connection.InternalStreamConnection.sendAndReceive(InternalStreamConnection.java:378)
	at com.mongodb.internal.connection.CommandHelper.sendAndReceive(CommandHelper.java:98)
	at com.mongodb.internal.connection.CommandHelper.executeCommand(CommandHelper.java:47)
	at com.mongodb.internal.connection.InternalStreamConnectionInitializer.initializeConnectionDescription(InternalStreamConnectionInitializer.java:144)
	at com.mongodb.internal.connection.InternalStreamConnectionInitializer.startHandshake(InternalStreamConnectionInitializer.java:78)
	at com.mongodb.internal.connection.InternalStreamConnection.open(InternalStreamConnection.java:235)
	at com.mongodb.internal.connection.DefaultServerMonitor$ServerMonitor.setupNewConnectionAndGetInitialDescription(DefaultServerMonitor.java:282)
	at com.mongodb.internal.connection.DefaultServerMonitor$ServerMonitor.lookupServerDescription(DefaultServerMonitor.java:253)
	at com.mongodb.internal.connection.DefaultServerMonitor$ServerMonitor.run(DefaultServerMonitor.java:203)
Caused by: javax.net.ssl.SSLException: Received fatal alert: internal_error
	at java.base/sun.security.ssl.Alert.createSSLException(Alert.java:132)
	at java.base/sun.security.ssl.Alert.createSSLException(Alert.java:117)
	at java.base/sun.security.ssl.TransportContext.fatal(TransportContext.java:370)
	at java.base/sun.security.ssl.Alert$AlertConsumer.consume(Alert.java:287)
	at java.base/sun.security.ssl.TransportContext.dispatch(TransportContext.java:209)
	at java.base/sun.security.ssl.SSLTransport.decode(SSLTransport.java:172)
	at java.base/sun.security.ssl.SSLSocketImpl.decode(SSLSocketImpl.java:1506)
	at java.base/sun.security.ssl.SSLSocketImpl.readHandshakeRecord(SSLSocketImpl.java:1421)
	at java.base/sun.security.ssl.SSLSocketImpl.startHandshake(SSLSocketImpl.java:455)
	at java.base/sun.security.ssl.SSLSocketImpl.ensureNegotiated(SSLSocketImpl.java:922)
	at java.base/sun.security.ssl.SSLSocketImpl$AppOutputStream.write(SSLSocketImpl.java:1291)
	at com.mongodb.internal.connection.SocketStream.write(SocketStream.java:165)
	at com.mongodb.internal.connection.InternalStreamConnection.sendMessage(InternalStreamConnection.java:667)
	... 13 common frames omitted
2026-03-23 13:00:58 [cluster-ClusterId{value='69c0ec323d20a9a37a4a1d98', description='null'}-ac-aoerbz6-shard-00-00.en0pykp.mongodb.net:27017] INFO  org.mongodb.driver.cluster - Exception in monitor thread while connecting to server ac-aoerbz6-shard-00-00.en0pykp.mongodb.net:27017
com.mongodb.MongoSocketWriteException: Exception sending message
	at com.mongodb.internal.connection.InternalStreamConnection.throwTranslatedWriteException(InternalStreamConnection.java:785)
	at com.mongodb.internal.connection.InternalStreamConnection.sendMessage(InternalStreamConnection.java:670)
	at com.mongodb.internal.connection.InternalStreamConnection.trySendMessage(InternalStreamConnection.java:507)
	at com.mongodb.internal.connection.InternalStreamConnection.sendCommandMessage(InternalStreamConnection.java:482)
	at com.mongodb.internal.connection.InternalStreamConnection.sendAndReceiveInternal(InternalStreamConnection.java:440)
	at com.mongodb.internal.connection.InternalStreamConnection.lambda$sendAndReceive$0(InternalStreamConnection.java:375)
	at com.mongodb.internal.connection.InternalStreamConnection.sendAndReceive(InternalStreamConnection.java:378)
	at com.mongodb.internal.connection.CommandHelper.sendAndReceive(CommandHelper.java:98)
	at com.mongodb.internal.connection.CommandHelper.executeCommand(CommandHelper.java:47)
	at com.mongodb.internal.connection.InternalStreamConnectionInitializer.initializeConnectionDescription(InternalStreamConnectionInitializer.java:144)
	at com.mongodb.internal.connection.InternalStreamConnectionInitializer.startHandshake(InternalStreamConnectionInitializer.java:78)
	at com.mongodb.internal.connection.InternalStreamConnection.open(InternalStreamConnection.java:235)
	at com.mongodb.internal.connection.DefaultServerMonitor$ServerMonitor.setupNewConnectionAndGetInitialDescription(DefaultServerMonitor.java:282)
	at com.mongodb.internal.connection.DefaultServerMonitor$ServerMonitor.lookupServerDescription(DefaultServerMonitor.java:253)
	at com.mongodb.internal.connection.DefaultServerMonitor$ServerMonitor.run(DefaultServerMonitor.java:203)
Caused by: javax.net.ssl.SSLException: Received fatal alert: internal_error
	at java.base/sun.security.ssl.Alert.createSSLException(Alert.java:132)
	at java.base/sun.security.ssl.Alert.createSSLException(Alert.java:117)
	at java.base/sun.security.ssl.TransportContext.fatal(TransportContext.java:370)
	at java.base/sun.security.ssl.Alert$AlertConsumer.consume(Alert.java:287)
	at java.base/sun.security.ssl.TransportContext.dispatch(TransportContext.java:209)
	at java.base/sun.security.ssl.SSLTransport.decode(SSLTransport.java:172)
	at java.base/sun.security.ssl.SSLSocketImpl.decode(SSLSocketImpl.java:1506)
	at java.base/sun.security.ssl.SSLSocketImpl.readHandshakeRecord(SSLSocketImpl.java:1421)
	at java.base/sun.security.ssl.SSLSocketImpl.startHandshake(SSLSocketImpl.java:455)
	at java.base/sun.security.ssl.SSLSocketImpl.ensureNegotiated(SSLSocketImpl.java:922)
	at java.base/sun.security.ssl.SSLSocketImpl$AppOutputStream.write(SSLSocketImpl.java:1291)
	at com.mongodb.internal.connection.SocketStream.write(SocketStream.java:165)
	at com.mongodb.internal.connection.InternalStreamConnection.sendMessage(InternalStreamConnection.java:667)
	... 13 common frames omitted
2026-03-23 13:00:58 [main] WARN  com.password4j.PropertyReader - bcrypt minor version is not defined. Default value is used (b). Please set property hash.bcrypt.minor in your psw4j.properties file.
2026-03-23 13:00:58 [main] WARN  com.password4j.PropertyReader - bcrypt rounds are not defined. Default value is used (10). Please set property hash.bcrypt.rounds in your psw4j.properties file.
2026-03-23 13:00:58 [main] INFO  org.springframework.security.config.annotation.authentication.configuration.InitializeUserDetailsBeanManagerConfigurer$InitializeUserDetailsManagerConfigurer - Global AuthenticationManager configured with UserDetailsService bean with name userDetailsImpl
2026-03-23 13:00:59 [main] INFO  org.apache.coyote.http11.Http11NioProtocol - Starting ProtocolHandler ["http-nio-8080"]
2026-03-23 13:00:59 [main] INFO  org.springframework.boot.tomcat.TomcatWebServer - Tomcat started on port 8080 (http) with context path '/'
2026-03-23 13:00:59 [main] INFO  com.example.BookingApplication.BookingApplication - Started BookingApplication in 2.729 seconds (process running for 3.198)
2026-03-23 13:00:59 [scheduling-1] INFO  org.mongodb.driver.cluster - Waiting for server to become available for operation find with ID 5. Remaining time: 29995 ms. Selector: ReadPreferenceServerSelector{readPreference=primary}, topology description: {type=REPLICA_SET, servers=[{address=ac-aoerbz6-shard-00-00.en0pykp.mongodb.net:27017, type=UNKNOWN, state=CONNECTING, exception={com.mongodb.MongoSocketWriteException: Exception sending message}, caused by {javax.net.ssl.SSLException: Received fatal alert: internal_error}}, {address=ac-aoerbz6-shard-00-02.en0pykp.mongodb.net:27017, type=UNKNOWN, state=CONNECTING, exception={com.mongodb.MongoSocketWriteException: Exception sending message}, caused by {javax.net.ssl.SSLException: Received fatal alert: internal_error}}, {address=ac-aoerbz6-shard-00-01.en0pykp.mongodb.net:27017, type=UNKNOWN, state=CONNECTING, exception={com.mongodb.MongoSocketWriteException: Exception sending message}, caused by {javax.net.ssl.SSLException: Received fatal alert: internal_error}}].
2026-03-23 13:01:29 [scheduling-1] ERROR org.springframework.scheduling.support.TaskUtils$LoggingErrorHandler - Unexpected error occurred in scheduled task
org.springframework.dao.DataAccessResourceFailureException: Timed out while waiting for a server that matches ReadPreferenceServerSelector{readPreference=primary}. Client view of cluster state is {type=REPLICA_SET, servers=[{address=ac-aoerbz6-shard-00-00.en0pykp.mongodb.net:27017, type=UNKNOWN, state=CONNECTING, exception={com.mongodb.MongoSocketWriteException: Exception sending message}, caused by {javax.net.ssl.SSLException: Received fatal alert: internal_error}}, {address=ac-aoerbz6-shard-00-02.en0pykp.mongodb.net:27017, type=UNKNOWN, state=CONNECTING, exception={com.mongodb.MongoSocketWriteException: Exception sending message}, caused by {javax.net.ssl.SSLException: Received fatal alert: internal_error}}, {address=ac-aoerbz6-shard-00-01.en0pykp.mongodb.net:27017, type=UNKNOWN, state=CONNECTING, exception={com.mongodb.MongoSocketWriteException: Exception sending message}, caused by {javax.net.ssl.SSLException: Received fatal alert: internal_error}}]
	at org.springframework.data.mongodb.core.MongoExceptionTranslator.doTranslateException(MongoExceptionTranslator.java:96)
	at org.springframework.data.mongodb.core.MongoExceptionTranslator.translateExceptionIfPossible(MongoExceptionTranslator.java:72)
	at org.springframework.data.mongodb.core.MongoTemplate.potentiallyConvertRuntimeException(MongoTemplate.java:3170)
	at org.springframework.data.mongodb.core.MongoTemplate.executeFindMultiInternal(MongoTemplate.java:3081)
	at org.springframework.data.mongodb.core.MongoTemplate.doFind(MongoTemplate.java:2739)
	at org.springframework.data.mongodb.core.MongoTemplate.doFind(MongoTemplate.java:2715)
	at org.springframework.data.mongodb.core.MongoTemplate.find(MongoTemplate.java:920)
	at org.springframework.data.mongodb.core.MongoTemplate.find(MongoTemplate.java:910)
	at com.example.BookingApplication.Repositories.StudioQuery.ScheduleCancelled(StudioQuery.java:42)
	at java.base/jdk.internal.reflect.DirectMethodHandleAccessor.invoke(DirectMethodHandleAccessor.java:103)
	at java.base/java.lang.reflect.Method.invoke(Method.java:580)
	at org.springframework.scheduling.support.ScheduledMethodRunnable.runInternal(ScheduledMethodRunnable.java:128)
	at org.springframework.scheduling.support.ScheduledMethodRunnable.lambda$run$1(ScheduledMethodRunnable.java:122)
	at io.micrometer.observation.Observation.observe(Observation.java:569)
	at org.springframework.scheduling.support.ScheduledMethodRunnable.run(ScheduledMethodRunnable.java:122)
	at org.springframework.scheduling.config.Task$OutcomeTrackingRunnable.run(Task.java:88)
	at org.springframework.scheduling.support.DelegatingErrorHandlingRunnable.run(DelegatingErrorHandlingRunnable.java:54)
	at java.base/java.util.concurrent.Executors$RunnableAdapter.call(Executors.java:572)
	at java.base/java.util.concurrent.FutureTask.runAndReset(FutureTask.java:358)
	at java.base/java.util.concurrent.ScheduledThreadPoolExecutor$ScheduledFutureTask.run(ScheduledThreadPoolExecutor.java:305)
	at java.base/java.util.concurrent.ThreadPoolExecutor.runWorker(ThreadPoolExecutor.java:1144)
	at java.base/java.util.concurrent.ThreadPoolExecutor$Worker.run(ThreadPoolExecutor.java:642)
	at java.base/java.lang.Thread.run(Thread.java:1583)
Caused by: com.mongodb.MongoTimeoutException: Timed out while waiting for a server that matches ReadPreferenceServerSelector{readPreference=primary}. Client view of cluster state is {type=REPLICA_SET, servers=[{address=ac-aoerbz6-shard-00-00.en0pykp.mongodb.net:27017, type=UNKNOWN, state=CONNECTING, exception={com.mongodb.MongoSocketWriteException: Exception sending message}, caused by {javax.net.ssl.SSLException: Received fatal alert: internal_error}}, {address=ac-aoerbz6-shard-00-02.en0pykp.mongodb.net:27017, type=UNKNOWN, state=CONNECTING, exception={com.mongodb.MongoSocketWriteException: Exception sending message}, caused by {javax.net.ssl.SSLException: Received fatal alert: internal_error}}, {address=ac-aoerbz6-shard-00-01.en0pykp.mongodb.net:27017, type=UNKNOWN, state=CONNECTING, exception={com.mongodb.MongoSocketWriteException: Exception sending message}, caused by {javax.net.ssl.SSLException: Received fatal alert: internal_error}}]
	at com.mongodb.internal.connection.BaseCluster.logAndThrowTimeoutException(BaseCluster.java:431)
	at com.mongodb.internal.connection.BaseCluster.lambda$selectServer$0(BaseCluster.java:166)
	at com.mongodb.internal.time.Timeout.lambda$onExistsAndExpired$16(Timeout.java:238)
	at com.mongodb.internal.time.Timeout.lambda$run$10(Timeout.java:203)
	at com.mongodb.internal.time.TimePoint.checkedCall(TimePoint.java:99)
	at com.mongodb.internal.time.Timeout.call(Timeout.java:176)
	at com.mongodb.internal.time.Timeout.run(Timeout.java:196)
	at com.mongodb.internal.time.Timeout.onExistsAndExpired(Timeout.java:235)
	at com.mongodb.internal.time.Timeout.onExpired(Timeout.java:228)
	at com.mongodb.internal.connection.BaseCluster.selectServer(BaseCluster.java:165)
	at com.mongodb.internal.connection.AbstractMultiServerCluster.selectServer(AbstractMultiServerCluster.java:60)
	at com.mongodb.internal.binding.ClusterBinding.getReadConnectionSource(ClusterBinding.java:82)
	at com.mongodb.client.internal.ClientSessionBinding.getConnectionSource(ClientSessionBinding.java:108)
	at com.mongodb.client.internal.ClientSessionBinding.getReadConnectionSource(ClientSessionBinding.java:88)
	at com.mongodb.internal.operation.SyncOperationHelper.withSuppliedResource(SyncOperationHelper.java:148)
	at com.mongodb.internal.operation.SyncOperationHelper.withSourceAndConnection(SyncOperationHelper.java:129)
	at com.mongodb.internal.operation.FindOperation.lambda$execute$2(FindOperation.java:302)
	at com.mongodb.internal.operation.SyncOperationHelper.lambda$decorateReadWithRetries$13(SyncOperationHelper.java:317)
	at com.mongodb.internal.async.function.RetryingSyncSupplier.get(RetryingSyncSupplier.java:67)
	at com.mongodb.internal.operation.FindOperation.execute(FindOperation.java:313)
	at com.mongodb.internal.operation.FindOperation.execute(FindOperation.java:70)
	at com.mongodb.client.internal.MongoClusterImpl$OperationExecutorImpl.execute(MongoClusterImpl.java:426)
	at com.mongodb.client.internal.MongoIterableImpl.execute(MongoIterableImpl.java:156)
	at com.mongodb.client.internal.MongoIterableImpl.iterator(MongoIterableImpl.java:116)
	at org.springframework.data.mongodb.core.MongoTemplate.executeFindMultiInternal(MongoTemplate.java:3068)
	... 19 common frames omitted
2026-03-23 13:01:57 [SpringApplicationShutdownHook] INFO  org.springframework.boot.tomcat.GracefulShutdown - Commencing graceful shutdown. Waiting for active requests to complete
2026-03-23 13:01:57 [tomcat-shutdown] INFO  org.springframework.boot.tomcat.GracefulShutdown - Graceful shutdown complete
2026-03-23 13:01:59 [main] INFO  com.example.BookingApplication.BookingApplication - Starting BookingApplication using Java 21.0.7 with PID 7676 (C:\Users\ADMIN\Downloads\BookingApplication\BookingApplication\target\classes started by ADMIN in C:\Users\ADMIN\Downloads\BookingApplication)
2026-03-23 13:01:59 [main] INFO  com.example.BookingApplication.BookingApplication - No active profile set, falling back to 1 default profile: "default"
2026-03-23 13:02:00 [main] INFO  org.springframework.data.repository.config.RepositoryConfigurationDelegate - Multiple Spring Data modules found, entering strict repository configuration mode
2026-03-23 13:02:00 [main] INFO  org.springframework.data.repository.config.RepositoryConfigurationDelegate - Bootstrapping Spring Data MongoDB repositories in DEFAULT mode.
2026-03-23 13:02:00 [main] INFO  org.springframework.data.repository.config.RepositoryConfigurationDelegate - Finished Spring Data repository scanning in 76 ms. Found 3 MongoDB repository interfaces.
2026-03-23 13:02:00 [main] INFO  org.springframework.data.repository.config.RepositoryConfigurationDelegate - Multiple Spring Data modules found, entering strict repository configuration mode
2026-03-23 13:02:00 [main] INFO  org.springframework.data.repository.config.RepositoryConfigurationDelegate - Bootstrapping Spring Data Redis repositories in DEFAULT mode.
2026-03-23 13:02:00 [main] INFO  org.springframework.data.repository.config.RepositoryConfigurationExtensionSupport - Spring Data Redis - Could not safely identify store assignment for repository candidate interface com.example.BookingApplication.Repositories.BookingsRepository; If you want this repository to be a Redis repository, consider annotating your entities with one of these annotations: org.springframework.data.redis.core.RedisHash (preferred), or consider extending one of the following types with your repository: org.springframework.data.keyvalue.repository.KeyValueRepository
2026-03-23 13:02:00 [main] INFO  org.springframework.data.repository.config.RepositoryConfigurationExtensionSupport - Spring Data Redis - Could not safely identify store assignment for repository candidate interface com.example.BookingApplication.Repositories.StudioRepository; If you want this repository to be a Redis repository, consider annotating your entities with one of these annotations: org.springframework.data.redis.core.RedisHash (preferred), or consider extending one of the following types with your repository: org.springframework.data.keyvalue.repository.KeyValueRepository
2026-03-23 13:02:00 [main] INFO  org.springframework.data.repository.config.RepositoryConfigurationExtensionSupport - Spring Data Redis - Could not safely identify store assignment for repository candidate interface com.example.BookingApplication.Repositories.UserRepository; If you want this repository to be a Redis repository, consider annotating your entities with one of these annotations: org.springframework.data.redis.core.RedisHash (preferred), or consider extending one of the following types with your repository: org.springframework.data.keyvalue.repository.KeyValueRepository
2026-03-23 13:02:00 [main] INFO  org.springframework.data.repository.config.RepositoryConfigurationDelegate - Finished Spring Data repository scanning in 5 ms. Found 0 Redis repository interfaces.
2026-03-23 13:02:00 [main] INFO  org.springframework.boot.tomcat.TomcatWebServer - Tomcat initialized with port 8080 (http)
2026-03-23 13:02:00 [main] INFO  org.apache.coyote.http11.Http11NioProtocol - Initializing ProtocolHandler ["http-nio-8080"]
2026-03-23 13:02:00 [main] INFO  org.apache.catalina.core.StandardService - Starting service [Tomcat]
2026-03-23 13:02:00 [main] INFO  org.apache.catalina.core.StandardEngine - Starting Servlet engine: [Apache Tomcat/11.0.18]
2026-03-23 13:02:00 [main] INFO  org.springframework.boot.web.context.servlet.WebApplicationContextInitializer - Root WebApplicationContext: initialization completed in 1037 ms
2026-03-23 13:02:00 [main] INFO  org.mongodb.driver.client - MongoClient with metadata {"driver": {"name": "mongo-java-driver|spring-boot|sync", "version": "5.6.4"}, "os": {"type": "Windows", "name": "Windows 11", "architecture": "amd64", "version": "10.0"}, "platform": "Java/Oracle Corporation/21.0.7+8-LTS-245"} created with settings MongoClientSettings{readPreference=primary, writeConcern=WriteConcern{w=majority, wTimeout=null ms, journal=null}, retryWrites=true, retryReads=true, readConcern=ReadConcern{level=null}, credential=MongoCredential{mechanism=null, userName='root', source='admin', password=<hidden>, mechanismProperties=<hidden>}, transportSettings=null, commandListeners=[], codecRegistry=ProvidersCodecRegistry{codecProviders=[ValueCodecProvider{}, BsonValueCodecProvider{}, DBRefCodecProvider{}, DBObjectCodecProvider{}, DocumentCodecProvider{}, CollectionCodecProvider{}, IterableCodecProvider{}, MapCodecProvider{}, GeoJsonCodecProvider{}, GridFSFileCodecProvider{}, Jsr310CodecProvider{}, JsonObjectCodecProvider{}, BsonCodecProvider{}, com.mongodb.client.model.mql.ExpressionCodecProvider@27da994b, com.mongodb.Jep395RecordCodecProvider@70f148dc, com.mongodb.KotlinCodecProvider@3360283, EnumCodecProvider{}]}, loggerSettings=LoggerSettings{maxDocumentLength=1000}, clusterSettings={hosts=[127.0.0.1:27017], srvHost=cluster0.en0pykp.mongodb.net, srvServiceName=mongodb, mode=MULTIPLE, requiredClusterType=REPLICA_SET, requiredReplicaSetName='atlas-zt48hn-shard-0', serverSelector='null', clusterListeners='[]', serverSelectionTimeout='30000 ms', localThreshold='15 ms'}, socketSettings=SocketSettings{connectTimeoutMS=10000, readTimeoutMS=0, receiveBufferSize=0, proxySettings=ProxySettings{host=null, port=null, username=null, password=null}}, heartbeatSocketSettings=SocketSettings{connectTimeoutMS=10000, readTimeoutMS=10000, receiveBufferSize=0, proxySettings=ProxySettings{host=null, port=null, username=null, password=null}}, connectionPoolSettings=ConnectionPoolSettings{maxSize=100, minSize=0, maxWaitTimeMS=120000, maxConnectionLifeTimeMS=0, maxConnectionIdleTimeMS=0, maintenanceInitialDelayMS=0, maintenanceFrequencyMS=60000, connectionPoolListeners=[], maxConnecting=2}, serverSettings=ServerSettings{heartbeatFrequencyMS=10000, minHeartbeatFrequencyMS=500, serverMonitoringMode=AUTO, serverListeners='[]', serverMonitorListeners='[]'}, sslSettings=SslSettings{enabled=true, invalidHostNameAllowed=false, context=null}, applicationName='null', compressorList=[], uuidRepresentation=UNSPECIFIED, serverApi=null, autoEncryptionSettings=null, dnsClient=null, inetAddressResolver=null, contextProvider=null, timeoutMS=null}
2026-03-23 13:02:00 [cluster-ClusterId{value='69c0ec709c6894cb61123b7b', description='null'}-srv-cluster0.en0pykp.mongodb.net] INFO  org.mongodb.driver.cluster - Adding discovered server ac-aoerbz6-shard-00-01.en0pykp.mongodb.net:27017 to client view of cluster
2026-03-23 13:02:00 [cluster-ClusterId{value='69c0ec709c6894cb61123b7b', description='null'}-srv-cluster0.en0pykp.mongodb.net] INFO  org.mongodb.driver.cluster - Adding discovered server ac-aoerbz6-shard-00-00.en0pykp.mongodb.net:27017 to client view of cluster
2026-03-23 13:02:00 [cluster-ClusterId{value='69c0ec709c6894cb61123b7b', description='null'}-srv-cluster0.en0pykp.mongodb.net] INFO  org.mongodb.driver.cluster - Adding discovered server ac-aoerbz6-shard-00-02.en0pykp.mongodb.net:27017 to client view of cluster
2026-03-23 13:02:01 [cluster-ClusterId{value='69c0ec709c6894cb61123b7b', description='null'}-ac-aoerbz6-shard-00-01.en0pykp.mongodb.net:27017] INFO  org.mongodb.driver.cluster - Monitor thread successfully connected to server with description ServerDescription{address=ac-aoerbz6-shard-00-01.en0pykp.mongodb.net:27017, type=REPLICA_SET_SECONDARY, cryptd=false, state=CONNECTED, ok=true, minWireVersion=0, maxWireVersion=25, maxDocumentSize=16777216, logicalSessionTimeoutMinutes=30, roundTripTimeNanos=258494200, minRoundTripTimeNanos=0, setName='atlas-zt48hn-shard-0', canonicalAddress=ac-aoerbz6-shard-00-01.en0pykp.mongodb.net:27017, hosts=[ac-aoerbz6-shard-00-01.en0pykp.mongodb.net:27017, ac-aoerbz6-shard-00-00.en0pykp.mongodb.net:27017, ac-aoerbz6-shard-00-02.en0pykp.mongodb.net:27017], passives=[], arbiters=[], primary='ac-aoerbz6-shard-00-02.en0pykp.mongodb.net:27017', tagSet=TagSet{[Tag{name='availabilityZone', value='aps1-az3'}, Tag{name='diskState', value='READY'}, Tag{name='nodeType', value='ELECTABLE'}, Tag{name='provider', value='AWS'}, Tag{name='region', value='AP_SOUTH_1'}, Tag{name='workloadType', value='OPERATIONAL'}]}, electionId=null, setVersion=391, topologyVersion=TopologyVersion{processId=69b85ccb4b84e800f9f6512d, counter=3}, lastWriteDate=Mon Mar 23 13:02:01 IST 2026, lastUpdateTimeNanos=90717150570200}
2026-03-23 13:02:01 [cluster-ClusterId{value='69c0ec709c6894cb61123b7b', description='null'}-ac-aoerbz6-shard-00-00.en0pykp.mongodb.net:27017] INFO  org.mongodb.driver.cluster - Monitor thread successfully connected to server with description ServerDescription{address=ac-aoerbz6-shard-00-00.en0pykp.mongodb.net:27017, type=REPLICA_SET_SECONDARY, cryptd=false, state=CONNECTED, ok=true, minWireVersion=0, maxWireVersion=25, maxDocumentSize=16777216, logicalSessionTimeoutMinutes=30, roundTripTimeNanos=267229100, minRoundTripTimeNanos=0, setName='atlas-zt48hn-shard-0', canonicalAddress=ac-aoerbz6-shard-00-00.en0pykp.mongodb.net:27017, hosts=[ac-aoerbz6-shard-00-01.en0pykp.mongodb.net:27017, ac-aoerbz6-shard-00-00.en0pykp.mongodb.net:27017, ac-aoerbz6-shard-00-02.en0pykp.mongodb.net:27017], passives=[], arbiters=[], primary='ac-aoerbz6-shard-00-02.en0pykp.mongodb.net:27017', tagSet=TagSet{[Tag{name='availabilityZone', value='aps1-az1'}, Tag{name='diskState', value='READY'}, Tag{name='nodeType', value='ELECTABLE'}, Tag{name='provider', value='AWS'}, Tag{name='region', value='AP_SOUTH_1'}, Tag{name='workloadType', value='OPERATIONAL'}]}, electionId=null, setVersion=391, topologyVersion=TopologyVersion{processId=69b855abb14686967b76fdd6, counter=4}, lastWriteDate=Mon Mar 23 13:02:01 IST 2026, lastUpdateTimeNanos=90717150570200}
2026-03-23 13:02:01 [cluster-ClusterId{value='69c0ec709c6894cb61123b7b', description='null'}-ac-aoerbz6-shard-00-02.en0pykp.mongodb.net:27017] INFO  org.mongodb.driver.cluster - Monitor thread successfully connected to server with description ServerDescription{address=ac-aoerbz6-shard-00-02.en0pykp.mongodb.net:27017, type=REPLICA_SET_PRIMARY, cryptd=false, state=CONNECTED, ok=true, minWireVersion=0, maxWireVersion=25, maxDocumentSize=16777216, logicalSessionTimeoutMinutes=30, roundTripTimeNanos=267432400, minRoundTripTimeNanos=0, setName='atlas-zt48hn-shard-0', canonicalAddress=ac-aoerbz6-shard-00-02.en0pykp.mongodb.net:27017, hosts=[ac-aoerbz6-shard-00-01.en0pykp.mongodb.net:27017, ac-aoerbz6-shard-00-00.en0pykp.mongodb.net:27017, ac-aoerbz6-shard-00-02.en0pykp.mongodb.net:27017], passives=[], arbiters=[], primary='ac-aoerbz6-shard-00-02.en0pykp.mongodb.net:27017', tagSet=TagSet{[Tag{name='availabilityZone', value='aps1-az2'}, Tag{name='diskState', value='READY'}, Tag{name='nodeType', value='ELECTABLE'}, Tag{name='provider', value='AWS'}, Tag{name='region', value='AP_SOUTH_1'}, Tag{name='workloadType', value='OPERATIONAL'}]}, electionId=7fffffff0000000000000156, setVersion=391, topologyVersion=TopologyVersion{processId=69b859a89b4f2018f8b26ac6, counter=6}, lastWriteDate=Mon Mar 23 13:02:01 IST 2026, lastUpdateTimeNanos=90717150570200}
2026-03-23 13:02:01 [cluster-ClusterId{value='69c0ec709c6894cb61123b7b', description='null'}-ac-aoerbz6-shard-00-02.en0pykp.mongodb.net:27017] INFO  org.mongodb.driver.cluster - Discovered replica set primary ac-aoerbz6-shard-00-02.en0pykp.mongodb.net:27017 with max election id 7fffffff0000000000000156 and max set version 391
2026-03-23 13:02:01 [main] WARN  com.password4j.PropertyReader - bcrypt minor version is not defined. Default value is used (b). Please set property hash.bcrypt.minor in your psw4j.properties file.
2026-03-23 13:02:01 [main] WARN  com.password4j.PropertyReader - bcrypt rounds are not defined. Default value is used (10). Please set property hash.bcrypt.rounds in your psw4j.properties file.
2026-03-23 13:02:01 [main] INFO  org.springframework.security.config.annotation.authentication.configuration.InitializeUserDetailsBeanManagerConfigurer$InitializeUserDetailsManagerConfigurer - Global AuthenticationManager configured with UserDetailsService bean with name userDetailsImpl
2026-03-23 13:02:01 [main] INFO  org.apache.coyote.http11.Http11NioProtocol - Starting ProtocolHandler ["http-nio-8080"]
2026-03-23 13:02:01 [main] INFO  org.springframework.boot.tomcat.TomcatWebServer - Tomcat started on port 8080 (http) with context path '/'
2026-03-23 13:02:01 [main] INFO  com.example.BookingApplication.BookingApplication - Started BookingApplication in 2.727 seconds (process running for 3.227)
2026-03-23 13:02:16 [http-nio-8080-exec-2] INFO  org.apache.catalina.core.ContainerBase.[Tomcat].[localhost].[/] - Initializing Spring DispatcherServlet 'dispatcherServlet'
2026-03-23 13:02:16 [http-nio-8080-exec-2] INFO  org.springframework.web.servlet.DispatcherServlet - Initializing Servlet 'dispatcherServlet'
2026-03-23 13:02:16 [http-nio-8080-exec-2] INFO  org.springframework.web.servlet.DispatcherServlet - Completed initialization in 1 ms
2026-03-23 13:02:16 [http-nio-8080-exec-2] ERROR org.apache.catalina.core.ContainerBase.[Tomcat].[localhost].[/].[dispatcherServlet] - Servlet.service() for servlet [dispatcherServlet] in context with path [] threw exception
io.jsonwebtoken.ExpiredJwtException: JWT expired 153490629 milliseconds ago at 2026-03-21T12:54:06.000Z. Current time: 2026-03-23T07:32:16.629Z. Allowed clock skew: 0 milliseconds.
	at io.jsonwebtoken.impl.DefaultJwtParser.parse(DefaultJwtParser.java:688)
	at io.jsonwebtoken.impl.DefaultJwtParser.parse(DefaultJwtParser.java:364)
	at io.jsonwebtoken.impl.DefaultJwtParser.parse(DefaultJwtParser.java:94)
	at io.jsonwebtoken.impl.io.AbstractParser.parse(AbstractParser.java:36)
	at io.jsonwebtoken.impl.io.AbstractParser.parse(AbstractParser.java:29)
	at io.jsonwebtoken.impl.DefaultJwtParser.parseSignedClaims(DefaultJwtParser.java:827)
	at com.example.BookingApplication.JwtUtil.Jwtutil.Extractallclaims(Jwtutil.java:49)
	at com.example.BookingApplication.JwtUtil.Jwtutil.Extractusername(Jwtutil.java:53)
	at com.example.BookingApplication.Filter.Filterjwt.doFilterInternal(Filterjwt.java:37)
	at org.springframework.web.filter.OncePerRequestFilter.doFilter(OncePerRequestFilter.java:116)
	at org.springframework.security.web.FilterChainProxy$VirtualFilterChain.doFilter(FilterChainProxy.java:380)
	at org.springframework.security.web.authentication.logout.LogoutFilter.doFilter(LogoutFilter.java:110)
	at org.springframework.security.web.authentication.logout.LogoutFilter.doFilter(LogoutFilter.java:96)
	at org.springframework.security.web.FilterChainProxy$VirtualFilterChain.doFilter(FilterChainProxy.java:380)
	at org.springframework.security.web.header.HeaderWriterFilter.doHeadersAfter(HeaderWriterFilter.java:90)
	at org.springframework.security.web.header.HeaderWriterFilter.doFilterInternal(HeaderWriterFilter.java:75)
	at org.springframework.web.filter.OncePerRequestFilter.doFilter(OncePerRequestFilter.java:116)
	at org.springframework.security.web.FilterChainProxy$VirtualFilterChain.doFilter(FilterChainProxy.java:380)
	at org.springframework.security.web.context.SecurityContextHolderFilter.doFilter(SecurityContextHolderFilter.java:82)
	at org.springframework.security.web.context.SecurityContextHolderFilter.doFilter(SecurityContextHolderFilter.java:69)
	at org.springframework.security.web.FilterChainProxy$VirtualFilterChain.doFilter(FilterChainProxy.java:380)
	at org.springframework.security.web.context.request.async.WebAsyncManagerIntegrationFilter.doFilterInternal(WebAsyncManagerIntegrationFilter.java:62)
	at org.springframework.web.filter.OncePerRequestFilter.doFilter(OncePerRequestFilter.java:116)
	at org.springframework.security.web.FilterChainProxy$VirtualFilterChain.doFilter(FilterChainProxy.java:380)
	at org.springframework.security.web.session.DisableEncodeUrlFilter.doFilterInternal(DisableEncodeUrlFilter.java:42)
	at org.springframework.web.filter.OncePerRequestFilter.doFilter(OncePerRequestFilter.java:116)
	at org.springframework.security.web.FilterChainProxy$VirtualFilterChain.doFilter(FilterChainProxy.java:380)
	at org.springframework.security.web.FilterChainProxy.doFilterInternal(FilterChainProxy.java:237)
	at org.springframework.security.web.FilterChainProxy.doFilter(FilterChainProxy.java:195)
	at org.springframework.web.filter.CompositeFilter$VirtualFilterChain.doFilter(CompositeFilter.java:113)
	at org.springframework.web.filter.ServletRequestPathFilter.doFilter(ServletRequestPathFilter.java:52)
	at org.springframework.web.filter.CompositeFilter$VirtualFilterChain.doFilter(CompositeFilter.java:113)
	at org.springframework.web.filter.CompositeFilter.doFilter(CompositeFilter.java:74)
	at org.springframework.security.config.annotation.web.configuration.WebSecurityConfiguration$CompositeFilterChainProxy.doFilter(WebSecurityConfiguration.java:317)
	at org.springframework.web.filter.DelegatingFilterProxy.invokeDelegate(DelegatingFilterProxy.java:355)
	at org.springframework.web.filter.DelegatingFilterProxy.doFilter(DelegatingFilterProxy.java:272)
	at org.apache.catalina.core.ApplicationFilterChain.doFilter(ApplicationFilterChain.java:107)
	at org.springframework.web.filter.RequestContextFilter.doFilterInternal(RequestContextFilter.java:100)
	at org.springframework.web.filter.OncePerRequestFilter.doFilter(OncePerRequestFilter.java:116)
	at org.apache.catalina.core.ApplicationFilterChain.doFilter(ApplicationFilterChain.java:107)
	at org.springframework.web.filter.FormContentFilter.doFilterInternal(FormContentFilter.java:93)
	at org.springframework.web.filter.OncePerRequestFilter.doFilter(OncePerRequestFilter.java:116)
	at org.apache.catalina.core.ApplicationFilterChain.doFilter(ApplicationFilterChain.java:107)
	at org.springframework.web.filter.CharacterEncodingFilter.doFilterInternal(CharacterEncodingFilter.java:199)
	at org.springframework.web.filter.OncePerRequestFilter.doFilter(OncePerRequestFilter.java:116)
	at org.apache.catalina.core.ApplicationFilterChain.doFilter(ApplicationFilterChain.java:107)
	at org.apache.catalina.core.StandardWrapperValve.invoke(StandardWrapperValve.java:165)
	at org.apache.catalina.core.StandardContextValve.invoke(StandardContextValve.java:77)
	at org.apache.catalina.authenticator.AuthenticatorBase.invoke(AuthenticatorBase.java:492)
	at org.apache.catalina.core.StandardHostValve.invoke(StandardHostValve.java:113)
	at org.apache.catalina.valves.ErrorReportValve.invoke(ErrorReportValve.java:83)
	at org.apache.catalina.core.StandardEngineValve.invoke(StandardEngineValve.java:72)
	at org.apache.catalina.connector.CoyoteAdapter.service(CoyoteAdapter.java:341)
	at org.apache.coyote.http11.Http11Processor.service(Http11Processor.java:397)
	at org.apache.coyote.AbstractProcessorLight.process(AbstractProcessorLight.java:63)
	at org.apache.coyote.AbstractProtocol$ConnectionHandler.process(AbstractProtocol.java:903)
	at org.apache.tomcat.util.net.NioEndpoint$SocketProcessor.doRun(NioEndpoint.java:1779)
	at org.apache.tomcat.util.net.SocketProcessorBase.run(SocketProcessorBase.java:52)
	at org.apache.tomcat.util.threads.ThreadPoolExecutor.runWorker(ThreadPoolExecutor.java:946)
	at org.apache.tomcat.util.threads.ThreadPoolExecutor$Worker.run(ThreadPoolExecutor.java:480)
	at org.apache.tomcat.util.threads.TaskThread$WrappingRunnable.run(TaskThread.java:57)
	at java.base/java.lang.Thread.run(Thread.java:1583)
2026-03-23 13:21:34 [SpringApplicationShutdownHook] INFO  org.springframework.boot.tomcat.GracefulShutdown - Commencing graceful shutdown. Waiting for active requests to complete
2026-03-23 13:21:34 [tomcat-shutdown] INFO  org.springframework.boot.tomcat.GracefulShutdown - Graceful shutdown complete
2026-03-23 13:21:37 [main] INFO  com.example.BookingApplication.BookingApplication - Starting BookingApplication using Java 21.0.7 with PID 37856 (C:\Users\ADMIN\Downloads\BookingApplication\BookingApplication\target\classes started by ADMIN in C:\Users\ADMIN\Downloads\BookingApplication)
2026-03-23 13:21:37 [main] INFO  com.example.BookingApplication.BookingApplication - No active profile set, falling back to 1 default profile: "default"
2026-03-23 13:21:37 [main] INFO  org.springframework.data.repository.config.RepositoryConfigurationDelegate - Multiple Spring Data modules found, entering strict repository configuration mode
2026-03-23 13:21:37 [main] INFO  org.springframework.data.repository.config.RepositoryConfigurationDelegate - Bootstrapping Spring Data MongoDB repositories in DEFAULT mode.
2026-03-23 13:21:38 [main] INFO  org.springframework.data.repository.config.RepositoryConfigurationDelegate - Finished Spring Data repository scanning in 113 ms. Found 3 MongoDB repository interfaces.
2026-03-23 13:21:38 [main] INFO  org.springframework.data.repository.config.RepositoryConfigurationDelegate - Multiple Spring Data modules found, entering strict repository configuration mode
2026-03-23 13:21:38 [main] INFO  org.springframework.data.repository.config.RepositoryConfigurationDelegate - Bootstrapping Spring Data Redis repositories in DEFAULT mode.
2026-03-23 13:21:38 [main] INFO  org.springframework.data.repository.config.RepositoryConfigurationExtensionSupport - Spring Data Redis - Could not safely identify store assignment for repository candidate interface com.example.BookingApplication.Repositories.BookingsRepository; If you want this repository to be a Redis repository, consider annotating your entities with one of these annotations: org.springframework.data.redis.core.RedisHash (preferred), or consider extending one of the following types with your repository: org.springframework.data.keyvalue.repository.KeyValueRepository
2026-03-23 13:21:38 [main] INFO  org.springframework.data.repository.config.RepositoryConfigurationExtensionSupport - Spring Data Redis - Could not safely identify store assignment for repository candidate interface com.example.BookingApplication.Repositories.StudioRepository; If you want this repository to be a Redis repository, consider annotating your entities with one of these annotations: org.springframework.data.redis.core.RedisHash (preferred), or consider extending one of the following types with your repository: org.springframework.data.keyvalue.repository.KeyValueRepository
2026-03-23 13:21:38 [main] INFO  org.springframework.data.repository.config.RepositoryConfigurationExtensionSupport - Spring Data Redis - Could not safely identify store assignment for repository candidate interface com.example.BookingApplication.Repositories.UserRepository; If you want this repository to be a Redis repository, consider annotating your entities with one of these annotations: org.springframework.data.redis.core.RedisHash (preferred), or consider extending one of the following types with your repository: org.springframework.data.keyvalue.repository.KeyValueRepository
2026-03-23 13:21:38 [main] INFO  org.springframework.data.repository.config.RepositoryConfigurationDelegate - Finished Spring Data repository scanning in 6 ms. Found 0 Redis repository interfaces.
2026-03-23 13:21:38 [main] INFO  org.springframework.boot.tomcat.TomcatWebServer - Tomcat initialized with port 8080 (http)
2026-03-23 13:21:38 [main] INFO  org.apache.coyote.http11.Http11NioProtocol - Initializing ProtocolHandler ["http-nio-8080"]
2026-03-23 13:21:38 [main] INFO  org.apache.catalina.core.StandardService - Starting service [Tomcat]
2026-03-23 13:21:38 [main] INFO  org.apache.catalina.core.StandardEngine - Starting Servlet engine: [Apache Tomcat/11.0.18]
2026-03-23 13:21:38 [main] INFO  org.springframework.boot.web.context.servlet.WebApplicationContextInitializer - Root WebApplicationContext: initialization completed in 1267 ms
2026-03-23 13:21:38 [main] INFO  org.mongodb.driver.client - MongoClient with metadata {"driver": {"name": "mongo-java-driver|spring-boot|sync", "version": "5.6.4"}, "os": {"type": "Windows", "name": "Windows 11", "architecture": "amd64", "version": "10.0"}, "platform": "Java/Oracle Corporation/21.0.7+8-LTS-245"} created with settings MongoClientSettings{readPreference=primary, writeConcern=WriteConcern{w=majority, wTimeout=null ms, journal=null}, retryWrites=true, retryReads=true, readConcern=ReadConcern{level=null}, credential=MongoCredential{mechanism=null, userName='root', source='admin', password=<hidden>, mechanismProperties=<hidden>}, transportSettings=null, commandListeners=[], codecRegistry=ProvidersCodecRegistry{codecProviders=[ValueCodecProvider{}, BsonValueCodecProvider{}, DBRefCodecProvider{}, DBObjectCodecProvider{}, DocumentCodecProvider{}, CollectionCodecProvider{}, IterableCodecProvider{}, MapCodecProvider{}, GeoJsonCodecProvider{}, GridFSFileCodecProvider{}, Jsr310CodecProvider{}, JsonObjectCodecProvider{}, BsonCodecProvider{}, com.mongodb.client.model.mql.ExpressionCodecProvider@3360283, com.mongodb.Jep395RecordCodecProvider@77aea, com.mongodb.KotlinCodecProvider@73e4bb60, EnumCodecProvider{}]}, loggerSettings=LoggerSettings{maxDocumentLength=1000}, clusterSettings={hosts=[127.0.0.1:27017], srvHost=cluster0.en0pykp.mongodb.net, srvServiceName=mongodb, mode=MULTIPLE, requiredClusterType=REPLICA_SET, requiredReplicaSetName='atlas-zt48hn-shard-0', serverSelector='null', clusterListeners='[]', serverSelectionTimeout='30000 ms', localThreshold='15 ms'}, socketSettings=SocketSettings{connectTimeoutMS=10000, readTimeoutMS=0, receiveBufferSize=0, proxySettings=ProxySettings{host=null, port=null, username=null, password=null}}, heartbeatSocketSettings=SocketSettings{connectTimeoutMS=10000, readTimeoutMS=10000, receiveBufferSize=0, proxySettings=ProxySettings{host=null, port=null, username=null, password=null}}, connectionPoolSettings=ConnectionPoolSettings{maxSize=100, minSize=0, maxWaitTimeMS=120000, maxConnectionLifeTimeMS=0, maxConnectionIdleTimeMS=0, maintenanceInitialDelayMS=0, maintenanceFrequencyMS=60000, connectionPoolListeners=[], maxConnecting=2}, serverSettings=ServerSettings{heartbeatFrequencyMS=10000, minHeartbeatFrequencyMS=500, serverMonitoringMode=AUTO, serverListeners='[]', serverMonitorListeners='[]'}, sslSettings=SslSettings{enabled=true, invalidHostNameAllowed=false, context=null}, applicationName='null', compressorList=[], uuidRepresentation=UNSPECIFIED, serverApi=null, autoEncryptionSettings=null, dnsClient=null, inetAddressResolver=null, contextProvider=null, timeoutMS=null}
2026-03-23 13:21:38 [cluster-ClusterId{value='69c0f10a3568a9299bbac707', description='null'}-srv-cluster0.en0pykp.mongodb.net] INFO  org.mongodb.driver.cluster - Adding discovered server ac-aoerbz6-shard-00-01.en0pykp.mongodb.net:27017 to client view of cluster
2026-03-23 13:21:38 [cluster-ClusterId{value='69c0f10a3568a9299bbac707', description='null'}-srv-cluster0.en0pykp.mongodb.net] INFO  org.mongodb.driver.cluster - Adding discovered server ac-aoerbz6-shard-00-00.en0pykp.mongodb.net:27017 to client view of cluster
2026-03-23 13:21:38 [cluster-ClusterId{value='69c0f10a3568a9299bbac707', description='null'}-srv-cluster0.en0pykp.mongodb.net] INFO  org.mongodb.driver.cluster - Adding discovered server ac-aoerbz6-shard-00-02.en0pykp.mongodb.net:27017 to client view of cluster
2026-03-23 13:21:39 [cluster-ClusterId{value='69c0f10a3568a9299bbac707', description='null'}-ac-aoerbz6-shard-00-01.en0pykp.mongodb.net:27017] INFO  org.mongodb.driver.cluster - Monitor thread successfully connected to server with description ServerDescription{address=ac-aoerbz6-shard-00-01.en0pykp.mongodb.net:27017, type=REPLICA_SET_SECONDARY, cryptd=false, state=CONNECTED, ok=true, minWireVersion=0, maxWireVersion=25, maxDocumentSize=16777216, logicalSessionTimeoutMinutes=30, roundTripTimeNanos=319755300, minRoundTripTimeNanos=0, setName='atlas-zt48hn-shard-0', canonicalAddress=ac-aoerbz6-shard-00-01.en0pykp.mongodb.net:27017, hosts=[ac-aoerbz6-shard-00-01.en0pykp.mongodb.net:27017, ac-aoerbz6-shard-00-00.en0pykp.mongodb.net:27017, ac-aoerbz6-shard-00-02.en0pykp.mongodb.net:27017], passives=[], arbiters=[], primary='ac-aoerbz6-shard-00-02.en0pykp.mongodb.net:27017', tagSet=TagSet{[Tag{name='availabilityZone', value='aps1-az3'}, Tag{name='diskState', value='READY'}, Tag{name='nodeType', value='ELECTABLE'}, Tag{name='provider', value='AWS'}, Tag{name='region', value='AP_SOUTH_1'}, Tag{name='workloadType', value='OPERATIONAL'}]}, electionId=null, setVersion=391, topologyVersion=TopologyVersion{processId=69b85ccb4b84e800f9f6512d, counter=3}, lastWriteDate=Mon Mar 23 13:21:38 IST 2026, lastUpdateTimeNanos=91895202212800}
2026-03-23 13:21:39 [cluster-ClusterId{value='69c0f10a3568a9299bbac707', description='null'}-ac-aoerbz6-shard-00-02.en0pykp.mongodb.net:27017] INFO  org.mongodb.driver.cluster - Monitor thread successfully connected to server with description ServerDescription{address=ac-aoerbz6-shard-00-02.en0pykp.mongodb.net:27017, type=REPLICA_SET_PRIMARY, cryptd=false, state=CONNECTED, ok=true, minWireVersion=0, maxWireVersion=25, maxDocumentSize=16777216, logicalSessionTimeoutMinutes=30, roundTripTimeNanos=319914100, minRoundTripTimeNanos=0, setName='atlas-zt48hn-shard-0', canonicalAddress=ac-aoerbz6-shard-00-02.en0pykp.mongodb.net:27017, hosts=[ac-aoerbz6-shard-00-01.en0pykp.mongodb.net:27017, ac-aoerbz6-shard-00-00.en0pykp.mongodb.net:27017, ac-aoerbz6-shard-00-02.en0pykp.mongodb.net:27017], passives=[], arbiters=[], primary='ac-aoerbz6-shard-00-02.en0pykp.mongodb.net:27017', tagSet=TagSet{[Tag{name='availabilityZone', value='aps1-az2'}, Tag{name='diskState', value='READY'}, Tag{name='nodeType', value='ELECTABLE'}, Tag{name='provider', value='AWS'}, Tag{name='region', value='AP_SOUTH_1'}, Tag{name='workloadType', value='OPERATIONAL'}]}, electionId=7fffffff0000000000000156, setVersion=391, topologyVersion=TopologyVersion{processId=69b859a89b4f2018f8b26ac6, counter=6}, lastWriteDate=Mon Mar 23 13:21:38 IST 2026, lastUpdateTimeNanos=91895202212800}
2026-03-23 13:21:39 [cluster-ClusterId{value='69c0f10a3568a9299bbac707', description='null'}-ac-aoerbz6-shard-00-00.en0pykp.mongodb.net:27017] INFO  org.mongodb.driver.cluster - Monitor thread successfully connected to server with description ServerDescription{address=ac-aoerbz6-shard-00-00.en0pykp.mongodb.net:27017, type=REPLICA_SET_SECONDARY, cryptd=false, state=CONNECTED, ok=true, minWireVersion=0, maxWireVersion=25, maxDocumentSize=16777216, logicalSessionTimeoutMinutes=30, roundTripTimeNanos=318753400, minRoundTripTimeNanos=0, setName='atlas-zt48hn-shard-0', canonicalAddress=ac-aoerbz6-shard-00-00.en0pykp.mongodb.net:27017, hosts=[ac-aoerbz6-shard-00-01.en0pykp.mongodb.net:27017, ac-aoerbz6-shard-00-00.en0pykp.mongodb.net:27017, ac-aoerbz6-shard-00-02.en0pykp.mongodb.net:27017], passives=[], arbiters=[], primary='ac-aoerbz6-shard-00-02.en0pykp.mongodb.net:27017', tagSet=TagSet{[Tag{name='availabilityZone', value='aps1-az1'}, Tag{name='diskState', value='READY'}, Tag{name='nodeType', value='ELECTABLE'}, Tag{name='provider', value='AWS'}, Tag{name='region', value='AP_SOUTH_1'}, Tag{name='workloadType', value='OPERATIONAL'}]}, electionId=null, setVersion=391, topologyVersion=TopologyVersion{processId=69b855abb14686967b76fdd6, counter=4}, lastWriteDate=Mon Mar 23 13:21:38 IST 2026, lastUpdateTimeNanos=91895202212800}
2026-03-23 13:21:39 [cluster-ClusterId{value='69c0f10a3568a9299bbac707', description='null'}-ac-aoerbz6-shard-00-02.en0pykp.mongodb.net:27017] INFO  org.mongodb.driver.cluster - Discovered replica set primary ac-aoerbz6-shard-00-02.en0pykp.mongodb.net:27017 with max election id 7fffffff0000000000000156 and max set version 391
2026-03-23 13:21:39 [main] WARN  com.password4j.PropertyReader - bcrypt minor version is not defined. Default value is used (b). Please set property hash.bcrypt.minor in your psw4j.properties file.
2026-03-23 13:21:39 [main] WARN  com.password4j.PropertyReader - bcrypt rounds are not defined. Default value is used (10). Please set property hash.bcrypt.rounds in your psw4j.properties file.
2026-03-23 13:21:39 [main] INFO  org.springframework.security.config.annotation.authentication.configuration.InitializeUserDetailsBeanManagerConfigurer$InitializeUserDetailsManagerConfigurer - Global AuthenticationManager configured with UserDetailsService bean with name userDetailsImpl
2026-03-23 13:21:40 [main] INFO  org.apache.coyote.http11.Http11NioProtocol - Starting ProtocolHandler ["http-nio-8080"]
2026-03-23 13:21:40 [main] INFO  org.springframework.boot.tomcat.TomcatWebServer - Tomcat started on port 8080 (http) with context path '/'
2026-03-23 13:21:40 [main] INFO  com.example.BookingApplication.BookingApplication - Started BookingApplication in 3.129 seconds (process running for 3.618)
2026-03-23 13:21:59 [http-nio-8080-exec-1] INFO  org.apache.catalina.core.ContainerBase.[Tomcat].[localhost].[/] - Initializing Spring DispatcherServlet 'dispatcherServlet'
2026-03-23 13:21:59 [http-nio-8080-exec-1] INFO  org.springframework.web.servlet.DispatcherServlet - Initializing Servlet 'dispatcherServlet'
2026-03-23 13:21:59 [http-nio-8080-exec-1] INFO  org.springframework.web.servlet.DispatcherServlet - Completed initialization in 1 ms
2026-03-23 13:27:06 [SpringApplicationShutdownHook] INFO  org.springframework.boot.tomcat.GracefulShutdown - Commencing graceful shutdown. Waiting for active requests to complete
2026-03-23 13:27:06 [tomcat-shutdown] INFO  org.springframework.boot.tomcat.GracefulShutdown - Graceful shutdown complete
2026-03-23 13:27:09 [main] INFO  com.example.BookingApplication.BookingApplication - Starting BookingApplication using Java 21.0.7 with PID 28184 (C:\Users\ADMIN\Downloads\BookingApplication\BookingApplication\target\classes started by ADMIN in C:\Users\ADMIN\Downloads\BookingApplication)
2026-03-23 13:27:09 [main] INFO  com.example.BookingApplication.BookingApplication - No active profile set, falling back to 1 default profile: "default"
2026-03-23 13:27:10 [main] INFO  org.springframework.data.repository.config.RepositoryConfigurationDelegate - Multiple Spring Data modules found, entering strict repository configuration mode
2026-03-23 13:27:10 [main] INFO  org.springframework.data.repository.config.RepositoryConfigurationDelegate - Bootstrapping Spring Data MongoDB repositories in DEFAULT mode.
2026-03-23 13:27:10 [main] INFO  org.springframework.data.repository.config.RepositoryConfigurationDelegate - Finished Spring Data repository scanning in 87 ms. Found 3 MongoDB repository interfaces.
2026-03-23 13:27:10 [main] INFO  org.springframework.data.repository.config.RepositoryConfigurationDelegate - Multiple Spring Data modules found, entering strict repository configuration mode
2026-03-23 13:27:10 [main] INFO  org.springframework.data.repository.config.RepositoryConfigurationDelegate - Bootstrapping Spring Data Redis repositories in DEFAULT mode.
2026-03-23 13:27:10 [main] INFO  org.springframework.data.repository.config.RepositoryConfigurationExtensionSupport - Spring Data Redis - Could not safely identify store assignment for repository candidate interface com.example.BookingApplication.Repositories.BookingsRepository; If you want this repository to be a Redis repository, consider annotating your entities with one of these annotations: org.springframework.data.redis.core.RedisHash (preferred), or consider extending one of the following types with your repository: org.springframework.data.keyvalue.repository.KeyValueRepository
2026-03-23 13:27:10 [main] INFO  org.springframework.data.repository.config.RepositoryConfigurationExtensionSupport - Spring Data Redis - Could not safely identify store assignment for repository candidate interface com.example.BookingApplication.Repositories.StudioRepository; If you want this repository to be a Redis repository, consider annotating your entities with one of these annotations: org.springframework.data.redis.core.RedisHash (preferred), or consider extending one of the following types with your repository: org.springframework.data.keyvalue.repository.KeyValueRepository
2026-03-23 13:27:10 [main] INFO  org.springframework.data.repository.config.RepositoryConfigurationExtensionSupport - Spring Data Redis - Could not safely identify store assignment for repository candidate interface com.example.BookingApplication.Repositories.UserRepository; If you want this repository to be a Redis repository, consider annotating your entities with one of these annotations: org.springframework.data.redis.core.RedisHash (preferred), or consider extending one of the following types with your repository: org.springframework.data.keyvalue.repository.KeyValueRepository
2026-03-23 13:27:10 [main] INFO  org.springframework.data.repository.config.RepositoryConfigurationDelegate - Finished Spring Data repository scanning in 6 ms. Found 0 Redis repository interfaces.
2026-03-23 13:27:10 [main] INFO  org.springframework.boot.tomcat.TomcatWebServer - Tomcat initialized with port 8080 (http)
2026-03-23 13:27:10 [main] INFO  org.apache.coyote.http11.Http11NioProtocol - Initializing ProtocolHandler ["http-nio-8080"]
2026-03-23 13:27:10 [main] INFO  org.apache.catalina.core.StandardService - Starting service [Tomcat]
2026-03-23 13:27:10 [main] INFO  org.apache.catalina.core.StandardEngine - Starting Servlet engine: [Apache Tomcat/11.0.18]
2026-03-23 13:27:10 [main] INFO  org.springframework.boot.web.context.servlet.WebApplicationContextInitializer - Root WebApplicationContext: initialization completed in 1044 ms
2026-03-23 13:27:10 [main] INFO  org.mongodb.driver.client - MongoClient with metadata {"driver": {"name": "mongo-java-driver|spring-boot|sync", "version": "5.6.4"}, "os": {"type": "Windows", "name": "Windows 11", "architecture": "amd64", "version": "10.0"}, "platform": "Java/Oracle Corporation/21.0.7+8-LTS-245"} created with settings MongoClientSettings{readPreference=primary, writeConcern=WriteConcern{w=majority, wTimeout=null ms, journal=null}, retryWrites=true, retryReads=true, readConcern=ReadConcern{level=null}, credential=MongoCredential{mechanism=null, userName='root', source='admin', password=<hidden>, mechanismProperties=<hidden>}, transportSettings=null, commandListeners=[], codecRegistry=ProvidersCodecRegistry{codecProviders=[ValueCodecProvider{}, BsonValueCodecProvider{}, DBRefCodecProvider{}, DBObjectCodecProvider{}, DocumentCodecProvider{}, CollectionCodecProvider{}, IterableCodecProvider{}, MapCodecProvider{}, GeoJsonCodecProvider{}, GridFSFileCodecProvider{}, Jsr310CodecProvider{}, JsonObjectCodecProvider{}, BsonCodecProvider{}, com.mongodb.client.model.mql.ExpressionCodecProvider@9a9aa68, com.mongodb.Jep395RecordCodecProvider@3a3883c4, com.mongodb.KotlinCodecProvider@1537e43, EnumCodecProvider{}]}, loggerSettings=LoggerSettings{maxDocumentLength=1000}, clusterSettings={hosts=[127.0.0.1:27017], srvHost=cluster0.en0pykp.mongodb.net, srvServiceName=mongodb, mode=MULTIPLE, requiredClusterType=REPLICA_SET, requiredReplicaSetName='atlas-zt48hn-shard-0', serverSelector='null', clusterListeners='[]', serverSelectionTimeout='30000 ms', localThreshold='15 ms'}, socketSettings=SocketSettings{connectTimeoutMS=10000, readTimeoutMS=0, receiveBufferSize=0, proxySettings=ProxySettings{host=null, port=null, username=null, password=null}}, heartbeatSocketSettings=SocketSettings{connectTimeoutMS=10000, readTimeoutMS=10000, receiveBufferSize=0, proxySettings=ProxySettings{host=null, port=null, username=null, password=null}}, connectionPoolSettings=ConnectionPoolSettings{maxSize=100, minSize=0, maxWaitTimeMS=120000, maxConnectionLifeTimeMS=0, maxConnectionIdleTimeMS=0, maintenanceInitialDelayMS=0, maintenanceFrequencyMS=60000, connectionPoolListeners=[], maxConnecting=2}, serverSettings=ServerSettings{heartbeatFrequencyMS=10000, minHeartbeatFrequencyMS=500, serverMonitoringMode=AUTO, serverListeners='[]', serverMonitorListeners='[]'}, sslSettings=SslSettings{enabled=true, invalidHostNameAllowed=false, context=null}, applicationName='null', compressorList=[], uuidRepresentation=UNSPECIFIED, serverApi=null, autoEncryptionSettings=null, dnsClient=null, inetAddressResolver=null, contextProvider=null, timeoutMS=null}
2026-03-23 13:27:10 [cluster-ClusterId{value='69c0f2564b34f49fa3055ac4', description='null'}-srv-cluster0.en0pykp.mongodb.net] INFO  org.mongodb.driver.cluster - Adding discovered server ac-aoerbz6-shard-00-01.en0pykp.mongodb.net:27017 to client view of cluster
2026-03-23 13:27:10 [cluster-ClusterId{value='69c0f2564b34f49fa3055ac4', description='null'}-srv-cluster0.en0pykp.mongodb.net] INFO  org.mongodb.driver.cluster - Adding discovered server ac-aoerbz6-shard-00-00.en0pykp.mongodb.net:27017 to client view of cluster
2026-03-23 13:27:10 [cluster-ClusterId{value='69c0f2564b34f49fa3055ac4', description='null'}-srv-cluster0.en0pykp.mongodb.net] INFO  org.mongodb.driver.cluster - Adding discovered server ac-aoerbz6-shard-00-02.en0pykp.mongodb.net:27017 to client view of cluster
2026-03-23 13:27:11 [cluster-ClusterId{value='69c0f2564b34f49fa3055ac4', description='null'}-ac-aoerbz6-shard-00-02.en0pykp.mongodb.net:27017] INFO  org.mongodb.driver.cluster - Monitor thread successfully connected to server with description ServerDescription{address=ac-aoerbz6-shard-00-02.en0pykp.mongodb.net:27017, type=REPLICA_SET_PRIMARY, cryptd=false, state=CONNECTED, ok=true, minWireVersion=0, maxWireVersion=25, maxDocumentSize=16777216, logicalSessionTimeoutMinutes=30, roundTripTimeNanos=277936000, minRoundTripTimeNanos=0, setName='atlas-zt48hn-shard-0', canonicalAddress=ac-aoerbz6-shard-00-02.en0pykp.mongodb.net:27017, hosts=[ac-aoerbz6-shard-00-01.en0pykp.mongodb.net:27017, ac-aoerbz6-shard-00-00.en0pykp.mongodb.net:27017, ac-aoerbz6-shard-00-02.en0pykp.mongodb.net:27017], passives=[], arbiters=[], primary='ac-aoerbz6-shard-00-02.en0pykp.mongodb.net:27017', tagSet=TagSet{[Tag{name='availabilityZone', value='aps1-az2'}, Tag{name='diskState', value='READY'}, Tag{name='nodeType', value='ELECTABLE'}, Tag{name='provider', value='AWS'}, Tag{name='region', value='AP_SOUTH_1'}, Tag{name='workloadType', value='OPERATIONAL'}]}, electionId=7fffffff0000000000000156, setVersion=391, topologyVersion=TopologyVersion{processId=69b859a89b4f2018f8b26ac6, counter=6}, lastWriteDate=Mon Mar 23 13:27:11 IST 2026, lastUpdateTimeNanos=92227204467000}
2026-03-23 13:27:11 [cluster-ClusterId{value='69c0f2564b34f49fa3055ac4', description='null'}-ac-aoerbz6-shard-00-00.en0pykp.mongodb.net:27017] INFO  org.mongodb.driver.cluster - Monitor thread successfully connected to server with description ServerDescription{address=ac-aoerbz6-shard-00-00.en0pykp.mongodb.net:27017, type=REPLICA_SET_SECONDARY, cryptd=false, state=CONNECTED, ok=true, minWireVersion=0, maxWireVersion=25, maxDocumentSize=16777216, logicalSessionTimeoutMinutes=30, roundTripTimeNanos=274301100, minRoundTripTimeNanos=0, setName='atlas-zt48hn-shard-0', canonicalAddress=ac-aoerbz6-shard-00-00.en0pykp.mongodb.net:27017, hosts=[ac-aoerbz6-shard-00-01.en0pykp.mongodb.net:27017, ac-aoerbz6-shard-00-00.en0pykp.mongodb.net:27017, ac-aoerbz6-shard-00-02.en0pykp.mongodb.net:27017], passives=[], arbiters=[], primary='ac-aoerbz6-shard-00-02.en0pykp.mongodb.net:27017', tagSet=TagSet{[Tag{name='availabilityZone', value='aps1-az1'}, Tag{name='diskState', value='READY'}, Tag{name='nodeType', value='ELECTABLE'}, Tag{name='provider', value='AWS'}, Tag{name='region', value='AP_SOUTH_1'}, Tag{name='workloadType', value='OPERATIONAL'}]}, electionId=null, setVersion=391, topologyVersion=TopologyVersion{processId=69b855abb14686967b76fdd6, counter=4}, lastWriteDate=Mon Mar 23 13:27:11 IST 2026, lastUpdateTimeNanos=92227204466900}
2026-03-23 13:27:11 [cluster-ClusterId{value='69c0f2564b34f49fa3055ac4', description='null'}-ac-aoerbz6-shard-00-01.en0pykp.mongodb.net:27017] INFO  org.mongodb.driver.cluster - Monitor thread successfully connected to server with description ServerDescription{address=ac-aoerbz6-shard-00-01.en0pykp.mongodb.net:27017, type=REPLICA_SET_SECONDARY, cryptd=false, state=CONNECTED, ok=true, minWireVersion=0, maxWireVersion=25, maxDocumentSize=16777216, logicalSessionTimeoutMinutes=30, roundTripTimeNanos=277936100, minRoundTripTimeNanos=0, setName='atlas-zt48hn-shard-0', canonicalAddress=ac-aoerbz6-shard-00-01.en0pykp.mongodb.net:27017, hosts=[ac-aoerbz6-shard-00-01.en0pykp.mongodb.net:27017, ac-aoerbz6-shard-00-00.en0pykp.mongodb.net:27017, ac-aoerbz6-shard-00-02.en0pykp.mongodb.net:27017], passives=[], arbiters=[], primary='ac-aoerbz6-shard-00-02.en0pykp.mongodb.net:27017', tagSet=TagSet{[Tag{name='availabilityZone', value='aps1-az3'}, Tag{name='diskState', value='READY'}, Tag{name='nodeType', value='ELECTABLE'}, Tag{name='provider', value='AWS'}, Tag{name='region', value='AP_SOUTH_1'}, Tag{name='workloadType', value='OPERATIONAL'}]}, electionId=null, setVersion=391, topologyVersion=TopologyVersion{processId=69b85ccb4b84e800f9f6512d, counter=3}, lastWriteDate=Mon Mar 23 13:27:11 IST 2026, lastUpdateTimeNanos=92227204466900}
2026-03-23 13:27:11 [cluster-ClusterId{value='69c0f2564b34f49fa3055ac4', description='null'}-ac-aoerbz6-shard-00-02.en0pykp.mongodb.net:27017] INFO  org.mongodb.driver.cluster - Discovered replica set primary ac-aoerbz6-shard-00-02.en0pykp.mongodb.net:27017 with max election id 7fffffff0000000000000156 and max set version 391
2026-03-23 13:27:11 [main] WARN  com.password4j.PropertyReader - bcrypt minor version is not defined. Default value is used (b). Please set property hash.bcrypt.minor in your psw4j.properties file.
2026-03-23 13:27:11 [main] WARN  com.password4j.PropertyReader - bcrypt rounds are not defined. Default value is used (10). Please set property hash.bcrypt.rounds in your psw4j.properties file.
2026-03-23 13:27:11 [main] INFO  org.springframework.security.config.annotation.authentication.configuration.InitializeUserDetailsBeanManagerConfigurer$InitializeUserDetailsManagerConfigurer - Global AuthenticationManager configured with UserDetailsService bean with name userDetailsImpl
2026-03-23 13:27:12 [main] INFO  org.apache.coyote.http11.Http11NioProtocol - Starting ProtocolHandler ["http-nio-8080"]
2026-03-23 13:27:12 [main] INFO  org.springframework.boot.tomcat.TomcatWebServer - Tomcat started on port 8080 (http) with context path '/'
2026-03-23 13:27:12 [main] INFO  com.example.BookingApplication.BookingApplication - Started BookingApplication in 2.847 seconds (process running for 3.366)
2026-03-23 13:27:28 [http-nio-8080-exec-1] INFO  org.apache.catalina.core.ContainerBase.[Tomcat].[localhost].[/] - Initializing Spring DispatcherServlet 'dispatcherServlet'
2026-03-23 13:27:28 [http-nio-8080-exec-1] INFO  org.springframework.web.servlet.DispatcherServlet - Initializing Servlet 'dispatcherServlet'
2026-03-23 13:27:28 [http-nio-8080-exec-1] INFO  org.springframework.web.servlet.DispatcherServlet - Completed initialization in 1 ms
2026-03-23 13:35:15 [SpringApplicationShutdownHook] INFO  org.springframework.boot.tomcat.GracefulShutdown - Commencing graceful shutdown. Waiting for active requests to complete
2026-03-23 13:35:15 [tomcat-shutdown] INFO  org.springframework.boot.tomcat.GracefulShutdown - Graceful shutdown complete
2026-03-23 13:35:18 [main] INFO  com.example.BookingApplication.BookingApplication - Starting BookingApplication using Java 21.0.7 with PID 30024 (C:\Users\ADMIN\Downloads\BookingApplication\BookingApplication\target\classes started by ADMIN in C:\Users\ADMIN\Downloads\BookingApplication)
2026-03-23 13:35:18 [main] INFO  com.example.BookingApplication.BookingApplication - No active profile set, falling back to 1 default profile: "default"
2026-03-23 13:35:19 [main] INFO  org.springframework.data.repository.config.RepositoryConfigurationDelegate - Multiple Spring Data modules found, entering strict repository configuration mode
2026-03-23 13:35:19 [main] INFO  org.springframework.data.repository.config.RepositoryConfigurationDelegate - Bootstrapping Spring Data MongoDB repositories in DEFAULT mode.
2026-03-23 13:35:19 [main] INFO  org.springframework.data.repository.config.RepositoryConfigurationDelegate - Finished Spring Data repository scanning in 75 ms. Found 3 MongoDB repository interfaces.
2026-03-23 13:35:19 [main] INFO  org.springframework.data.repository.config.RepositoryConfigurationDelegate - Multiple Spring Data modules found, entering strict repository configuration mode
2026-03-23 13:35:19 [main] INFO  org.springframework.data.repository.config.RepositoryConfigurationDelegate - Bootstrapping Spring Data Redis repositories in DEFAULT mode.
2026-03-23 13:35:19 [main] INFO  org.springframework.data.repository.config.RepositoryConfigurationExtensionSupport - Spring Data Redis - Could not safely identify store assignment for repository candidate interface com.example.BookingApplication.Repositories.BookingsRepository; If you want this repository to be a Redis repository, consider annotating your entities with one of these annotations: org.springframework.data.redis.core.RedisHash (preferred), or consider extending one of the following types with your repository: org.springframework.data.keyvalue.repository.KeyValueRepository
2026-03-23 13:35:19 [main] INFO  org.springframework.data.repository.config.RepositoryConfigurationExtensionSupport - Spring Data Redis - Could not safely identify store assignment for repository candidate interface com.example.BookingApplication.Repositories.StudioRepository; If you want this repository to be a Redis repository, consider annotating your entities with one of these annotations: org.springframework.data.redis.core.RedisHash (preferred), or consider extending one of the following types with your repository: org.springframework.data.keyvalue.repository.KeyValueRepository
2026-03-23 13:35:19 [main] INFO  org.springframework.data.repository.config.RepositoryConfigurationExtensionSupport - Spring Data Redis - Could not safely identify store assignment for repository candidate interface com.example.BookingApplication.Repositories.UserRepository; If you want this repository to be a Redis repository, consider annotating your entities with one of these annotations: org.springframework.data.redis.core.RedisHash (preferred), or consider extending one of the following types with your repository: org.springframework.data.keyvalue.repository.KeyValueRepository
2026-03-23 13:35:19 [main] INFO  org.springframework.data.repository.config.RepositoryConfigurationDelegate - Finished Spring Data repository scanning in 5 ms. Found 0 Redis repository interfaces.
2026-03-23 13:35:19 [main] INFO  org.springframework.boot.tomcat.TomcatWebServer - Tomcat initialized with port 8080 (http)
2026-03-23 13:35:19 [main] INFO  org.apache.coyote.http11.Http11NioProtocol - Initializing ProtocolHandler ["http-nio-8080"]
2026-03-23 13:35:19 [main] INFO  org.apache.catalina.core.StandardService - Starting service [Tomcat]
2026-03-23 13:35:19 [main] INFO  org.apache.catalina.core.StandardEngine - Starting Servlet engine: [Apache Tomcat/11.0.18]
2026-03-23 13:35:19 [main] INFO  org.springframework.boot.web.context.servlet.WebApplicationContextInitializer - Root WebApplicationContext: initialization completed in 1075 ms
2026-03-23 13:35:19 [main] INFO  org.mongodb.driver.client - MongoClient with metadata {"driver": {"name": "mongo-java-driver|spring-boot|sync", "version": "5.6.4"}, "os": {"type": "Windows", "name": "Windows 11", "architecture": "amd64", "version": "10.0"}, "platform": "Java/Oracle Corporation/21.0.7+8-LTS-245"} created with settings MongoClientSettings{readPreference=primary, writeConcern=WriteConcern{w=majority, wTimeout=null ms, journal=null}, retryWrites=true, retryReads=true, readConcern=ReadConcern{level=null}, credential=MongoCredential{mechanism=null, userName='root', source='admin', password=<hidden>, mechanismProperties=<hidden>}, transportSettings=null, commandListeners=[], codecRegistry=ProvidersCodecRegistry{codecProviders=[ValueCodecProvider{}, BsonValueCodecProvider{}, DBRefCodecProvider{}, DBObjectCodecProvider{}, DocumentCodecProvider{}, CollectionCodecProvider{}, IterableCodecProvider{}, MapCodecProvider{}, GeoJsonCodecProvider{}, GridFSFileCodecProvider{}, Jsr310CodecProvider{}, JsonObjectCodecProvider{}, BsonCodecProvider{}, com.mongodb.client.model.mql.ExpressionCodecProvider@3360283, com.mongodb.Jep395RecordCodecProvider@77aea, com.mongodb.KotlinCodecProvider@73e4bb60, EnumCodecProvider{}]}, loggerSettings=LoggerSettings{maxDocumentLength=1000}, clusterSettings={hosts=[127.0.0.1:27017], srvHost=cluster0.en0pykp.mongodb.net, srvServiceName=mongodb, mode=MULTIPLE, requiredClusterType=REPLICA_SET, requiredReplicaSetName='atlas-zt48hn-shard-0', serverSelector='null', clusterListeners='[]', serverSelectionTimeout='30000 ms', localThreshold='15 ms'}, socketSettings=SocketSettings{connectTimeoutMS=10000, readTimeoutMS=0, receiveBufferSize=0, proxySettings=ProxySettings{host=null, port=null, username=null, password=null}}, heartbeatSocketSettings=SocketSettings{connectTimeoutMS=10000, readTimeoutMS=10000, receiveBufferSize=0, proxySettings=ProxySettings{host=null, port=null, username=null, password=null}}, connectionPoolSettings=ConnectionPoolSettings{maxSize=100, minSize=0, maxWaitTimeMS=120000, maxConnectionLifeTimeMS=0, maxConnectionIdleTimeMS=0, maintenanceInitialDelayMS=0, maintenanceFrequencyMS=60000, connectionPoolListeners=[], maxConnecting=2}, serverSettings=ServerSettings{heartbeatFrequencyMS=10000, minHeartbeatFrequencyMS=500, serverMonitoringMode=AUTO, serverListeners='[]', serverMonitorListeners='[]'}, sslSettings=SslSettings{enabled=true, invalidHostNameAllowed=false, context=null}, applicationName='null', compressorList=[], uuidRepresentation=UNSPECIFIED, serverApi=null, autoEncryptionSettings=null, dnsClient=null, inetAddressResolver=null, contextProvider=null, timeoutMS=null}
2026-03-23 13:35:19 [cluster-ClusterId{value='69c0f43f6f0edfa6b276726e', description='null'}-srv-cluster0.en0pykp.mongodb.net] INFO  org.mongodb.driver.cluster - Adding discovered server ac-aoerbz6-shard-00-01.en0pykp.mongodb.net:27017 to client view of cluster
2026-03-23 13:35:20 [cluster-ClusterId{value='69c0f43f6f0edfa6b276726e', description='null'}-srv-cluster0.en0pykp.mongodb.net] INFO  org.mongodb.driver.cluster - Adding discovered server ac-aoerbz6-shard-00-00.en0pykp.mongodb.net:27017 to client view of cluster
2026-03-23 13:35:20 [cluster-ClusterId{value='69c0f43f6f0edfa6b276726e', description='null'}-srv-cluster0.en0pykp.mongodb.net] INFO  org.mongodb.driver.cluster - Adding discovered server ac-aoerbz6-shard-00-02.en0pykp.mongodb.net:27017 to client view of cluster
2026-03-23 13:35:20 [cluster-ClusterId{value='69c0f43f6f0edfa6b276726e', description='null'}-ac-aoerbz6-shard-00-02.en0pykp.mongodb.net:27017] INFO  org.mongodb.driver.cluster - Monitor thread successfully connected to server with description ServerDescription{address=ac-aoerbz6-shard-00-02.en0pykp.mongodb.net:27017, type=REPLICA_SET_PRIMARY, cryptd=false, state=CONNECTED, ok=true, minWireVersion=0, maxWireVersion=25, maxDocumentSize=16777216, logicalSessionTimeoutMinutes=30, roundTripTimeNanos=262465800, minRoundTripTimeNanos=0, setName='atlas-zt48hn-shard-0', canonicalAddress=ac-aoerbz6-shard-00-02.en0pykp.mongodb.net:27017, hosts=[ac-aoerbz6-shard-00-01.en0pykp.mongodb.net:27017, ac-aoerbz6-shard-00-00.en0pykp.mongodb.net:27017, ac-aoerbz6-shard-00-02.en0pykp.mongodb.net:27017], passives=[], arbiters=[], primary='ac-aoerbz6-shard-00-02.en0pykp.mongodb.net:27017', tagSet=TagSet{[Tag{name='availabilityZone', value='aps1-az2'}, Tag{name='diskState', value='READY'}, Tag{name='nodeType', value='ELECTABLE'}, Tag{name='provider', value='AWS'}, Tag{name='region', value='AP_SOUTH_1'}, Tag{name='workloadType', value='OPERATIONAL'}]}, electionId=7fffffff0000000000000156, setVersion=391, topologyVersion=TopologyVersion{processId=69b859a89b4f2018f8b26ac6, counter=6}, lastWriteDate=Mon Mar 23 13:35:20 IST 2026, lastUpdateTimeNanos=92716294530600}
2026-03-23 13:35:20 [cluster-ClusterId{value='69c0f43f6f0edfa6b276726e', description='null'}-ac-aoerbz6-shard-00-00.en0pykp.mongodb.net:27017] INFO  org.mongodb.driver.cluster - Monitor thread successfully connected to server with description ServerDescription{address=ac-aoerbz6-shard-00-00.en0pykp.mongodb.net:27017, type=REPLICA_SET_SECONDARY, cryptd=false, state=CONNECTED, ok=true, minWireVersion=0, maxWireVersion=25, maxDocumentSize=16777216, logicalSessionTimeoutMinutes=30, roundTripTimeNanos=262900600, minRoundTripTimeNanos=0, setName='atlas-zt48hn-shard-0', canonicalAddress=ac-aoerbz6-shard-00-00.en0pykp.mongodb.net:27017, hosts=[ac-aoerbz6-shard-00-01.en0pykp.mongodb.net:27017, ac-aoerbz6-shard-00-00.en0pykp.mongodb.net:27017, ac-aoerbz6-shard-00-02.en0pykp.mongodb.net:27017], passives=[], arbiters=[], primary='ac-aoerbz6-shard-00-02.en0pykp.mongodb.net:27017', tagSet=TagSet{[Tag{name='availabilityZone', value='aps1-az1'}, Tag{name='diskState', value='READY'}, Tag{name='nodeType', value='ELECTABLE'}, Tag{name='provider', value='AWS'}, Tag{name='region', value='AP_SOUTH_1'}, Tag{name='workloadType', value='OPERATIONAL'}]}, electionId=null, setVersion=391, topologyVersion=TopologyVersion{processId=69b855abb14686967b76fdd6, counter=4}, lastWriteDate=Mon Mar 23 13:35:20 IST 2026, lastUpdateTimeNanos=92716294530700}
2026-03-23 13:35:20 [cluster-ClusterId{value='69c0f43f6f0edfa6b276726e', description='null'}-ac-aoerbz6-shard-00-01.en0pykp.mongodb.net:27017] INFO  org.mongodb.driver.cluster - Monitor thread successfully connected to server with description ServerDescription{address=ac-aoerbz6-shard-00-01.en0pykp.mongodb.net:27017, type=REPLICA_SET_SECONDARY, cryptd=false, state=CONNECTED, ok=true, minWireVersion=0, maxWireVersion=25, maxDocumentSize=16777216, logicalSessionTimeoutMinutes=30, roundTripTimeNanos=262900600, minRoundTripTimeNanos=0, setName='atlas-zt48hn-shard-0', canonicalAddress=ac-aoerbz6-shard-00-01.en0pykp.mongodb.net:27017, hosts=[ac-aoerbz6-shard-00-01.en0pykp.mongodb.net:27017, ac-aoerbz6-shard-00-00.en0pykp.mongodb.net:27017, ac-aoerbz6-shard-00-02.en0pykp.mongodb.net:27017], passives=[], arbiters=[], primary='ac-aoerbz6-shard-00-02.en0pykp.mongodb.net:27017', tagSet=TagSet{[Tag{name='availabilityZone', value='aps1-az3'}, Tag{name='diskState', value='READY'}, Tag{name='nodeType', value='ELECTABLE'}, Tag{name='provider', value='AWS'}, Tag{name='region', value='AP_SOUTH_1'}, Tag{name='workloadType', value='OPERATIONAL'}]}, electionId=null, setVersion=391, topologyVersion=TopologyVersion{processId=69b85ccb4b84e800f9f6512d, counter=3}, lastWriteDate=Mon Mar 23 13:35:20 IST 2026, lastUpdateTimeNanos=92716294530700}
2026-03-23 13:35:20 [cluster-ClusterId{value='69c0f43f6f0edfa6b276726e', description='null'}-ac-aoerbz6-shard-00-02.en0pykp.mongodb.net:27017] INFO  org.mongodb.driver.cluster - Discovered replica set primary ac-aoerbz6-shard-00-02.en0pykp.mongodb.net:27017 with max election id 7fffffff0000000000000156 and max set version 391
2026-03-23 13:35:20 [main] WARN  com.password4j.PropertyReader - bcrypt minor version is not defined. Default value is used (b). Please set property hash.bcrypt.minor in your psw4j.properties file.
2026-03-23 13:35:20 [main] WARN  com.password4j.PropertyReader - bcrypt rounds are not defined. Default value is used (10). Please set property hash.bcrypt.rounds in your psw4j.properties file.
2026-03-23 13:35:20 [main] INFO  org.springframework.security.config.annotation.authentication.configuration.InitializeUserDetailsBeanManagerConfigurer$InitializeUserDetailsManagerConfigurer - Global AuthenticationManager configured with UserDetailsService bean with name userDetailsImpl
2026-03-23 13:35:21 [main] INFO  org.apache.coyote.http11.Http11NioProtocol - Starting ProtocolHandler ["http-nio-8080"]
2026-03-23 13:35:21 [main] INFO  org.springframework.boot.tomcat.TomcatWebServer - Tomcat started on port 8080 (http) with context path '/'
2026-03-23 13:35:21 [main] INFO  com.example.BookingApplication.BookingApplication - Started BookingApplication in 2.938 seconds (process running for 3.454)
2026-03-23 13:35:30 [http-nio-8080-exec-2] INFO  org.apache.catalina.core.ContainerBase.[Tomcat].[localhost].[/] - Initializing Spring DispatcherServlet 'dispatcherServlet'
2026-03-23 13:35:30 [http-nio-8080-exec-2] INFO  org.springframework.web.servlet.DispatcherServlet - Initializing Servlet 'dispatcherServlet'
2026-03-23 13:35:30 [http-nio-8080-exec-2] INFO  org.springframework.web.servlet.DispatcherServlet - Completed initialization in 1 ms
2026-03-23 14:44:01 [cluster-ClusterId{value='69c0f43f6f0edfa6b276726e', description='null'}-ac-aoerbz6-shard-00-00.en0pykp.mongodb.net:27017] INFO  org.mongodb.driver.cluster - Exception in monitor thread while connecting to server ac-aoerbz6-shard-00-00.en0pykp.mongodb.net:27017
com.mongodb.MongoSocketReadException: Exception receiving message
	at com.mongodb.internal.connection.InternalStreamConnection.translateReadException(InternalStreamConnection.java:809)
	at com.mongodb.internal.connection.InternalStreamConnection.receiveResponseBuffers(InternalStreamConnection.java:857)
	at com.mongodb.internal.connection.InternalStreamConnection.receiveCommandMessageResponse(InternalStreamConnection.java:517)
	at com.mongodb.internal.connection.InternalStreamConnection.receive(InternalStreamConnection.java:469)
	at com.mongodb.internal.connection.DefaultServerMonitor$ServerMonitor.doHeartbeat(DefaultServerMonitor.java:311)
	at com.mongodb.internal.connection.DefaultServerMonitor$ServerMonitor.lookupServerDescription(DefaultServerMonitor.java:262)
	at com.mongodb.internal.connection.DefaultServerMonitor$ServerMonitor.run(DefaultServerMonitor.java:203)
Caused by: java.net.SocketException: Connection reset
	at java.base/sun.nio.ch.NioSocketImpl.implRead(NioSocketImpl.java:318)
	at java.base/sun.nio.ch.NioSocketImpl.read(NioSocketImpl.java:346)
	at java.base/sun.nio.ch.NioSocketImpl$1.read(NioSocketImpl.java:796)
	at java.base/java.net.Socket$SocketInputStream.read(Socket.java:1099)
	at java.base/sun.security.ssl.SSLSocketInputRecord.read(SSLSocketInputRecord.java:489)
	at java.base/sun.security.ssl.SSLSocketInputRecord.readHeader(SSLSocketInputRecord.java:483)
	at java.base/sun.security.ssl.SSLSocketInputRecord.bytesInCompletePacket(SSLSocketInputRecord.java:70)
	at java.base/sun.security.ssl.SSLSocketImpl.readApplicationRecord(SSLSocketImpl.java:1461)
	at java.base/sun.security.ssl.SSLSocketImpl$AppInputStream.read(SSLSocketImpl.java:1066)
	at com.mongodb.internal.connection.SocketStream.read(SocketStream.java:182)
	at com.mongodb.internal.connection.InternalStreamConnection.receiveResponseBuffers(InternalStreamConnection.java:824)
	... 5 common frames omitted
2026-03-23 14:44:01 [cluster-ClusterId{value='69c0f43f6f0edfa6b276726e', description='null'}-ac-aoerbz6-shard-00-02.en0pykp.mongodb.net:27017] INFO  org.mongodb.driver.cluster - Exception in monitor thread while connecting to server ac-aoerbz6-shard-00-02.en0pykp.mongodb.net:27017
com.mongodb.MongoSocketReadException: Exception receiving message
	at com.mongodb.internal.connection.InternalStreamConnection.translateReadException(InternalStreamConnection.java:809)
	at com.mongodb.internal.connection.InternalStreamConnection.receiveResponseBuffers(InternalStreamConnection.java:857)
	at com.mongodb.internal.connection.InternalStreamConnection.receiveCommandMessageResponse(InternalStreamConnection.java:517)
	at com.mongodb.internal.connection.InternalStreamConnection.receive(InternalStreamConnection.java:469)
	at com.mongodb.internal.connection.DefaultServerMonitor$ServerMonitor.doHeartbeat(DefaultServerMonitor.java:311)
	at com.mongodb.internal.connection.DefaultServerMonitor$ServerMonitor.lookupServerDescription(DefaultServerMonitor.java:262)
	at com.mongodb.internal.connection.DefaultServerMonitor$ServerMonitor.run(DefaultServerMonitor.java:203)
Caused by: java.net.SocketException: Connection reset
	at java.base/sun.nio.ch.NioSocketImpl.implRead(NioSocketImpl.java:318)
	at java.base/sun.nio.ch.NioSocketImpl.read(NioSocketImpl.java:346)
	at java.base/sun.nio.ch.NioSocketImpl$1.read(NioSocketImpl.java:796)
	at java.base/java.net.Socket$SocketInputStream.read(Socket.java:1099)
	at java.base/sun.security.ssl.SSLSocketInputRecord.read(SSLSocketInputRecord.java:489)
	at java.base/sun.security.ssl.SSLSocketInputRecord.readHeader(SSLSocketInputRecord.java:483)
	at java.base/sun.security.ssl.SSLSocketInputRecord.bytesInCompletePacket(SSLSocketInputRecord.java:70)
	at java.base/sun.security.ssl.SSLSocketImpl.readApplicationRecord(SSLSocketImpl.java:1461)
	at java.base/sun.security.ssl.SSLSocketImpl$AppInputStream.read(SSLSocketImpl.java:1066)
	at com.mongodb.internal.connection.SocketStream.read(SocketStream.java:182)
	at com.mongodb.internal.connection.InternalStreamConnection.receiveResponseBuffers(InternalStreamConnection.java:824)
	... 5 common frames omitted
2026-03-23 14:44:01 [cluster-ClusterId{value='69c0f43f6f0edfa6b276726e', description='null'}-ac-aoerbz6-shard-00-01.en0pykp.mongodb.net:27017] INFO  org.mongodb.driver.cluster - Exception in monitor thread while connecting to server ac-aoerbz6-shard-00-01.en0pykp.mongodb.net:27017
com.mongodb.MongoSocketReadException: Exception receiving message
	at com.mongodb.internal.connection.InternalStreamConnection.translateReadException(InternalStreamConnection.java:809)
	at com.mongodb.internal.connection.InternalStreamConnection.receiveResponseBuffers(InternalStreamConnection.java:857)
	at com.mongodb.internal.connection.InternalStreamConnection.receiveCommandMessageResponse(InternalStreamConnection.java:517)
	at com.mongodb.internal.connection.InternalStreamConnection.receive(InternalStreamConnection.java:469)
	at com.mongodb.internal.connection.DefaultServerMonitor$ServerMonitor.doHeartbeat(DefaultServerMonitor.java:311)
	at com.mongodb.internal.connection.DefaultServerMonitor$ServerMonitor.lookupServerDescription(DefaultServerMonitor.java:262)
	at com.mongodb.internal.connection.DefaultServerMonitor$ServerMonitor.run(DefaultServerMonitor.java:203)
Caused by: java.net.SocketException: Connection reset
	at java.base/sun.nio.ch.NioSocketImpl.implRead(NioSocketImpl.java:318)
	at java.base/sun.nio.ch.NioSocketImpl.read(NioSocketImpl.java:346)
	at java.base/sun.nio.ch.NioSocketImpl$1.read(NioSocketImpl.java:796)
	at java.base/java.net.Socket$SocketInputStream.read(Socket.java:1099)
	at java.base/sun.security.ssl.SSLSocketInputRecord.read(SSLSocketInputRecord.java:489)
	at java.base/sun.security.ssl.SSLSocketInputRecord.readHeader(SSLSocketInputRecord.java:483)
	at java.base/sun.security.ssl.SSLSocketInputRecord.bytesInCompletePacket(SSLSocketInputRecord.java:70)
	at java.base/sun.security.ssl.SSLSocketImpl.readApplicationRecord(SSLSocketImpl.java:1461)
	at java.base/sun.security.ssl.SSLSocketImpl$AppInputStream.read(SSLSocketImpl.java:1066)
	at com.mongodb.internal.connection.SocketStream.read(SocketStream.java:182)
	at com.mongodb.internal.connection.InternalStreamConnection.receiveResponseBuffers(InternalStreamConnection.java:824)
	... 5 common frames omitted
2026-03-23 14:44:02 [cluster-ClusterId{value='69c0f43f6f0edfa6b276726e', description='null'}-ac-aoerbz6-shard-00-02.en0pykp.mongodb.net:27017] INFO  org.mongodb.driver.cluster - Monitor thread successfully connected to server with description ServerDescription{address=ac-aoerbz6-shard-00-02.en0pykp.mongodb.net:27017, type=REPLICA_SET_PRIMARY, cryptd=false, state=CONNECTED, ok=true, minWireVersion=0, maxWireVersion=25, maxDocumentSize=16777216, logicalSessionTimeoutMinutes=30, roundTripTimeNanos=371813900, minRoundTripTimeNanos=0, setName='atlas-zt48hn-shard-0', canonicalAddress=ac-aoerbz6-shard-00-02.en0pykp.mongodb.net:27017, hosts=[ac-aoerbz6-shard-00-01.en0pykp.mongodb.net:27017, ac-aoerbz6-shard-00-00.en0pykp.mongodb.net:27017, ac-aoerbz6-shard-00-02.en0pykp.mongodb.net:27017], passives=[], arbiters=[], primary='ac-aoerbz6-shard-00-02.en0pykp.mongodb.net:27017', tagSet=TagSet{[Tag{name='availabilityZone', value='aps1-az2'}, Tag{name='diskState', value='READY'}, Tag{name='nodeType', value='ELECTABLE'}, Tag{name='provider', value='AWS'}, Tag{name='region', value='AP_SOUTH_1'}, Tag{name='workloadType', value='OPERATIONAL'}]}, electionId=7fffffff0000000000000156, setVersion=391, topologyVersion=TopologyVersion{processId=69b859a89b4f2018f8b26ac6, counter=6}, lastWriteDate=Mon Mar 23 14:44:02 IST 2026, lastUpdateTimeNanos=96838756632400}
2026-03-23 14:44:02 [cluster-ClusterId{value='69c0f43f6f0edfa6b276726e', description='null'}-ac-aoerbz6-shard-00-00.en0pykp.mongodb.net:27017] INFO  org.mongodb.driver.cluster - Monitor thread successfully connected to server with description ServerDescription{address=ac-aoerbz6-shard-00-00.en0pykp.mongodb.net:27017, type=REPLICA_SET_SECONDARY, cryptd=false, state=CONNECTED, ok=true, minWireVersion=0, maxWireVersion=25, maxDocumentSize=16777216, logicalSessionTimeoutMinutes=30, roundTripTimeNanos=386506900, minRoundTripTimeNanos=0, setName='atlas-zt48hn-shard-0', canonicalAddress=ac-aoerbz6-shard-00-00.en0pykp.mongodb.net:27017, hosts=[ac-aoerbz6-shard-00-01.en0pykp.mongodb.net:27017, ac-aoerbz6-shard-00-00.en0pykp.mongodb.net:27017, ac-aoerbz6-shard-00-02.en0pykp.mongodb.net:27017], passives=[], arbiters=[], primary='ac-aoerbz6-shard-00-02.en0pykp.mongodb.net:27017', tagSet=TagSet{[Tag{name='availabilityZone', value='aps1-az1'}, Tag{name='diskState', value='READY'}, Tag{name='nodeType', value='ELECTABLE'}, Tag{name='provider', value='AWS'}, Tag{name='region', value='AP_SOUTH_1'}, Tag{name='workloadType', value='OPERATIONAL'}]}, electionId=null, setVersion=391, topologyVersion=TopologyVersion{processId=69b855abb14686967b76fdd6, counter=4}, lastWriteDate=Mon Mar 23 14:44:02 IST 2026, lastUpdateTimeNanos=96838754136900}
2026-03-23 14:44:02 [cluster-ClusterId{value='69c0f43f6f0edfa6b276726e', description='null'}-ac-aoerbz6-shard-00-01.en0pykp.mongodb.net:27017] INFO  org.mongodb.driver.cluster - Monitor thread successfully connected to server with description ServerDescription{address=ac-aoerbz6-shard-00-01.en0pykp.mongodb.net:27017, type=REPLICA_SET_SECONDARY, cryptd=false, state=CONNECTED, ok=true, minWireVersion=0, maxWireVersion=25, maxDocumentSize=16777216, logicalSessionTimeoutMinutes=30, roundTripTimeNanos=386661200, minRoundTripTimeNanos=0, setName='atlas-zt48hn-shard-0', canonicalAddress=ac-aoerbz6-shard-00-01.en0pykp.mongodb.net:27017, hosts=[ac-aoerbz6-shard-00-01.en0pykp.mongodb.net:27017, ac-aoerbz6-shard-00-00.en0pykp.mongodb.net:27017, ac-aoerbz6-shard-00-02.en0pykp.mongodb.net:27017], passives=[], arbiters=[], primary='ac-aoerbz6-shard-00-02.en0pykp.mongodb.net:27017', tagSet=TagSet{[Tag{name='availabilityZone', value='aps1-az3'}, Tag{name='diskState', value='READY'}, Tag{name='nodeType', value='ELECTABLE'}, Tag{name='provider', value='AWS'}, Tag{name='region', value='AP_SOUTH_1'}, Tag{name='workloadType', value='OPERATIONAL'}]}, electionId=null, setVersion=391, topologyVersion=TopologyVersion{processId=69b85ccb4b84e800f9f6512d, counter=3}, lastWriteDate=Mon Mar 23 14:44:02 IST 2026, lastUpdateTimeNanos=96838754291300}
2026-03-23 14:44:02 [cluster-ClusterId{value='69c0f43f6f0edfa6b276726e', description='null'}-ac-aoerbz6-shard-00-02.en0pykp.mongodb.net:27017] INFO  org.mongodb.driver.cluster - Discovered replica set primary ac-aoerbz6-shard-00-02.en0pykp.mongodb.net:27017 with max election id 7fffffff0000000000000156 and max set version 391
2026-03-23 14:49:41 [cluster-ClusterId{value='69c0f43f6f0edfa6b276726e', description='null'}-ac-aoerbz6-shard-00-01.en0pykp.mongodb.net:27017] INFO  org.mongodb.driver.cluster - Exception in monitor thread while connecting to server ac-aoerbz6-shard-00-01.en0pykp.mongodb.net:27017
com.mongodb.MongoSocketReadException: Exception receiving message
	at com.mongodb.internal.connection.InternalStreamConnection.translateReadException(InternalStreamConnection.java:809)
	at com.mongodb.internal.connection.InternalStreamConnection.receiveResponseBuffers(InternalStreamConnection.java:857)
	at com.mongodb.internal.connection.InternalStreamConnection.receiveCommandMessageResponse(InternalStreamConnection.java:517)
	at com.mongodb.internal.connection.InternalStreamConnection.receive(InternalStreamConnection.java:469)
	at com.mongodb.internal.connection.DefaultServerMonitor$ServerMonitor.doHeartbeat(DefaultServerMonitor.java:311)
	at com.mongodb.internal.connection.DefaultServerMonitor$ServerMonitor.lookupServerDescription(DefaultServerMonitor.java:262)
	at com.mongodb.internal.connection.DefaultServerMonitor$ServerMonitor.run(DefaultServerMonitor.java:203)
Caused by: java.net.SocketException: Connection reset
	at java.base/sun.nio.ch.NioSocketImpl.implRead(NioSocketImpl.java:318)
	at java.base/sun.nio.ch.NioSocketImpl.read(NioSocketImpl.java:346)
	at java.base/sun.nio.ch.NioSocketImpl$1.read(NioSocketImpl.java:796)
	at java.base/java.net.Socket$SocketInputStream.read(Socket.java:1099)
	at java.base/sun.security.ssl.SSLSocketInputRecord.read(SSLSocketInputRecord.java:489)
	at java.base/sun.security.ssl.SSLSocketInputRecord.readHeader(SSLSocketInputRecord.java:483)
	at java.base/sun.security.ssl.SSLSocketInputRecord.bytesInCompletePacket(SSLSocketInputRecord.java:70)
	at java.base/sun.security.ssl.SSLSocketImpl.readApplicationRecord(SSLSocketImpl.java:1461)
	at java.base/sun.security.ssl.SSLSocketImpl$AppInputStream.read(SSLSocketImpl.java:1066)
	at com.mongodb.internal.connection.SocketStream.read(SocketStream.java:182)
	at com.mongodb.internal.connection.InternalStreamConnection.receiveResponseBuffers(InternalStreamConnection.java:824)
	... 5 common frames omitted
2026-03-23 14:49:41 [cluster-ClusterId{value='69c0f43f6f0edfa6b276726e', description='null'}-ac-aoerbz6-shard-00-00.en0pykp.mongodb.net:27017] INFO  org.mongodb.driver.cluster - Exception in monitor thread while connecting to server ac-aoerbz6-shard-00-00.en0pykp.mongodb.net:27017
com.mongodb.MongoSocketReadException: Exception receiving message
	at com.mongodb.internal.connection.InternalStreamConnection.translateReadException(InternalStreamConnection.java:809)
	at com.mongodb.internal.connection.InternalStreamConnection.receiveResponseBuffers(InternalStreamConnection.java:857)
	at com.mongodb.internal.connection.InternalStreamConnection.receiveCommandMessageResponse(InternalStreamConnection.java:517)
	at com.mongodb.internal.connection.InternalStreamConnection.receive(InternalStreamConnection.java:469)
	at com.mongodb.internal.connection.DefaultServerMonitor$ServerMonitor.doHeartbeat(DefaultServerMonitor.java:311)
	at com.mongodb.internal.connection.DefaultServerMonitor$ServerMonitor.lookupServerDescription(DefaultServerMonitor.java:262)
	at com.mongodb.internal.connection.DefaultServerMonitor$ServerMonitor.run(DefaultServerMonitor.java:203)
Caused by: java.net.SocketException: Connection reset
	at java.base/sun.nio.ch.NioSocketImpl.implRead(NioSocketImpl.java:318)
	at java.base/sun.nio.ch.NioSocketImpl.read(NioSocketImpl.java:346)
	at java.base/sun.nio.ch.NioSocketImpl$1.read(NioSocketImpl.java:796)
	at java.base/java.net.Socket$SocketInputStream.read(Socket.java:1099)
	at java.base/sun.security.ssl.SSLSocketInputRecord.read(SSLSocketInputRecord.java:489)
	at java.base/sun.security.ssl.SSLSocketInputRecord.readHeader(SSLSocketInputRecord.java:483)
	at java.base/sun.security.ssl.SSLSocketInputRecord.bytesInCompletePacket(SSLSocketInputRecord.java:70)
	at java.base/sun.security.ssl.SSLSocketImpl.readApplicationRecord(SSLSocketImpl.java:1461)
	at java.base/sun.security.ssl.SSLSocketImpl$AppInputStream.read(SSLSocketImpl.java:1066)
	at com.mongodb.internal.connection.SocketStream.read(SocketStream.java:182)
	at com.mongodb.internal.connection.InternalStreamConnection.receiveResponseBuffers(InternalStreamConnection.java:824)
	... 5 common frames omitted
2026-03-23 14:49:41 [cluster-ClusterId{value='69c0f43f6f0edfa6b276726e', description='null'}-ac-aoerbz6-shard-00-02.en0pykp.mongodb.net:27017] INFO  org.mongodb.driver.cluster - Exception in monitor thread while connecting to server ac-aoerbz6-shard-00-02.en0pykp.mongodb.net:27017
com.mongodb.MongoSocketReadException: Exception receiving message
	at com.mongodb.internal.connection.InternalStreamConnection.translateReadException(InternalStreamConnection.java:809)
	at com.mongodb.internal.connection.InternalStreamConnection.receiveResponseBuffers(InternalStreamConnection.java:857)
	at com.mongodb.internal.connection.InternalStreamConnection.receiveCommandMessageResponse(InternalStreamConnection.java:517)
	at com.mongodb.internal.connection.InternalStreamConnection.receive(InternalStreamConnection.java:469)
	at com.mongodb.internal.connection.DefaultServerMonitor$ServerMonitor.doHeartbeat(DefaultServerMonitor.java:311)
	at com.mongodb.internal.connection.DefaultServerMonitor$ServerMonitor.lookupServerDescription(DefaultServerMonitor.java:262)
	at com.mongodb.internal.connection.DefaultServerMonitor$ServerMonitor.run(DefaultServerMonitor.java:203)
Caused by: java.net.SocketException: Connection reset
	at java.base/sun.nio.ch.NioSocketImpl.implRead(NioSocketImpl.java:318)
	at java.base/sun.nio.ch.NioSocketImpl.read(NioSocketImpl.java:346)
	at java.base/sun.nio.ch.NioSocketImpl$1.read(NioSocketImpl.java:796)
	at java.base/java.net.Socket$SocketInputStream.read(Socket.java:1099)
	at java.base/sun.security.ssl.SSLSocketInputRecord.read(SSLSocketInputRecord.java:489)
	at java.base/sun.security.ssl.SSLSocketInputRecord.readHeader(SSLSocketInputRecord.java:483)
	at java.base/sun.security.ssl.SSLSocketInputRecord.bytesInCompletePacket(SSLSocketInputRecord.java:70)
	at java.base/sun.security.ssl.SSLSocketImpl.readApplicationRecord(SSLSocketImpl.java:1461)
	at java.base/sun.security.ssl.SSLSocketImpl$AppInputStream.read(SSLSocketImpl.java:1066)
	at com.mongodb.internal.connection.SocketStream.read(SocketStream.java:182)
	at com.mongodb.internal.connection.InternalStreamConnection.receiveResponseBuffers(InternalStreamConnection.java:824)
	... 5 common frames omitted
2026-03-23 14:49:41 [cluster-ClusterId{value='69c0f43f6f0edfa6b276726e', description='null'}-ac-aoerbz6-shard-00-00.en0pykp.mongodb.net:27017] INFO  org.mongodb.driver.cluster - Monitor thread successfully connected to server with description ServerDescription{address=ac-aoerbz6-shard-00-00.en0pykp.mongodb.net:27017, type=REPLICA_SET_SECONDARY, cryptd=false, state=CONNECTED, ok=true, minWireVersion=0, maxWireVersion=25, maxDocumentSize=16777216, logicalSessionTimeoutMinutes=30, roundTripTimeNanos=62297000, minRoundTripTimeNanos=0, setName='atlas-zt48hn-shard-0', canonicalAddress=ac-aoerbz6-shard-00-00.en0pykp.mongodb.net:27017, hosts=[ac-aoerbz6-shard-00-01.en0pykp.mongodb.net:27017, ac-aoerbz6-shard-00-00.en0pykp.mongodb.net:27017, ac-aoerbz6-shard-00-02.en0pykp.mongodb.net:27017], passives=[], arbiters=[], primary='ac-aoerbz6-shard-00-02.en0pykp.mongodb.net:27017', tagSet=TagSet{[Tag{name='availabilityZone', value='aps1-az1'}, Tag{name='diskState', value='READY'}, Tag{name='nodeType', value='ELECTABLE'}, Tag{name='provider', value='AWS'}, Tag{name='region', value='AP_SOUTH_1'}, Tag{name='workloadType', value='OPERATIONAL'}]}, electionId=null, setVersion=391, topologyVersion=TopologyVersion{processId=69b855abb14686967b76fdd6, counter=4}, lastWriteDate=Mon Mar 23 14:49:41 IST 2026, lastUpdateTimeNanos=97177398797900}
2026-03-23 14:49:41 [cluster-ClusterId{value='69c0f43f6f0edfa6b276726e', description='null'}-ac-aoerbz6-shard-00-02.en0pykp.mongodb.net:27017] INFO  org.mongodb.driver.cluster - Monitor thread successfully connected to server with description ServerDescription{address=ac-aoerbz6-shard-00-02.en0pykp.mongodb.net:27017, type=REPLICA_SET_PRIMARY, cryptd=false, state=CONNECTED, ok=true, minWireVersion=0, maxWireVersion=25, maxDocumentSize=16777216, logicalSessionTimeoutMinutes=30, roundTripTimeNanos=75314200, minRoundTripTimeNanos=0, setName='atlas-zt48hn-shard-0', canonicalAddress=ac-aoerbz6-shard-00-02.en0pykp.mongodb.net:27017, hosts=[ac-aoerbz6-shard-00-01.en0pykp.mongodb.net:27017, ac-aoerbz6-shard-00-00.en0pykp.mongodb.net:27017, ac-aoerbz6-shard-00-02.en0pykp.mongodb.net:27017], passives=[], arbiters=[], primary='ac-aoerbz6-shard-00-02.en0pykp.mongodb.net:27017', tagSet=TagSet{[Tag{name='availabilityZone', value='aps1-az2'}, Tag{name='diskState', value='READY'}, Tag{name='nodeType', value='ELECTABLE'}, Tag{name='provider', value='AWS'}, Tag{name='region', value='AP_SOUTH_1'}, Tag{name='workloadType', value='OPERATIONAL'}]}, electionId=7fffffff0000000000000156, setVersion=391, topologyVersion=TopologyVersion{processId=69b859a89b4f2018f8b26ac6, counter=6}, lastWriteDate=Mon Mar 23 14:49:41 IST 2026, lastUpdateTimeNanos=97177412135500}
2026-03-23 14:49:41 [cluster-ClusterId{value='69c0f43f6f0edfa6b276726e', description='null'}-ac-aoerbz6-shard-00-02.en0pykp.mongodb.net:27017] INFO  org.mongodb.driver.cluster - Discovered replica set primary ac-aoerbz6-shard-00-02.en0pykp.mongodb.net:27017 with max election id 7fffffff0000000000000156 and max set version 391
2026-03-23 14:49:41 [cluster-ClusterId{value='69c0f43f6f0edfa6b276726e', description='null'}-ac-aoerbz6-shard-00-01.en0pykp.mongodb.net:27017] INFO  org.mongodb.driver.cluster - Monitor thread successfully connected to server with description ServerDescription{address=ac-aoerbz6-shard-00-01.en0pykp.mongodb.net:27017, type=REPLICA_SET_SECONDARY, cryptd=false, state=CONNECTED, ok=true, minWireVersion=0, maxWireVersion=25, maxDocumentSize=16777216, logicalSessionTimeoutMinutes=30, roundTripTimeNanos=58326700, minRoundTripTimeNanos=0, setName='atlas-zt48hn-shard-0', canonicalAddress=ac-aoerbz6-shard-00-01.en0pykp.mongodb.net:27017, hosts=[ac-aoerbz6-shard-00-01.en0pykp.mongodb.net:27017, ac-aoerbz6-shard-00-00.en0pykp.mongodb.net:27017, ac-aoerbz6-shard-00-02.en0pykp.mongodb.net:27017], passives=[], arbiters=[], primary='ac-aoerbz6-shard-00-02.en0pykp.mongodb.net:27017', tagSet=TagSet{[Tag{name='availabilityZone', value='aps1-az3'}, Tag{name='diskState', value='READY'}, Tag{name='nodeType', value='ELECTABLE'}, Tag{name='provider', value='AWS'}, Tag{name='region', value='AP_SOUTH_1'}, Tag{name='workloadType', value='OPERATIONAL'}]}, electionId=null, setVersion=391, topologyVersion=TopologyVersion{processId=69b85ccb4b84e800f9f6512d, counter=3}, lastWriteDate=Mon Mar 23 14:49:41 IST 2026, lastUpdateTimeNanos=97177433888800}
2026-03-23 15:28:18 [http-nio-8080-exec-9] WARN  org.springframework.web.servlet.mvc.support.DefaultHandlerExceptionResolver - Resolved [org.springframework.http.converter.HttpMessageNotReadableException: JSON parse error: Cannot construct instance of `com.example.BookingApplication.Entity.User`, problem: name is marked non-null but is null]
2026-03-23 15:28:18 [http-nio-8080-exec-7] WARN  org.springframework.web.servlet.mvc.support.DefaultHandlerExceptionResolver - Resolved [org.springframework.http.converter.HttpMessageNotReadableException: JSON parse error: Cannot construct instance of `com.example.BookingApplication.Entity.User`, problem: name is marked non-null but is null]
2026-03-23 15:28:55 [http-nio-8080-exec-10] WARN  org.springframework.web.servlet.mvc.support.DefaultHandlerExceptionResolver - Resolved [org.springframework.http.converter.HttpMessageNotReadableException: JSON parse error: Cannot construct instance of `com.example.BookingApplication.Entity.User`, problem: name is marked non-null but is null]
2026-03-23 15:28:55 [http-nio-8080-exec-2] WARN  org.springframework.web.servlet.mvc.support.DefaultHandlerExceptionResolver - Resolved [org.springframework.http.converter.HttpMessageNotReadableException: JSON parse error: Cannot construct instance of `com.example.BookingApplication.Entity.User`, problem: name is marked non-null but is null]
2026-03-23 15:28:59 [http-nio-8080-exec-1] WARN  org.springframework.web.servlet.mvc.support.DefaultHandlerExceptionResolver - Resolved [org.springframework.http.converter.HttpMessageNotReadableException: JSON parse error: Cannot construct instance of `com.example.BookingApplication.Entity.User`, problem: name is marked non-null but is null]
2026-03-23 15:28:59 [http-nio-8080-exec-4] WARN  org.springframework.web.servlet.mvc.support.DefaultHandlerExceptionResolver - Resolved [org.springframework.http.converter.HttpMessageNotReadableException: JSON parse error: Cannot construct instance of `com.example.BookingApplication.Entity.User`, problem: name is marked non-null but is null]
2026-03-23 15:29:21 [http-nio-8080-exec-5] WARN  org.springframework.web.servlet.mvc.support.DefaultHandlerExceptionResolver - Resolved [org.springframework.http.converter.HttpMessageNotReadableException: JSON parse error: Cannot construct instance of `com.example.BookingApplication.Entity.User`, problem: name is marked non-null but is null]
2026-03-23 15:29:21 [http-nio-8080-exec-3] WARN  org.springframework.web.servlet.mvc.support.DefaultHandlerExceptionResolver - Resolved [org.springframework.http.converter.HttpMessageNotReadableException: JSON parse error: Cannot construct instance of `com.example.BookingApplication.Entity.User`, problem: name is marked non-null but is null]
2026-03-23 15:29:30 [http-nio-8080-exec-8] WARN  org.springframework.web.servlet.mvc.support.DefaultHandlerExceptionResolver - Resolved [org.springframework.http.converter.HttpMessageNotReadableException: JSON parse error: Cannot construct instance of `com.example.BookingApplication.Entity.User`, problem: name is marked non-null but is null]
2026-03-23 15:29:30 [http-nio-8080-exec-6] WARN  org.springframework.web.servlet.mvc.support.DefaultHandlerExceptionResolver - Resolved [org.springframework.http.converter.HttpMessageNotReadableException: JSON parse error: Cannot construct instance of `com.example.BookingApplication.Entity.User`, problem: name is marked non-null but is null]
2026-03-23 15:29:37 [http-nio-8080-exec-9] WARN  org.springframework.web.servlet.mvc.support.DefaultHandlerExceptionResolver - Resolved [org.springframework.http.converter.HttpMessageNotReadableException: JSON parse error: Cannot construct instance of `com.example.BookingApplication.Entity.User`, problem: name is marked non-null but is null]
2026-03-23 15:29:37 [http-nio-8080-exec-7] WARN  org.springframework.web.servlet.mvc.support.DefaultHandlerExceptionResolver - Resolved [org.springframework.http.converter.HttpMessageNotReadableException: JSON parse error: Cannot construct instance of `com.example.BookingApplication.Entity.User`, problem: name is marked non-null but is null]
2026-03-23 15:29:40 [http-nio-8080-exec-10] WARN  org.springframework.web.servlet.mvc.support.DefaultHandlerExceptionResolver - Resolved [org.springframework.http.converter.HttpMessageNotReadableException: JSON parse error: Cannot construct instance of `com.example.BookingApplication.Entity.User`, problem: name is marked non-null but is null]
2026-03-23 15:29:40 [http-nio-8080-exec-2] WARN  org.springframework.web.servlet.mvc.support.DefaultHandlerExceptionResolver - Resolved [org.springframework.http.converter.HttpMessageNotReadableException: JSON parse error: Cannot construct instance of `com.example.BookingApplication.Entity.User`, problem: name is marked non-null but is null]
2026-03-23 15:29:44 [http-nio-8080-exec-1] WARN  org.springframework.web.servlet.mvc.support.DefaultHandlerExceptionResolver - Resolved [org.springframework.http.converter.HttpMessageNotReadableException: JSON parse error: Cannot construct instance of `com.example.BookingApplication.Entity.User`, problem: name is marked non-null but is null]
2026-03-23 15:29:44 [http-nio-8080-exec-4] WARN  org.springframework.web.servlet.mvc.support.DefaultHandlerExceptionResolver - Resolved [org.springframework.http.converter.HttpMessageNotReadableException: JSON parse error: Cannot construct instance of `com.example.BookingApplication.Entity.User`, problem: name is marked non-null but is null]
2026-03-23 15:30:08 [http-nio-8080-exec-5] WARN  org.springframework.web.servlet.mvc.support.DefaultHandlerExceptionResolver - Resolved [org.springframework.http.converter.HttpMessageNotReadableException: JSON parse error: Cannot construct instance of `com.example.BookingApplication.Entity.User`, problem: name is marked non-null but is null]
2026-03-23 15:30:08 [http-nio-8080-exec-3] WARN  org.springframework.web.servlet.mvc.support.DefaultHandlerExceptionResolver - Resolved [org.springframework.http.converter.HttpMessageNotReadableException: JSON parse error: Cannot construct instance of `com.example.BookingApplication.Entity.User`, problem: name is marked non-null but is null]
2026-03-23 15:30:39 [http-nio-8080-exec-6] WARN  org.springframework.web.servlet.mvc.support.DefaultHandlerExceptionResolver - Resolved [org.springframework.http.converter.HttpMessageNotReadableException: JSON parse error: Cannot construct instance of `com.example.BookingApplication.Entity.User`, problem: name is marked non-null but is null]
2026-03-23 15:30:39 [http-nio-8080-exec-8] WARN  org.springframework.web.servlet.mvc.support.DefaultHandlerExceptionResolver - Resolved [org.springframework.http.converter.HttpMessageNotReadableException: JSON parse error: Cannot construct instance of `com.example.BookingApplication.Entity.User`, problem: name is marked non-null but is null]
2026-03-23 15:31:38 [http-nio-8080-exec-9] WARN  org.springframework.web.servlet.mvc.support.DefaultHandlerExceptionResolver - Resolved [org.springframework.http.converter.HttpMessageNotReadableException: JSON parse error: Cannot construct instance of `com.example.BookingApplication.Entity.User`, problem: name is marked non-null but is null]
2026-03-23 15:31:38 [http-nio-8080-exec-7] WARN  org.springframework.web.servlet.mvc.support.DefaultHandlerExceptionResolver - Resolved [org.springframework.http.converter.HttpMessageNotReadableException: JSON parse error: Cannot construct instance of `com.example.BookingApplication.Entity.User`, problem: name is marked non-null but is null]
2026-03-23 15:31:49 [http-nio-8080-exec-10] WARN  org.springframework.web.servlet.mvc.support.DefaultHandlerExceptionResolver - Resolved [org.springframework.http.converter.HttpMessageNotReadableException: JSON parse error: Cannot construct instance of `com.example.BookingApplication.Entity.User`, problem: name is marked non-null but is null]
2026-03-23 15:31:49 [http-nio-8080-exec-2] WARN  org.springframework.web.servlet.mvc.support.DefaultHandlerExceptionResolver - Resolved [org.springframework.http.converter.HttpMessageNotReadableException: JSON parse error: Cannot construct instance of `com.example.BookingApplication.Entity.User`, problem: name is marked non-null but is null]
2026-03-23 15:38:34 [http-nio-8080-exec-1] WARN  org.springframework.web.servlet.mvc.support.DefaultHandlerExceptionResolver - Resolved [org.springframework.http.converter.HttpMessageNotReadableException: JSON parse error: Cannot construct instance of `com.example.BookingApplication.Entity.User`, problem: name is marked non-null but is null]
2026-03-23 15:38:34 [http-nio-8080-exec-10] WARN  org.springframework.web.servlet.mvc.support.DefaultHandlerExceptionResolver - Resolved [org.springframework.http.converter.HttpMessageNotReadableException: JSON parse error: Cannot construct instance of `com.example.BookingApplication.Entity.User`, problem: name is marked non-null but is null]
2026-03-23 15:38:44 [http-nio-8080-exec-3] WARN  org.springframework.web.servlet.mvc.support.DefaultHandlerExceptionResolver - Resolved [org.springframework.http.converter.HttpMessageNotReadableException: JSON parse error: Cannot construct instance of `com.example.BookingApplication.Entity.User`, problem: name is marked non-null but is null]
2026-03-23 15:38:44 [http-nio-8080-exec-4] WARN  org.springframework.web.servlet.mvc.support.DefaultHandlerExceptionResolver - Resolved [org.springframework.http.converter.HttpMessageNotReadableException: JSON parse error: Cannot construct instance of `com.example.BookingApplication.Entity.User`, problem: name is marked non-null but is null]
2026-03-23 15:38:46 [http-nio-8080-exec-7] WARN  org.springframework.web.servlet.mvc.support.DefaultHandlerExceptionResolver - Resolved [org.springframework.http.converter.HttpMessageNotReadableException: JSON parse error: Cannot construct instance of `com.example.BookingApplication.Entity.User`, problem: name is marked non-null but is null]
2026-03-23 15:38:46 [http-nio-8080-exec-6] WARN  org.springframework.web.servlet.mvc.support.DefaultHandlerExceptionResolver - Resolved [org.springframework.http.converter.HttpMessageNotReadableException: JSON parse error: Cannot construct instance of `com.example.BookingApplication.Entity.User`, problem: name is marked non-null but is null]
2026-03-23 15:38:52 [http-nio-8080-exec-2] WARN  org.springframework.web.servlet.mvc.support.DefaultHandlerExceptionResolver - Resolved [org.springframework.http.converter.HttpMessageNotReadableException: JSON parse error: Cannot construct instance of `com.example.BookingApplication.Entity.User`, problem: name is marked non-null but is null]
2026-03-23 15:38:52 [http-nio-8080-exec-9] WARN  org.springframework.web.servlet.mvc.support.DefaultHandlerExceptionResolver - Resolved [org.springframework.http.converter.HttpMessageNotReadableException: JSON parse error: Cannot construct instance of `com.example.BookingApplication.Entity.User`, problem: name is marked non-null but is null]
2026-03-23 15:44:10 [http-nio-8080-exec-1] WARN  org.springframework.web.servlet.mvc.support.DefaultHandlerExceptionResolver - Resolved [org.springframework.http.converter.HttpMessageNotReadableException: JSON parse error: Cannot construct instance of `com.example.BookingApplication.Entity.User`, problem: name is marked non-null but is null]
2026-03-23 15:45:47 [http-nio-8080-exec-10] WARN  org.springframework.web.servlet.mvc.support.DefaultHandlerExceptionResolver - Resolved [org.springframework.http.converter.HttpMessageNotReadableException: JSON parse error: Cannot construct instance of `com.example.BookingApplication.Entity.User`, problem: name is marked non-null but is null]
2026-03-23 16:57:26 [main] INFO  com.example.BookingApplication.BookingApplication - Starting BookingApplication using Java 21.0.7 with PID 16272 (C:\Users\ADMIN\Downloads\BookingApplication\BookingApplication\target\classes started by ADMIN in C:\Users\ADMIN\Downloads\BookingApplication)
2026-03-23 16:57:26 [main] INFO  com.example.BookingApplication.BookingApplication - No active profile set, falling back to 1 default profile: "default"
2026-03-23 16:57:27 [main] INFO  org.springframework.data.repository.config.RepositoryConfigurationDelegate - Multiple Spring Data modules found, entering strict repository configuration mode
2026-03-23 16:57:27 [main] INFO  org.springframework.data.repository.config.RepositoryConfigurationDelegate - Bootstrapping Spring Data MongoDB repositories in DEFAULT mode.
2026-03-23 16:57:27 [main] INFO  org.springframework.data.repository.config.RepositoryConfigurationDelegate - Finished Spring Data repository scanning in 164 ms. Found 3 MongoDB repository interfaces.
2026-03-23 16:57:27 [main] INFO  org.springframework.data.repository.config.RepositoryConfigurationDelegate - Multiple Spring Data modules found, entering strict repository configuration mode
2026-03-23 16:57:27 [main] INFO  org.springframework.data.repository.config.RepositoryConfigurationDelegate - Bootstrapping Spring Data Redis repositories in DEFAULT mode.
2026-03-23 16:57:27 [main] INFO  org.springframework.data.repository.config.RepositoryConfigurationExtensionSupport - Spring Data Redis - Could not safely identify store assignment for repository candidate interface com.example.BookingApplication.Repositories.BookingsRepository; If you want this repository to be a Redis repository, consider annotating your entities with one of these annotations: org.springframework.data.redis.core.RedisHash (preferred), or consider extending one of the following types with your repository: org.springframework.data.keyvalue.repository.KeyValueRepository
2026-03-23 16:57:27 [main] INFO  org.springframework.data.repository.config.RepositoryConfigurationExtensionSupport - Spring Data Redis - Could not safely identify store assignment for repository candidate interface com.example.BookingApplication.Repositories.StudioRepository; If you want this repository to be a Redis repository, consider annotating your entities with one of these annotations: org.springframework.data.redis.core.RedisHash (preferred), or consider extending one of the following types with your repository: org.springframework.data.keyvalue.repository.KeyValueRepository
2026-03-23 16:57:27 [main] INFO  org.springframework.data.repository.config.RepositoryConfigurationExtensionSupport - Spring Data Redis - Could not safely identify store assignment for repository candidate interface com.example.BookingApplication.Repositories.UserRepository; If you want this repository to be a Redis repository, consider annotating your entities with one of these annotations: org.springframework.data.redis.core.RedisHash (preferred), or consider extending one of the following types with your repository: org.springframework.data.keyvalue.repository.KeyValueRepository
2026-03-23 16:57:27 [main] INFO  org.springframework.data.repository.config.RepositoryConfigurationDelegate - Finished Spring Data repository scanning in 11 ms. Found 0 Redis repository interfaces.
2026-03-23 16:57:28 [main] INFO  org.springframework.boot.tomcat.TomcatWebServer - Tomcat initialized with port 8080 (http)
2026-03-23 16:57:28 [main] INFO  org.apache.coyote.http11.Http11NioProtocol - Initializing ProtocolHandler ["http-nio-8080"]
2026-03-23 16:57:28 [main] INFO  org.apache.catalina.core.StandardService - Starting service [Tomcat]
2026-03-23 16:57:28 [main] INFO  org.apache.catalina.core.StandardEngine - Starting Servlet engine: [Apache Tomcat/11.0.18]
2026-03-23 16:57:28 [main] INFO  org.springframework.boot.web.context.servlet.WebApplicationContextInitializer - Root WebApplicationContext: initialization completed in 2151 ms
2026-03-23 16:57:28 [main] INFO  org.mongodb.driver.client - MongoClient with metadata {"driver": {"name": "mongo-java-driver|spring-boot|sync", "version": "5.6.4"}, "os": {"type": "Windows", "name": "Windows 11", "architecture": "amd64", "version": "10.0"}, "platform": "Java/Oracle Corporation/21.0.7+8-LTS-245"} created with settings MongoClientSettings{readPreference=primary, writeConcern=WriteConcern{w=majority, wTimeout=null ms, journal=null}, retryWrites=true, retryReads=true, readConcern=ReadConcern{level=null}, credential=MongoCredential{mechanism=null, userName='root', source='admin', password=<hidden>, mechanismProperties=<hidden>}, transportSettings=null, commandListeners=[], codecRegistry=ProvidersCodecRegistry{codecProviders=[ValueCodecProvider{}, BsonValueCodecProvider{}, DBRefCodecProvider{}, DBObjectCodecProvider{}, DocumentCodecProvider{}, CollectionCodecProvider{}, IterableCodecProvider{}, MapCodecProvider{}, GeoJsonCodecProvider{}, GridFSFileCodecProvider{}, Jsr310CodecProvider{}, JsonObjectCodecProvider{}, BsonCodecProvider{}, com.mongodb.client.model.mql.ExpressionCodecProvider@9a9aa68, com.mongodb.Jep395RecordCodecProvider@3a3883c4, com.mongodb.KotlinCodecProvider@1537e43, EnumCodecProvider{}]}, loggerSettings=LoggerSettings{maxDocumentLength=1000}, clusterSettings={hosts=[127.0.0.1:27017], srvHost=cluster0.en0pykp.mongodb.net, srvServiceName=mongodb, mode=MULTIPLE, requiredClusterType=REPLICA_SET, requiredReplicaSetName='atlas-zt48hn-shard-0', serverSelector='null', clusterListeners='[]', serverSelectionTimeout='30000 ms', localThreshold='15 ms'}, socketSettings=SocketSettings{connectTimeoutMS=10000, readTimeoutMS=0, receiveBufferSize=0, proxySettings=ProxySettings{host=null, port=null, username=null, password=null}}, heartbeatSocketSettings=SocketSettings{connectTimeoutMS=10000, readTimeoutMS=10000, receiveBufferSize=0, proxySettings=ProxySettings{host=null, port=null, username=null, password=null}}, connectionPoolSettings=ConnectionPoolSettings{maxSize=100, minSize=0, maxWaitTimeMS=120000, maxConnectionLifeTimeMS=0, maxConnectionIdleTimeMS=0, maintenanceInitialDelayMS=0, maintenanceFrequencyMS=60000, connectionPoolListeners=[], maxConnecting=2}, serverSettings=ServerSettings{heartbeatFrequencyMS=10000, minHeartbeatFrequencyMS=500, serverMonitoringMode=AUTO, serverListeners='[]', serverMonitorListeners='[]'}, sslSettings=SslSettings{enabled=true, invalidHostNameAllowed=false, context=null}, applicationName='null', compressorList=[], uuidRepresentation=UNSPECIFIED, serverApi=null, autoEncryptionSettings=null, dnsClient=null, inetAddressResolver=null, contextProvider=null, timeoutMS=null}
2026-03-23 16:57:28 [cluster-ClusterId{value='69c123a059b62672269159b2', description='null'}-srv-cluster0.en0pykp.mongodb.net] INFO  org.mongodb.driver.cluster - Adding discovered server ac-aoerbz6-shard-00-01.en0pykp.mongodb.net:27017 to client view of cluster
2026-03-23 16:57:28 [cluster-ClusterId{value='69c123a059b62672269159b2', description='null'}-srv-cluster0.en0pykp.mongodb.net] INFO  org.mongodb.driver.cluster - Adding discovered server ac-aoerbz6-shard-00-00.en0pykp.mongodb.net:27017 to client view of cluster
2026-03-23 16:57:28 [cluster-ClusterId{value='69c123a059b62672269159b2', description='null'}-srv-cluster0.en0pykp.mongodb.net] INFO  org.mongodb.driver.cluster - Adding discovered server ac-aoerbz6-shard-00-02.en0pykp.mongodb.net:27017 to client view of cluster
2026-03-23 16:57:29 [cluster-ClusterId{value='69c123a059b62672269159b2', description='null'}-ac-aoerbz6-shard-00-02.en0pykp.mongodb.net:27017] INFO  org.mongodb.driver.cluster - Monitor thread successfully connected to server with description ServerDescription{address=ac-aoerbz6-shard-00-02.en0pykp.mongodb.net:27017, type=REPLICA_SET_PRIMARY, cryptd=false, state=CONNECTED, ok=true, minWireVersion=0, maxWireVersion=25, maxDocumentSize=16777216, logicalSessionTimeoutMinutes=30, roundTripTimeNanos=313681900, minRoundTripTimeNanos=0, setName='atlas-zt48hn-shard-0', canonicalAddress=ac-aoerbz6-shard-00-02.en0pykp.mongodb.net:27017, hosts=[ac-aoerbz6-shard-00-01.en0pykp.mongodb.net:27017, ac-aoerbz6-shard-00-00.en0pykp.mongodb.net:27017, ac-aoerbz6-shard-00-02.en0pykp.mongodb.net:27017], passives=[], arbiters=[], primary='ac-aoerbz6-shard-00-02.en0pykp.mongodb.net:27017', tagSet=TagSet{[Tag{name='availabilityZone', value='aps1-az2'}, Tag{name='diskState', value='READY'}, Tag{name='nodeType', value='ELECTABLE'}, Tag{name='provider', value='AWS'}, Tag{name='region', value='AP_SOUTH_1'}, Tag{name='workloadType', value='OPERATIONAL'}]}, electionId=7fffffff0000000000000156, setVersion=391, topologyVersion=TopologyVersion{processId=69b859a89b4f2018f8b26ac6, counter=6}, lastWriteDate=Mon Mar 23 16:57:28 IST 2026, lastUpdateTimeNanos=343298720100}
2026-03-23 16:57:29 [cluster-ClusterId{value='69c123a059b62672269159b2', description='null'}-ac-aoerbz6-shard-00-01.en0pykp.mongodb.net:27017] INFO  org.mongodb.driver.cluster - Monitor thread successfully connected to server with description ServerDescription{address=ac-aoerbz6-shard-00-01.en0pykp.mongodb.net:27017, type=REPLICA_SET_SECONDARY, cryptd=false, state=CONNECTED, ok=true, minWireVersion=0, maxWireVersion=25, maxDocumentSize=16777216, logicalSessionTimeoutMinutes=30, roundTripTimeNanos=312871800, minRoundTripTimeNanos=0, setName='atlas-zt48hn-shard-0', canonicalAddress=ac-aoerbz6-shard-00-01.en0pykp.mongodb.net:27017, hosts=[ac-aoerbz6-shard-00-01.en0pykp.mongodb.net:27017, ac-aoerbz6-shard-00-00.en0pykp.mongodb.net:27017, ac-aoerbz6-shard-00-02.en0pykp.mongodb.net:27017], passives=[], arbiters=[], primary='ac-aoerbz6-shard-00-02.en0pykp.mongodb.net:27017', tagSet=TagSet{[Tag{name='availabilityZone', value='aps1-az3'}, Tag{name='diskState', value='READY'}, Tag{name='nodeType', value='ELECTABLE'}, Tag{name='provider', value='AWS'}, Tag{name='region', value='AP_SOUTH_1'}, Tag{name='workloadType', value='OPERATIONAL'}]}, electionId=null, setVersion=391, topologyVersion=TopologyVersion{processId=69b85ccb4b84e800f9f6512d, counter=3}, lastWriteDate=Mon Mar 23 16:57:28 IST 2026, lastUpdateTimeNanos=343298720100}
2026-03-23 16:57:29 [cluster-ClusterId{value='69c123a059b62672269159b2', description='null'}-ac-aoerbz6-shard-00-00.en0pykp.mongodb.net:27017] INFO  org.mongodb.driver.cluster - Monitor thread successfully connected to server with description ServerDescription{address=ac-aoerbz6-shard-00-00.en0pykp.mongodb.net:27017, type=REPLICA_SET_SECONDARY, cryptd=false, state=CONNECTED, ok=true, minWireVersion=0, maxWireVersion=25, maxDocumentSize=16777216, logicalSessionTimeoutMinutes=30, roundTripTimeNanos=314637200, minRoundTripTimeNanos=0, setName='atlas-zt48hn-shard-0', canonicalAddress=ac-aoerbz6-shard-00-00.en0pykp.mongodb.net:27017, hosts=[ac-aoerbz6-shard-00-01.en0pykp.mongodb.net:27017, ac-aoerbz6-shard-00-00.en0pykp.mongodb.net:27017, ac-aoerbz6-shard-00-02.en0pykp.mongodb.net:27017], passives=[], arbiters=[], primary='ac-aoerbz6-shard-00-02.en0pykp.mongodb.net:27017', tagSet=TagSet{[Tag{name='availabilityZone', value='aps1-az1'}, Tag{name='diskState', value='READY'}, Tag{name='nodeType', value='ELECTABLE'}, Tag{name='provider', value='AWS'}, Tag{name='region', value='AP_SOUTH_1'}, Tag{name='workloadType', value='OPERATIONAL'}]}, electionId=null, setVersion=391, topologyVersion=TopologyVersion{processId=69b855abb14686967b76fdd6, counter=4}, lastWriteDate=Mon Mar 23 16:57:28 IST 2026, lastUpdateTimeNanos=343298860000}
2026-03-23 16:57:29 [cluster-ClusterId{value='69c123a059b62672269159b2', description='null'}-ac-aoerbz6-shard-00-02.en0pykp.mongodb.net:27017] INFO  org.mongodb.driver.cluster - Discovered replica set primary ac-aoerbz6-shard-00-02.en0pykp.mongodb.net:27017 with max election id 7fffffff0000000000000156 and max set version 391
2026-03-23 16:57:29 [main] WARN  com.password4j.PropertyReader - bcrypt minor version is not defined. Default value is used (b). Please set property hash.bcrypt.minor in your psw4j.properties file.
2026-03-23 16:57:29 [main] WARN  com.password4j.PropertyReader - bcrypt rounds are not defined. Default value is used (10). Please set property hash.bcrypt.rounds in your psw4j.properties file.
2026-03-23 16:57:29 [main] INFO  org.springframework.security.config.annotation.authentication.configuration.InitializeUserDetailsBeanManagerConfigurer$InitializeUserDetailsManagerConfigurer - Global AuthenticationManager configured with UserDetailsService bean with name userDetailsImpl
2026-03-23 16:57:30 [main] INFO  org.apache.coyote.http11.Http11NioProtocol - Starting ProtocolHandler ["http-nio-8080"]
2026-03-23 16:57:30 [main] INFO  org.springframework.boot.tomcat.TomcatWebServer - Tomcat started on port 8080 (http) with context path '/'
2026-03-23 16:57:30 [main] INFO  com.example.BookingApplication.BookingApplication - Started BookingApplication in 4.84 seconds (process running for 12.485)
2026-03-23 17:02:49 [http-nio-8080-exec-1] INFO  org.apache.catalina.core.ContainerBase.[Tomcat].[localhost].[/] - Initializing Spring DispatcherServlet 'dispatcherServlet'
2026-03-23 17:02:49 [http-nio-8080-exec-1] INFO  org.springframework.web.servlet.DispatcherServlet - Initializing Servlet 'dispatcherServlet'
2026-03-23 17:02:49 [http-nio-8080-exec-1] INFO  org.springframework.web.servlet.DispatcherServlet - Completed initialization in 2 ms
2026-03-23 17:22:59 [http-nio-8080-exec-2] ERROR org.apache.catalina.core.ContainerBase.[Tomcat].[localhost].[/].[dispatcherServlet] - Servlet.service() for servlet [dispatcherServlet] in context with path [] threw exception
io.jsonwebtoken.ExpiredJwtException: JWT expired 12037086 milliseconds ago at 2026-03-23T08:32:22.000Z. Current time: 2026-03-23T11:52:59.086Z. Allowed clock skew: 0 milliseconds.
	at io.jsonwebtoken.impl.DefaultJwtParser.parse(DefaultJwtParser.java:688)
	at io.jsonwebtoken.impl.DefaultJwtParser.parse(DefaultJwtParser.java:364)
	at io.jsonwebtoken.impl.DefaultJwtParser.parse(DefaultJwtParser.java:94)
	at io.jsonwebtoken.impl.io.AbstractParser.parse(AbstractParser.java:36)
	at io.jsonwebtoken.impl.io.AbstractParser.parse(AbstractParser.java:29)
	at io.jsonwebtoken.impl.DefaultJwtParser.parseSignedClaims(DefaultJwtParser.java:827)
	at com.example.BookingApplication.JwtUtil.Jwtutil.Extractallclaims(Jwtutil.java:49)
	at com.example.BookingApplication.JwtUtil.Jwtutil.Extractusername(Jwtutil.java:53)
	at com.example.BookingApplication.Filter.Filterjwt.doFilterInternal(Filterjwt.java:37)
	at org.springframework.web.filter.OncePerRequestFilter.doFilter(OncePerRequestFilter.java:116)
	at org.springframework.security.web.FilterChainProxy$VirtualFilterChain.doFilter(FilterChainProxy.java:380)
	at org.springframework.security.web.authentication.logout.LogoutFilter.doFilter(LogoutFilter.java:110)
	at org.springframework.security.web.authentication.logout.LogoutFilter.doFilter(LogoutFilter.java:96)
	at org.springframework.security.web.FilterChainProxy$VirtualFilterChain.doFilter(FilterChainProxy.java:380)
	at org.springframework.security.web.header.HeaderWriterFilter.doHeadersAfter(HeaderWriterFilter.java:90)
	at org.springframework.security.web.header.HeaderWriterFilter.doFilterInternal(HeaderWriterFilter.java:75)
	at org.springframework.web.filter.OncePerRequestFilter.doFilter(OncePerRequestFilter.java:116)
	at org.springframework.security.web.FilterChainProxy$VirtualFilterChain.doFilter(FilterChainProxy.java:380)
	at org.springframework.security.web.context.SecurityContextHolderFilter.doFilter(SecurityContextHolderFilter.java:82)
	at org.springframework.security.web.context.SecurityContextHolderFilter.doFilter(SecurityContextHolderFilter.java:69)
	at org.springframework.security.web.FilterChainProxy$VirtualFilterChain.doFilter(FilterChainProxy.java:380)
	at org.springframework.security.web.context.request.async.WebAsyncManagerIntegrationFilter.doFilterInternal(WebAsyncManagerIntegrationFilter.java:62)
	at org.springframework.web.filter.OncePerRequestFilter.doFilter(OncePerRequestFilter.java:116)
	at org.springframework.security.web.FilterChainProxy$VirtualFilterChain.doFilter(FilterChainProxy.java:380)
	at org.springframework.security.web.session.DisableEncodeUrlFilter.doFilterInternal(DisableEncodeUrlFilter.java:42)
	at org.springframework.web.filter.OncePerRequestFilter.doFilter(OncePerRequestFilter.java:116)
	at org.springframework.security.web.FilterChainProxy$VirtualFilterChain.doFilter(FilterChainProxy.java:380)
	at org.springframework.security.web.FilterChainProxy.doFilterInternal(FilterChainProxy.java:237)
	at org.springframework.security.web.FilterChainProxy.doFilter(FilterChainProxy.java:195)
	at org.springframework.web.filter.CompositeFilter$VirtualFilterChain.doFilter(CompositeFilter.java:113)
	at org.springframework.web.filter.ServletRequestPathFilter.doFilter(ServletRequestPathFilter.java:52)
	at org.springframework.web.filter.CompositeFilter$VirtualFilterChain.doFilter(CompositeFilter.java:113)
	at org.springframework.web.filter.CompositeFilter.doFilter(CompositeFilter.java:74)
	at org.springframework.security.config.annotation.web.configuration.WebSecurityConfiguration$CompositeFilterChainProxy.doFilter(WebSecurityConfiguration.java:317)
	at org.springframework.web.filter.DelegatingFilterProxy.invokeDelegate(DelegatingFilterProxy.java:355)
	at org.springframework.web.filter.DelegatingFilterProxy.doFilter(DelegatingFilterProxy.java:272)
	at org.apache.catalina.core.ApplicationFilterChain.doFilter(ApplicationFilterChain.java:107)
	at org.springframework.web.filter.RequestContextFilter.doFilterInternal(RequestContextFilter.java:100)
	at org.springframework.web.filter.OncePerRequestFilter.doFilter(OncePerRequestFilter.java:116)
	at org.apache.catalina.core.ApplicationFilterChain.doFilter(ApplicationFilterChain.java:107)
	at org.springframework.web.filter.FormContentFilter.doFilterInternal(FormContentFilter.java:93)
	at org.springframework.web.filter.OncePerRequestFilter.doFilter(OncePerRequestFilter.java:116)
	at org.apache.catalina.core.ApplicationFilterChain.doFilter(ApplicationFilterChain.java:107)
	at org.springframework.web.filter.CharacterEncodingFilter.doFilterInternal(CharacterEncodingFilter.java:199)
	at org.springframework.web.filter.OncePerRequestFilter.doFilter(OncePerRequestFilter.java:116)
	at org.apache.catalina.core.ApplicationFilterChain.doFilter(ApplicationFilterChain.java:107)
	at org.apache.catalina.core.StandardWrapperValve.invoke(StandardWrapperValve.java:165)
	at org.apache.catalina.core.StandardContextValve.invoke(StandardContextValve.java:77)
	at org.apache.catalina.authenticator.AuthenticatorBase.invoke(AuthenticatorBase.java:492)
	at org.apache.catalina.core.StandardHostValve.invoke(StandardHostValve.java:113)
	at org.apache.catalina.valves.ErrorReportValve.invoke(ErrorReportValve.java:83)
	at org.apache.catalina.core.StandardEngineValve.invoke(StandardEngineValve.java:72)
	at org.apache.catalina.connector.CoyoteAdapter.service(CoyoteAdapter.java:341)
	at org.apache.coyote.http11.Http11Processor.service(Http11Processor.java:397)
	at org.apache.coyote.AbstractProcessorLight.process(AbstractProcessorLight.java:63)
	at org.apache.coyote.AbstractProtocol$ConnectionHandler.process(AbstractProtocol.java:903)
	at org.apache.tomcat.util.net.NioEndpoint$SocketProcessor.doRun(NioEndpoint.java:1779)
	at org.apache.tomcat.util.net.SocketProcessorBase.run(SocketProcessorBase.java:52)
	at org.apache.tomcat.util.threads.ThreadPoolExecutor.runWorker(ThreadPoolExecutor.java:946)
	at org.apache.tomcat.util.threads.ThreadPoolExecutor$Worker.run(ThreadPoolExecutor.java:480)
	at org.apache.tomcat.util.threads.TaskThread$WrappingRunnable.run(TaskThread.java:57)
	at java.base/java.lang.Thread.run(Thread.java:1583)
