2026-03-24 12:21:42 [cluster-ClusterId{value='69c123a059b62672269159b2', description='null'}-ac-aoerbz6-shard-00-02.en0pykp.mongodb.net:27017] INFO  org.mongodb.driver.cluster - Exception in monitor thread while connecting to server ac-aoerbz6-shard-00-02.en0pykp.mongodb.net:27017
com.mongodb.MongoSocketReadException: Exception receiving message
	at com.mongodb.internal.connection.InternalStreamConnection.translateReadException(InternalStreamConnection.java:809)
	at com.mongodb.internal.connection.InternalStreamConnection.receiveResponseBuffers(InternalStreamConnection.java:857)
	at com.mongodb.internal.connection.InternalStreamConnection.receiveCommandMessageResponse(InternalStreamConnection.java:517)
	at com.mongodb.internal.connection.InternalStreamConnection.receive(InternalStreamConnection.java:469)
	at com.mongodb.internal.connection.DefaultServerMonitor$ServerMonitor.doHeartbeat(DefaultServerMonitor.java:311)
	at com.mongodb.internal.connection.DefaultServerMonitor$ServerMonitor.lookupServerDescription(DefaultServerMonitor.java:262)
	at com.mongodb.internal.connection.DefaultServerMonitor$ServerMonitor.run(DefaultServerMonitor.java:203)
Caused by: java.net.SocketException: Connection reset
	at java.base/sun.nio.ch.NioSocketImpl.implRead(NioSocketImpl.java:318)
	at java.base/sun.nio.ch.NioSocketImpl.read(NioSocketImpl.java:346)
	at java.base/sun.nio.ch.NioSocketImpl$1.read(NioSocketImpl.java:796)
	at java.base/java.net.Socket$SocketInputStream.read(Socket.java:1099)
	at java.base/sun.security.ssl.SSLSocketInputRecord.read(SSLSocketInputRecord.java:489)
	at java.base/sun.security.ssl.SSLSocketInputRecord.readHeader(SSLSocketInputRecord.java:483)
	at java.base/sun.security.ssl.SSLSocketInputRecord.bytesInCompletePacket(SSLSocketInputRecord.java:70)
	at java.base/sun.security.ssl.SSLSocketImpl.readApplicationRecord(SSLSocketImpl.java:1461)
	at java.base/sun.security.ssl.SSLSocketImpl$AppInputStream.read(SSLSocketImpl.java:1066)
	at com.mongodb.internal.connection.SocketStream.read(SocketStream.java:182)
	at com.mongodb.internal.connection.InternalStreamConnection.receiveResponseBuffers(InternalStreamConnection.java:824)
	... 5 common frames omitted
2026-03-24 12:21:42 [cluster-ClusterId{value='69c123a059b62672269159b2', description='null'}-ac-aoerbz6-shard-00-00.en0pykp.mongodb.net:27017] INFO  org.mongodb.driver.cluster - Exception in monitor thread while connecting to server ac-aoerbz6-shard-00-00.en0pykp.mongodb.net:27017
com.mongodb.MongoSocketReadException: Exception receiving message
	at com.mongodb.internal.connection.InternalStreamConnection.translateReadException(InternalStreamConnection.java:809)
	at com.mongodb.internal.connection.InternalStreamConnection.receiveResponseBuffers(InternalStreamConnection.java:857)
	at com.mongodb.internal.connection.InternalStreamConnection.receiveCommandMessageResponse(InternalStreamConnection.java:517)
	at com.mongodb.internal.connection.InternalStreamConnection.receive(InternalStreamConnection.java:469)
	at com.mongodb.internal.connection.DefaultServerMonitor$ServerMonitor.doHeartbeat(DefaultServerMonitor.java:311)
	at com.mongodb.internal.connection.DefaultServerMonitor$ServerMonitor.lookupServerDescription(DefaultServerMonitor.java:262)
	at com.mongodb.internal.connection.DefaultServerMonitor$ServerMonitor.run(DefaultServerMonitor.java:203)
Caused by: java.net.SocketException: Connection reset
	at java.base/sun.nio.ch.NioSocketImpl.implRead(NioSocketImpl.java:318)
	at java.base/sun.nio.ch.NioSocketImpl.read(NioSocketImpl.java:346)
	at java.base/sun.nio.ch.NioSocketImpl$1.read(NioSocketImpl.java:796)
	at java.base/java.net.Socket$SocketInputStream.read(Socket.java:1099)
	at java.base/sun.security.ssl.SSLSocketInputRecord.read(SSLSocketInputRecord.java:489)
	at java.base/sun.security.ssl.SSLSocketInputRecord.readHeader(SSLSocketInputRecord.java:483)
	at java.base/sun.security.ssl.SSLSocketInputRecord.bytesInCompletePacket(SSLSocketInputRecord.java:70)
	at java.base/sun.security.ssl.SSLSocketImpl.readApplicationRecord(SSLSocketImpl.java:1461)
	at java.base/sun.security.ssl.SSLSocketImpl$AppInputStream.read(SSLSocketImpl.java:1066)
	at com.mongodb.internal.connection.SocketStream.read(SocketStream.java:182)
	at com.mongodb.internal.connection.InternalStreamConnection.receiveResponseBuffers(InternalStreamConnection.java:824)
	... 5 common frames omitted
2026-03-24 12:21:42 [cluster-ClusterId{value='69c123a059b62672269159b2', description='null'}-ac-aoerbz6-shard-00-01.en0pykp.mongodb.net:27017] INFO  org.mongodb.driver.cluster - Exception in monitor thread while connecting to server ac-aoerbz6-shard-00-01.en0pykp.mongodb.net:27017
com.mongodb.MongoSocketReadException: Exception receiving message
	at com.mongodb.internal.connection.InternalStreamConnection.translateReadException(InternalStreamConnection.java:809)
	at com.mongodb.internal.connection.InternalStreamConnection.receiveResponseBuffers(InternalStreamConnection.java:857)
	at com.mongodb.internal.connection.InternalStreamConnection.receiveCommandMessageResponse(InternalStreamConnection.java:517)
	at com.mongodb.internal.connection.InternalStreamConnection.receive(InternalStreamConnection.java:469)
	at com.mongodb.internal.connection.DefaultServerMonitor$ServerMonitor.doHeartbeat(DefaultServerMonitor.java:311)
	at com.mongodb.internal.connection.DefaultServerMonitor$ServerMonitor.lookupServerDescription(DefaultServerMonitor.java:262)
	at com.mongodb.internal.connection.DefaultServerMonitor$ServerMonitor.run(DefaultServerMonitor.java:203)
Caused by: java.net.SocketException: Connection reset
	at java.base/sun.nio.ch.NioSocketImpl.implRead(NioSocketImpl.java:318)
	at java.base/sun.nio.ch.NioSocketImpl.read(NioSocketImpl.java:346)
	at java.base/sun.nio.ch.NioSocketImpl$1.read(NioSocketImpl.java:796)
	at java.base/java.net.Socket$SocketInputStream.read(Socket.java:1099)
	at java.base/sun.security.ssl.SSLSocketInputRecord.read(SSLSocketInputRecord.java:489)
	at java.base/sun.security.ssl.SSLSocketInputRecord.readHeader(SSLSocketInputRecord.java:483)
	at java.base/sun.security.ssl.SSLSocketInputRecord.bytesInCompletePacket(SSLSocketInputRecord.java:70)
	at java.base/sun.security.ssl.SSLSocketImpl.readApplicationRecord(SSLSocketImpl.java:1461)
	at java.base/sun.security.ssl.SSLSocketImpl$AppInputStream.read(SSLSocketImpl.java:1066)
	at com.mongodb.internal.connection.SocketStream.read(SocketStream.java:182)
	at com.mongodb.internal.connection.InternalStreamConnection.receiveResponseBuffers(InternalStreamConnection.java:824)
	... 5 common frames omitted
2026-03-24 12:21:42 [cluster-ClusterId{value='69c123a059b62672269159b2', description='null'}-ac-aoerbz6-shard-00-00.en0pykp.mongodb.net:27017] INFO  org.mongodb.driver.cluster - Exception in monitor thread while connecting to server ac-aoerbz6-shard-00-00.en0pykp.mongodb.net:27017
com.mongodb.MongoSocketWriteException: Exception sending message
	at com.mongodb.internal.connection.InternalStreamConnection.throwTranslatedWriteException(InternalStreamConnection.java:785)
	at com.mongodb.internal.connection.InternalStreamConnection.sendMessage(InternalStreamConnection.java:670)
	at com.mongodb.internal.connection.InternalStreamConnection.trySendMessage(InternalStreamConnection.java:507)
	at com.mongodb.internal.connection.InternalStreamConnection.sendCommandMessage(InternalStreamConnection.java:482)
	at com.mongodb.internal.connection.InternalStreamConnection.sendAndReceiveInternal(InternalStreamConnection.java:440)
	at com.mongodb.internal.connection.InternalStreamConnection.lambda$sendAndReceive$0(InternalStreamConnection.java:375)
	at com.mongodb.internal.connection.InternalStreamConnection.sendAndReceive(InternalStreamConnection.java:378)
	at com.mongodb.internal.connection.CommandHelper.sendAndReceive(CommandHelper.java:98)
	at com.mongodb.internal.connection.CommandHelper.executeCommand(CommandHelper.java:47)
	at com.mongodb.internal.connection.InternalStreamConnectionInitializer.initializeConnectionDescription(InternalStreamConnectionInitializer.java:144)
	at com.mongodb.internal.connection.InternalStreamConnectionInitializer.startHandshake(InternalStreamConnectionInitializer.java:78)
	at com.mongodb.internal.connection.InternalStreamConnection.open(InternalStreamConnection.java:235)
	at com.mongodb.internal.connection.DefaultServerMonitor$ServerMonitor.setupNewConnectionAndGetInitialDescription(DefaultServerMonitor.java:282)
	at com.mongodb.internal.connection.DefaultServerMonitor$ServerMonitor.lookupServerDescription(DefaultServerMonitor.java:253)
	at com.mongodb.internal.connection.DefaultServerMonitor$ServerMonitor.run(DefaultServerMonitor.java:203)
Caused by: javax.net.ssl.SSLException: Received fatal alert: internal_error
	at java.base/sun.security.ssl.Alert.createSSLException(Alert.java:132)
	at java.base/sun.security.ssl.Alert.createSSLException(Alert.java:117)
	at java.base/sun.security.ssl.TransportContext.fatal(TransportContext.java:370)
	at java.base/sun.security.ssl.Alert$AlertConsumer.consume(Alert.java:287)
	at java.base/sun.security.ssl.TransportContext.dispatch(TransportContext.java:209)
	at java.base/sun.security.ssl.SSLTransport.decode(SSLTransport.java:172)
	at java.base/sun.security.ssl.SSLSocketImpl.decode(SSLSocketImpl.java:1506)
	at java.base/sun.security.ssl.SSLSocketImpl.readHandshakeRecord(SSLSocketImpl.java:1421)
	at java.base/sun.security.ssl.SSLSocketImpl.startHandshake(SSLSocketImpl.java:455)
	at java.base/sun.security.ssl.SSLSocketImpl.ensureNegotiated(SSLSocketImpl.java:922)
	at java.base/sun.security.ssl.SSLSocketImpl$AppOutputStream.write(SSLSocketImpl.java:1291)
	at com.mongodb.internal.connection.SocketStream.write(SocketStream.java:165)
	at com.mongodb.internal.connection.InternalStreamConnection.sendMessage(InternalStreamConnection.java:667)
	... 13 common frames omitted
2026-03-24 12:21:42 [cluster-ClusterId{value='69c123a059b62672269159b2', description='null'}-ac-aoerbz6-shard-00-02.en0pykp.mongodb.net:27017] INFO  org.mongodb.driver.cluster - Exception in monitor thread while connecting to server ac-aoerbz6-shard-00-02.en0pykp.mongodb.net:27017
com.mongodb.MongoSocketWriteException: Exception sending message
	at com.mongodb.internal.connection.InternalStreamConnection.throwTranslatedWriteException(InternalStreamConnection.java:785)
	at com.mongodb.internal.connection.InternalStreamConnection.sendMessage(InternalStreamConnection.java:670)
	at com.mongodb.internal.connection.InternalStreamConnection.trySendMessage(InternalStreamConnection.java:507)
	at com.mongodb.internal.connection.InternalStreamConnection.sendCommandMessage(InternalStreamConnection.java:482)
	at com.mongodb.internal.connection.InternalStreamConnection.sendAndReceiveInternal(InternalStreamConnection.java:440)
	at com.mongodb.internal.connection.InternalStreamConnection.lambda$sendAndReceive$0(InternalStreamConnection.java:375)
	at com.mongodb.internal.connection.InternalStreamConnection.sendAndReceive(InternalStreamConnection.java:378)
	at com.mongodb.internal.connection.CommandHelper.sendAndReceive(CommandHelper.java:98)
	at com.mongodb.internal.connection.CommandHelper.executeCommand(CommandHelper.java:47)
	at com.mongodb.internal.connection.InternalStreamConnectionInitializer.initializeConnectionDescription(InternalStreamConnectionInitializer.java:144)
	at com.mongodb.internal.connection.InternalStreamConnectionInitializer.startHandshake(InternalStreamConnectionInitializer.java:78)
	at com.mongodb.internal.connection.InternalStreamConnection.open(InternalStreamConnection.java:235)
	at com.mongodb.internal.connection.DefaultServerMonitor$ServerMonitor.setupNewConnectionAndGetInitialDescription(DefaultServerMonitor.java:282)
	at com.mongodb.internal.connection.DefaultServerMonitor$ServerMonitor.lookupServerDescription(DefaultServerMonitor.java:253)
	at com.mongodb.internal.connection.DefaultServerMonitor$ServerMonitor.run(DefaultServerMonitor.java:203)
Caused by: javax.net.ssl.SSLException: Received fatal alert: internal_error
	at java.base/sun.security.ssl.Alert.createSSLException(Alert.java:132)
	at java.base/sun.security.ssl.Alert.createSSLException(Alert.java:117)
	at java.base/sun.security.ssl.TransportContext.fatal(TransportContext.java:370)
	at java.base/sun.security.ssl.Alert$AlertConsumer.consume(Alert.java:287)
	at java.base/sun.security.ssl.TransportContext.dispatch(TransportContext.java:209)
	at java.base/sun.security.ssl.SSLTransport.decode(SSLTransport.java:172)
	at java.base/sun.security.ssl.SSLSocketImpl.decode(SSLSocketImpl.java:1506)
	at java.base/sun.security.ssl.SSLSocketImpl.readHandshakeRecord(SSLSocketImpl.java:1421)
	at java.base/sun.security.ssl.SSLSocketImpl.startHandshake(SSLSocketImpl.java:455)
	at java.base/sun.security.ssl.SSLSocketImpl.ensureNegotiated(SSLSocketImpl.java:922)
	at java.base/sun.security.ssl.SSLSocketImpl$AppOutputStream.write(SSLSocketImpl.java:1291)
	at com.mongodb.internal.connection.SocketStream.write(SocketStream.java:165)
	at com.mongodb.internal.connection.InternalStreamConnection.sendMessage(InternalStreamConnection.java:667)
	... 13 common frames omitted
2026-03-24 12:21:42 [cluster-ClusterId{value='69c123a059b62672269159b2', description='null'}-ac-aoerbz6-shard-00-01.en0pykp.mongodb.net:27017] INFO  org.mongodb.driver.cluster - Exception in monitor thread while connecting to server ac-aoerbz6-shard-00-01.en0pykp.mongodb.net:27017
com.mongodb.MongoSocketWriteException: Exception sending message
	at com.mongodb.internal.connection.InternalStreamConnection.throwTranslatedWriteException(InternalStreamConnection.java:785)
	at com.mongodb.internal.connection.InternalStreamConnection.sendMessage(InternalStreamConnection.java:670)
	at com.mongodb.internal.connection.InternalStreamConnection.trySendMessage(InternalStreamConnection.java:507)
	at com.mongodb.internal.connection.InternalStreamConnection.sendCommandMessage(InternalStreamConnection.java:482)
	at com.mongodb.internal.connection.InternalStreamConnection.sendAndReceiveInternal(InternalStreamConnection.java:440)
	at com.mongodb.internal.connection.InternalStreamConnection.lambda$sendAndReceive$0(InternalStreamConnection.java:375)
	at com.mongodb.internal.connection.InternalStreamConnection.sendAndReceive(InternalStreamConnection.java:378)
	at com.mongodb.internal.connection.CommandHelper.sendAndReceive(CommandHelper.java:98)
	at com.mongodb.internal.connection.CommandHelper.executeCommand(CommandHelper.java:47)
	at com.mongodb.internal.connection.InternalStreamConnectionInitializer.initializeConnectionDescription(InternalStreamConnectionInitializer.java:144)
	at com.mongodb.internal.connection.InternalStreamConnectionInitializer.startHandshake(InternalStreamConnectionInitializer.java:78)
	at com.mongodb.internal.connection.InternalStreamConnection.open(InternalStreamConnection.java:235)
	at com.mongodb.internal.connection.DefaultServerMonitor$ServerMonitor.setupNewConnectionAndGetInitialDescription(DefaultServerMonitor.java:282)
	at com.mongodb.internal.connection.DefaultServerMonitor$ServerMonitor.lookupServerDescription(DefaultServerMonitor.java:253)
	at com.mongodb.internal.connection.DefaultServerMonitor$ServerMonitor.run(DefaultServerMonitor.java:203)
Caused by: javax.net.ssl.SSLException: Received fatal alert: internal_error
	at java.base/sun.security.ssl.Alert.createSSLException(Alert.java:132)
	at java.base/sun.security.ssl.Alert.createSSLException(Alert.java:117)
	at java.base/sun.security.ssl.TransportContext.fatal(TransportContext.java:370)
	at java.base/sun.security.ssl.Alert$AlertConsumer.consume(Alert.java:287)
	at java.base/sun.security.ssl.TransportContext.dispatch(TransportContext.java:209)
	at java.base/sun.security.ssl.SSLTransport.decode(SSLTransport.java:172)
	at java.base/sun.security.ssl.SSLSocketImpl.decode(SSLSocketImpl.java:1506)
	at java.base/sun.security.ssl.SSLSocketImpl.readHandshakeRecord(SSLSocketImpl.java:1421)
	at java.base/sun.security.ssl.SSLSocketImpl.startHandshake(SSLSocketImpl.java:455)
	at java.base/sun.security.ssl.SSLSocketImpl.ensureNegotiated(SSLSocketImpl.java:922)
	at java.base/sun.security.ssl.SSLSocketImpl$AppOutputStream.write(SSLSocketImpl.java:1291)
	at com.mongodb.internal.connection.SocketStream.write(SocketStream.java:165)
	at com.mongodb.internal.connection.InternalStreamConnection.sendMessage(InternalStreamConnection.java:667)
	... 13 common frames omitted
2026-03-24 12:22:10 [scheduling-1] INFO  org.mongodb.driver.cluster - Waiting for server to become available for operation find with ID 3102. Remaining time: 29984 ms. Selector: ReadPreferenceServerSelector{readPreference=primary}, topology description: {type=REPLICA_SET, servers=[{address=ac-aoerbz6-shard-00-00.en0pykp.mongodb.net:27017, type=UNKNOWN, state=CONNECTING, exception={com.mongodb.MongoSocketWriteException: Exception sending message}, caused by {javax.net.ssl.SSLException: Received fatal alert: internal_error}}, {address=ac-aoerbz6-shard-00-02.en0pykp.mongodb.net:27017, type=UNKNOWN, state=CONNECTING, exception={com.mongodb.MongoSocketWriteException: Exception sending message}, caused by {javax.net.ssl.SSLException: Received fatal alert: internal_error}}, {address=ac-aoerbz6-shard-00-01.en0pykp.mongodb.net:27017, type=UNKNOWN, state=CONNECTING, exception={com.mongodb.MongoSocketWriteException: Exception sending message}, caused by {javax.net.ssl.SSLException: Received fatal alert: internal_error}}].
2026-03-24 12:22:39 [scheduling-1] ERROR org.springframework.scheduling.support.TaskUtils$LoggingErrorHandler - Unexpected error occurred in scheduled task
org.springframework.dao.DataAccessResourceFailureException: Timed out while waiting for a server that matches ReadPreferenceServerSelector{readPreference=primary}. Client view of cluster state is {type=REPLICA_SET, servers=[{address=ac-aoerbz6-shard-00-00.en0pykp.mongodb.net:27017, type=UNKNOWN, state=CONNECTING, exception={com.mongodb.MongoSocketWriteException: Exception sending message}, caused by {javax.net.ssl.SSLException: Received fatal alert: internal_error}}, {address=ac-aoerbz6-shard-00-02.en0pykp.mongodb.net:27017, type=UNKNOWN, state=CONNECTING, exception={com.mongodb.MongoSocketWriteException: Exception sending message}, caused by {javax.net.ssl.SSLException: Received fatal alert: internal_error}}, {address=ac-aoerbz6-shard-00-01.en0pykp.mongodb.net:27017, type=UNKNOWN, state=CONNECTING, exception={com.mongodb.MongoSocketWriteException: Exception sending message}, caused by {javax.net.ssl.SSLException: Received fatal alert: internal_error}}]
	at org.springframework.data.mongodb.core.MongoExceptionTranslator.doTranslateException(MongoExceptionTranslator.java:96)
	at org.springframework.data.mongodb.core.MongoExceptionTranslator.translateExceptionIfPossible(MongoExceptionTranslator.java:72)
	at org.springframework.data.mongodb.core.MongoTemplate.potentiallyConvertRuntimeException(MongoTemplate.java:3170)
	at org.springframework.data.mongodb.core.MongoTemplate.executeFindMultiInternal(MongoTemplate.java:3081)
	at org.springframework.data.mongodb.core.MongoTemplate.doFind(MongoTemplate.java:2739)
	at org.springframework.data.mongodb.core.MongoTemplate.doFind(MongoTemplate.java:2715)
	at org.springframework.data.mongodb.core.MongoTemplate.find(MongoTemplate.java:920)
	at org.springframework.data.mongodb.core.MongoTemplate.find(MongoTemplate.java:910)
	at com.example.BookingApplication.Repositories.StudioQuery.ScheduleCancelled(StudioQuery.java:42)
	at java.base/jdk.internal.reflect.DirectMethodHandleAccessor.invoke(DirectMethodHandleAccessor.java:103)
	at java.base/java.lang.reflect.Method.invoke(Method.java:580)
	at org.springframework.scheduling.support.ScheduledMethodRunnable.runInternal(ScheduledMethodRunnable.java:128)
	at org.springframework.scheduling.support.ScheduledMethodRunnable.lambda$run$1(ScheduledMethodRunnable.java:122)
	at io.micrometer.observation.Observation.observe(Observation.java:569)
	at org.springframework.scheduling.support.ScheduledMethodRunnable.run(ScheduledMethodRunnable.java:122)
	at org.springframework.scheduling.config.Task$OutcomeTrackingRunnable.run(Task.java:88)
	at org.springframework.scheduling.support.DelegatingErrorHandlingRunnable.run(DelegatingErrorHandlingRunnable.java:54)
	at java.base/java.util.concurrent.Executors$RunnableAdapter.call(Executors.java:572)
	at java.base/java.util.concurrent.FutureTask.runAndReset(FutureTask.java:358)
	at java.base/java.util.concurrent.ScheduledThreadPoolExecutor$ScheduledFutureTask.run(ScheduledThreadPoolExecutor.java:305)
	at java.base/java.util.concurrent.ThreadPoolExecutor.runWorker(ThreadPoolExecutor.java:1144)
	at java.base/java.util.concurrent.ThreadPoolExecutor$Worker.run(ThreadPoolExecutor.java:642)
	at java.base/java.lang.Thread.run(Thread.java:1583)
Caused by: com.mongodb.MongoTimeoutException: Timed out while waiting for a server that matches ReadPreferenceServerSelector{readPreference=primary}. Client view of cluster state is {type=REPLICA_SET, servers=[{address=ac-aoerbz6-shard-00-00.en0pykp.mongodb.net:27017, type=UNKNOWN, state=CONNECTING, exception={com.mongodb.MongoSocketWriteException: Exception sending message}, caused by {javax.net.ssl.SSLException: Received fatal alert: internal_error}}, {address=ac-aoerbz6-shard-00-02.en0pykp.mongodb.net:27017, type=UNKNOWN, state=CONNECTING, exception={com.mongodb.MongoSocketWriteException: Exception sending message}, caused by {javax.net.ssl.SSLException: Received fatal alert: internal_error}}, {address=ac-aoerbz6-shard-00-01.en0pykp.mongodb.net:27017, type=UNKNOWN, state=CONNECTING, exception={com.mongodb.MongoSocketWriteException: Exception sending message}, caused by {javax.net.ssl.SSLException: Received fatal alert: internal_error}}]
	at com.mongodb.internal.connection.BaseCluster.logAndThrowTimeoutException(BaseCluster.java:431)
	at com.mongodb.internal.connection.BaseCluster.lambda$selectServer$0(BaseCluster.java:166)
	at com.mongodb.internal.time.Timeout.lambda$onExistsAndExpired$16(Timeout.java:238)
	at com.mongodb.internal.time.Timeout.lambda$run$10(Timeout.java:203)
	at com.mongodb.internal.time.TimePoint.checkedCall(TimePoint.java:99)
	at com.mongodb.internal.time.Timeout.call(Timeout.java:176)
	at com.mongodb.internal.time.Timeout.run(Timeout.java:196)
	at com.mongodb.internal.time.Timeout.onExistsAndExpired(Timeout.java:235)
	at com.mongodb.internal.time.Timeout.onExpired(Timeout.java:228)
	at com.mongodb.internal.connection.BaseCluster.selectServer(BaseCluster.java:165)
	at com.mongodb.internal.connection.AbstractMultiServerCluster.selectServer(AbstractMultiServerCluster.java:60)
	at com.mongodb.internal.binding.ClusterBinding.getReadConnectionSource(ClusterBinding.java:82)
	at com.mongodb.client.internal.ClientSessionBinding.getConnectionSource(ClientSessionBinding.java:108)
	at com.mongodb.client.internal.ClientSessionBinding.getReadConnectionSource(ClientSessionBinding.java:88)
	at com.mongodb.internal.operation.SyncOperationHelper.withSuppliedResource(SyncOperationHelper.java:148)
	at com.mongodb.internal.operation.SyncOperationHelper.withSourceAndConnection(SyncOperationHelper.java:129)
	at com.mongodb.internal.operation.FindOperation.lambda$execute$2(FindOperation.java:302)
	at com.mongodb.internal.operation.SyncOperationHelper.lambda$decorateReadWithRetries$13(SyncOperationHelper.java:317)
	at com.mongodb.internal.async.function.RetryingSyncSupplier.get(RetryingSyncSupplier.java:67)
	at com.mongodb.internal.operation.FindOperation.execute(FindOperation.java:313)
	at com.mongodb.internal.operation.FindOperation.execute(FindOperation.java:70)
	at com.mongodb.client.internal.MongoClusterImpl$OperationExecutorImpl.execute(MongoClusterImpl.java:426)
	at com.mongodb.client.internal.MongoIterableImpl.execute(MongoIterableImpl.java:156)
	at com.mongodb.client.internal.MongoIterableImpl.iterator(MongoIterableImpl.java:116)
	at org.springframework.data.mongodb.core.MongoTemplate.executeFindMultiInternal(MongoTemplate.java:3068)
	... 19 common frames omitted
2026-03-24 12:22:39 [scheduling-1] INFO  org.mongodb.driver.cluster - Waiting for server to become available for operation find with ID 3274. Remaining time: 29999 ms. Selector: ReadPreferenceServerSelector{readPreference=primary}, topology description: {type=REPLICA_SET, servers=[{address=ac-aoerbz6-shard-00-00.en0pykp.mongodb.net:27017, type=UNKNOWN, state=CONNECTING, exception={com.mongodb.MongoSocketWriteException: Exception sending message}, caused by {javax.net.ssl.SSLException: Received fatal alert: internal_error}}, {address=ac-aoerbz6-shard-00-02.en0pykp.mongodb.net:27017, type=UNKNOWN, state=CONNECTING, exception={com.mongodb.MongoSocketWriteException: Exception sending message}, caused by {javax.net.ssl.SSLException: Received fatal alert: internal_error}}, {address=ac-aoerbz6-shard-00-01.en0pykp.mongodb.net:27017, type=UNKNOWN, state=CONNECTING, exception={com.mongodb.MongoSocketWriteException: Exception sending message}, caused by {javax.net.ssl.SSLException: Received fatal alert: internal_error}}].
2026-03-24 12:23:09 [scheduling-1] ERROR org.springframework.scheduling.support.TaskUtils$LoggingErrorHandler - Unexpected error occurred in scheduled task
org.springframework.dao.DataAccessResourceFailureException: Timed out while waiting for a server that matches ReadPreferenceServerSelector{readPreference=primary}. Client view of cluster state is {type=REPLICA_SET, servers=[{address=ac-aoerbz6-shard-00-00.en0pykp.mongodb.net:27017, type=UNKNOWN, state=CONNECTING, exception={com.mongodb.MongoSocketWriteException: Exception sending message}, caused by {javax.net.ssl.SSLException: Received fatal alert: internal_error}}, {address=ac-aoerbz6-shard-00-02.en0pykp.mongodb.net:27017, type=UNKNOWN, state=CONNECTING, exception={com.mongodb.MongoSocketWriteException: Exception sending message}, caused by {javax.net.ssl.SSLException: Received fatal alert: internal_error}}, {address=ac-aoerbz6-shard-00-01.en0pykp.mongodb.net:27017, type=UNKNOWN, state=CONNECTING, exception={com.mongodb.MongoSocketWriteException: Exception sending message}, caused by {javax.net.ssl.SSLException: Received fatal alert: internal_error}}]
	at org.springframework.data.mongodb.core.MongoExceptionTranslator.doTranslateException(MongoExceptionTranslator.java:96)
	at org.springframework.data.mongodb.core.MongoExceptionTranslator.translateExceptionIfPossible(MongoExceptionTranslator.java:72)
	at org.springframework.data.mongodb.core.MongoTemplate.potentiallyConvertRuntimeException(MongoTemplate.java:3170)
	at org.springframework.data.mongodb.core.MongoTemplate.executeFindMultiInternal(MongoTemplate.java:3081)
	at org.springframework.data.mongodb.core.MongoTemplate.doFind(MongoTemplate.java:2739)
	at org.springframework.data.mongodb.core.MongoTemplate.doFind(MongoTemplate.java:2715)
	at org.springframework.data.mongodb.core.MongoTemplate.find(MongoTemplate.java:920)
	at org.springframework.data.mongodb.core.MongoTemplate.find(MongoTemplate.java:910)
	at com.example.BookingApplication.Repositories.StudioQuery.ScheduleCancelled(StudioQuery.java:42)
	at java.base/jdk.internal.reflect.DirectMethodHandleAccessor.invoke(DirectMethodHandleAccessor.java:103)
	at java.base/java.lang.reflect.Method.invoke(Method.java:580)
	at org.springframework.scheduling.support.ScheduledMethodRunnable.runInternal(ScheduledMethodRunnable.java:128)
	at org.springframework.scheduling.support.ScheduledMethodRunnable.lambda$run$1(ScheduledMethodRunnable.java:122)
	at io.micrometer.observation.Observation.observe(Observation.java:569)
	at org.springframework.scheduling.support.ScheduledMethodRunnable.run(ScheduledMethodRunnable.java:122)
	at org.springframework.scheduling.config.Task$OutcomeTrackingRunnable.run(Task.java:88)
	at org.springframework.scheduling.support.DelegatingErrorHandlingRunnable.run(DelegatingErrorHandlingRunnable.java:54)
	at java.base/java.util.concurrent.Executors$RunnableAdapter.call(Executors.java:572)
	at java.base/java.util.concurrent.FutureTask.runAndReset(FutureTask.java:358)
	at java.base/java.util.concurrent.ScheduledThreadPoolExecutor$ScheduledFutureTask.run(ScheduledThreadPoolExecutor.java:305)
	at java.base/java.util.concurrent.ThreadPoolExecutor.runWorker(ThreadPoolExecutor.java:1144)
	at java.base/java.util.concurrent.ThreadPoolExecutor$Worker.run(ThreadPoolExecutor.java:642)
	at java.base/java.lang.Thread.run(Thread.java:1583)
Caused by: com.mongodb.MongoTimeoutException: Timed out while waiting for a server that matches ReadPreferenceServerSelector{readPreference=primary}. Client view of cluster state is {type=REPLICA_SET, servers=[{address=ac-aoerbz6-shard-00-00.en0pykp.mongodb.net:27017, type=UNKNOWN, state=CONNECTING, exception={com.mongodb.MongoSocketWriteException: Exception sending message}, caused by {javax.net.ssl.SSLException: Received fatal alert: internal_error}}, {address=ac-aoerbz6-shard-00-02.en0pykp.mongodb.net:27017, type=UNKNOWN, state=CONNECTING, exception={com.mongodb.MongoSocketWriteException: Exception sending message}, caused by {javax.net.ssl.SSLException: Received fatal alert: internal_error}}, {address=ac-aoerbz6-shard-00-01.en0pykp.mongodb.net:27017, type=UNKNOWN, state=CONNECTING, exception={com.mongodb.MongoSocketWriteException: Exception sending message}, caused by {javax.net.ssl.SSLException: Received fatal alert: internal_error}}]
	at com.mongodb.internal.connection.BaseCluster.logAndThrowTimeoutException(BaseCluster.java:431)
	at com.mongodb.internal.connection.BaseCluster.lambda$selectServer$0(BaseCluster.java:166)
	at com.mongodb.internal.time.Timeout.lambda$onExistsAndExpired$16(Timeout.java:238)
	at com.mongodb.internal.time.Timeout.lambda$run$10(Timeout.java:203)
	at com.mongodb.internal.time.TimePoint.checkedCall(TimePoint.java:99)
	at com.mongodb.internal.time.Timeout.call(Timeout.java:176)
	at com.mongodb.internal.time.Timeout.run(Timeout.java:196)
	at com.mongodb.internal.time.Timeout.onExistsAndExpired(Timeout.java:235)
	at com.mongodb.internal.time.Timeout.onExpired(Timeout.java:228)
	at com.mongodb.internal.connection.BaseCluster.selectServer(BaseCluster.java:165)
	at com.mongodb.internal.connection.AbstractMultiServerCluster.selectServer(AbstractMultiServerCluster.java:60)
	at com.mongodb.internal.binding.ClusterBinding.getReadConnectionSource(ClusterBinding.java:82)
	at com.mongodb.client.internal.ClientSessionBinding.getConnectionSource(ClientSessionBinding.java:108)
	at com.mongodb.client.internal.ClientSessionBinding.getReadConnectionSource(ClientSessionBinding.java:88)
	at com.mongodb.internal.operation.SyncOperationHelper.withSuppliedResource(SyncOperationHelper.java:148)
	at com.mongodb.internal.operation.SyncOperationHelper.withSourceAndConnection(SyncOperationHelper.java:129)
	at com.mongodb.internal.operation.FindOperation.lambda$execute$2(FindOperation.java:302)
	at com.mongodb.internal.operation.SyncOperationHelper.lambda$decorateReadWithRetries$13(SyncOperationHelper.java:317)
	at com.mongodb.internal.async.function.RetryingSyncSupplier.get(RetryingSyncSupplier.java:67)
	at com.mongodb.internal.operation.FindOperation.execute(FindOperation.java:313)
	at com.mongodb.internal.operation.FindOperation.execute(FindOperation.java:70)
	at com.mongodb.client.internal.MongoClusterImpl$OperationExecutorImpl.execute(MongoClusterImpl.java:426)
	at com.mongodb.client.internal.MongoIterableImpl.execute(MongoIterableImpl.java:156)
	at com.mongodb.client.internal.MongoIterableImpl.iterator(MongoIterableImpl.java:116)
	at org.springframework.data.mongodb.core.MongoTemplate.executeFindMultiInternal(MongoTemplate.java:3068)
	... 19 common frames omitted
2026-03-24 12:23:09 [scheduling-1] INFO  org.mongodb.driver.cluster - Waiting for server to become available for operation find with ID 3444. Remaining time: 29999 ms. Selector: ReadPreferenceServerSelector{readPreference=primary}, topology description: {type=REPLICA_SET, servers=[{address=ac-aoerbz6-shard-00-00.en0pykp.mongodb.net:27017, type=UNKNOWN, state=CONNECTING, exception={com.mongodb.MongoSocketWriteException: Exception sending message}, caused by {javax.net.ssl.SSLException: Received fatal alert: internal_error}}, {address=ac-aoerbz6-shard-00-02.en0pykp.mongodb.net:27017, type=UNKNOWN, state=CONNECTING, exception={com.mongodb.MongoSocketWriteException: Exception sending message}, caused by {javax.net.ssl.SSLException: Received fatal alert: internal_error}}, {address=ac-aoerbz6-shard-00-01.en0pykp.mongodb.net:27017, type=UNKNOWN, state=CONNECTING, exception={com.mongodb.MongoSocketWriteException: Exception sending message}, caused by {javax.net.ssl.SSLException: Received fatal alert: internal_error}}].
2026-03-24 12:23:39 [scheduling-1] ERROR org.springframework.scheduling.support.TaskUtils$LoggingErrorHandler - Unexpected error occurred in scheduled task
org.springframework.dao.DataAccessResourceFailureException: Timed out while waiting for a server that matches ReadPreferenceServerSelector{readPreference=primary}. Client view of cluster state is {type=REPLICA_SET, servers=[{address=ac-aoerbz6-shard-00-00.en0pykp.mongodb.net:27017, type=UNKNOWN, state=CONNECTING, exception={com.mongodb.MongoSocketWriteException: Exception sending message}, caused by {javax.net.ssl.SSLException: Received fatal alert: internal_error}}, {address=ac-aoerbz6-shard-00-02.en0pykp.mongodb.net:27017, type=UNKNOWN, state=CONNECTING, exception={com.mongodb.MongoSocketWriteException: Exception sending message}, caused by {javax.net.ssl.SSLException: Received fatal alert: internal_error}}, {address=ac-aoerbz6-shard-00-01.en0pykp.mongodb.net:27017, type=UNKNOWN, state=CONNECTING, exception={com.mongodb.MongoSocketWriteException: Exception sending message}, caused by {javax.net.ssl.SSLException: Received fatal alert: internal_error}}]
	at org.springframework.data.mongodb.core.MongoExceptionTranslator.doTranslateException(MongoExceptionTranslator.java:96)
	at org.springframework.data.mongodb.core.MongoExceptionTranslator.translateExceptionIfPossible(MongoExceptionTranslator.java:72)
	at org.springframework.data.mongodb.core.MongoTemplate.potentiallyConvertRuntimeException(MongoTemplate.java:3170)
	at org.springframework.data.mongodb.core.MongoTemplate.executeFindMultiInternal(MongoTemplate.java:3081)
	at org.springframework.data.mongodb.core.MongoTemplate.doFind(MongoTemplate.java:2739)
	at org.springframework.data.mongodb.core.MongoTemplate.doFind(MongoTemplate.java:2715)
	at org.springframework.data.mongodb.core.MongoTemplate.find(MongoTemplate.java:920)
	at org.springframework.data.mongodb.core.MongoTemplate.find(MongoTemplate.java:910)
	at com.example.BookingApplication.Repositories.StudioQuery.ScheduleCancelled(StudioQuery.java:42)
	at java.base/jdk.internal.reflect.DirectMethodHandleAccessor.invoke(DirectMethodHandleAccessor.java:103)
	at java.base/java.lang.reflect.Method.invoke(Method.java:580)
	at org.springframework.scheduling.support.ScheduledMethodRunnable.runInternal(ScheduledMethodRunnable.java:128)
	at org.springframework.scheduling.support.ScheduledMethodRunnable.lambda$run$1(ScheduledMethodRunnable.java:122)
	at io.micrometer.observation.Observation.observe(Observation.java:569)
	at org.springframework.scheduling.support.ScheduledMethodRunnable.run(ScheduledMethodRunnable.java:122)
	at org.springframework.scheduling.config.Task$OutcomeTrackingRunnable.run(Task.java:88)
	at org.springframework.scheduling.support.DelegatingErrorHandlingRunnable.run(DelegatingErrorHandlingRunnable.java:54)
	at java.base/java.util.concurrent.Executors$RunnableAdapter.call(Executors.java:572)
	at java.base/java.util.concurrent.FutureTask.runAndReset(FutureTask.java:358)
	at java.base/java.util.concurrent.ScheduledThreadPoolExecutor$ScheduledFutureTask.run(ScheduledThreadPoolExecutor.java:305)
	at java.base/java.util.concurrent.ThreadPoolExecutor.runWorker(ThreadPoolExecutor.java:1144)
	at java.base/java.util.concurrent.ThreadPoolExecutor$Worker.run(ThreadPoolExecutor.java:642)
	at java.base/java.lang.Thread.run(Thread.java:1583)
Caused by: com.mongodb.MongoTimeoutException: Timed out while waiting for a server that matches ReadPreferenceServerSelector{readPreference=primary}. Client view of cluster state is {type=REPLICA_SET, servers=[{address=ac-aoerbz6-shard-00-00.en0pykp.mongodb.net:27017, type=UNKNOWN, state=CONNECTING, exception={com.mongodb.MongoSocketWriteException: Exception sending message}, caused by {javax.net.ssl.SSLException: Received fatal alert: internal_error}}, {address=ac-aoerbz6-shard-00-02.en0pykp.mongodb.net:27017, type=UNKNOWN, state=CONNECTING, exception={com.mongodb.MongoSocketWriteException: Exception sending message}, caused by {javax.net.ssl.SSLException: Received fatal alert: internal_error}}, {address=ac-aoerbz6-shard-00-01.en0pykp.mongodb.net:27017, type=UNKNOWN, state=CONNECTING, exception={com.mongodb.MongoSocketWriteException: Exception sending message}, caused by {javax.net.ssl.SSLException: Received fatal alert: internal_error}}]
	at com.mongodb.internal.connection.BaseCluster.logAndThrowTimeoutException(BaseCluster.java:431)
	at com.mongodb.internal.connection.BaseCluster.lambda$selectServer$0(BaseCluster.java:166)
	at com.mongodb.internal.time.Timeout.lambda$onExistsAndExpired$16(Timeout.java:238)
	at com.mongodb.internal.time.Timeout.lambda$run$10(Timeout.java:203)
	at com.mongodb.internal.time.TimePoint.checkedCall(TimePoint.java:99)
	at com.mongodb.internal.time.Timeout.call(Timeout.java:176)
	at com.mongodb.internal.time.Timeout.run(Timeout.java:196)
	at com.mongodb.internal.time.Timeout.onExistsAndExpired(Timeout.java:235)
	at com.mongodb.internal.time.Timeout.onExpired(Timeout.java:228)
	at com.mongodb.internal.connection.BaseCluster.selectServer(BaseCluster.java:165)
	at com.mongodb.internal.connection.AbstractMultiServerCluster.selectServer(AbstractMultiServerCluster.java:60)
	at com.mongodb.internal.binding.ClusterBinding.getReadConnectionSource(ClusterBinding.java:82)
	at com.mongodb.client.internal.ClientSessionBinding.getConnectionSource(ClientSessionBinding.java:108)
	at com.mongodb.client.internal.ClientSessionBinding.getReadConnectionSource(ClientSessionBinding.java:88)
	at com.mongodb.internal.operation.SyncOperationHelper.withSuppliedResource(SyncOperationHelper.java:148)
	at com.mongodb.internal.operation.SyncOperationHelper.withSourceAndConnection(SyncOperationHelper.java:129)
	at com.mongodb.internal.operation.FindOperation.lambda$execute$2(FindOperation.java:302)
	at com.mongodb.internal.operation.SyncOperationHelper.lambda$decorateReadWithRetries$13(SyncOperationHelper.java:317)
	at com.mongodb.internal.async.function.RetryingSyncSupplier.get(RetryingSyncSupplier.java:67)
	at com.mongodb.internal.operation.FindOperation.execute(FindOperation.java:313)
	at com.mongodb.internal.operation.FindOperation.execute(FindOperation.java:70)
	at com.mongodb.client.internal.MongoClusterImpl$OperationExecutorImpl.execute(MongoClusterImpl.java:426)
	at com.mongodb.client.internal.MongoIterableImpl.execute(MongoIterableImpl.java:156)
	at com.mongodb.client.internal.MongoIterableImpl.iterator(MongoIterableImpl.java:116)
	at org.springframework.data.mongodb.core.MongoTemplate.executeFindMultiInternal(MongoTemplate.java:3068)
	... 19 common frames omitted
2026-03-24 12:23:39 [scheduling-1] INFO  org.mongodb.driver.cluster - Waiting for server to become available for operation find with ID 3615. Remaining time: 29999 ms. Selector: ReadPreferenceServerSelector{readPreference=primary}, topology description: {type=REPLICA_SET, servers=[{address=ac-aoerbz6-shard-00-00.en0pykp.mongodb.net:27017, type=UNKNOWN, state=CONNECTING, exception={com.mongodb.MongoSocketWriteException: Exception sending message}, caused by {javax.net.ssl.SSLException: Received fatal alert: internal_error}}, {address=ac-aoerbz6-shard-00-02.en0pykp.mongodb.net:27017, type=UNKNOWN, state=CONNECTING, exception={com.mongodb.MongoSocketWriteException: Exception sending message}, caused by {javax.net.ssl.SSLException: Received fatal alert: internal_error}}, {address=ac-aoerbz6-shard-00-01.en0pykp.mongodb.net:27017, type=UNKNOWN, state=CONNECTING, exception={com.mongodb.MongoSocketWriteException: Exception sending message}, caused by {javax.net.ssl.SSLException: Received fatal alert: internal_error}}].
2026-03-24 12:24:09 [scheduling-1] ERROR org.springframework.scheduling.support.TaskUtils$LoggingErrorHandler - Unexpected error occurred in scheduled task
org.springframework.dao.DataAccessResourceFailureException: Timed out while waiting for a server that matches ReadPreferenceServerSelector{readPreference=primary}. Client view of cluster state is {type=REPLICA_SET, servers=[{address=ac-aoerbz6-shard-00-00.en0pykp.mongodb.net:27017, type=UNKNOWN, state=CONNECTING, exception={com.mongodb.MongoSocketWriteException: Exception sending message}, caused by {javax.net.ssl.SSLException: Received fatal alert: internal_error}}, {address=ac-aoerbz6-shard-00-02.en0pykp.mongodb.net:27017, type=UNKNOWN, state=CONNECTING, exception={com.mongodb.MongoSocketWriteException: Exception sending message}, caused by {javax.net.ssl.SSLException: Received fatal alert: internal_error}}, {address=ac-aoerbz6-shard-00-01.en0pykp.mongodb.net:27017, type=UNKNOWN, state=CONNECTING, exception={com.mongodb.MongoSocketWriteException: Exception sending message}, caused by {javax.net.ssl.SSLException: Received fatal alert: internal_error}}]
	at org.springframework.data.mongodb.core.MongoExceptionTranslator.doTranslateException(MongoExceptionTranslator.java:96)
	at org.springframework.data.mongodb.core.MongoExceptionTranslator.translateExceptionIfPossible(MongoExceptionTranslator.java:72)
	at org.springframework.data.mongodb.core.MongoTemplate.potentiallyConvertRuntimeException(MongoTemplate.java:3170)
	at org.springframework.data.mongodb.core.MongoTemplate.executeFindMultiInternal(MongoTemplate.java:3081)
	at org.springframework.data.mongodb.core.MongoTemplate.doFind(MongoTemplate.java:2739)
	at org.springframework.data.mongodb.core.MongoTemplate.doFind(MongoTemplate.java:2715)
	at org.springframework.data.mongodb.core.MongoTemplate.find(MongoTemplate.java:920)
	at org.springframework.data.mongodb.core.MongoTemplate.find(MongoTemplate.java:910)
	at com.example.BookingApplication.Repositories.StudioQuery.ScheduleCancelled(StudioQuery.java:42)
	at java.base/jdk.internal.reflect.DirectMethodHandleAccessor.invoke(DirectMethodHandleAccessor.java:103)
	at java.base/java.lang.reflect.Method.invoke(Method.java:580)
	at org.springframework.scheduling.support.ScheduledMethodRunnable.runInternal(ScheduledMethodRunnable.java:128)
	at org.springframework.scheduling.support.ScheduledMethodRunnable.lambda$run$1(ScheduledMethodRunnable.java:122)
	at io.micrometer.observation.Observation.observe(Observation.java:569)
	at org.springframework.scheduling.support.ScheduledMethodRunnable.run(ScheduledMethodRunnable.java:122)
	at org.springframework.scheduling.config.Task$OutcomeTrackingRunnable.run(Task.java:88)
	at org.springframework.scheduling.support.DelegatingErrorHandlingRunnable.run(DelegatingErrorHandlingRunnable.java:54)
	at java.base/java.util.concurrent.Executors$RunnableAdapter.call(Executors.java:572)
	at java.base/java.util.concurrent.FutureTask.runAndReset(FutureTask.java:358)
	at java.base/java.util.concurrent.ScheduledThreadPoolExecutor$ScheduledFutureTask.run(ScheduledThreadPoolExecutor.java:305)
	at java.base/java.util.concurrent.ThreadPoolExecutor.runWorker(ThreadPoolExecutor.java:1144)
	at java.base/java.util.concurrent.ThreadPoolExecutor$Worker.run(ThreadPoolExecutor.java:642)
	at java.base/java.lang.Thread.run(Thread.java:1583)
Caused by: com.mongodb.MongoTimeoutException: Timed out while waiting for a server that matches ReadPreferenceServerSelector{readPreference=primary}. Client view of cluster state is {type=REPLICA_SET, servers=[{address=ac-aoerbz6-shard-00-00.en0pykp.mongodb.net:27017, type=UNKNOWN, state=CONNECTING, exception={com.mongodb.MongoSocketWriteException: Exception sending message}, caused by {javax.net.ssl.SSLException: Received fatal alert: internal_error}}, {address=ac-aoerbz6-shard-00-02.en0pykp.mongodb.net:27017, type=UNKNOWN, state=CONNECTING, exception={com.mongodb.MongoSocketWriteException: Exception sending message}, caused by {javax.net.ssl.SSLException: Received fatal alert: internal_error}}, {address=ac-aoerbz6-shard-00-01.en0pykp.mongodb.net:27017, type=UNKNOWN, state=CONNECTING, exception={com.mongodb.MongoSocketWriteException: Exception sending message}, caused by {javax.net.ssl.SSLException: Received fatal alert: internal_error}}]
	at com.mongodb.internal.connection.BaseCluster.logAndThrowTimeoutException(BaseCluster.java:431)
	at com.mongodb.internal.connection.BaseCluster.lambda$selectServer$0(BaseCluster.java:166)
	at com.mongodb.internal.time.Timeout.lambda$onExistsAndExpired$16(Timeout.java:238)
	at com.mongodb.internal.time.Timeout.lambda$run$10(Timeout.java:203)
	at com.mongodb.internal.time.TimePoint.checkedCall(TimePoint.java:99)
	at com.mongodb.internal.time.Timeout.call(Timeout.java:176)
	at com.mongodb.internal.time.Timeout.run(Timeout.java:196)
	at com.mongodb.internal.time.Timeout.onExistsAndExpired(Timeout.java:235)
	at com.mongodb.internal.time.Timeout.onExpired(Timeout.java:228)
	at com.mongodb.internal.connection.BaseCluster.selectServer(BaseCluster.java:165)
	at com.mongodb.internal.connection.AbstractMultiServerCluster.selectServer(AbstractMultiServerCluster.java:60)
	at com.mongodb.internal.binding.ClusterBinding.getReadConnectionSource(ClusterBinding.java:82)
	at com.mongodb.client.internal.ClientSessionBinding.getConnectionSource(ClientSessionBinding.java:108)
	at com.mongodb.client.internal.ClientSessionBinding.getReadConnectionSource(ClientSessionBinding.java:88)
	at com.mongodb.internal.operation.SyncOperationHelper.withSuppliedResource(SyncOperationHelper.java:148)
	at com.mongodb.internal.operation.SyncOperationHelper.withSourceAndConnection(SyncOperationHelper.java:129)
	at com.mongodb.internal.operation.FindOperation.lambda$execute$2(FindOperation.java:302)
	at com.mongodb.internal.operation.SyncOperationHelper.lambda$decorateReadWithRetries$13(SyncOperationHelper.java:317)
	at com.mongodb.internal.async.function.RetryingSyncSupplier.get(RetryingSyncSupplier.java:67)
	at com.mongodb.internal.operation.FindOperation.execute(FindOperation.java:313)
	at com.mongodb.internal.operation.FindOperation.execute(FindOperation.java:70)
	at com.mongodb.client.internal.MongoClusterImpl$OperationExecutorImpl.execute(MongoClusterImpl.java:426)
	at com.mongodb.client.internal.MongoIterableImpl.execute(MongoIterableImpl.java:156)
	at com.mongodb.client.internal.MongoIterableImpl.iterator(MongoIterableImpl.java:116)
	at org.springframework.data.mongodb.core.MongoTemplate.executeFindMultiInternal(MongoTemplate.java:3068)
	... 19 common frames omitted
2026-03-24 12:24:09 [scheduling-1] INFO  org.mongodb.driver.cluster - Waiting for server to become available for operation find with ID 3785. Remaining time: 29999 ms. Selector: ReadPreferenceServerSelector{readPreference=primary}, topology description: {type=REPLICA_SET, servers=[{address=ac-aoerbz6-shard-00-00.en0pykp.mongodb.net:27017, type=UNKNOWN, state=CONNECTING, exception={com.mongodb.MongoSocketWriteException: Exception sending message}, caused by {javax.net.ssl.SSLException: Received fatal alert: internal_error}}, {address=ac-aoerbz6-shard-00-02.en0pykp.mongodb.net:27017, type=UNKNOWN, state=CONNECTING, exception={com.mongodb.MongoSocketWriteException: Exception sending message}, caused by {javax.net.ssl.SSLException: Received fatal alert: internal_error}}, {address=ac-aoerbz6-shard-00-01.en0pykp.mongodb.net:27017, type=UNKNOWN, state=CONNECTING, exception={com.mongodb.MongoSocketWriteException: Exception sending message}, caused by {javax.net.ssl.SSLException: Received fatal alert: internal_error}}].
2026-03-24 12:24:39 [scheduling-1] ERROR org.springframework.scheduling.support.TaskUtils$LoggingErrorHandler - Unexpected error occurred in scheduled task
org.springframework.dao.DataAccessResourceFailureException: Timed out while waiting for a server that matches ReadPreferenceServerSelector{readPreference=primary}. Client view of cluster state is {type=REPLICA_SET, servers=[{address=ac-aoerbz6-shard-00-00.en0pykp.mongodb.net:27017, type=UNKNOWN, state=CONNECTING, exception={com.mongodb.MongoSocketWriteException: Exception sending message}, caused by {javax.net.ssl.SSLException: Received fatal alert: internal_error}}, {address=ac-aoerbz6-shard-00-02.en0pykp.mongodb.net:27017, type=UNKNOWN, state=CONNECTING, exception={com.mongodb.MongoSocketWriteException: Exception sending message}, caused by {javax.net.ssl.SSLException: Received fatal alert: internal_error}}, {address=ac-aoerbz6-shard-00-01.en0pykp.mongodb.net:27017, type=UNKNOWN, state=CONNECTING, exception={com.mongodb.MongoSocketWriteException: Exception sending message}, caused by {javax.net.ssl.SSLException: Received fatal alert: internal_error}}]
	at org.springframework.data.mongodb.core.MongoExceptionTranslator.doTranslateException(MongoExceptionTranslator.java:96)
	at org.springframework.data.mongodb.core.MongoExceptionTranslator.translateExceptionIfPossible(MongoExceptionTranslator.java:72)
	at org.springframework.data.mongodb.core.MongoTemplate.potentiallyConvertRuntimeException(MongoTemplate.java:3170)
	at org.springframework.data.mongodb.core.MongoTemplate.executeFindMultiInternal(MongoTemplate.java:3081)
	at org.springframework.data.mongodb.core.MongoTemplate.doFind(MongoTemplate.java:2739)
	at org.springframework.data.mongodb.core.MongoTemplate.doFind(MongoTemplate.java:2715)
	at org.springframework.data.mongodb.core.MongoTemplate.find(MongoTemplate.java:920)
	at org.springframework.data.mongodb.core.MongoTemplate.find(MongoTemplate.java:910)
	at com.example.BookingApplication.Repositories.StudioQuery.ScheduleCancelled(StudioQuery.java:42)
	at java.base/jdk.internal.reflect.DirectMethodHandleAccessor.invoke(DirectMethodHandleAccessor.java:103)
	at java.base/java.lang.reflect.Method.invoke(Method.java:580)
	at org.springframework.scheduling.support.ScheduledMethodRunnable.runInternal(ScheduledMethodRunnable.java:128)
	at org.springframework.scheduling.support.ScheduledMethodRunnable.lambda$run$1(ScheduledMethodRunnable.java:122)
	at io.micrometer.observation.Observation.observe(Observation.java:569)
	at org.springframework.scheduling.support.ScheduledMethodRunnable.run(ScheduledMethodRunnable.java:122)
	at org.springframework.scheduling.config.Task$OutcomeTrackingRunnable.run(Task.java:88)
	at org.springframework.scheduling.support.DelegatingErrorHandlingRunnable.run(DelegatingErrorHandlingRunnable.java:54)
	at java.base/java.util.concurrent.Executors$RunnableAdapter.call(Executors.java:572)
	at java.base/java.util.concurrent.FutureTask.runAndReset(FutureTask.java:358)
	at java.base/java.util.concurrent.ScheduledThreadPoolExecutor$ScheduledFutureTask.run(ScheduledThreadPoolExecutor.java:305)
	at java.base/java.util.concurrent.ThreadPoolExecutor.runWorker(ThreadPoolExecutor.java:1144)
	at java.base/java.util.concurrent.ThreadPoolExecutor$Worker.run(ThreadPoolExecutor.java:642)
	at java.base/java.lang.Thread.run(Thread.java:1583)
Caused by: com.mongodb.MongoTimeoutException: Timed out while waiting for a server that matches ReadPreferenceServerSelector{readPreference=primary}. Client view of cluster state is {type=REPLICA_SET, servers=[{address=ac-aoerbz6-shard-00-00.en0pykp.mongodb.net:27017, type=UNKNOWN, state=CONNECTING, exception={com.mongodb.MongoSocketWriteException: Exception sending message}, caused by {javax.net.ssl.SSLException: Received fatal alert: internal_error}}, {address=ac-aoerbz6-shard-00-02.en0pykp.mongodb.net:27017, type=UNKNOWN, state=CONNECTING, exception={com.mongodb.MongoSocketWriteException: Exception sending message}, caused by {javax.net.ssl.SSLException: Received fatal alert: internal_error}}, {address=ac-aoerbz6-shard-00-01.en0pykp.mongodb.net:27017, type=UNKNOWN, state=CONNECTING, exception={com.mongodb.MongoSocketWriteException: Exception sending message}, caused by {javax.net.ssl.SSLException: Received fatal alert: internal_error}}]
	at com.mongodb.internal.connection.BaseCluster.logAndThrowTimeoutException(BaseCluster.java:431)
	at com.mongodb.internal.connection.BaseCluster.lambda$selectServer$0(BaseCluster.java:166)
	at com.mongodb.internal.time.Timeout.lambda$onExistsAndExpired$16(Timeout.java:238)
	at com.mongodb.internal.time.Timeout.lambda$run$10(Timeout.java:203)
	at com.mongodb.internal.time.TimePoint.checkedCall(TimePoint.java:99)
	at com.mongodb.internal.time.Timeout.call(Timeout.java:176)
	at com.mongodb.internal.time.Timeout.run(Timeout.java:196)
	at com.mongodb.internal.time.Timeout.onExistsAndExpired(Timeout.java:235)
	at com.mongodb.internal.time.Timeout.onExpired(Timeout.java:228)
	at com.mongodb.internal.connection.BaseCluster.selectServer(BaseCluster.java:165)
	at com.mongodb.internal.connection.AbstractMultiServerCluster.selectServer(AbstractMultiServerCluster.java:60)
	at com.mongodb.internal.binding.ClusterBinding.getReadConnectionSource(ClusterBinding.java:82)
	at com.mongodb.client.internal.ClientSessionBinding.getConnectionSource(ClientSessionBinding.java:108)
	at com.mongodb.client.internal.ClientSessionBinding.getReadConnectionSource(ClientSessionBinding.java:88)
	at com.mongodb.internal.operation.SyncOperationHelper.withSuppliedResource(SyncOperationHelper.java:148)
	at com.mongodb.internal.operation.SyncOperationHelper.withSourceAndConnection(SyncOperationHelper.java:129)
	at com.mongodb.internal.operation.FindOperation.lambda$execute$2(FindOperation.java:302)
	at com.mongodb.internal.operation.SyncOperationHelper.lambda$decorateReadWithRetries$13(SyncOperationHelper.java:317)
	at com.mongodb.internal.async.function.RetryingSyncSupplier.get(RetryingSyncSupplier.java:67)
	at com.mongodb.internal.operation.FindOperation.execute(FindOperation.java:313)
	at com.mongodb.internal.operation.FindOperation.execute(FindOperation.java:70)
	at com.mongodb.client.internal.MongoClusterImpl$OperationExecutorImpl.execute(MongoClusterImpl.java:426)
	at com.mongodb.client.internal.MongoIterableImpl.execute(MongoIterableImpl.java:156)
	at com.mongodb.client.internal.MongoIterableImpl.iterator(MongoIterableImpl.java:116)
	at org.springframework.data.mongodb.core.MongoTemplate.executeFindMultiInternal(MongoTemplate.java:3068)
	... 19 common frames omitted
2026-03-24 12:24:39 [scheduling-1] INFO  org.mongodb.driver.cluster - Waiting for server to become available for operation find with ID 3956. Remaining time: 29999 ms. Selector: ReadPreferenceServerSelector{readPreference=primary}, topology description: {type=REPLICA_SET, servers=[{address=ac-aoerbz6-shard-00-00.en0pykp.mongodb.net:27017, type=UNKNOWN, state=CONNECTING, exception={com.mongodb.MongoSocketWriteException: Exception sending message}, caused by {javax.net.ssl.SSLException: Received fatal alert: internal_error}}, {address=ac-aoerbz6-shard-00-02.en0pykp.mongodb.net:27017, type=UNKNOWN, state=CONNECTING, exception={com.mongodb.MongoSocketWriteException: Exception sending message}, caused by {javax.net.ssl.SSLException: Received fatal alert: internal_error}}, {address=ac-aoerbz6-shard-00-01.en0pykp.mongodb.net:27017, type=UNKNOWN, state=CONNECTING, exception={com.mongodb.MongoSocketWriteException: Exception sending message}, caused by {javax.net.ssl.SSLException: Received fatal alert: internal_error}}].
2026-03-24 12:25:09 [scheduling-1] ERROR org.springframework.scheduling.support.TaskUtils$LoggingErrorHandler - Unexpected error occurred in scheduled task
org.springframework.dao.DataAccessResourceFailureException: Timed out while waiting for a server that matches ReadPreferenceServerSelector{readPreference=primary}. Client view of cluster state is {type=REPLICA_SET, servers=[{address=ac-aoerbz6-shard-00-00.en0pykp.mongodb.net:27017, type=UNKNOWN, state=CONNECTING, exception={com.mongodb.MongoSocketWriteException: Exception sending message}, caused by {javax.net.ssl.SSLException: Received fatal alert: internal_error}}, {address=ac-aoerbz6-shard-00-02.en0pykp.mongodb.net:27017, type=UNKNOWN, state=CONNECTING, exception={com.mongodb.MongoSocketWriteException: Exception sending message}, caused by {javax.net.ssl.SSLException: Received fatal alert: internal_error}}, {address=ac-aoerbz6-shard-00-01.en0pykp.mongodb.net:27017, type=UNKNOWN, state=CONNECTING, exception={com.mongodb.MongoSocketWriteException: Exception sending message}, caused by {javax.net.ssl.SSLException: Received fatal alert: internal_error}}]
	at org.springframework.data.mongodb.core.MongoExceptionTranslator.doTranslateException(MongoExceptionTranslator.java:96)
	at org.springframework.data.mongodb.core.MongoExceptionTranslator.translateExceptionIfPossible(MongoExceptionTranslator.java:72)
	at org.springframework.data.mongodb.core.MongoTemplate.potentiallyConvertRuntimeException(MongoTemplate.java:3170)
	at org.springframework.data.mongodb.core.MongoTemplate.executeFindMultiInternal(MongoTemplate.java:3081)
	at org.springframework.data.mongodb.core.MongoTemplate.doFind(MongoTemplate.java:2739)
	at org.springframework.data.mongodb.core.MongoTemplate.doFind(MongoTemplate.java:2715)
	at org.springframework.data.mongodb.core.MongoTemplate.find(MongoTemplate.java:920)
	at org.springframework.data.mongodb.core.MongoTemplate.find(MongoTemplate.java:910)
	at com.example.BookingApplication.Repositories.StudioQuery.ScheduleCancelled(StudioQuery.java:42)
	at java.base/jdk.internal.reflect.DirectMethodHandleAccessor.invoke(DirectMethodHandleAccessor.java:103)
	at java.base/java.lang.reflect.Method.invoke(Method.java:580)
	at org.springframework.scheduling.support.ScheduledMethodRunnable.runInternal(ScheduledMethodRunnable.java:128)
	at org.springframework.scheduling.support.ScheduledMethodRunnable.lambda$run$1(ScheduledMethodRunnable.java:122)
	at io.micrometer.observation.Observation.observe(Observation.java:569)
	at org.springframework.scheduling.support.ScheduledMethodRunnable.run(ScheduledMethodRunnable.java:122)
	at org.springframework.scheduling.config.Task$OutcomeTrackingRunnable.run(Task.java:88)
	at org.springframework.scheduling.support.DelegatingErrorHandlingRunnable.run(DelegatingErrorHandlingRunnable.java:54)
	at java.base/java.util.concurrent.Executors$RunnableAdapter.call(Executors.java:572)
	at java.base/java.util.concurrent.FutureTask.runAndReset(FutureTask.java:358)
	at java.base/java.util.concurrent.ScheduledThreadPoolExecutor$ScheduledFutureTask.run(ScheduledThreadPoolExecutor.java:305)
	at java.base/java.util.concurrent.ThreadPoolExecutor.runWorker(ThreadPoolExecutor.java:1144)
	at java.base/java.util.concurrent.ThreadPoolExecutor$Worker.run(ThreadPoolExecutor.java:642)
	at java.base/java.lang.Thread.run(Thread.java:1583)
Caused by: com.mongodb.MongoTimeoutException: Timed out while waiting for a server that matches ReadPreferenceServerSelector{readPreference=primary}. Client view of cluster state is {type=REPLICA_SET, servers=[{address=ac-aoerbz6-shard-00-00.en0pykp.mongodb.net:27017, type=UNKNOWN, state=CONNECTING, exception={com.mongodb.MongoSocketWriteException: Exception sending message}, caused by {javax.net.ssl.SSLException: Received fatal alert: internal_error}}, {address=ac-aoerbz6-shard-00-02.en0pykp.mongodb.net:27017, type=UNKNOWN, state=CONNECTING, exception={com.mongodb.MongoSocketWriteException: Exception sending message}, caused by {javax.net.ssl.SSLException: Received fatal alert: internal_error}}, {address=ac-aoerbz6-shard-00-01.en0pykp.mongodb.net:27017, type=UNKNOWN, state=CONNECTING, exception={com.mongodb.MongoSocketWriteException: Exception sending message}, caused by {javax.net.ssl.SSLException: Received fatal alert: internal_error}}]
	at com.mongodb.internal.connection.BaseCluster.logAndThrowTimeoutException(BaseCluster.java:431)
	at com.mongodb.internal.connection.BaseCluster.lambda$selectServer$0(BaseCluster.java:166)
	at com.mongodb.internal.time.Timeout.lambda$onExistsAndExpired$16(Timeout.java:238)
	at com.mongodb.internal.time.Timeout.lambda$run$10(Timeout.java:203)
	at com.mongodb.internal.time.TimePoint.checkedCall(TimePoint.java:99)
	at com.mongodb.internal.time.Timeout.call(Timeout.java:176)
	at com.mongodb.internal.time.Timeout.run(Timeout.java:196)
	at com.mongodb.internal.time.Timeout.onExistsAndExpired(Timeout.java:235)
	at com.mongodb.internal.time.Timeout.onExpired(Timeout.java:228)
	at com.mongodb.internal.connection.BaseCluster.selectServer(BaseCluster.java:165)
	at com.mongodb.internal.connection.AbstractMultiServerCluster.selectServer(AbstractMultiServerCluster.java:60)
	at com.mongodb.internal.binding.ClusterBinding.getReadConnectionSource(ClusterBinding.java:82)
	at com.mongodb.client.internal.ClientSessionBinding.getConnectionSource(ClientSessionBinding.java:108)
	at com.mongodb.client.internal.ClientSessionBinding.getReadConnectionSource(ClientSessionBinding.java:88)
	at com.mongodb.internal.operation.SyncOperationHelper.withSuppliedResource(SyncOperationHelper.java:148)
	at com.mongodb.internal.operation.SyncOperationHelper.withSourceAndConnection(SyncOperationHelper.java:129)
	at com.mongodb.internal.operation.FindOperation.lambda$execute$2(FindOperation.java:302)
	at com.mongodb.internal.operation.SyncOperationHelper.lambda$decorateReadWithRetries$13(SyncOperationHelper.java:317)
	at com.mongodb.internal.async.function.RetryingSyncSupplier.get(RetryingSyncSupplier.java:67)
	at com.mongodb.internal.operation.FindOperation.execute(FindOperation.java:313)
	at com.mongodb.internal.operation.FindOperation.execute(FindOperation.java:70)
	at com.mongodb.client.internal.MongoClusterImpl$OperationExecutorImpl.execute(MongoClusterImpl.java:426)
	at com.mongodb.client.internal.MongoIterableImpl.execute(MongoIterableImpl.java:156)
	at com.mongodb.client.internal.MongoIterableImpl.iterator(MongoIterableImpl.java:116)
	at org.springframework.data.mongodb.core.MongoTemplate.executeFindMultiInternal(MongoTemplate.java:3068)
	... 19 common frames omitted
2026-03-24 12:25:09 [scheduling-1] INFO  org.mongodb.driver.cluster - Waiting for server to become available for operation find with ID 4126. Remaining time: 29999 ms. Selector: ReadPreferenceServerSelector{readPreference=primary}, topology description: {type=REPLICA_SET, servers=[{address=ac-aoerbz6-shard-00-00.en0pykp.mongodb.net:27017, type=UNKNOWN, state=CONNECTING, exception={com.mongodb.MongoSocketWriteException: Exception sending message}, caused by {javax.net.ssl.SSLException: Received fatal alert: internal_error}}, {address=ac-aoerbz6-shard-00-02.en0pykp.mongodb.net:27017, type=UNKNOWN, state=CONNECTING, exception={com.mongodb.MongoSocketWriteException: Exception sending message}, caused by {javax.net.ssl.SSLException: Received fatal alert: internal_error}}, {address=ac-aoerbz6-shard-00-01.en0pykp.mongodb.net:27017, type=UNKNOWN, state=CONNECTING, exception={com.mongodb.MongoSocketWriteException: Exception sending message}, caused by {javax.net.ssl.SSLException: Received fatal alert: internal_error}}].
2026-03-24 12:25:39 [scheduling-1] ERROR org.springframework.scheduling.support.TaskUtils$LoggingErrorHandler - Unexpected error occurred in scheduled task
org.springframework.dao.DataAccessResourceFailureException: Timed out while waiting for a server that matches ReadPreferenceServerSelector{readPreference=primary}. Client view of cluster state is {type=REPLICA_SET, servers=[{address=ac-aoerbz6-shard-00-00.en0pykp.mongodb.net:27017, type=UNKNOWN, state=CONNECTING, exception={com.mongodb.MongoSocketWriteException: Exception sending message}, caused by {javax.net.ssl.SSLException: Received fatal alert: internal_error}}, {address=ac-aoerbz6-shard-00-02.en0pykp.mongodb.net:27017, type=UNKNOWN, state=CONNECTING, exception={com.mongodb.MongoSocketWriteException: Exception sending message}, caused by {javax.net.ssl.SSLException: Received fatal alert: internal_error}}, {address=ac-aoerbz6-shard-00-01.en0pykp.mongodb.net:27017, type=UNKNOWN, state=CONNECTING, exception={com.mongodb.MongoSocketWriteException: Exception sending message}, caused by {javax.net.ssl.SSLException: Received fatal alert: internal_error}}]
	at org.springframework.data.mongodb.core.MongoExceptionTranslator.doTranslateException(MongoExceptionTranslator.java:96)
	at org.springframework.data.mongodb.core.MongoExceptionTranslator.translateExceptionIfPossible(MongoExceptionTranslator.java:72)
	at org.springframework.data.mongodb.core.MongoTemplate.potentiallyConvertRuntimeException(MongoTemplate.java:3170)
	at org.springframework.data.mongodb.core.MongoTemplate.executeFindMultiInternal(MongoTemplate.java:3081)
	at org.springframework.data.mongodb.core.MongoTemplate.doFind(MongoTemplate.java:2739)
	at org.springframework.data.mongodb.core.MongoTemplate.doFind(MongoTemplate.java:2715)
	at org.springframework.data.mongodb.core.MongoTemplate.find(MongoTemplate.java:920)
	at org.springframework.data.mongodb.core.MongoTemplate.find(MongoTemplate.java:910)
	at com.example.BookingApplication.Repositories.StudioQuery.ScheduleCancelled(StudioQuery.java:42)
	at java.base/jdk.internal.reflect.DirectMethodHandleAccessor.invoke(DirectMethodHandleAccessor.java:103)
	at java.base/java.lang.reflect.Method.invoke(Method.java:580)
	at org.springframework.scheduling.support.ScheduledMethodRunnable.runInternal(ScheduledMethodRunnable.java:128)
	at org.springframework.scheduling.support.ScheduledMethodRunnable.lambda$run$1(ScheduledMethodRunnable.java:122)
	at io.micrometer.observation.Observation.observe(Observation.java:569)
	at org.springframework.scheduling.support.ScheduledMethodRunnable.run(ScheduledMethodRunnable.java:122)
	at org.springframework.scheduling.config.Task$OutcomeTrackingRunnable.run(Task.java:88)
	at org.springframework.scheduling.support.DelegatingErrorHandlingRunnable.run(DelegatingErrorHandlingRunnable.java:54)
	at java.base/java.util.concurrent.Executors$RunnableAdapter.call(Executors.java:572)
	at java.base/java.util.concurrent.FutureTask.runAndReset(FutureTask.java:358)
	at java.base/java.util.concurrent.ScheduledThreadPoolExecutor$ScheduledFutureTask.run(ScheduledThreadPoolExecutor.java:305)
	at java.base/java.util.concurrent.ThreadPoolExecutor.runWorker(ThreadPoolExecutor.java:1144)
	at java.base/java.util.concurrent.ThreadPoolExecutor$Worker.run(ThreadPoolExecutor.java:642)
	at java.base/java.lang.Thread.run(Thread.java:1583)
Caused by: com.mongodb.MongoTimeoutException: Timed out while waiting for a server that matches ReadPreferenceServerSelector{readPreference=primary}. Client view of cluster state is {type=REPLICA_SET, servers=[{address=ac-aoerbz6-shard-00-00.en0pykp.mongodb.net:27017, type=UNKNOWN, state=CONNECTING, exception={com.mongodb.MongoSocketWriteException: Exception sending message}, caused by {javax.net.ssl.SSLException: Received fatal alert: internal_error}}, {address=ac-aoerbz6-shard-00-02.en0pykp.mongodb.net:27017, type=UNKNOWN, state=CONNECTING, exception={com.mongodb.MongoSocketWriteException: Exception sending message}, caused by {javax.net.ssl.SSLException: Received fatal alert: internal_error}}, {address=ac-aoerbz6-shard-00-01.en0pykp.mongodb.net:27017, type=UNKNOWN, state=CONNECTING, exception={com.mongodb.MongoSocketWriteException: Exception sending message}, caused by {javax.net.ssl.SSLException: Received fatal alert: internal_error}}]
	at com.mongodb.internal.connection.BaseCluster.logAndThrowTimeoutException(BaseCluster.java:431)
	at com.mongodb.internal.connection.BaseCluster.lambda$selectServer$0(BaseCluster.java:166)
	at com.mongodb.internal.time.Timeout.lambda$onExistsAndExpired$16(Timeout.java:238)
	at com.mongodb.internal.time.Timeout.lambda$run$10(Timeout.java:203)
	at com.mongodb.internal.time.TimePoint.checkedCall(TimePoint.java:99)
	at com.mongodb.internal.time.Timeout.call(Timeout.java:176)
	at com.mongodb.internal.time.Timeout.run(Timeout.java:196)
	at com.mongodb.internal.time.Timeout.onExistsAndExpired(Timeout.java:235)
	at com.mongodb.internal.time.Timeout.onExpired(Timeout.java:228)
	at com.mongodb.internal.connection.BaseCluster.selectServer(BaseCluster.java:165)
	at com.mongodb.internal.connection.AbstractMultiServerCluster.selectServer(AbstractMultiServerCluster.java:60)
	at com.mongodb.internal.binding.ClusterBinding.getReadConnectionSource(ClusterBinding.java:82)
	at com.mongodb.client.internal.ClientSessionBinding.getConnectionSource(ClientSessionBinding.java:108)
	at com.mongodb.client.internal.ClientSessionBinding.getReadConnectionSource(ClientSessionBinding.java:88)
	at com.mongodb.internal.operation.SyncOperationHelper.withSuppliedResource(SyncOperationHelper.java:148)
	at com.mongodb.internal.operation.SyncOperationHelper.withSourceAndConnection(SyncOperationHelper.java:129)
	at com.mongodb.internal.operation.FindOperation.lambda$execute$2(FindOperation.java:302)
	at com.mongodb.internal.operation.SyncOperationHelper.lambda$decorateReadWithRetries$13(SyncOperationHelper.java:317)
	at com.mongodb.internal.async.function.RetryingSyncSupplier.get(RetryingSyncSupplier.java:67)
	at com.mongodb.internal.operation.FindOperation.execute(FindOperation.java:313)
	at com.mongodb.internal.operation.FindOperation.execute(FindOperation.java:70)
	at com.mongodb.client.internal.MongoClusterImpl$OperationExecutorImpl.execute(MongoClusterImpl.java:426)
	at com.mongodb.client.internal.MongoIterableImpl.execute(MongoIterableImpl.java:156)
	at com.mongodb.client.internal.MongoIterableImpl.iterator(MongoIterableImpl.java:116)
	at org.springframework.data.mongodb.core.MongoTemplate.executeFindMultiInternal(MongoTemplate.java:3068)
	... 19 common frames omitted
2026-03-24 12:25:39 [scheduling-1] INFO  org.mongodb.driver.cluster - Waiting for server to become available for operation find with ID 4297. Remaining time: 29999 ms. Selector: ReadPreferenceServerSelector{readPreference=primary}, topology description: {type=REPLICA_SET, servers=[{address=ac-aoerbz6-shard-00-00.en0pykp.mongodb.net:27017, type=UNKNOWN, state=CONNECTING, exception={com.mongodb.MongoSocketWriteException: Exception sending message}, caused by {javax.net.ssl.SSLException: Received fatal alert: internal_error}}, {address=ac-aoerbz6-shard-00-02.en0pykp.mongodb.net:27017, type=UNKNOWN, state=CONNECTING, exception={com.mongodb.MongoSocketWriteException: Exception sending message}, caused by {javax.net.ssl.SSLException: Received fatal alert: internal_error}}, {address=ac-aoerbz6-shard-00-01.en0pykp.mongodb.net:27017, type=UNKNOWN, state=CONNECTING, exception={com.mongodb.MongoSocketWriteException: Exception sending message}, caused by {javax.net.ssl.SSLException: Received fatal alert: internal_error}}].
2026-03-24 12:25:47 [cluster-ClusterId{value='69c123a059b62672269159b2', description='null'}-ac-aoerbz6-shard-00-02.en0pykp.mongodb.net:27017] INFO  org.mongodb.driver.cluster - Exception in monitor thread while connecting to server ac-aoerbz6-shard-00-02.en0pykp.mongodb.net:27017
com.mongodb.MongoCommandException: Command execution failed on MongoDB server with error 8000 (AtlasError): 'ip not in whitelist' on server ac-aoerbz6-shard-00-02.en0pykp.mongodb.net:27017. The full response is {"ok": 0, "errmsg": "ip not in whitelist", "code": 8000, "codeName": "AtlasError"}
	at com.mongodb.internal.connection.ProtocolHelper.getCommandFailureException(ProtocolHelper.java:210)
	at com.mongodb.internal.connection.InternalStreamConnection.receiveCommandMessageResponse(InternalStreamConnection.java:520)
	at com.mongodb.internal.connection.InternalStreamConnection.sendAndReceiveInternal(InternalStreamConnection.java:448)
	at com.mongodb.internal.connection.InternalStreamConnection.lambda$sendAndReceive$0(InternalStreamConnection.java:375)
	at com.mongodb.internal.connection.InternalStreamConnection.sendAndReceive(InternalStreamConnection.java:378)
	at com.mongodb.internal.connection.CommandHelper.sendAndReceive(CommandHelper.java:98)
	at com.mongodb.internal.connection.CommandHelper.executeCommand(CommandHelper.java:47)
	at com.mongodb.internal.connection.InternalStreamConnectionInitializer.initializeConnectionDescription(InternalStreamConnectionInitializer.java:144)
	at com.mongodb.internal.connection.InternalStreamConnectionInitializer.startHandshake(InternalStreamConnectionInitializer.java:78)
	at com.mongodb.internal.connection.InternalStreamConnection.open(InternalStreamConnection.java:235)
	at com.mongodb.internal.connection.DefaultServerMonitor$ServerMonitor.setupNewConnectionAndGetInitialDescription(DefaultServerMonitor.java:282)
	at com.mongodb.internal.connection.DefaultServerMonitor$ServerMonitor.lookupServerDescription(DefaultServerMonitor.java:253)
	at com.mongodb.internal.connection.DefaultServerMonitor$ServerMonitor.run(DefaultServerMonitor.java:203)
2026-03-24 12:25:47 [cluster-ClusterId{value='69c123a059b62672269159b2', description='null'}-ac-aoerbz6-shard-00-00.en0pykp.mongodb.net:27017] INFO  org.mongodb.driver.cluster - Exception in monitor thread while connecting to server ac-aoerbz6-shard-00-00.en0pykp.mongodb.net:27017
com.mongodb.MongoCommandException: Command execution failed on MongoDB server with error 8000 (AtlasError): 'ip not in whitelist' on server ac-aoerbz6-shard-00-00.en0pykp.mongodb.net:27017. The full response is {"ok": 0, "errmsg": "ip not in whitelist", "code": 8000, "codeName": "AtlasError"}
	at com.mongodb.internal.connection.ProtocolHelper.getCommandFailureException(ProtocolHelper.java:210)
	at com.mongodb.internal.connection.InternalStreamConnection.receiveCommandMessageResponse(InternalStreamConnection.java:520)
	at com.mongodb.internal.connection.InternalStreamConnection.sendAndReceiveInternal(InternalStreamConnection.java:448)
	at com.mongodb.internal.connection.InternalStreamConnection.lambda$sendAndReceive$0(InternalStreamConnection.java:375)
	at com.mongodb.internal.connection.InternalStreamConnection.sendAndReceive(InternalStreamConnection.java:378)
	at com.mongodb.internal.connection.CommandHelper.sendAndReceive(CommandHelper.java:98)
	at com.mongodb.internal.connection.CommandHelper.executeCommand(CommandHelper.java:47)
	at com.mongodb.internal.connection.InternalStreamConnectionInitializer.initializeConnectionDescription(InternalStreamConnectionInitializer.java:144)
	at com.mongodb.internal.connection.InternalStreamConnectionInitializer.startHandshake(InternalStreamConnectionInitializer.java:78)
	at com.mongodb.internal.connection.InternalStreamConnection.open(InternalStreamConnection.java:235)
	at com.mongodb.internal.connection.DefaultServerMonitor$ServerMonitor.setupNewConnectionAndGetInitialDescription(DefaultServerMonitor.java:282)
	at com.mongodb.internal.connection.DefaultServerMonitor$ServerMonitor.lookupServerDescription(DefaultServerMonitor.java:253)
	at com.mongodb.internal.connection.DefaultServerMonitor$ServerMonitor.run(DefaultServerMonitor.java:203)
2026-03-24 12:25:47 [cluster-ClusterId{value='69c123a059b62672269159b2', description='null'}-ac-aoerbz6-shard-00-01.en0pykp.mongodb.net:27017] INFO  org.mongodb.driver.cluster - Monitor thread successfully connected to server with description ServerDescription{address=ac-aoerbz6-shard-00-01.en0pykp.mongodb.net:27017, type=REPLICA_SET_SECONDARY, cryptd=false, state=CONNECTED, ok=true, minWireVersion=0, maxWireVersion=25, maxDocumentSize=16777216, logicalSessionTimeoutMinutes=30, roundTripTimeNanos=88011600, minRoundTripTimeNanos=0, setName='atlas-zt48hn-shard-0', canonicalAddress=ac-aoerbz6-shard-00-01.en0pykp.mongodb.net:27017, hosts=[ac-aoerbz6-shard-00-01.en0pykp.mongodb.net:27017, ac-aoerbz6-shard-00-00.en0pykp.mongodb.net:27017, ac-aoerbz6-shard-00-02.en0pykp.mongodb.net:27017], passives=[], arbiters=[], primary='ac-aoerbz6-shard-00-02.en0pykp.mongodb.net:27017', tagSet=TagSet{[Tag{name='availabilityZone', value='aps1-az3'}, Tag{name='diskState', value='READY'}, Tag{name='nodeType', value='ELECTABLE'}, Tag{name='provider', value='AWS'}, Tag{name='region', value='AP_SOUTH_1'}, Tag{name='workloadType', value='OPERATIONAL'}]}, electionId=null, setVersion=391, topologyVersion=TopologyVersion{processId=69b85ccb4b84e800f9f6512d, counter=3}, lastWriteDate=Tue Mar 24 12:25:47 IST 2026, lastUpdateTimeNanos=70443052979600}
2026-03-24 12:25:48 [cluster-ClusterId{value='69c123a059b62672269159b2', description='null'}-ac-aoerbz6-shard-00-02.en0pykp.mongodb.net:27017] INFO  org.mongodb.driver.cluster - Monitor thread successfully connected to server with description ServerDescription{address=ac-aoerbz6-shard-00-02.en0pykp.mongodb.net:27017, type=REPLICA_SET_PRIMARY, cryptd=false, state=CONNECTED, ok=true, minWireVersion=0, maxWireVersion=25, maxDocumentSize=16777216, logicalSessionTimeoutMinutes=30, roundTripTimeNanos=53018300, minRoundTripTimeNanos=0, setName='atlas-zt48hn-shard-0', canonicalAddress=ac-aoerbz6-shard-00-02.en0pykp.mongodb.net:27017, hosts=[ac-aoerbz6-shard-00-01.en0pykp.mongodb.net:27017, ac-aoerbz6-shard-00-00.en0pykp.mongodb.net:27017, ac-aoerbz6-shard-00-02.en0pykp.mongodb.net:27017], passives=[], arbiters=[], primary='ac-aoerbz6-shard-00-02.en0pykp.mongodb.net:27017', tagSet=TagSet{[Tag{name='availabilityZone', value='aps1-az2'}, Tag{name='diskState', value='READY'}, Tag{name='nodeType', value='ELECTABLE'}, Tag{name='provider', value='AWS'}, Tag{name='region', value='AP_SOUTH_1'}, Tag{name='workloadType', value='OPERATIONAL'}]}, electionId=7fffffff0000000000000156, setVersion=391, topologyVersion=TopologyVersion{processId=69b859a89b4f2018f8b26ac6, counter=6}, lastWriteDate=Tue Mar 24 12:25:47 IST 2026, lastUpdateTimeNanos=70443173620700}
2026-03-24 12:25:48 [cluster-ClusterId{value='69c123a059b62672269159b2', description='null'}-ac-aoerbz6-shard-00-00.en0pykp.mongodb.net:27017] INFO  org.mongodb.driver.cluster - Monitor thread successfully connected to server with description ServerDescription{address=ac-aoerbz6-shard-00-00.en0pykp.mongodb.net:27017, type=REPLICA_SET_SECONDARY, cryptd=false, state=CONNECTED, ok=true, minWireVersion=0, maxWireVersion=25, maxDocumentSize=16777216, logicalSessionTimeoutMinutes=30, roundTripTimeNanos=52924100, minRoundTripTimeNanos=0, setName='atlas-zt48hn-shard-0', canonicalAddress=ac-aoerbz6-shard-00-00.en0pykp.mongodb.net:27017, hosts=[ac-aoerbz6-shard-00-01.en0pykp.mongodb.net:27017, ac-aoerbz6-shard-00-00.en0pykp.mongodb.net:27017, ac-aoerbz6-shard-00-02.en0pykp.mongodb.net:27017], passives=[], arbiters=[], primary='ac-aoerbz6-shard-00-02.en0pykp.mongodb.net:27017', tagSet=TagSet{[Tag{name='availabilityZone', value='aps1-az1'}, Tag{name='diskState', value='READY'}, Tag{name='nodeType', value='ELECTABLE'}, Tag{name='provider', value='AWS'}, Tag{name='region', value='AP_SOUTH_1'}, Tag{name='workloadType', value='OPERATIONAL'}]}, electionId=null, setVersion=391, topologyVersion=TopologyVersion{processId=69b855abb14686967b76fdd6, counter=4}, lastWriteDate=Tue Mar 24 12:25:47 IST 2026, lastUpdateTimeNanos=70443173367800}
2026-03-24 12:25:48 [cluster-ClusterId{value='69c123a059b62672269159b2', description='null'}-ac-aoerbz6-shard-00-02.en0pykp.mongodb.net:27017] INFO  org.mongodb.driver.cluster - Discovered replica set primary ac-aoerbz6-shard-00-02.en0pykp.mongodb.net:27017 with max election id 7fffffff0000000000000156 and max set version 391
2026-03-24 13:47:34 [SpringApplicationShutdownHook] INFO  org.springframework.boot.tomcat.GracefulShutdown - Commencing graceful shutdown. Waiting for active requests to complete
2026-03-24 13:47:34 [tomcat-shutdown] INFO  org.springframework.boot.tomcat.GracefulShutdown - Graceful shutdown complete
2026-03-24 13:47:39 [main] INFO  com.example.BookingApplication.BookingApplication - Starting BookingApplication using Java 21.0.7 with PID 30780 (C:\Users\ADMIN\Downloads\BookingApplication\BookingApplication\target\classes started by ADMIN in C:\Users\ADMIN\Downloads\BookingApplication)
2026-03-24 13:47:39 [main] INFO  com.example.BookingApplication.BookingApplication - No active profile set, falling back to 1 default profile: "default"
2026-03-24 13:47:40 [main] INFO  org.springframework.data.repository.config.RepositoryConfigurationDelegate - Multiple Spring Data modules found, entering strict repository configuration mode
2026-03-24 13:47:40 [main] INFO  org.springframework.data.repository.config.RepositoryConfigurationDelegate - Bootstrapping Spring Data MongoDB repositories in DEFAULT mode.
2026-03-24 13:47:40 [main] INFO  org.springframework.data.repository.config.RepositoryConfigurationDelegate - Finished Spring Data repository scanning in 76 ms. Found 3 MongoDB repository interfaces.
2026-03-24 13:47:40 [main] INFO  org.springframework.data.repository.config.RepositoryConfigurationDelegate - Multiple Spring Data modules found, entering strict repository configuration mode
2026-03-24 13:47:40 [main] INFO  org.springframework.data.repository.config.RepositoryConfigurationDelegate - Bootstrapping Spring Data Redis repositories in DEFAULT mode.
2026-03-24 13:47:40 [main] INFO  org.springframework.data.repository.config.RepositoryConfigurationExtensionSupport - Spring Data Redis - Could not safely identify store assignment for repository candidate interface com.example.BookingApplication.Repositories.BookingsRepository; If you want this repository to be a Redis repository, consider annotating your entities with one of these annotations: org.springframework.data.redis.core.RedisHash (preferred), or consider extending one of the following types with your repository: org.springframework.data.keyvalue.repository.KeyValueRepository
2026-03-24 13:47:40 [main] INFO  org.springframework.data.repository.config.RepositoryConfigurationExtensionSupport - Spring Data Redis - Could not safely identify store assignment for repository candidate interface com.example.BookingApplication.Repositories.StudioRepository; If you want this repository to be a Redis repository, consider annotating your entities with one of these annotations: org.springframework.data.redis.core.RedisHash (preferred), or consider extending one of the following types with your repository: org.springframework.data.keyvalue.repository.KeyValueRepository
2026-03-24 13:47:40 [main] INFO  org.springframework.data.repository.config.RepositoryConfigurationExtensionSupport - Spring Data Redis - Could not safely identify store assignment for repository candidate interface com.example.BookingApplication.Repositories.UserRepository; If you want this repository to be a Redis repository, consider annotating your entities with one of these annotations: org.springframework.data.redis.core.RedisHash (preferred), or consider extending one of the following types with your repository: org.springframework.data.keyvalue.repository.KeyValueRepository
2026-03-24 13:47:40 [main] INFO  org.springframework.data.repository.config.RepositoryConfigurationDelegate - Finished Spring Data repository scanning in 5 ms. Found 0 Redis repository interfaces.
2026-03-24 13:47:41 [main] INFO  org.springframework.boot.tomcat.TomcatWebServer - Tomcat initialized with port 8080 (http)
2026-03-24 13:47:41 [main] INFO  org.apache.coyote.http11.Http11NioProtocol - Initializing ProtocolHandler ["http-nio-8080"]
2026-03-24 13:47:41 [main] INFO  org.apache.catalina.core.StandardService - Starting service [Tomcat]
2026-03-24 13:47:41 [main] INFO  org.apache.catalina.core.StandardEngine - Starting Servlet engine: [Apache Tomcat/11.0.18]
2026-03-24 13:47:41 [main] INFO  org.springframework.boot.web.context.servlet.WebApplicationContextInitializer - Root WebApplicationContext: initialization completed in 1103 ms
2026-03-24 13:47:41 [main] INFO  org.mongodb.driver.client - MongoClient with metadata {"driver": {"name": "mongo-java-driver|spring-boot|sync", "version": "5.6.4"}, "os": {"type": "Windows", "name": "Windows 11", "architecture": "amd64", "version": "10.0"}, "platform": "Java/Oracle Corporation/21.0.7+8-LTS-245"} created with settings MongoClientSettings{readPreference=primary, writeConcern=WriteConcern{w=majority, wTimeout=null ms, journal=null}, retryWrites=true, retryReads=true, readConcern=ReadConcern{level=null}, credential=MongoCredential{mechanism=null, userName='root', source='admin', password=<hidden>, mechanismProperties=<hidden>}, transportSettings=null, commandListeners=[], codecRegistry=ProvidersCodecRegistry{codecProviders=[ValueCodecProvider{}, BsonValueCodecProvider{}, DBRefCodecProvider{}, DBObjectCodecProvider{}, DocumentCodecProvider{}, CollectionCodecProvider{}, IterableCodecProvider{}, MapCodecProvider{}, GeoJsonCodecProvider{}, GridFSFileCodecProvider{}, Jsr310CodecProvider{}, JsonObjectCodecProvider{}, BsonCodecProvider{}, com.mongodb.client.model.mql.ExpressionCodecProvider@626c569b, com.mongodb.Jep395RecordCodecProvider@684ce74c, com.mongodb.KotlinCodecProvider@65593327, EnumCodecProvider{}]}, loggerSettings=LoggerSettings{maxDocumentLength=1000}, clusterSettings={hosts=[127.0.0.1:27017], srvHost=cluster0.en0pykp.mongodb.net, srvServiceName=mongodb, mode=MULTIPLE, requiredClusterType=REPLICA_SET, requiredReplicaSetName='atlas-zt48hn-shard-0', serverSelector='null', clusterListeners='[]', serverSelectionTimeout='30000 ms', localThreshold='15 ms'}, socketSettings=SocketSettings{connectTimeoutMS=10000, readTimeoutMS=0, receiveBufferSize=0, proxySettings=ProxySettings{host=null, port=null, username=null, password=null}}, heartbeatSocketSettings=SocketSettings{connectTimeoutMS=10000, readTimeoutMS=10000, receiveBufferSize=0, proxySettings=ProxySettings{host=null, port=null, username=null, password=null}}, connectionPoolSettings=ConnectionPoolSettings{maxSize=100, minSize=0, maxWaitTimeMS=120000, maxConnectionLifeTimeMS=0, maxConnectionIdleTimeMS=0, maintenanceInitialDelayMS=0, maintenanceFrequencyMS=60000, connectionPoolListeners=[], maxConnecting=2}, serverSettings=ServerSettings{heartbeatFrequencyMS=10000, minHeartbeatFrequencyMS=500, serverMonitoringMode=AUTO, serverListeners='[]', serverMonitorListeners='[]'}, sslSettings=SslSettings{enabled=true, invalidHostNameAllowed=false, context=null}, applicationName='null', compressorList=[], uuidRepresentation=UNSPECIFIED, serverApi=null, autoEncryptionSettings=null, dnsClient=null, inetAddressResolver=null, contextProvider=null, timeoutMS=null}
2026-03-24 13:47:41 [cluster-ClusterId{value='69c248a5e5830770fed99ef5', description='null'}-srv-cluster0.en0pykp.mongodb.net] INFO  org.mongodb.driver.cluster - Adding discovered server ac-aoerbz6-shard-00-01.en0pykp.mongodb.net:27017 to client view of cluster
2026-03-24 13:47:41 [cluster-ClusterId{value='69c248a5e5830770fed99ef5', description='null'}-srv-cluster0.en0pykp.mongodb.net] INFO  org.mongodb.driver.cluster - Adding discovered server ac-aoerbz6-shard-00-00.en0pykp.mongodb.net:27017 to client view of cluster
2026-03-24 13:47:41 [cluster-ClusterId{value='69c248a5e5830770fed99ef5', description='null'}-srv-cluster0.en0pykp.mongodb.net] INFO  org.mongodb.driver.cluster - Adding discovered server ac-aoerbz6-shard-00-02.en0pykp.mongodb.net:27017 to client view of cluster
2026-03-24 13:47:41 [cluster-ClusterId{value='69c248a5e5830770fed99ef5', description='null'}-ac-aoerbz6-shard-00-02.en0pykp.mongodb.net:27017] INFO  org.mongodb.driver.cluster - Monitor thread successfully connected to server with description ServerDescription{address=ac-aoerbz6-shard-00-02.en0pykp.mongodb.net:27017, type=REPLICA_SET_PRIMARY, cryptd=false, state=CONNECTED, ok=true, minWireVersion=0, maxWireVersion=25, maxDocumentSize=16777216, logicalSessionTimeoutMinutes=30, roundTripTimeNanos=269601900, minRoundTripTimeNanos=0, setName='atlas-zt48hn-shard-0', canonicalAddress=ac-aoerbz6-shard-00-02.en0pykp.mongodb.net:27017, hosts=[ac-aoerbz6-shard-00-01.en0pykp.mongodb.net:27017, ac-aoerbz6-shard-00-00.en0pykp.mongodb.net:27017, ac-aoerbz6-shard-00-02.en0pykp.mongodb.net:27017], passives=[], arbiters=[], primary='ac-aoerbz6-shard-00-02.en0pykp.mongodb.net:27017', tagSet=TagSet{[Tag{name='availabilityZone', value='aps1-az2'}, Tag{name='diskState', value='READY'}, Tag{name='nodeType', value='ELECTABLE'}, Tag{name='provider', value='AWS'}, Tag{name='region', value='AP_SOUTH_1'}, Tag{name='workloadType', value='OPERATIONAL'}]}, electionId=7fffffff0000000000000156, setVersion=391, topologyVersion=TopologyVersion{processId=69b859a89b4f2018f8b26ac6, counter=6}, lastWriteDate=Tue Mar 24 13:47:41 IST 2026, lastUpdateTimeNanos=75356899567700}
2026-03-24 13:47:41 [cluster-ClusterId{value='69c248a5e5830770fed99ef5', description='null'}-ac-aoerbz6-shard-00-00.en0pykp.mongodb.net:27017] INFO  org.mongodb.driver.cluster - Monitor thread successfully connected to server with description ServerDescription{address=ac-aoerbz6-shard-00-00.en0pykp.mongodb.net:27017, type=REPLICA_SET_SECONDARY, cryptd=false, state=CONNECTED, ok=true, minWireVersion=0, maxWireVersion=25, maxDocumentSize=16777216, logicalSessionTimeoutMinutes=30, roundTripTimeNanos=270523400, minRoundTripTimeNanos=0, setName='atlas-zt48hn-shard-0', canonicalAddress=ac-aoerbz6-shard-00-00.en0pykp.mongodb.net:27017, hosts=[ac-aoerbz6-shard-00-01.en0pykp.mongodb.net:27017, ac-aoerbz6-shard-00-00.en0pykp.mongodb.net:27017, ac-aoerbz6-shard-00-02.en0pykp.mongodb.net:27017], passives=[], arbiters=[], primary='ac-aoerbz6-shard-00-02.en0pykp.mongodb.net:27017', tagSet=TagSet{[Tag{name='availabilityZone', value='aps1-az1'}, Tag{name='diskState', value='READY'}, Tag{name='nodeType', value='ELECTABLE'}, Tag{name='provider', value='AWS'}, Tag{name='region', value='AP_SOUTH_1'}, Tag{name='workloadType', value='OPERATIONAL'}]}, electionId=null, setVersion=391, topologyVersion=TopologyVersion{processId=69b855abb14686967b76fdd6, counter=4}, lastWriteDate=Tue Mar 24 13:47:41 IST 2026, lastUpdateTimeNanos=75356899567700}
2026-03-24 13:47:41 [cluster-ClusterId{value='69c248a5e5830770fed99ef5', description='null'}-ac-aoerbz6-shard-00-01.en0pykp.mongodb.net:27017] INFO  org.mongodb.driver.cluster - Monitor thread successfully connected to server with description ServerDescription{address=ac-aoerbz6-shard-00-01.en0pykp.mongodb.net:27017, type=REPLICA_SET_SECONDARY, cryptd=false, state=CONNECTED, ok=true, minWireVersion=0, maxWireVersion=25, maxDocumentSize=16777216, logicalSessionTimeoutMinutes=30, roundTripTimeNanos=270523400, minRoundTripTimeNanos=0, setName='atlas-zt48hn-shard-0', canonicalAddress=ac-aoerbz6-shard-00-01.en0pykp.mongodb.net:27017, hosts=[ac-aoerbz6-shard-00-01.en0pykp.mongodb.net:27017, ac-aoerbz6-shard-00-00.en0pykp.mongodb.net:27017, ac-aoerbz6-shard-00-02.en0pykp.mongodb.net:27017], passives=[], arbiters=[], primary='ac-aoerbz6-shard-00-02.en0pykp.mongodb.net:27017', tagSet=TagSet{[Tag{name='availabilityZone', value='aps1-az3'}, Tag{name='diskState', value='READY'}, Tag{name='nodeType', value='ELECTABLE'}, Tag{name='provider', value='AWS'}, Tag{name='region', value='AP_SOUTH_1'}, Tag{name='workloadType', value='OPERATIONAL'}]}, electionId=null, setVersion=391, topologyVersion=TopologyVersion{processId=69b85ccb4b84e800f9f6512d, counter=3}, lastWriteDate=Tue Mar 24 13:47:41 IST 2026, lastUpdateTimeNanos=75356899567700}
2026-03-24 13:47:41 [cluster-ClusterId{value='69c248a5e5830770fed99ef5', description='null'}-ac-aoerbz6-shard-00-02.en0pykp.mongodb.net:27017] INFO  org.mongodb.driver.cluster - Discovered replica set primary ac-aoerbz6-shard-00-02.en0pykp.mongodb.net:27017 with max election id 7fffffff0000000000000156 and max set version 391
2026-03-24 13:47:42 [main] WARN  com.password4j.PropertyReader - bcrypt minor version is not defined. Default value is used (b). Please set property hash.bcrypt.minor in your psw4j.properties file.
2026-03-24 13:47:42 [main] WARN  com.password4j.PropertyReader - bcrypt rounds are not defined. Default value is used (10). Please set property hash.bcrypt.rounds in your psw4j.properties file.
2026-03-24 13:47:42 [main] INFO  org.springframework.security.config.annotation.authentication.configuration.InitializeUserDetailsBeanManagerConfigurer$InitializeUserDetailsManagerConfigurer - Global AuthenticationManager configured with UserDetailsService bean with name userDetailsImpl
2026-03-24 13:47:42 [main] INFO  org.apache.coyote.http11.Http11NioProtocol - Starting ProtocolHandler ["http-nio-8080"]
2026-03-24 13:47:42 [main] INFO  org.springframework.boot.tomcat.TomcatWebServer - Tomcat started on port 8080 (http) with context path '/'
2026-03-24 13:47:42 [main] INFO  com.example.BookingApplication.BookingApplication - Started BookingApplication in 2.796 seconds (process running for 7.05)
2026-03-24 13:47:49 [http-nio-8080-exec-1] INFO  org.apache.catalina.core.ContainerBase.[Tomcat].[localhost].[/] - Initializing Spring DispatcherServlet 'dispatcherServlet'
2026-03-24 13:47:49 [http-nio-8080-exec-1] INFO  org.springframework.web.servlet.DispatcherServlet - Initializing Servlet 'dispatcherServlet'
2026-03-24 13:47:49 [http-nio-8080-exec-1] INFO  org.springframework.web.servlet.DispatcherServlet - Completed initialization in 1 ms
2026-03-24 13:48:46 [SpringApplicationShutdownHook] INFO  org.springframework.boot.tomcat.GracefulShutdown - Commencing graceful shutdown. Waiting for active requests to complete
2026-03-24 13:48:46 [tomcat-shutdown] INFO  org.springframework.boot.tomcat.GracefulShutdown - Graceful shutdown complete
2026-03-24 13:48:49 [main] INFO  com.example.BookingApplication.BookingApplication - Starting BookingApplication using Java 21.0.7 with PID 3448 (C:\Users\ADMIN\Downloads\BookingApplication\BookingApplication\target\classes started by ADMIN in C:\Users\ADMIN\Downloads\BookingApplication)
2026-03-24 13:48:49 [main] INFO  com.example.BookingApplication.BookingApplication - No active profile set, falling back to 1 default profile: "default"
2026-03-24 13:48:49 [main] INFO  org.springframework.data.repository.config.RepositoryConfigurationDelegate - Multiple Spring Data modules found, entering strict repository configuration mode
2026-03-24 13:48:49 [main] INFO  org.springframework.data.repository.config.RepositoryConfigurationDelegate - Bootstrapping Spring Data MongoDB repositories in DEFAULT mode.
2026-03-24 13:48:49 [main] INFO  org.springframework.data.repository.config.RepositoryConfigurationDelegate - Finished Spring Data repository scanning in 72 ms. Found 3 MongoDB repository interfaces.
2026-03-24 13:48:49 [main] INFO  org.springframework.data.repository.config.RepositoryConfigurationDelegate - Multiple Spring Data modules found, entering strict repository configuration mode
2026-03-24 13:48:49 [main] INFO  org.springframework.data.repository.config.RepositoryConfigurationDelegate - Bootstrapping Spring Data Redis repositories in DEFAULT mode.
2026-03-24 13:48:49 [main] INFO  org.springframework.data.repository.config.RepositoryConfigurationExtensionSupport - Spring Data Redis - Could not safely identify store assignment for repository candidate interface com.example.BookingApplication.Repositories.BookingsRepository; If you want this repository to be a Redis repository, consider annotating your entities with one of these annotations: org.springframework.data.redis.core.RedisHash (preferred), or consider extending one of the following types with your repository: org.springframework.data.keyvalue.repository.KeyValueRepository
2026-03-24 13:48:49 [main] INFO  org.springframework.data.repository.config.RepositoryConfigurationExtensionSupport - Spring Data Redis - Could not safely identify store assignment for repository candidate interface com.example.BookingApplication.Repositories.StudioRepository; If you want this repository to be a Redis repository, consider annotating your entities with one of these annotations: org.springframework.data.redis.core.RedisHash (preferred), or consider extending one of the following types with your repository: org.springframework.data.keyvalue.repository.KeyValueRepository
2026-03-24 13:48:49 [main] INFO  org.springframework.data.repository.config.RepositoryConfigurationExtensionSupport - Spring Data Redis - Could not safely identify store assignment for repository candidate interface com.example.BookingApplication.Repositories.UserRepository; If you want this repository to be a Redis repository, consider annotating your entities with one of these annotations: org.springframework.data.redis.core.RedisHash (preferred), or consider extending one of the following types with your repository: org.springframework.data.keyvalue.repository.KeyValueRepository
2026-03-24 13:48:49 [main] INFO  org.springframework.data.repository.config.RepositoryConfigurationDelegate - Finished Spring Data repository scanning in 5 ms. Found 0 Redis repository interfaces.
2026-03-24 13:48:50 [main] INFO  org.springframework.boot.tomcat.TomcatWebServer - Tomcat initialized with port 8080 (http)
2026-03-24 13:48:50 [main] INFO  org.apache.coyote.http11.Http11NioProtocol - Initializing ProtocolHandler ["http-nio-8080"]
2026-03-24 13:48:50 [main] INFO  org.apache.catalina.core.StandardService - Starting service [Tomcat]
2026-03-24 13:48:50 [main] INFO  org.apache.catalina.core.StandardEngine - Starting Servlet engine: [Apache Tomcat/11.0.18]
2026-03-24 13:48:50 [main] INFO  org.springframework.boot.web.context.servlet.WebApplicationContextInitializer - Root WebApplicationContext: initialization completed in 994 ms
2026-03-24 13:48:50 [cluster-ClusterId{value='69c248eae2db4bbd0a6de5ad', description='null'}-srv-cluster0.en0pykp.mongodb.net] INFO  org.mongodb.driver.cluster - Adding discovered server ac-aoerbz6-shard-00-01.en0pykp.mongodb.net:27017 to client view of cluster
2026-03-24 13:48:50 [main] INFO  org.mongodb.driver.client - MongoClient with metadata {"driver": {"name": "mongo-java-driver|spring-boot|sync", "version": "5.6.4"}, "os": {"type": "Windows", "name": "Windows 11", "architecture": "amd64", "version": "10.0"}, "platform": "Java/Oracle Corporation/21.0.7+8-LTS-245"} created with settings MongoClientSettings{readPreference=primary, writeConcern=WriteConcern{w=majority, wTimeout=null ms, journal=null}, retryWrites=true, retryReads=true, readConcern=ReadConcern{level=null}, credential=MongoCredential{mechanism=null, userName='root', source='admin', password=<hidden>, mechanismProperties=<hidden>}, transportSettings=null, commandListeners=[], codecRegistry=ProvidersCodecRegistry{codecProviders=[ValueCodecProvider{}, BsonValueCodecProvider{}, DBRefCodecProvider{}, DBObjectCodecProvider{}, DocumentCodecProvider{}, CollectionCodecProvider{}, IterableCodecProvider{}, MapCodecProvider{}, GeoJsonCodecProvider{}, GridFSFileCodecProvider{}, Jsr310CodecProvider{}, JsonObjectCodecProvider{}, BsonCodecProvider{}, com.mongodb.client.model.mql.ExpressionCodecProvider@24a4e2c5, com.mongodb.Jep395RecordCodecProvider@27da994b, com.mongodb.KotlinCodecProvider@70f148dc, EnumCodecProvider{}]}, loggerSettings=LoggerSettings{maxDocumentLength=1000}, clusterSettings={hosts=[127.0.0.1:27017], srvHost=cluster0.en0pykp.mongodb.net, srvServiceName=mongodb, mode=MULTIPLE, requiredClusterType=REPLICA_SET, requiredReplicaSetName='atlas-zt48hn-shard-0', serverSelector='null', clusterListeners='[]', serverSelectionTimeout='30000 ms', localThreshold='15 ms'}, socketSettings=SocketSettings{connectTimeoutMS=10000, readTimeoutMS=0, receiveBufferSize=0, proxySettings=ProxySettings{host=null, port=null, username=null, password=null}}, heartbeatSocketSettings=SocketSettings{connectTimeoutMS=10000, readTimeoutMS=10000, receiveBufferSize=0, proxySettings=ProxySettings{host=null, port=null, username=null, password=null}}, connectionPoolSettings=ConnectionPoolSettings{maxSize=100, minSize=0, maxWaitTimeMS=120000, maxConnectionLifeTimeMS=0, maxConnectionIdleTimeMS=0, maintenanceInitialDelayMS=0, maintenanceFrequencyMS=60000, connectionPoolListeners=[], maxConnecting=2}, serverSettings=ServerSettings{heartbeatFrequencyMS=10000, minHeartbeatFrequencyMS=500, serverMonitoringMode=AUTO, serverListeners='[]', serverMonitorListeners='[]'}, sslSettings=SslSettings{enabled=true, invalidHostNameAllowed=false, context=null}, applicationName='null', compressorList=[], uuidRepresentation=UNSPECIFIED, serverApi=null, autoEncryptionSettings=null, dnsClient=null, inetAddressResolver=null, contextProvider=null, timeoutMS=null}
2026-03-24 13:48:50 [cluster-ClusterId{value='69c248eae2db4bbd0a6de5ad', description='null'}-srv-cluster0.en0pykp.mongodb.net] INFO  org.mongodb.driver.cluster - Adding discovered server ac-aoerbz6-shard-00-00.en0pykp.mongodb.net:27017 to client view of cluster
2026-03-24 13:48:50 [cluster-ClusterId{value='69c248eae2db4bbd0a6de5ad', description='null'}-srv-cluster0.en0pykp.mongodb.net] INFO  org.mongodb.driver.cluster - Adding discovered server ac-aoerbz6-shard-00-02.en0pykp.mongodb.net:27017 to client view of cluster
2026-03-24 13:48:50 [cluster-ClusterId{value='69c248eae2db4bbd0a6de5ad', description='null'}-ac-aoerbz6-shard-00-02.en0pykp.mongodb.net:27017] INFO  org.mongodb.driver.cluster - Monitor thread successfully connected to server with description ServerDescription{address=ac-aoerbz6-shard-00-02.en0pykp.mongodb.net:27017, type=REPLICA_SET_PRIMARY, cryptd=false, state=CONNECTED, ok=true, minWireVersion=0, maxWireVersion=25, maxDocumentSize=16777216, logicalSessionTimeoutMinutes=30, roundTripTimeNanos=221611500, minRoundTripTimeNanos=0, setName='atlas-zt48hn-shard-0', canonicalAddress=ac-aoerbz6-shard-00-02.en0pykp.mongodb.net:27017, hosts=[ac-aoerbz6-shard-00-01.en0pykp.mongodb.net:27017, ac-aoerbz6-shard-00-00.en0pykp.mongodb.net:27017, ac-aoerbz6-shard-00-02.en0pykp.mongodb.net:27017], passives=[], arbiters=[], primary='ac-aoerbz6-shard-00-02.en0pykp.mongodb.net:27017', tagSet=TagSet{[Tag{name='availabilityZone', value='aps1-az2'}, Tag{name='diskState', value='READY'}, Tag{name='nodeType', value='ELECTABLE'}, Tag{name='provider', value='AWS'}, Tag{name='region', value='AP_SOUTH_1'}, Tag{name='workloadType', value='OPERATIONAL'}]}, electionId=7fffffff0000000000000156, setVersion=391, topologyVersion=TopologyVersion{processId=69b859a89b4f2018f8b26ac6, counter=6}, lastWriteDate=Tue Mar 24 13:48:50 IST 2026, lastUpdateTimeNanos=75426014927400}
2026-03-24 13:48:50 [cluster-ClusterId{value='69c248eae2db4bbd0a6de5ad', description='null'}-ac-aoerbz6-shard-00-01.en0pykp.mongodb.net:27017] INFO  org.mongodb.driver.cluster - Monitor thread successfully connected to server with description ServerDescription{address=ac-aoerbz6-shard-00-01.en0pykp.mongodb.net:27017, type=REPLICA_SET_SECONDARY, cryptd=false, state=CONNECTED, ok=true, minWireVersion=0, maxWireVersion=25, maxDocumentSize=16777216, logicalSessionTimeoutMinutes=30, roundTripTimeNanos=224138600, minRoundTripTimeNanos=0, setName='atlas-zt48hn-shard-0', canonicalAddress=ac-aoerbz6-shard-00-01.en0pykp.mongodb.net:27017, hosts=[ac-aoerbz6-shard-00-01.en0pykp.mongodb.net:27017, ac-aoerbz6-shard-00-00.en0pykp.mongodb.net:27017, ac-aoerbz6-shard-00-02.en0pykp.mongodb.net:27017], passives=[], arbiters=[], primary='ac-aoerbz6-shard-00-02.en0pykp.mongodb.net:27017', tagSet=TagSet{[Tag{name='availabilityZone', value='aps1-az3'}, Tag{name='diskState', value='READY'}, Tag{name='nodeType', value='ELECTABLE'}, Tag{name='provider', value='AWS'}, Tag{name='region', value='AP_SOUTH_1'}, Tag{name='workloadType', value='OPERATIONAL'}]}, electionId=null, setVersion=391, topologyVersion=TopologyVersion{processId=69b85ccb4b84e800f9f6512d, counter=3}, lastWriteDate=Tue Mar 24 13:48:50 IST 2026, lastUpdateTimeNanos=75426014927400}
2026-03-24 13:48:50 [cluster-ClusterId{value='69c248eae2db4bbd0a6de5ad', description='null'}-ac-aoerbz6-shard-00-00.en0pykp.mongodb.net:27017] INFO  org.mongodb.driver.cluster - Monitor thread successfully connected to server with description ServerDescription{address=ac-aoerbz6-shard-00-00.en0pykp.mongodb.net:27017, type=REPLICA_SET_SECONDARY, cryptd=false, state=CONNECTED, ok=true, minWireVersion=0, maxWireVersion=25, maxDocumentSize=16777216, logicalSessionTimeoutMinutes=30, roundTripTimeNanos=220127600, minRoundTripTimeNanos=0, setName='atlas-zt48hn-shard-0', canonicalAddress=ac-aoerbz6-shard-00-00.en0pykp.mongodb.net:27017, hosts=[ac-aoerbz6-shard-00-01.en0pykp.mongodb.net:27017, ac-aoerbz6-shard-00-00.en0pykp.mongodb.net:27017, ac-aoerbz6-shard-00-02.en0pykp.mongodb.net:27017], passives=[], arbiters=[], primary='ac-aoerbz6-shard-00-02.en0pykp.mongodb.net:27017', tagSet=TagSet{[Tag{name='availabilityZone', value='aps1-az1'}, Tag{name='diskState', value='READY'}, Tag{name='nodeType', value='ELECTABLE'}, Tag{name='provider', value='AWS'}, Tag{name='region', value='AP_SOUTH_1'}, Tag{name='workloadType', value='OPERATIONAL'}]}, electionId=null, setVersion=391, topologyVersion=TopologyVersion{processId=69b855abb14686967b76fdd6, counter=4}, lastWriteDate=Tue Mar 24 13:48:50 IST 2026, lastUpdateTimeNanos=75426014927400}
2026-03-24 13:48:50 [cluster-ClusterId{value='69c248eae2db4bbd0a6de5ad', description='null'}-ac-aoerbz6-shard-00-02.en0pykp.mongodb.net:27017] INFO  org.mongodb.driver.cluster - Discovered replica set primary ac-aoerbz6-shard-00-02.en0pykp.mongodb.net:27017 with max election id 7fffffff0000000000000156 and max set version 391
2026-03-24 13:48:51 [main] WARN  com.password4j.PropertyReader - bcrypt minor version is not defined. Default value is used (b). Please set property hash.bcrypt.minor in your psw4j.properties file.
2026-03-24 13:48:51 [main] WARN  com.password4j.PropertyReader - bcrypt rounds are not defined. Default value is used (10). Please set property hash.bcrypt.rounds in your psw4j.properties file.
2026-03-24 13:48:51 [main] INFO  org.springframework.security.config.annotation.authentication.configuration.InitializeUserDetailsBeanManagerConfigurer$InitializeUserDetailsManagerConfigurer - Global AuthenticationManager configured with UserDetailsService bean with name userDetailsImpl
2026-03-24 13:48:51 [main] INFO  org.apache.coyote.http11.Http11NioProtocol - Starting ProtocolHandler ["http-nio-8080"]
2026-03-24 13:48:51 [main] INFO  org.springframework.boot.tomcat.TomcatWebServer - Tomcat started on port 8080 (http) with context path '/'
2026-03-24 13:48:51 [main] INFO  com.example.BookingApplication.BookingApplication - Started BookingApplication in 2.589 seconds (process running for 3.024)
2026-03-24 13:49:00 [http-nio-8080-exec-1] INFO  org.apache.catalina.core.ContainerBase.[Tomcat].[localhost].[/] - Initializing Spring DispatcherServlet 'dispatcherServlet'
2026-03-24 13:49:00 [http-nio-8080-exec-1] INFO  org.springframework.web.servlet.DispatcherServlet - Initializing Servlet 'dispatcherServlet'
2026-03-24 13:49:00 [http-nio-8080-exec-1] INFO  org.springframework.web.servlet.DispatcherServlet - Completed initialization in 1 ms
2026-03-24 13:51:47 [SpringApplicationShutdownHook] INFO  org.springframework.boot.tomcat.GracefulShutdown - Commencing graceful shutdown. Waiting for active requests to complete
2026-03-24 13:51:47 [tomcat-shutdown] INFO  org.springframework.boot.tomcat.GracefulShutdown - Graceful shutdown complete
2026-03-24 13:51:50 [main] INFO  com.example.BookingApplication.BookingApplication - Starting BookingApplication using Java 21.0.7 with PID 12412 (C:\Users\ADMIN\Downloads\BookingApplication\BookingApplication\target\classes started by ADMIN in C:\Users\ADMIN\Downloads\BookingApplication)
2026-03-24 13:51:50 [main] INFO  com.example.BookingApplication.BookingApplication - No active profile set, falling back to 1 default profile: "default"
2026-03-24 13:51:50 [main] INFO  org.springframework.data.repository.config.RepositoryConfigurationDelegate - Multiple Spring Data modules found, entering strict repository configuration mode
2026-03-24 13:51:50 [main] INFO  org.springframework.data.repository.config.RepositoryConfigurationDelegate - Bootstrapping Spring Data MongoDB repositories in DEFAULT mode.
2026-03-24 13:51:51 [main] INFO  org.springframework.data.repository.config.RepositoryConfigurationDelegate - Finished Spring Data repository scanning in 88 ms. Found 3 MongoDB repository interfaces.
2026-03-24 13:51:51 [main] INFO  org.springframework.data.repository.config.RepositoryConfigurationDelegate - Multiple Spring Data modules found, entering strict repository configuration mode
2026-03-24 13:51:51 [main] INFO  org.springframework.data.repository.config.RepositoryConfigurationDelegate - Bootstrapping Spring Data Redis repositories in DEFAULT mode.
2026-03-24 13:51:51 [main] INFO  org.springframework.data.repository.config.RepositoryConfigurationExtensionSupport - Spring Data Redis - Could not safely identify store assignment for repository candidate interface com.example.BookingApplication.Repositories.BookingsRepository; If you want this repository to be a Redis repository, consider annotating your entities with one of these annotations: org.springframework.data.redis.core.RedisHash (preferred), or consider extending one of the following types with your repository: org.springframework.data.keyvalue.repository.KeyValueRepository
2026-03-24 13:51:51 [main] INFO  org.springframework.data.repository.config.RepositoryConfigurationExtensionSupport - Spring Data Redis - Could not safely identify store assignment for repository candidate interface com.example.BookingApplication.Repositories.StudioRepository; If you want this repository to be a Redis repository, consider annotating your entities with one of these annotations: org.springframework.data.redis.core.RedisHash (preferred), or consider extending one of the following types with your repository: org.springframework.data.keyvalue.repository.KeyValueRepository
2026-03-24 13:51:51 [main] INFO  org.springframework.data.repository.config.RepositoryConfigurationExtensionSupport - Spring Data Redis - Could not safely identify store assignment for repository candidate interface com.example.BookingApplication.Repositories.UserRepository; If you want this repository to be a Redis repository, consider annotating your entities with one of these annotations: org.springframework.data.redis.core.RedisHash (preferred), or consider extending one of the following types with your repository: org.springframework.data.keyvalue.repository.KeyValueRepository
2026-03-24 13:51:51 [main] INFO  org.springframework.data.repository.config.RepositoryConfigurationDelegate - Finished Spring Data repository scanning in 6 ms. Found 0 Redis repository interfaces.
2026-03-24 13:51:51 [main] INFO  org.springframework.boot.tomcat.TomcatWebServer - Tomcat initialized with port 8080 (http)
2026-03-24 13:51:51 [main] INFO  org.apache.coyote.http11.Http11NioProtocol - Initializing ProtocolHandler ["http-nio-8080"]
2026-03-24 13:51:51 [main] INFO  org.apache.catalina.core.StandardService - Starting service [Tomcat]
2026-03-24 13:51:51 [main] INFO  org.apache.catalina.core.StandardEngine - Starting Servlet engine: [Apache Tomcat/11.0.18]
2026-03-24 13:51:51 [main] INFO  org.springframework.boot.web.context.servlet.WebApplicationContextInitializer - Root WebApplicationContext: initialization completed in 1049 ms
2026-03-24 13:51:51 [main] INFO  org.mongodb.driver.client - MongoClient with metadata {"driver": {"name": "mongo-java-driver|spring-boot|sync", "version": "5.6.4"}, "os": {"type": "Windows", "name": "Windows 11", "architecture": "amd64", "version": "10.0"}, "platform": "Java/Oracle Corporation/21.0.7+8-LTS-245"} created with settings MongoClientSettings{readPreference=primary, writeConcern=WriteConcern{w=majority, wTimeout=null ms, journal=null}, retryWrites=true, retryReads=true, readConcern=ReadConcern{level=null}, credential=MongoCredential{mechanism=null, userName='root', source='admin', password=<hidden>, mechanismProperties=<hidden>}, transportSettings=null, commandListeners=[], codecRegistry=ProvidersCodecRegistry{codecProviders=[ValueCodecProvider{}, BsonValueCodecProvider{}, DBRefCodecProvider{}, DBObjectCodecProvider{}, DocumentCodecProvider{}, CollectionCodecProvider{}, IterableCodecProvider{}, MapCodecProvider{}, GeoJsonCodecProvider{}, GridFSFileCodecProvider{}, Jsr310CodecProvider{}, JsonObjectCodecProvider{}, BsonCodecProvider{}, com.mongodb.client.model.mql.ExpressionCodecProvider@70f148dc, com.mongodb.Jep395RecordCodecProvider@3360283, com.mongodb.KotlinCodecProvider@77aea, EnumCodecProvider{}]}, loggerSettings=LoggerSettings{maxDocumentLength=1000}, clusterSettings={hosts=[127.0.0.1:27017], srvHost=cluster0.en0pykp.mongodb.net, srvServiceName=mongodb, mode=MULTIPLE, requiredClusterType=REPLICA_SET, requiredReplicaSetName='atlas-zt48hn-shard-0', serverSelector='null', clusterListeners='[]', serverSelectionTimeout='30000 ms', localThreshold='15 ms'}, socketSettings=SocketSettings{connectTimeoutMS=10000, readTimeoutMS=0, receiveBufferSize=0, proxySettings=ProxySettings{host=null, port=null, username=null, password=null}}, heartbeatSocketSettings=SocketSettings{connectTimeoutMS=10000, readTimeoutMS=10000, receiveBufferSize=0, proxySettings=ProxySettings{host=null, port=null, username=null, password=null}}, connectionPoolSettings=ConnectionPoolSettings{maxSize=100, minSize=0, maxWaitTimeMS=120000, maxConnectionLifeTimeMS=0, maxConnectionIdleTimeMS=0, maintenanceInitialDelayMS=0, maintenanceFrequencyMS=60000, connectionPoolListeners=[], maxConnecting=2}, serverSettings=ServerSettings{heartbeatFrequencyMS=10000, minHeartbeatFrequencyMS=500, serverMonitoringMode=AUTO, serverListeners='[]', serverMonitorListeners='[]'}, sslSettings=SslSettings{enabled=true, invalidHostNameAllowed=false, context=null}, applicationName='null', compressorList=[], uuidRepresentation=UNSPECIFIED, serverApi=null, autoEncryptionSettings=null, dnsClient=null, inetAddressResolver=null, contextProvider=null, timeoutMS=null}
2026-03-24 13:51:51 [cluster-ClusterId{value='69c2499fdd93d7774f02adec', description='null'}-srv-cluster0.en0pykp.mongodb.net] INFO  org.mongodb.driver.cluster - Adding discovered server ac-aoerbz6-shard-00-01.en0pykp.mongodb.net:27017 to client view of cluster
2026-03-24 13:51:51 [cluster-ClusterId{value='69c2499fdd93d7774f02adec', description='null'}-srv-cluster0.en0pykp.mongodb.net] INFO  org.mongodb.driver.cluster - Adding discovered server ac-aoerbz6-shard-00-00.en0pykp.mongodb.net:27017 to client view of cluster
2026-03-24 13:51:51 [cluster-ClusterId{value='69c2499fdd93d7774f02adec', description='null'}-srv-cluster0.en0pykp.mongodb.net] INFO  org.mongodb.driver.cluster - Adding discovered server ac-aoerbz6-shard-00-02.en0pykp.mongodb.net:27017 to client view of cluster
2026-03-24 13:51:52 [cluster-ClusterId{value='69c2499fdd93d7774f02adec', description='null'}-ac-aoerbz6-shard-00-02.en0pykp.mongodb.net:27017] INFO  org.mongodb.driver.cluster - Monitor thread successfully connected to server with description ServerDescription{address=ac-aoerbz6-shard-00-02.en0pykp.mongodb.net:27017, type=REPLICA_SET_PRIMARY, cryptd=false, state=CONNECTED, ok=true, minWireVersion=0, maxWireVersion=25, maxDocumentSize=16777216, logicalSessionTimeoutMinutes=30, roundTripTimeNanos=245683600, minRoundTripTimeNanos=0, setName='atlas-zt48hn-shard-0', canonicalAddress=ac-aoerbz6-shard-00-02.en0pykp.mongodb.net:27017, hosts=[ac-aoerbz6-shard-00-01.en0pykp.mongodb.net:27017, ac-aoerbz6-shard-00-00.en0pykp.mongodb.net:27017, ac-aoerbz6-shard-00-02.en0pykp.mongodb.net:27017], passives=[], arbiters=[], primary='ac-aoerbz6-shard-00-02.en0pykp.mongodb.net:27017', tagSet=TagSet{[Tag{name='availabilityZone', value='aps1-az2'}, Tag{name='diskState', value='READY'}, Tag{name='nodeType', value='ELECTABLE'}, Tag{name='provider', value='AWS'}, Tag{name='region', value='AP_SOUTH_1'}, Tag{name='workloadType', value='OPERATIONAL'}]}, electionId=7fffffff0000000000000156, setVersion=391, topologyVersion=TopologyVersion{processId=69b859a89b4f2018f8b26ac6, counter=6}, lastWriteDate=Tue Mar 24 13:51:51 IST 2026, lastUpdateTimeNanos=75607255727800}
2026-03-24 13:51:52 [cluster-ClusterId{value='69c2499fdd93d7774f02adec', description='null'}-ac-aoerbz6-shard-00-01.en0pykp.mongodb.net:27017] INFO  org.mongodb.driver.cluster - Monitor thread successfully connected to server with description ServerDescription{address=ac-aoerbz6-shard-00-01.en0pykp.mongodb.net:27017, type=REPLICA_SET_SECONDARY, cryptd=false, state=CONNECTED, ok=true, minWireVersion=0, maxWireVersion=25, maxDocumentSize=16777216, logicalSessionTimeoutMinutes=30, roundTripTimeNanos=234260100, minRoundTripTimeNanos=0, setName='atlas-zt48hn-shard-0', canonicalAddress=ac-aoerbz6-shard-00-01.en0pykp.mongodb.net:27017, hosts=[ac-aoerbz6-shard-00-01.en0pykp.mongodb.net:27017, ac-aoerbz6-shard-00-00.en0pykp.mongodb.net:27017, ac-aoerbz6-shard-00-02.en0pykp.mongodb.net:27017], passives=[], arbiters=[], primary='ac-aoerbz6-shard-00-02.en0pykp.mongodb.net:27017', tagSet=TagSet{[Tag{name='availabilityZone', value='aps1-az3'}, Tag{name='diskState', value='READY'}, Tag{name='nodeType', value='ELECTABLE'}, Tag{name='provider', value='AWS'}, Tag{name='region', value='AP_SOUTH_1'}, Tag{name='workloadType', value='OPERATIONAL'}]}, electionId=null, setVersion=391, topologyVersion=TopologyVersion{processId=69b85ccb4b84e800f9f6512d, counter=3}, lastWriteDate=Tue Mar 24 13:51:51 IST 2026, lastUpdateTimeNanos=75607255727800}
2026-03-24 13:51:52 [cluster-ClusterId{value='69c2499fdd93d7774f02adec', description='null'}-ac-aoerbz6-shard-00-00.en0pykp.mongodb.net:27017] INFO  org.mongodb.driver.cluster - Monitor thread successfully connected to server with description ServerDescription{address=ac-aoerbz6-shard-00-00.en0pykp.mongodb.net:27017, type=REPLICA_SET_SECONDARY, cryptd=false, state=CONNECTED, ok=true, minWireVersion=0, maxWireVersion=25, maxDocumentSize=16777216, logicalSessionTimeoutMinutes=30, roundTripTimeNanos=223307600, minRoundTripTimeNanos=0, setName='atlas-zt48hn-shard-0', canonicalAddress=ac-aoerbz6-shard-00-00.en0pykp.mongodb.net:27017, hosts=[ac-aoerbz6-shard-00-01.en0pykp.mongodb.net:27017, ac-aoerbz6-shard-00-00.en0pykp.mongodb.net:27017, ac-aoerbz6-shard-00-02.en0pykp.mongodb.net:27017], passives=[], arbiters=[], primary='ac-aoerbz6-shard-00-02.en0pykp.mongodb.net:27017', tagSet=TagSet{[Tag{name='availabilityZone', value='aps1-az1'}, Tag{name='diskState', value='READY'}, Tag{name='nodeType', value='ELECTABLE'}, Tag{name='provider', value='AWS'}, Tag{name='region', value='AP_SOUTH_1'}, Tag{name='workloadType', value='OPERATIONAL'}]}, electionId=null, setVersion=391, topologyVersion=TopologyVersion{processId=69b855abb14686967b76fdd6, counter=4}, lastWriteDate=Tue Mar 24 13:51:51 IST 2026, lastUpdateTimeNanos=75607255727800}
2026-03-24 13:51:52 [cluster-ClusterId{value='69c2499fdd93d7774f02adec', description='null'}-ac-aoerbz6-shard-00-02.en0pykp.mongodb.net:27017] INFO  org.mongodb.driver.cluster - Discovered replica set primary ac-aoerbz6-shard-00-02.en0pykp.mongodb.net:27017 with max election id 7fffffff0000000000000156 and max set version 391
2026-03-24 13:51:52 [main] WARN  com.password4j.PropertyReader - bcrypt minor version is not defined. Default value is used (b). Please set property hash.bcrypt.minor in your psw4j.properties file.
2026-03-24 13:51:52 [main] WARN  com.password4j.PropertyReader - bcrypt rounds are not defined. Default value is used (10). Please set property hash.bcrypt.rounds in your psw4j.properties file.
2026-03-24 13:51:52 [main] INFO  org.springframework.security.config.annotation.authentication.configuration.InitializeUserDetailsBeanManagerConfigurer$InitializeUserDetailsManagerConfigurer - Global AuthenticationManager configured with UserDetailsService bean with name userDetailsImpl
2026-03-24 13:51:52 [main] INFO  org.apache.coyote.http11.Http11NioProtocol - Starting ProtocolHandler ["http-nio-8080"]
2026-03-24 13:51:52 [main] INFO  org.springframework.boot.tomcat.TomcatWebServer - Tomcat started on port 8080 (http) with context path '/'
2026-03-24 13:51:52 [main] INFO  com.example.BookingApplication.BookingApplication - Started BookingApplication in 2.794 seconds (process running for 3.284)
2026-03-24 13:52:14 [http-nio-8080-exec-1] INFO  org.apache.catalina.core.ContainerBase.[Tomcat].[localhost].[/] - Initializing Spring DispatcherServlet 'dispatcherServlet'
2026-03-24 13:52:14 [http-nio-8080-exec-1] INFO  org.springframework.web.servlet.DispatcherServlet - Initializing Servlet 'dispatcherServlet'
2026-03-24 13:52:14 [http-nio-8080-exec-1] INFO  org.springframework.web.servlet.DispatcherServlet - Completed initialization in 1 ms
2026-03-24 13:58:04 [SpringApplicationShutdownHook] INFO  org.springframework.boot.tomcat.GracefulShutdown - Commencing graceful shutdown. Waiting for active requests to complete
2026-03-24 13:58:04 [tomcat-shutdown] INFO  org.springframework.boot.tomcat.GracefulShutdown - Graceful shutdown complete
2026-03-24 13:58:07 [main] INFO  com.example.BookingApplication.BookingApplication - Starting BookingApplication using Java 21.0.7 with PID 28764 (C:\Users\ADMIN\Downloads\BookingApplication\BookingApplication\target\classes started by ADMIN in C:\Users\ADMIN\Downloads\BookingApplication)
2026-03-24 13:58:07 [main] INFO  com.example.BookingApplication.BookingApplication - No active profile set, falling back to 1 default profile: "default"
2026-03-24 13:58:08 [main] INFO  org.springframework.data.repository.config.RepositoryConfigurationDelegate - Multiple Spring Data modules found, entering strict repository configuration mode
2026-03-24 13:58:08 [main] INFO  org.springframework.data.repository.config.RepositoryConfigurationDelegate - Bootstrapping Spring Data MongoDB repositories in DEFAULT mode.
2026-03-24 13:58:08 [main] INFO  org.springframework.data.repository.config.RepositoryConfigurationDelegate - Finished Spring Data repository scanning in 84 ms. Found 3 MongoDB repository interfaces.
2026-03-24 13:58:08 [main] INFO  org.springframework.data.repository.config.RepositoryConfigurationDelegate - Multiple Spring Data modules found, entering strict repository configuration mode
2026-03-24 13:58:08 [main] INFO  org.springframework.data.repository.config.RepositoryConfigurationDelegate - Bootstrapping Spring Data Redis repositories in DEFAULT mode.
2026-03-24 13:58:08 [main] INFO  org.springframework.data.repository.config.RepositoryConfigurationExtensionSupport - Spring Data Redis - Could not safely identify store assignment for repository candidate interface com.example.BookingApplication.Repositories.BookingsRepository; If you want this repository to be a Redis repository, consider annotating your entities with one of these annotations: org.springframework.data.redis.core.RedisHash (preferred), or consider extending one of the following types with your repository: org.springframework.data.keyvalue.repository.KeyValueRepository
2026-03-24 13:58:08 [main] INFO  org.springframework.data.repository.config.RepositoryConfigurationExtensionSupport - Spring Data Redis - Could not safely identify store assignment for repository candidate interface com.example.BookingApplication.Repositories.StudioRepository; If you want this repository to be a Redis repository, consider annotating your entities with one of these annotations: org.springframework.data.redis.core.RedisHash (preferred), or consider extending one of the following types with your repository: org.springframework.data.keyvalue.repository.KeyValueRepository
2026-03-24 13:58:08 [main] INFO  org.springframework.data.repository.config.RepositoryConfigurationExtensionSupport - Spring Data Redis - Could not safely identify store assignment for repository candidate interface com.example.BookingApplication.Repositories.UserRepository; If you want this repository to be a Redis repository, consider annotating your entities with one of these annotations: org.springframework.data.redis.core.RedisHash (preferred), or consider extending one of the following types with your repository: org.springframework.data.keyvalue.repository.KeyValueRepository
2026-03-24 13:58:08 [main] INFO  org.springframework.data.repository.config.RepositoryConfigurationDelegate - Finished Spring Data repository scanning in 6 ms. Found 0 Redis repository interfaces.
2026-03-24 13:58:08 [main] INFO  org.springframework.boot.tomcat.TomcatWebServer - Tomcat initialized with port 8080 (http)
2026-03-24 13:58:08 [main] INFO  org.apache.coyote.http11.Http11NioProtocol - Initializing ProtocolHandler ["http-nio-8080"]
2026-03-24 13:58:08 [main] INFO  org.apache.catalina.core.StandardService - Starting service [Tomcat]
2026-03-24 13:58:08 [main] INFO  org.apache.catalina.core.StandardEngine - Starting Servlet engine: [Apache Tomcat/11.0.18]
2026-03-24 13:58:08 [main] INFO  org.springframework.boot.web.context.servlet.WebApplicationContextInitializer - Root WebApplicationContext: initialization completed in 1136 ms
2026-03-24 13:58:08 [main] INFO  org.mongodb.driver.client - MongoClient with metadata {"driver": {"name": "mongo-java-driver|spring-boot|sync", "version": "5.6.4"}, "os": {"type": "Windows", "name": "Windows 11", "architecture": "amd64", "version": "10.0"}, "platform": "Java/Oracle Corporation/21.0.7+8-LTS-245"} created with settings MongoClientSettings{readPreference=primary, writeConcern=WriteConcern{w=majority, wTimeout=null ms, journal=null}, retryWrites=true, retryReads=true, readConcern=ReadConcern{level=null}, credential=MongoCredential{mechanism=null, userName='root', source='admin', password=<hidden>, mechanismProperties=<hidden>}, transportSettings=null, commandListeners=[], codecRegistry=ProvidersCodecRegistry{codecProviders=[ValueCodecProvider{}, BsonValueCodecProvider{}, DBRefCodecProvider{}, DBObjectCodecProvider{}, DocumentCodecProvider{}, CollectionCodecProvider{}, IterableCodecProvider{}, MapCodecProvider{}, GeoJsonCodecProvider{}, GridFSFileCodecProvider{}, Jsr310CodecProvider{}, JsonObjectCodecProvider{}, BsonCodecProvider{}, com.mongodb.client.model.mql.ExpressionCodecProvider@d36c1c3, com.mongodb.Jep395RecordCodecProvider@96abc76, com.mongodb.KotlinCodecProvider@4d69d288, EnumCodecProvider{}]}, loggerSettings=LoggerSettings{maxDocumentLength=1000}, clusterSettings={hosts=[127.0.0.1:27017], srvHost=cluster0.en0pykp.mongodb.net, srvServiceName=mongodb, mode=MULTIPLE, requiredClusterType=REPLICA_SET, requiredReplicaSetName='atlas-zt48hn-shard-0', serverSelector='null', clusterListeners='[]', serverSelectionTimeout='30000 ms', localThreshold='15 ms'}, socketSettings=SocketSettings{connectTimeoutMS=10000, readTimeoutMS=0, receiveBufferSize=0, proxySettings=ProxySettings{host=null, port=null, username=null, password=null}}, heartbeatSocketSettings=SocketSettings{connectTimeoutMS=10000, readTimeoutMS=10000, receiveBufferSize=0, proxySettings=ProxySettings{host=null, port=null, username=null, password=null}}, connectionPoolSettings=ConnectionPoolSettings{maxSize=100, minSize=0, maxWaitTimeMS=120000, maxConnectionLifeTimeMS=0, maxConnectionIdleTimeMS=0, maintenanceInitialDelayMS=0, maintenanceFrequencyMS=60000, connectionPoolListeners=[], maxConnecting=2}, serverSettings=ServerSettings{heartbeatFrequencyMS=10000, minHeartbeatFrequencyMS=500, serverMonitoringMode=AUTO, serverListeners='[]', serverMonitorListeners='[]'}, sslSettings=SslSettings{enabled=true, invalidHostNameAllowed=false, context=null}, applicationName='null', compressorList=[], uuidRepresentation=UNSPECIFIED, serverApi=null, autoEncryptionSettings=null, dnsClient=null, inetAddressResolver=null, contextProvider=null, timeoutMS=null}
2026-03-24 13:58:08 [cluster-ClusterId{value='69c24b18024b46ced0906537', description='null'}-srv-cluster0.en0pykp.mongodb.net] INFO  org.mongodb.driver.cluster - Adding discovered server ac-aoerbz6-shard-00-01.en0pykp.mongodb.net:27017 to client view of cluster
2026-03-24 13:58:08 [cluster-ClusterId{value='69c24b18024b46ced0906537', description='null'}-srv-cluster0.en0pykp.mongodb.net] INFO  org.mongodb.driver.cluster - Adding discovered server ac-aoerbz6-shard-00-00.en0pykp.mongodb.net:27017 to client view of cluster
2026-03-24 13:58:08 [cluster-ClusterId{value='69c24b18024b46ced0906537', description='null'}-srv-cluster0.en0pykp.mongodb.net] INFO  org.mongodb.driver.cluster - Adding discovered server ac-aoerbz6-shard-00-02.en0pykp.mongodb.net:27017 to client view of cluster
2026-03-24 13:58:09 [cluster-ClusterId{value='69c24b18024b46ced0906537', description='null'}-ac-aoerbz6-shard-00-02.en0pykp.mongodb.net:27017] INFO  org.mongodb.driver.cluster - Monitor thread successfully connected to server with description ServerDescription{address=ac-aoerbz6-shard-00-02.en0pykp.mongodb.net:27017, type=REPLICA_SET_PRIMARY, cryptd=false, state=CONNECTED, ok=true, minWireVersion=0, maxWireVersion=25, maxDocumentSize=16777216, logicalSessionTimeoutMinutes=30, roundTripTimeNanos=243295200, minRoundTripTimeNanos=0, setName='atlas-zt48hn-shard-0', canonicalAddress=ac-aoerbz6-shard-00-02.en0pykp.mongodb.net:27017, hosts=[ac-aoerbz6-shard-00-01.en0pykp.mongodb.net:27017, ac-aoerbz6-shard-00-00.en0pykp.mongodb.net:27017, ac-aoerbz6-shard-00-02.en0pykp.mongodb.net:27017], passives=[], arbiters=[], primary='ac-aoerbz6-shard-00-02.en0pykp.mongodb.net:27017', tagSet=TagSet{[Tag{name='availabilityZone', value='aps1-az2'}, Tag{name='diskState', value='READY'}, Tag{name='nodeType', value='ELECTABLE'}, Tag{name='provider', value='AWS'}, Tag{name='region', value='AP_SOUTH_1'}, Tag{name='workloadType', value='OPERATIONAL'}]}, electionId=7fffffff0000000000000156, setVersion=391, topologyVersion=TopologyVersion{processId=69b859a89b4f2018f8b26ac6, counter=6}, lastWriteDate=Tue Mar 24 13:58:08 IST 2026, lastUpdateTimeNanos=75984410486700}
2026-03-24 13:58:09 [cluster-ClusterId{value='69c24b18024b46ced0906537', description='null'}-ac-aoerbz6-shard-00-01.en0pykp.mongodb.net:27017] INFO  org.mongodb.driver.cluster - Monitor thread successfully connected to server with description ServerDescription{address=ac-aoerbz6-shard-00-01.en0pykp.mongodb.net:27017, type=REPLICA_SET_SECONDARY, cryptd=false, state=CONNECTED, ok=true, minWireVersion=0, maxWireVersion=25, maxDocumentSize=16777216, logicalSessionTimeoutMinutes=30, roundTripTimeNanos=245322600, minRoundTripTimeNanos=0, setName='atlas-zt48hn-shard-0', canonicalAddress=ac-aoerbz6-shard-00-01.en0pykp.mongodb.net:27017, hosts=[ac-aoerbz6-shard-00-01.en0pykp.mongodb.net:27017, ac-aoerbz6-shard-00-00.en0pykp.mongodb.net:27017, ac-aoerbz6-shard-00-02.en0pykp.mongodb.net:27017], passives=[], arbiters=[], primary='ac-aoerbz6-shard-00-02.en0pykp.mongodb.net:27017', tagSet=TagSet{[Tag{name='availabilityZone', value='aps1-az3'}, Tag{name='diskState', value='READY'}, Tag{name='nodeType', value='ELECTABLE'}, Tag{name='provider', value='AWS'}, Tag{name='region', value='AP_SOUTH_1'}, Tag{name='workloadType', value='OPERATIONAL'}]}, electionId=null, setVersion=391, topologyVersion=TopologyVersion{processId=69b85ccb4b84e800f9f6512d, counter=3}, lastWriteDate=Tue Mar 24 13:58:08 IST 2026, lastUpdateTimeNanos=75984410486700}
2026-03-24 13:58:09 [cluster-ClusterId{value='69c24b18024b46ced0906537', description='null'}-ac-aoerbz6-shard-00-00.en0pykp.mongodb.net:27017] INFO  org.mongodb.driver.cluster - Monitor thread successfully connected to server with description ServerDescription{address=ac-aoerbz6-shard-00-00.en0pykp.mongodb.net:27017, type=REPLICA_SET_SECONDARY, cryptd=false, state=CONNECTED, ok=true, minWireVersion=0, maxWireVersion=25, maxDocumentSize=16777216, logicalSessionTimeoutMinutes=30, roundTripTimeNanos=235760500, minRoundTripTimeNanos=0, setName='atlas-zt48hn-shard-0', canonicalAddress=ac-aoerbz6-shard-00-00.en0pykp.mongodb.net:27017, hosts=[ac-aoerbz6-shard-00-01.en0pykp.mongodb.net:27017, ac-aoerbz6-shard-00-00.en0pykp.mongodb.net:27017, ac-aoerbz6-shard-00-02.en0pykp.mongodb.net:27017], passives=[], arbiters=[], primary='ac-aoerbz6-shard-00-02.en0pykp.mongodb.net:27017', tagSet=TagSet{[Tag{name='availabilityZone', value='aps1-az1'}, Tag{name='diskState', value='READY'}, Tag{name='nodeType', value='ELECTABLE'}, Tag{name='provider', value='AWS'}, Tag{name='region', value='AP_SOUTH_1'}, Tag{name='workloadType', value='OPERATIONAL'}]}, electionId=null, setVersion=391, topologyVersion=TopologyVersion{processId=69b855abb14686967b76fdd6, counter=4}, lastWriteDate=Tue Mar 24 13:58:08 IST 2026, lastUpdateTimeNanos=75984410486700}
2026-03-24 13:58:09 [cluster-ClusterId{value='69c24b18024b46ced0906537', description='null'}-ac-aoerbz6-shard-00-02.en0pykp.mongodb.net:27017] INFO  org.mongodb.driver.cluster - Discovered replica set primary ac-aoerbz6-shard-00-02.en0pykp.mongodb.net:27017 with max election id 7fffffff0000000000000156 and max set version 391
2026-03-24 13:58:09 [main] WARN  com.password4j.PropertyReader - bcrypt minor version is not defined. Default value is used (b). Please set property hash.bcrypt.minor in your psw4j.properties file.
2026-03-24 13:58:09 [main] WARN  com.password4j.PropertyReader - bcrypt rounds are not defined. Default value is used (10). Please set property hash.bcrypt.rounds in your psw4j.properties file.
2026-03-24 13:58:09 [main] INFO  org.springframework.security.config.annotation.authentication.configuration.InitializeUserDetailsBeanManagerConfigurer$InitializeUserDetailsManagerConfigurer - Global AuthenticationManager configured with UserDetailsService bean with name userDetailsImpl
2026-03-24 13:58:10 [main] INFO  org.apache.coyote.http11.Http11NioProtocol - Starting ProtocolHandler ["http-nio-8080"]
2026-03-24 13:58:10 [main] INFO  org.springframework.boot.tomcat.TomcatWebServer - Tomcat started on port 8080 (http) with context path '/'
2026-03-24 13:58:10 [main] INFO  com.example.BookingApplication.BookingApplication - Started BookingApplication in 2.873 seconds (process running for 3.326)
2026-03-24 14:00:15 [http-nio-8080-exec-4] INFO  org.apache.catalina.core.ContainerBase.[Tomcat].[localhost].[/] - Initializing Spring DispatcherServlet 'dispatcherServlet'
2026-03-24 14:00:15 [http-nio-8080-exec-4] INFO  org.springframework.web.servlet.DispatcherServlet - Initializing Servlet 'dispatcherServlet'
2026-03-24 14:00:15 [http-nio-8080-exec-4] INFO  org.springframework.web.servlet.DispatcherServlet - Completed initialization in 1 ms
2026-03-24 14:00:15 [http-nio-8080-exec-4] WARN  org.springframework.web.servlet.handler.HandlerMappingIntrospector - Cache miss for REQUEST dispatch to '/Booking/new' (previous null). Performing CorsConfiguration lookup. This is logged once only at WARN level, and every time at TRACE.
2026-03-24 14:00:15 [http-nio-8080-exec-5] ERROR org.apache.catalina.core.ContainerBase.[Tomcat].[localhost].[/].[dispatcherServlet] - Servlet.service() for servlet [dispatcherServlet] in context with path [] threw exception
io.jsonwebtoken.ExpiredJwtException: JWT expired 70707487 milliseconds ago at 2026-03-23T12:51:48.000Z. Current time: 2026-03-24T08:30:15.487Z. Allowed clock skew: 0 milliseconds.
	at io.jsonwebtoken.impl.DefaultJwtParser.parse(DefaultJwtParser.java:688)
	at io.jsonwebtoken.impl.DefaultJwtParser.parse(DefaultJwtParser.java:364)
	at io.jsonwebtoken.impl.DefaultJwtParser.parse(DefaultJwtParser.java:94)
	at io.jsonwebtoken.impl.io.AbstractParser.parse(AbstractParser.java:36)
	at io.jsonwebtoken.impl.io.AbstractParser.parse(AbstractParser.java:29)
	at io.jsonwebtoken.impl.DefaultJwtParser.parseSignedClaims(DefaultJwtParser.java:827)
	at com.example.BookingApplication.JwtUtil.Jwtutil.Extractallclaims(Jwtutil.java:49)
	at com.example.BookingApplication.JwtUtil.Jwtutil.Extractusername(Jwtutil.java:53)
	at com.example.BookingApplication.Filter.Filterjwt.doFilterInternal(Filterjwt.java:37)
	at org.springframework.web.filter.OncePerRequestFilter.doFilter(OncePerRequestFilter.java:116)
	at org.springframework.security.web.FilterChainProxy$VirtualFilterChain.doFilter(FilterChainProxy.java:380)
	at org.springframework.security.web.authentication.logout.LogoutFilter.doFilter(LogoutFilter.java:110)
	at org.springframework.security.web.authentication.logout.LogoutFilter.doFilter(LogoutFilter.java:96)
	at org.springframework.security.web.FilterChainProxy$VirtualFilterChain.doFilter(FilterChainProxy.java:380)
	at org.springframework.web.filter.CorsFilter.doFilterInternal(CorsFilter.java:91)
	at org.springframework.web.filter.OncePerRequestFilter.doFilter(OncePerRequestFilter.java:116)
	at org.springframework.security.web.FilterChainProxy$VirtualFilterChain.doFilter(FilterChainProxy.java:380)
	at org.springframework.security.web.header.HeaderWriterFilter.doHeadersAfter(HeaderWriterFilter.java:90)
	at org.springframework.security.web.header.HeaderWriterFilter.doFilterInternal(HeaderWriterFilter.java:75)
	at org.springframework.web.filter.OncePerRequestFilter.doFilter(OncePerRequestFilter.java:116)
	at org.springframework.security.web.FilterChainProxy$VirtualFilterChain.doFilter(FilterChainProxy.java:380)
	at org.springframework.security.web.context.SecurityContextHolderFilter.doFilter(SecurityContextHolderFilter.java:82)
	at org.springframework.security.web.context.SecurityContextHolderFilter.doFilter(SecurityContextHolderFilter.java:69)
	at org.springframework.security.web.FilterChainProxy$VirtualFilterChain.doFilter(FilterChainProxy.java:380)
	at org.springframework.security.web.context.request.async.WebAsyncManagerIntegrationFilter.doFilterInternal(WebAsyncManagerIntegrationFilter.java:62)
	at org.springframework.web.filter.OncePerRequestFilter.doFilter(OncePerRequestFilter.java:116)
	at org.springframework.security.web.FilterChainProxy$VirtualFilterChain.doFilter(FilterChainProxy.java:380)
	at org.springframework.security.web.session.DisableEncodeUrlFilter.doFilterInternal(DisableEncodeUrlFilter.java:42)
	at org.springframework.web.filter.OncePerRequestFilter.doFilter(OncePerRequestFilter.java:116)
	at org.springframework.security.web.FilterChainProxy$VirtualFilterChain.doFilter(FilterChainProxy.java:380)
	at org.springframework.security.web.FilterChainProxy.doFilterInternal(FilterChainProxy.java:237)
	at org.springframework.security.web.FilterChainProxy.doFilter(FilterChainProxy.java:195)
	at org.springframework.web.filter.CompositeFilter$VirtualFilterChain.doFilter(CompositeFilter.java:113)
	at org.springframework.web.filter.ServletRequestPathFilter.doFilter(ServletRequestPathFilter.java:52)
	at org.springframework.web.filter.CompositeFilter$VirtualFilterChain.doFilter(CompositeFilter.java:113)
	at org.springframework.web.filter.CompositeFilter.doFilter(CompositeFilter.java:74)
	at org.springframework.security.config.annotation.web.configuration.WebSecurityConfiguration$CompositeFilterChainProxy.doFilter(WebSecurityConfiguration.java:317)
	at org.springframework.web.filter.DelegatingFilterProxy.invokeDelegate(DelegatingFilterProxy.java:355)
	at org.springframework.web.filter.DelegatingFilterProxy.doFilter(DelegatingFilterProxy.java:272)
	at org.apache.catalina.core.ApplicationFilterChain.doFilter(ApplicationFilterChain.java:107)
	at org.springframework.web.filter.RequestContextFilter.doFilterInternal(RequestContextFilter.java:100)
	at org.springframework.web.filter.OncePerRequestFilter.doFilter(OncePerRequestFilter.java:116)
	at org.apache.catalina.core.ApplicationFilterChain.doFilter(ApplicationFilterChain.java:107)
	at org.springframework.web.filter.FormContentFilter.doFilterInternal(FormContentFilter.java:93)
	at org.springframework.web.filter.OncePerRequestFilter.doFilter(OncePerRequestFilter.java:116)
	at org.apache.catalina.core.ApplicationFilterChain.doFilter(ApplicationFilterChain.java:107)
	at org.springframework.web.filter.CharacterEncodingFilter.doFilterInternal(CharacterEncodingFilter.java:199)
	at org.springframework.web.filter.OncePerRequestFilter.doFilter(OncePerRequestFilter.java:116)
	at org.apache.catalina.core.ApplicationFilterChain.doFilter(ApplicationFilterChain.java:107)
	at org.apache.catalina.core.StandardWrapperValve.invoke(StandardWrapperValve.java:165)
	at org.apache.catalina.core.StandardContextValve.invoke(StandardContextValve.java:77)
	at org.apache.catalina.authenticator.AuthenticatorBase.invoke(AuthenticatorBase.java:492)
	at org.apache.catalina.core.StandardHostValve.invoke(StandardHostValve.java:113)
	at org.apache.catalina.valves.ErrorReportValve.invoke(ErrorReportValve.java:83)
	at org.apache.catalina.core.StandardEngineValve.invoke(StandardEngineValve.java:72)
	at org.apache.catalina.connector.CoyoteAdapter.service(CoyoteAdapter.java:341)
	at org.apache.coyote.http11.Http11Processor.service(Http11Processor.java:397)
	at org.apache.coyote.AbstractProcessorLight.process(AbstractProcessorLight.java:63)
	at org.apache.coyote.AbstractProtocol$ConnectionHandler.process(AbstractProtocol.java:903)
	at org.apache.tomcat.util.net.NioEndpoint$SocketProcessor.doRun(NioEndpoint.java:1779)
	at org.apache.tomcat.util.net.SocketProcessorBase.run(SocketProcessorBase.java:52)
	at org.apache.tomcat.util.threads.ThreadPoolExecutor.runWorker(ThreadPoolExecutor.java:946)
	at org.apache.tomcat.util.threads.ThreadPoolExecutor$Worker.run(ThreadPoolExecutor.java:480)
	at org.apache.tomcat.util.threads.TaskThread$WrappingRunnable.run(TaskThread.java:57)
	at java.base/java.lang.Thread.run(Thread.java:1583)
2026-03-24 14:05:31 [SpringApplicationShutdownHook] INFO  org.springframework.boot.tomcat.GracefulShutdown - Commencing graceful shutdown. Waiting for active requests to complete
2026-03-24 14:05:31 [tomcat-shutdown] INFO  org.springframework.boot.tomcat.GracefulShutdown - Graceful shutdown complete
2026-03-24 14:05:34 [main] INFO  com.example.BookingApplication.BookingApplication - Starting BookingApplication using Java 21.0.7 with PID 30484 (C:\Users\ADMIN\Downloads\BookingApplication\BookingApplication\target\classes started by ADMIN in C:\Users\ADMIN\Downloads\BookingApplication)
2026-03-24 14:05:34 [main] INFO  com.example.BookingApplication.BookingApplication - No active profile set, falling back to 1 default profile: "default"
2026-03-24 14:05:34 [main] INFO  org.springframework.data.repository.config.RepositoryConfigurationDelegate - Multiple Spring Data modules found, entering strict repository configuration mode
2026-03-24 14:05:34 [main] INFO  org.springframework.data.repository.config.RepositoryConfigurationDelegate - Bootstrapping Spring Data MongoDB repositories in DEFAULT mode.
2026-03-24 14:05:34 [main] INFO  org.springframework.data.repository.config.RepositoryConfigurationDelegate - Finished Spring Data repository scanning in 107 ms. Found 3 MongoDB repository interfaces.
2026-03-24 14:05:34 [main] INFO  org.springframework.data.repository.config.RepositoryConfigurationDelegate - Multiple Spring Data modules found, entering strict repository configuration mode
2026-03-24 14:05:34 [main] INFO  org.springframework.data.repository.config.RepositoryConfigurationDelegate - Bootstrapping Spring Data Redis repositories in DEFAULT mode.
2026-03-24 14:05:34 [main] INFO  org.springframework.data.repository.config.RepositoryConfigurationExtensionSupport - Spring Data Redis - Could not safely identify store assignment for repository candidate interface com.example.BookingApplication.Repositories.BookingsRepository; If you want this repository to be a Redis repository, consider annotating your entities with one of these annotations: org.springframework.data.redis.core.RedisHash (preferred), or consider extending one of the following types with your repository: org.springframework.data.keyvalue.repository.KeyValueRepository
2026-03-24 14:05:34 [main] INFO  org.springframework.data.repository.config.RepositoryConfigurationExtensionSupport - Spring Data Redis - Could not safely identify store assignment for repository candidate interface com.example.BookingApplication.Repositories.StudioRepository; If you want this repository to be a Redis repository, consider annotating your entities with one of these annotations: org.springframework.data.redis.core.RedisHash (preferred), or consider extending one of the following types with your repository: org.springframework.data.keyvalue.repository.KeyValueRepository
2026-03-24 14:05:34 [main] INFO  org.springframework.data.repository.config.RepositoryConfigurationExtensionSupport - Spring Data Redis - Could not safely identify store assignment for repository candidate interface com.example.BookingApplication.Repositories.UserRepository; If you want this repository to be a Redis repository, consider annotating your entities with one of these annotations: org.springframework.data.redis.core.RedisHash (preferred), or consider extending one of the following types with your repository: org.springframework.data.keyvalue.repository.KeyValueRepository
2026-03-24 14:05:34 [main] INFO  org.springframework.data.repository.config.RepositoryConfigurationDelegate - Finished Spring Data repository scanning in 8 ms. Found 0 Redis repository interfaces.
2026-03-24 14:05:35 [main] INFO  org.springframework.boot.tomcat.TomcatWebServer - Tomcat initialized with port 8080 (http)
2026-03-24 14:05:35 [main] INFO  org.apache.coyote.http11.Http11NioProtocol - Initializing ProtocolHandler ["http-nio-8080"]
2026-03-24 14:05:35 [main] INFO  org.apache.catalina.core.StandardService - Starting service [Tomcat]
2026-03-24 14:05:35 [main] INFO  org.apache.catalina.core.StandardEngine - Starting Servlet engine: [Apache Tomcat/11.0.18]
2026-03-24 14:05:35 [main] INFO  org.springframework.boot.web.context.servlet.WebApplicationContextInitializer - Root WebApplicationContext: initialization completed in 1047 ms
2026-03-24 14:05:35 [main] INFO  org.mongodb.driver.client - MongoClient with metadata {"driver": {"name": "mongo-java-driver|spring-boot|sync", "version": "5.6.4"}, "os": {"type": "Windows", "name": "Windows 11", "architecture": "amd64", "version": "10.0"}, "platform": "Java/Oracle Corporation/21.0.7+8-LTS-245"} created with settings MongoClientSettings{readPreference=primary, writeConcern=WriteConcern{w=majority, wTimeout=null ms, journal=null}, retryWrites=true, retryReads=true, readConcern=ReadConcern{level=null}, credential=MongoCredential{mechanism=null, userName='root', source='admin', password=<hidden>, mechanismProperties=<hidden>}, transportSettings=null, commandListeners=[], codecRegistry=ProvidersCodecRegistry{codecProviders=[ValueCodecProvider{}, BsonValueCodecProvider{}, DBRefCodecProvider{}, DBObjectCodecProvider{}, DocumentCodecProvider{}, CollectionCodecProvider{}, IterableCodecProvider{}, MapCodecProvider{}, GeoJsonCodecProvider{}, GridFSFileCodecProvider{}, Jsr310CodecProvider{}, JsonObjectCodecProvider{}, BsonCodecProvider{}, com.mongodb.client.model.mql.ExpressionCodecProvider@223967ea, com.mongodb.Jep395RecordCodecProvider@4a6a6a69, com.mongodb.KotlinCodecProvider@5d7f1e59, EnumCodecProvider{}]}, loggerSettings=LoggerSettings{maxDocumentLength=1000}, clusterSettings={hosts=[127.0.0.1:27017], srvHost=cluster0.en0pykp.mongodb.net, srvServiceName=mongodb, mode=MULTIPLE, requiredClusterType=REPLICA_SET, requiredReplicaSetName='atlas-zt48hn-shard-0', serverSelector='null', clusterListeners='[]', serverSelectionTimeout='30000 ms', localThreshold='15 ms'}, socketSettings=SocketSettings{connectTimeoutMS=10000, readTimeoutMS=0, receiveBufferSize=0, proxySettings=ProxySettings{host=null, port=null, username=null, password=null}}, heartbeatSocketSettings=SocketSettings{connectTimeoutMS=10000, readTimeoutMS=10000, receiveBufferSize=0, proxySettings=ProxySettings{host=null, port=null, username=null, password=null}}, connectionPoolSettings=ConnectionPoolSettings{maxSize=100, minSize=0, maxWaitTimeMS=120000, maxConnectionLifeTimeMS=0, maxConnectionIdleTimeMS=0, maintenanceInitialDelayMS=0, maintenanceFrequencyMS=60000, connectionPoolListeners=[], maxConnecting=2}, serverSettings=ServerSettings{heartbeatFrequencyMS=10000, minHeartbeatFrequencyMS=500, serverMonitoringMode=AUTO, serverListeners='[]', serverMonitorListeners='[]'}, sslSettings=SslSettings{enabled=true, invalidHostNameAllowed=false, context=null}, applicationName='null', compressorList=[], uuidRepresentation=UNSPECIFIED, serverApi=null, autoEncryptionSettings=null, dnsClient=null, inetAddressResolver=null, contextProvider=null, timeoutMS=null}
2026-03-24 14:05:35 [cluster-ClusterId{value='69c24cd775dcb7eba992186c', description='null'}-srv-cluster0.en0pykp.mongodb.net] INFO  org.mongodb.driver.cluster - Adding discovered server ac-aoerbz6-shard-00-01.en0pykp.mongodb.net:27017 to client view of cluster
2026-03-24 14:05:35 [cluster-ClusterId{value='69c24cd775dcb7eba992186c', description='null'}-srv-cluster0.en0pykp.mongodb.net] INFO  org.mongodb.driver.cluster - Adding discovered server ac-aoerbz6-shard-00-00.en0pykp.mongodb.net:27017 to client view of cluster
2026-03-24 14:05:35 [cluster-ClusterId{value='69c24cd775dcb7eba992186c', description='null'}-srv-cluster0.en0pykp.mongodb.net] INFO  org.mongodb.driver.cluster - Adding discovered server ac-aoerbz6-shard-00-02.en0pykp.mongodb.net:27017 to client view of cluster
2026-03-24 14:05:35 [cluster-ClusterId{value='69c24cd775dcb7eba992186c', description='null'}-ac-aoerbz6-shard-00-02.en0pykp.mongodb.net:27017] INFO  org.mongodb.driver.cluster - Monitor thread successfully connected to server with description ServerDescription{address=ac-aoerbz6-shard-00-02.en0pykp.mongodb.net:27017, type=REPLICA_SET_PRIMARY, cryptd=false, state=CONNECTED, ok=true, minWireVersion=0, maxWireVersion=25, maxDocumentSize=16777216, logicalSessionTimeoutMinutes=30, roundTripTimeNanos=260619700, minRoundTripTimeNanos=0, setName='atlas-zt48hn-shard-0', canonicalAddress=ac-aoerbz6-shard-00-02.en0pykp.mongodb.net:27017, hosts=[ac-aoerbz6-shard-00-01.en0pykp.mongodb.net:27017, ac-aoerbz6-shard-00-00.en0pykp.mongodb.net:27017, ac-aoerbz6-shard-00-02.en0pykp.mongodb.net:27017], passives=[], arbiters=[], primary='ac-aoerbz6-shard-00-02.en0pykp.mongodb.net:27017', tagSet=TagSet{[Tag{name='availabilityZone', value='aps1-az2'}, Tag{name='diskState', value='READY'}, Tag{name='nodeType', value='ELECTABLE'}, Tag{name='provider', value='AWS'}, Tag{name='region', value='AP_SOUTH_1'}, Tag{name='workloadType', value='OPERATIONAL'}]}, electionId=7fffffff0000000000000156, setVersion=391, topologyVersion=TopologyVersion{processId=69b859a89b4f2018f8b26ac6, counter=6}, lastWriteDate=Tue Mar 24 14:05:35 IST 2026, lastUpdateTimeNanos=76430998747000}
2026-03-24 14:05:35 [cluster-ClusterId{value='69c24cd775dcb7eba992186c', description='null'}-ac-aoerbz6-shard-00-00.en0pykp.mongodb.net:27017] INFO  org.mongodb.driver.cluster - Monitor thread successfully connected to server with description ServerDescription{address=ac-aoerbz6-shard-00-00.en0pykp.mongodb.net:27017, type=REPLICA_SET_SECONDARY, cryptd=false, state=CONNECTED, ok=true, minWireVersion=0, maxWireVersion=25, maxDocumentSize=16777216, logicalSessionTimeoutMinutes=30, roundTripTimeNanos=260625000, minRoundTripTimeNanos=0, setName='atlas-zt48hn-shard-0', canonicalAddress=ac-aoerbz6-shard-00-00.en0pykp.mongodb.net:27017, hosts=[ac-aoerbz6-shard-00-01.en0pykp.mongodb.net:27017, ac-aoerbz6-shard-00-00.en0pykp.mongodb.net:27017, ac-aoerbz6-shard-00-02.en0pykp.mongodb.net:27017], passives=[], arbiters=[], primary='ac-aoerbz6-shard-00-02.en0pykp.mongodb.net:27017', tagSet=TagSet{[Tag{name='availabilityZone', value='aps1-az1'}, Tag{name='diskState', value='READY'}, Tag{name='nodeType', value='ELECTABLE'}, Tag{name='provider', value='AWS'}, Tag{name='region', value='AP_SOUTH_1'}, Tag{name='workloadType', value='OPERATIONAL'}]}, electionId=null, setVersion=391, topologyVersion=TopologyVersion{processId=69b855abb14686967b76fdd6, counter=4}, lastWriteDate=Tue Mar 24 14:05:35 IST 2026, lastUpdateTimeNanos=76430998746900}
2026-03-24 14:05:35 [cluster-ClusterId{value='69c24cd775dcb7eba992186c', description='null'}-ac-aoerbz6-shard-00-01.en0pykp.mongodb.net:27017] INFO  org.mongodb.driver.cluster - Monitor thread successfully connected to server with description ServerDescription{address=ac-aoerbz6-shard-00-01.en0pykp.mongodb.net:27017, type=REPLICA_SET_SECONDARY, cryptd=false, state=CONNECTED, ok=true, minWireVersion=0, maxWireVersion=25, maxDocumentSize=16777216, logicalSessionTimeoutMinutes=30, roundTripTimeNanos=260624400, minRoundTripTimeNanos=0, setName='atlas-zt48hn-shard-0', canonicalAddress=ac-aoerbz6-shard-00-01.en0pykp.mongodb.net:27017, hosts=[ac-aoerbz6-shard-00-01.en0pykp.mongodb.net:27017, ac-aoerbz6-shard-00-00.en0pykp.mongodb.net:27017, ac-aoerbz6-shard-00-02.en0pykp.mongodb.net:27017], passives=[], arbiters=[], primary='ac-aoerbz6-shard-00-02.en0pykp.mongodb.net:27017', tagSet=TagSet{[Tag{name='availabilityZone', value='aps1-az3'}, Tag{name='diskState', value='READY'}, Tag{name='nodeType', value='ELECTABLE'}, Tag{name='provider', value='AWS'}, Tag{name='region', value='AP_SOUTH_1'}, Tag{name='workloadType', value='OPERATIONAL'}]}, electionId=null, setVersion=391, topologyVersion=TopologyVersion{processId=69b85ccb4b84e800f9f6512d, counter=3}, lastWriteDate=Tue Mar 24 14:05:35 IST 2026, lastUpdateTimeNanos=76430998746900}
2026-03-24 14:05:35 [cluster-ClusterId{value='69c24cd775dcb7eba992186c', description='null'}-ac-aoerbz6-shard-00-02.en0pykp.mongodb.net:27017] INFO  org.mongodb.driver.cluster - Discovered replica set primary ac-aoerbz6-shard-00-02.en0pykp.mongodb.net:27017 with max election id 7fffffff0000000000000156 and max set version 391
2026-03-24 14:05:36 [main] WARN  com.password4j.PropertyReader - bcrypt minor version is not defined. Default value is used (b). Please set property hash.bcrypt.minor in your psw4j.properties file.
2026-03-24 14:05:36 [main] WARN  com.password4j.PropertyReader - bcrypt rounds are not defined. Default value is used (10). Please set property hash.bcrypt.rounds in your psw4j.properties file.
2026-03-24 14:05:36 [main] INFO  org.springframework.security.config.annotation.authentication.configuration.InitializeUserDetailsBeanManagerConfigurer$InitializeUserDetailsManagerConfigurer - Global AuthenticationManager configured with UserDetailsService bean with name userDetailsImpl
2026-03-24 14:05:36 [main] INFO  org.apache.coyote.http11.Http11NioProtocol - Starting ProtocolHandler ["http-nio-8080"]
2026-03-24 14:05:36 [main] INFO  org.springframework.boot.tomcat.TomcatWebServer - Tomcat started on port 8080 (http) with context path '/'
2026-03-24 14:05:36 [main] INFO  com.example.BookingApplication.BookingApplication - Started BookingApplication in 2.757 seconds (process running for 3.695)
2026-03-24 14:05:56 [http-nio-8080-exec-1] INFO  org.apache.catalina.core.ContainerBase.[Tomcat].[localhost].[/] - Initializing Spring DispatcherServlet 'dispatcherServlet'
2026-03-24 14:05:56 [http-nio-8080-exec-1] INFO  org.springframework.web.servlet.DispatcherServlet - Initializing Servlet 'dispatcherServlet'
2026-03-24 14:05:56 [http-nio-8080-exec-1] INFO  org.springframework.web.servlet.DispatcherServlet - Completed initialization in 1 ms
2026-03-24 14:05:56 [http-nio-8080-exec-1] WARN  org.springframework.web.servlet.handler.HandlerMappingIntrospector - Cache miss for REQUEST dispatch to '/Booking/new' (previous null). Performing CorsConfiguration lookup. This is logged once only at WARN level, and every time at TRACE.
2026-03-24 14:08:19 [SpringApplicationShutdownHook] INFO  org.springframework.boot.tomcat.GracefulShutdown - Commencing graceful shutdown. Waiting for active requests to complete
2026-03-24 14:08:19 [tomcat-shutdown] INFO  org.springframework.boot.tomcat.GracefulShutdown - Graceful shutdown complete
2026-03-24 14:09:06 [main] INFO  com.example.BookingApplication.BookingApplication - Starting BookingApplication using Java 21.0.7 with PID 30512 (C:\Users\ADMIN\Downloads\BookingApplication\BookingApplication\target\classes started by ADMIN in C:\Users\ADMIN\Downloads\BookingApplication)
2026-03-24 14:09:06 [main] INFO  com.example.BookingApplication.BookingApplication - No active profile set, falling back to 1 default profile: "default"
2026-03-24 14:09:07 [main] INFO  org.springframework.data.repository.config.RepositoryConfigurationDelegate - Multiple Spring Data modules found, entering strict repository configuration mode
2026-03-24 14:09:07 [main] INFO  org.springframework.data.repository.config.RepositoryConfigurationDelegate - Bootstrapping Spring Data MongoDB repositories in DEFAULT mode.
2026-03-24 14:09:07 [main] INFO  org.springframework.data.repository.config.RepositoryConfigurationDelegate - Finished Spring Data repository scanning in 93 ms. Found 3 MongoDB repository interfaces.
2026-03-24 14:09:07 [main] INFO  org.springframework.data.repository.config.RepositoryConfigurationDelegate - Multiple Spring Data modules found, entering strict repository configuration mode
2026-03-24 14:09:07 [main] INFO  org.springframework.data.repository.config.RepositoryConfigurationDelegate - Bootstrapping Spring Data Redis repositories in DEFAULT mode.
2026-03-24 14:09:07 [main] INFO  org.springframework.data.repository.config.RepositoryConfigurationExtensionSupport - Spring Data Redis - Could not safely identify store assignment for repository candidate interface com.example.BookingApplication.Repositories.BookingsRepository; If you want this repository to be a Redis repository, consider annotating your entities with one of these annotations: org.springframework.data.redis.core.RedisHash (preferred), or consider extending one of the following types with your repository: org.springframework.data.keyvalue.repository.KeyValueRepository
2026-03-24 14:09:07 [main] INFO  org.springframework.data.repository.config.RepositoryConfigurationExtensionSupport - Spring Data Redis - Could not safely identify store assignment for repository candidate interface com.example.BookingApplication.Repositories.StudioRepository; If you want this repository to be a Redis repository, consider annotating your entities with one of these annotations: org.springframework.data.redis.core.RedisHash (preferred), or consider extending one of the following types with your repository: org.springframework.data.keyvalue.repository.KeyValueRepository
2026-03-24 14:09:07 [main] INFO  org.springframework.data.repository.config.RepositoryConfigurationExtensionSupport - Spring Data Redis - Could not safely identify store assignment for repository candidate interface com.example.BookingApplication.Repositories.UserRepository; If you want this repository to be a Redis repository, consider annotating your entities with one of these annotations: org.springframework.data.redis.core.RedisHash (preferred), or consider extending one of the following types with your repository: org.springframework.data.keyvalue.repository.KeyValueRepository
2026-03-24 14:09:07 [main] INFO  org.springframework.data.repository.config.RepositoryConfigurationDelegate - Finished Spring Data repository scanning in 6 ms. Found 0 Redis repository interfaces.
2026-03-24 14:09:07 [main] INFO  org.springframework.boot.tomcat.TomcatWebServer - Tomcat initialized with port 8080 (http)
2026-03-24 14:09:07 [main] INFO  org.apache.coyote.http11.Http11NioProtocol - Initializing ProtocolHandler ["http-nio-8080"]
2026-03-24 14:09:07 [main] INFO  org.apache.catalina.core.StandardService - Starting service [Tomcat]
2026-03-24 14:09:07 [main] INFO  org.apache.catalina.core.StandardEngine - Starting Servlet engine: [Apache Tomcat/11.0.18]
2026-03-24 14:09:08 [main] INFO  org.springframework.boot.web.context.servlet.WebApplicationContextInitializer - Root WebApplicationContext: initialization completed in 1099 ms
2026-03-24 14:09:08 [main] INFO  org.mongodb.driver.client - MongoClient with metadata {"driver": {"name": "mongo-java-driver|spring-boot|sync", "version": "5.6.4"}, "os": {"type": "Windows", "name": "Windows 11", "architecture": "amd64", "version": "10.0"}, "platform": "Java/Oracle Corporation/21.0.7+8-LTS-245"} created with settings MongoClientSettings{readPreference=primary, writeConcern=WriteConcern{w=majority, wTimeout=null ms, journal=null}, retryWrites=true, retryReads=true, readConcern=ReadConcern{level=null}, credential=MongoCredential{mechanism=null, userName='root', source='admin', password=<hidden>, mechanismProperties=<hidden>}, transportSettings=null, commandListeners=[], codecRegistry=ProvidersCodecRegistry{codecProviders=[ValueCodecProvider{}, BsonValueCodecProvider{}, DBRefCodecProvider{}, DBObjectCodecProvider{}, DocumentCodecProvider{}, CollectionCodecProvider{}, IterableCodecProvider{}, MapCodecProvider{}, GeoJsonCodecProvider{}, GridFSFileCodecProvider{}, Jsr310CodecProvider{}, JsonObjectCodecProvider{}, BsonCodecProvider{}, com.mongodb.client.model.mql.ExpressionCodecProvider@1c00d406, com.mongodb.Jep395RecordCodecProvider@16ac4d3d, com.mongodb.KotlinCodecProvider@559d19c, EnumCodecProvider{}]}, loggerSettings=LoggerSettings{maxDocumentLength=1000}, clusterSettings={hosts=[127.0.0.1:27017], srvHost=cluster0.en0pykp.mongodb.net, srvServiceName=mongodb, mode=MULTIPLE, requiredClusterType=REPLICA_SET, requiredReplicaSetName='atlas-zt48hn-shard-0', serverSelector='null', clusterListeners='[]', serverSelectionTimeout='30000 ms', localThreshold='15 ms'}, socketSettings=SocketSettings{connectTimeoutMS=10000, readTimeoutMS=0, receiveBufferSize=0, proxySettings=ProxySettings{host=null, port=null, username=null, password=null}}, heartbeatSocketSettings=SocketSettings{connectTimeoutMS=10000, readTimeoutMS=10000, receiveBufferSize=0, proxySettings=ProxySettings{host=null, port=null, username=null, password=null}}, connectionPoolSettings=ConnectionPoolSettings{maxSize=100, minSize=0, maxWaitTimeMS=120000, maxConnectionLifeTimeMS=0, maxConnectionIdleTimeMS=0, maintenanceInitialDelayMS=0, maintenanceFrequencyMS=60000, connectionPoolListeners=[], maxConnecting=2}, serverSettings=ServerSettings{heartbeatFrequencyMS=10000, minHeartbeatFrequencyMS=500, serverMonitoringMode=AUTO, serverListeners='[]', serverMonitorListeners='[]'}, sslSettings=SslSettings{enabled=true, invalidHostNameAllowed=false, context=null}, applicationName='null', compressorList=[], uuidRepresentation=UNSPECIFIED, serverApi=null, autoEncryptionSettings=null, dnsClient=null, inetAddressResolver=null, contextProvider=null, timeoutMS=null}
2026-03-24 14:09:08 [cluster-ClusterId{value='69c24dac8bf218afeabac642', description='null'}-srv-cluster0.en0pykp.mongodb.net] INFO  org.mongodb.driver.cluster - Adding discovered server ac-aoerbz6-shard-00-01.en0pykp.mongodb.net:27017 to client view of cluster
2026-03-24 14:09:08 [cluster-ClusterId{value='69c24dac8bf218afeabac642', description='null'}-srv-cluster0.en0pykp.mongodb.net] INFO  org.mongodb.driver.cluster - Adding discovered server ac-aoerbz6-shard-00-00.en0pykp.mongodb.net:27017 to client view of cluster
2026-03-24 14:09:08 [cluster-ClusterId{value='69c24dac8bf218afeabac642', description='null'}-srv-cluster0.en0pykp.mongodb.net] INFO  org.mongodb.driver.cluster - Adding discovered server ac-aoerbz6-shard-00-02.en0pykp.mongodb.net:27017 to client view of cluster
2026-03-24 14:09:08 [cluster-ClusterId{value='69c24dac8bf218afeabac642', description='null'}-ac-aoerbz6-shard-00-02.en0pykp.mongodb.net:27017] INFO  org.mongodb.driver.cluster - Monitor thread successfully connected to server with description ServerDescription{address=ac-aoerbz6-shard-00-02.en0pykp.mongodb.net:27017, type=REPLICA_SET_PRIMARY, cryptd=false, state=CONNECTED, ok=true, minWireVersion=0, maxWireVersion=25, maxDocumentSize=16777216, logicalSessionTimeoutMinutes=30, roundTripTimeNanos=269244500, minRoundTripTimeNanos=0, setName='atlas-zt48hn-shard-0', canonicalAddress=ac-aoerbz6-shard-00-02.en0pykp.mongodb.net:27017, hosts=[ac-aoerbz6-shard-00-01.en0pykp.mongodb.net:27017, ac-aoerbz6-shard-00-00.en0pykp.mongodb.net:27017, ac-aoerbz6-shard-00-02.en0pykp.mongodb.net:27017], passives=[], arbiters=[], primary='ac-aoerbz6-shard-00-02.en0pykp.mongodb.net:27017', tagSet=TagSet{[Tag{name='availabilityZone', value='aps1-az2'}, Tag{name='diskState', value='READY'}, Tag{name='nodeType', value='ELECTABLE'}, Tag{name='provider', value='AWS'}, Tag{name='region', value='AP_SOUTH_1'}, Tag{name='workloadType', value='OPERATIONAL'}]}, electionId=7fffffff0000000000000156, setVersion=391, topologyVersion=TopologyVersion{processId=69b859a89b4f2018f8b26ac6, counter=6}, lastWriteDate=Tue Mar 24 14:09:08 IST 2026, lastUpdateTimeNanos=76643790038300}
2026-03-24 14:09:08 [cluster-ClusterId{value='69c24dac8bf218afeabac642', description='null'}-ac-aoerbz6-shard-00-00.en0pykp.mongodb.net:27017] INFO  org.mongodb.driver.cluster - Monitor thread successfully connected to server with description ServerDescription{address=ac-aoerbz6-shard-00-00.en0pykp.mongodb.net:27017, type=REPLICA_SET_SECONDARY, cryptd=false, state=CONNECTED, ok=true, minWireVersion=0, maxWireVersion=25, maxDocumentSize=16777216, logicalSessionTimeoutMinutes=30, roundTripTimeNanos=269155400, minRoundTripTimeNanos=0, setName='atlas-zt48hn-shard-0', canonicalAddress=ac-aoerbz6-shard-00-00.en0pykp.mongodb.net:27017, hosts=[ac-aoerbz6-shard-00-01.en0pykp.mongodb.net:27017, ac-aoerbz6-shard-00-00.en0pykp.mongodb.net:27017, ac-aoerbz6-shard-00-02.en0pykp.mongodb.net:27017], passives=[], arbiters=[], primary='ac-aoerbz6-shard-00-02.en0pykp.mongodb.net:27017', tagSet=TagSet{[Tag{name='availabilityZone', value='aps1-az1'}, Tag{name='diskState', value='READY'}, Tag{name='nodeType', value='ELECTABLE'}, Tag{name='provider', value='AWS'}, Tag{name='region', value='AP_SOUTH_1'}, Tag{name='workloadType', value='OPERATIONAL'}]}, electionId=null, setVersion=391, topologyVersion=TopologyVersion{processId=69b855abb14686967b76fdd6, counter=4}, lastWriteDate=Tue Mar 24 14:09:08 IST 2026, lastUpdateTimeNanos=76643790047200}
2026-03-24 14:09:08 [cluster-ClusterId{value='69c24dac8bf218afeabac642', description='null'}-ac-aoerbz6-shard-00-01.en0pykp.mongodb.net:27017] INFO  org.mongodb.driver.cluster - Monitor thread successfully connected to server with description ServerDescription{address=ac-aoerbz6-shard-00-01.en0pykp.mongodb.net:27017, type=REPLICA_SET_SECONDARY, cryptd=false, state=CONNECTED, ok=true, minWireVersion=0, maxWireVersion=25, maxDocumentSize=16777216, logicalSessionTimeoutMinutes=30, roundTripTimeNanos=273859400, minRoundTripTimeNanos=0, setName='atlas-zt48hn-shard-0', canonicalAddress=ac-aoerbz6-shard-00-01.en0pykp.mongodb.net:27017, hosts=[ac-aoerbz6-shard-00-01.en0pykp.mongodb.net:27017, ac-aoerbz6-shard-00-00.en0pykp.mongodb.net:27017, ac-aoerbz6-shard-00-02.en0pykp.mongodb.net:27017], passives=[], arbiters=[], primary='ac-aoerbz6-shard-00-02.en0pykp.mongodb.net:27017', tagSet=TagSet{[Tag{name='availabilityZone', value='aps1-az3'}, Tag{name='diskState', value='READY'}, Tag{name='nodeType', value='ELECTABLE'}, Tag{name='provider', value='AWS'}, Tag{name='region', value='AP_SOUTH_1'}, Tag{name='workloadType', value='OPERATIONAL'}]}, electionId=null, setVersion=391, topologyVersion=TopologyVersion{processId=69b85ccb4b84e800f9f6512d, counter=3}, lastWriteDate=Tue Mar 24 14:09:08 IST 2026, lastUpdateTimeNanos=76643790038400}
2026-03-24 14:09:08 [cluster-ClusterId{value='69c24dac8bf218afeabac642', description='null'}-ac-aoerbz6-shard-00-02.en0pykp.mongodb.net:27017] INFO  org.mongodb.driver.cluster - Discovered replica set primary ac-aoerbz6-shard-00-02.en0pykp.mongodb.net:27017 with max election id 7fffffff0000000000000156 and max set version 391
2026-03-24 14:09:08 [main] WARN  com.password4j.PropertyReader - bcrypt minor version is not defined. Default value is used (b). Please set property hash.bcrypt.minor in your psw4j.properties file.
2026-03-24 14:09:08 [main] WARN  com.password4j.PropertyReader - bcrypt rounds are not defined. Default value is used (10). Please set property hash.bcrypt.rounds in your psw4j.properties file.
2026-03-24 14:09:08 [main] INFO  org.springframework.security.config.annotation.authentication.configuration.InitializeUserDetailsBeanManagerConfigurer$InitializeUserDetailsManagerConfigurer - Global AuthenticationManager configured with UserDetailsService bean with name userDetailsImpl
2026-03-24 14:09:09 [main] INFO  org.apache.coyote.http11.Http11NioProtocol - Starting ProtocolHandler ["http-nio-8080"]
2026-03-24 14:09:09 [main] INFO  org.springframework.boot.tomcat.TomcatWebServer - Tomcat started on port 8080 (http) with context path '/'
2026-03-24 14:09:09 [main] INFO  com.example.BookingApplication.BookingApplication - Started BookingApplication in 2.931 seconds (process running for 3.59)
2026-03-24 14:09:22 [http-nio-8080-exec-1] INFO  org.apache.catalina.core.ContainerBase.[Tomcat].[localhost].[/] - Initializing Spring DispatcherServlet 'dispatcherServlet'
2026-03-24 14:09:22 [http-nio-8080-exec-1] INFO  org.springframework.web.servlet.DispatcherServlet - Initializing Servlet 'dispatcherServlet'
2026-03-24 14:09:22 [http-nio-8080-exec-1] INFO  org.springframework.web.servlet.DispatcherServlet - Completed initialization in 1 ms
2026-03-24 14:09:22 [http-nio-8080-exec-1] WARN  org.springframework.web.servlet.handler.HandlerMappingIntrospector - Cache miss for REQUEST dispatch to '/Booking/new' (previous null). Performing CorsConfiguration lookup. This is logged once only at WARN level, and every time at TRACE.
2026-03-24 14:11:32 [SpringApplicationShutdownHook] INFO  org.springframework.boot.tomcat.GracefulShutdown - Commencing graceful shutdown. Waiting for active requests to complete
2026-03-24 14:11:32 [tomcat-shutdown] INFO  org.springframework.boot.tomcat.GracefulShutdown - Graceful shutdown complete
2026-03-24 16:58:28 [main] INFO  com.example.BookingApplication.BookingApplication - Starting BookingApplication using Java 21.0.7 with PID 17192 (C:\Users\ADMIN\Downloads\BookingApplication\BookingApplication\target\classes started by ADMIN in C:\Users\ADMIN\Downloads\BookingApplication)
2026-03-24 16:58:28 [main] INFO  com.example.BookingApplication.BookingApplication - No active profile set, falling back to 1 default profile: "default"
2026-03-24 16:58:28 [main] INFO  org.springframework.data.repository.config.RepositoryConfigurationDelegate - Multiple Spring Data modules found, entering strict repository configuration mode
2026-03-24 16:58:28 [main] INFO  org.springframework.data.repository.config.RepositoryConfigurationDelegate - Bootstrapping Spring Data MongoDB repositories in DEFAULT mode.
2026-03-24 16:58:28 [main] INFO  org.springframework.data.repository.config.RepositoryConfigurationDelegate - Finished Spring Data repository scanning in 106 ms. Found 3 MongoDB repository interfaces.
2026-03-24 16:58:28 [main] INFO  org.springframework.data.repository.config.RepositoryConfigurationDelegate - Multiple Spring Data modules found, entering strict repository configuration mode
2026-03-24 16:58:28 [main] INFO  org.springframework.data.repository.config.RepositoryConfigurationDelegate - Bootstrapping Spring Data Redis repositories in DEFAULT mode.
2026-03-24 16:58:28 [main] INFO  org.springframework.data.repository.config.RepositoryConfigurationExtensionSupport - Spring Data Redis - Could not safely identify store assignment for repository candidate interface com.example.BookingApplication.Repositories.BookingsRepository; If you want this repository to be a Redis repository, consider annotating your entities with one of these annotations: org.springframework.data.redis.core.RedisHash (preferred), or consider extending one of the following types with your repository: org.springframework.data.keyvalue.repository.KeyValueRepository
2026-03-24 16:58:28 [main] INFO  org.springframework.data.repository.config.RepositoryConfigurationExtensionSupport - Spring Data Redis - Could not safely identify store assignment for repository candidate interface com.example.BookingApplication.Repositories.StudioRepository; If you want this repository to be a Redis repository, consider annotating your entities with one of these annotations: org.springframework.data.redis.core.RedisHash (preferred), or consider extending one of the following types with your repository: org.springframework.data.keyvalue.repository.KeyValueRepository
2026-03-24 16:58:28 [main] INFO  org.springframework.data.repository.config.RepositoryConfigurationExtensionSupport - Spring Data Redis - Could not safely identify store assignment for repository candidate interface com.example.BookingApplication.Repositories.UserRepository; If you want this repository to be a Redis repository, consider annotating your entities with one of these annotations: org.springframework.data.redis.core.RedisHash (preferred), or consider extending one of the following types with your repository: org.springframework.data.keyvalue.repository.KeyValueRepository
2026-03-24 16:58:28 [main] INFO  org.springframework.data.repository.config.RepositoryConfigurationDelegate - Finished Spring Data repository scanning in 6 ms. Found 0 Redis repository interfaces.
2026-03-24 16:58:29 [main] INFO  org.springframework.boot.tomcat.TomcatWebServer - Tomcat initialized with port 8080 (http)
2026-03-24 16:58:29 [main] INFO  org.apache.coyote.http11.Http11NioProtocol - Initializing ProtocolHandler ["http-nio-8080"]
2026-03-24 16:58:29 [main] INFO  org.apache.catalina.core.StandardService - Starting service [Tomcat]
2026-03-24 16:58:29 [main] INFO  org.apache.catalina.core.StandardEngine - Starting Servlet engine: [Apache Tomcat/11.0.18]
2026-03-24 16:58:29 [main] INFO  org.springframework.boot.web.context.servlet.WebApplicationContextInitializer - Root WebApplicationContext: initialization completed in 1135 ms
2026-03-24 16:58:29 [main] INFO  org.mongodb.driver.client - MongoClient with metadata {"driver": {"name": "mongo-java-driver|spring-boot|sync", "version": "5.6.4"}, "os": {"type": "Windows", "name": "Windows 11", "architecture": "amd64", "version": "10.0"}, "platform": "Java/Oracle Corporation/21.0.7+8-LTS-245"} created with settings MongoClientSettings{readPreference=primary, writeConcern=WriteConcern{w=majority, wTimeout=null ms, journal=null}, retryWrites=true, retryReads=true, readConcern=ReadConcern{level=null}, credential=MongoCredential{mechanism=null, userName='root', source='admin', password=<hidden>, mechanismProperties=<hidden>}, transportSettings=null, commandListeners=[], codecRegistry=ProvidersCodecRegistry{codecProviders=[ValueCodecProvider{}, BsonValueCodecProvider{}, DBRefCodecProvider{}, DBObjectCodecProvider{}, DocumentCodecProvider{}, CollectionCodecProvider{}, IterableCodecProvider{}, MapCodecProvider{}, GeoJsonCodecProvider{}, GridFSFileCodecProvider{}, Jsr310CodecProvider{}, JsonObjectCodecProvider{}, BsonCodecProvider{}, com.mongodb.client.model.mql.ExpressionCodecProvider@9a9aa68, com.mongodb.Jep395RecordCodecProvider@3a3883c4, com.mongodb.KotlinCodecProvider@1537e43, EnumCodecProvider{}]}, loggerSettings=LoggerSettings{maxDocumentLength=1000}, clusterSettings={hosts=[127.0.0.1:27017], srvHost=cluster0.en0pykp.mongodb.net, srvServiceName=mongodb, mode=MULTIPLE, requiredClusterType=REPLICA_SET, requiredReplicaSetName='atlas-zt48hn-shard-0', serverSelector='null', clusterListeners='[]', serverSelectionTimeout='30000 ms', localThreshold='15 ms'}, socketSettings=SocketSettings{connectTimeoutMS=10000, readTimeoutMS=0, receiveBufferSize=0, proxySettings=ProxySettings{host=null, port=null, username=null, password=null}}, heartbeatSocketSettings=SocketSettings{connectTimeoutMS=10000, readTimeoutMS=10000, receiveBufferSize=0, proxySettings=ProxySettings{host=null, port=null, username=null, password=null}}, connectionPoolSettings=ConnectionPoolSettings{maxSize=100, minSize=0, maxWaitTimeMS=120000, maxConnectionLifeTimeMS=0, maxConnectionIdleTimeMS=0, maintenanceInitialDelayMS=0, maintenanceFrequencyMS=60000, connectionPoolListeners=[], maxConnecting=2}, serverSettings=ServerSettings{heartbeatFrequencyMS=10000, minHeartbeatFrequencyMS=500, serverMonitoringMode=AUTO, serverListeners='[]', serverMonitorListeners='[]'}, sslSettings=SslSettings{enabled=true, invalidHostNameAllowed=false, context=null}, applicationName='null', compressorList=[], uuidRepresentation=UNSPECIFIED, serverApi=null, autoEncryptionSettings=null, dnsClient=null, inetAddressResolver=null, contextProvider=null, timeoutMS=null}
2026-03-24 16:58:29 [cluster-ClusterId{value='69c2755dc505567e51b5365c', description='null'}-srv-cluster0.en0pykp.mongodb.net] INFO  org.mongodb.driver.cluster - Adding discovered server ac-aoerbz6-shard-00-01.en0pykp.mongodb.net:27017 to client view of cluster
2026-03-24 16:58:29 [cluster-ClusterId{value='69c2755dc505567e51b5365c', description='null'}-srv-cluster0.en0pykp.mongodb.net] INFO  org.mongodb.driver.cluster - Adding discovered server ac-aoerbz6-shard-00-00.en0pykp.mongodb.net:27017 to client view of cluster
2026-03-24 16:58:29 [cluster-ClusterId{value='69c2755dc505567e51b5365c', description='null'}-srv-cluster0.en0pykp.mongodb.net] INFO  org.mongodb.driver.cluster - Adding discovered server ac-aoerbz6-shard-00-02.en0pykp.mongodb.net:27017 to client view of cluster
2026-03-24 16:58:30 [cluster-ClusterId{value='69c2755dc505567e51b5365c', description='null'}-ac-aoerbz6-shard-00-01.en0pykp.mongodb.net:27017] INFO  org.mongodb.driver.cluster - Monitor thread successfully connected to server with description ServerDescription{address=ac-aoerbz6-shard-00-01.en0pykp.mongodb.net:27017, type=REPLICA_SET_SECONDARY, cryptd=false, state=CONNECTED, ok=true, minWireVersion=0, maxWireVersion=25, maxDocumentSize=16777216, logicalSessionTimeoutMinutes=30, roundTripTimeNanos=264889900, minRoundTripTimeNanos=0, setName='atlas-zt48hn-shard-0', canonicalAddress=ac-aoerbz6-shard-00-01.en0pykp.mongodb.net:27017, hosts=[ac-aoerbz6-shard-00-01.en0pykp.mongodb.net:27017, ac-aoerbz6-shard-00-00.en0pykp.mongodb.net:27017, ac-aoerbz6-shard-00-02.en0pykp.mongodb.net:27017], passives=[], arbiters=[], primary='ac-aoerbz6-shard-00-02.en0pykp.mongodb.net:27017', tagSet=TagSet{[Tag{name='availabilityZone', value='aps1-az3'}, Tag{name='diskState', value='READY'}, Tag{name='nodeType', value='ELECTABLE'}, Tag{name='provider', value='AWS'}, Tag{name='region', value='AP_SOUTH_1'}, Tag{name='workloadType', value='OPERATIONAL'}]}, electionId=null, setVersion=391, topologyVersion=TopologyVersion{processId=69b85ccb4b84e800f9f6512d, counter=3}, lastWriteDate=Tue Mar 24 16:58:29 IST 2026, lastUpdateTimeNanos=86805536664000}
2026-03-24 16:58:30 [cluster-ClusterId{value='69c2755dc505567e51b5365c', description='null'}-ac-aoerbz6-shard-00-02.en0pykp.mongodb.net:27017] INFO  org.mongodb.driver.cluster - Monitor thread successfully connected to server with description ServerDescription{address=ac-aoerbz6-shard-00-02.en0pykp.mongodb.net:27017, type=REPLICA_SET_PRIMARY, cryptd=false, state=CONNECTED, ok=true, minWireVersion=0, maxWireVersion=25, maxDocumentSize=16777216, logicalSessionTimeoutMinutes=30, roundTripTimeNanos=264890000, minRoundTripTimeNanos=0, setName='atlas-zt48hn-shard-0', canonicalAddress=ac-aoerbz6-shard-00-02.en0pykp.mongodb.net:27017, hosts=[ac-aoerbz6-shard-00-01.en0pykp.mongodb.net:27017, ac-aoerbz6-shard-00-00.en0pykp.mongodb.net:27017, ac-aoerbz6-shard-00-02.en0pykp.mongodb.net:27017], passives=[], arbiters=[], primary='ac-aoerbz6-shard-00-02.en0pykp.mongodb.net:27017', tagSet=TagSet{[Tag{name='availabilityZone', value='aps1-az2'}, Tag{name='diskState', value='READY'}, Tag{name='nodeType', value='ELECTABLE'}, Tag{name='provider', value='AWS'}, Tag{name='region', value='AP_SOUTH_1'}, Tag{name='workloadType', value='OPERATIONAL'}]}, electionId=7fffffff0000000000000156, setVersion=391, topologyVersion=TopologyVersion{processId=69b859a89b4f2018f8b26ac6, counter=6}, lastWriteDate=Tue Mar 24 16:58:29 IST 2026, lastUpdateTimeNanos=86805536664000}
2026-03-24 16:58:30 [cluster-ClusterId{value='69c2755dc505567e51b5365c', description='null'}-ac-aoerbz6-shard-00-00.en0pykp.mongodb.net:27017] INFO  org.mongodb.driver.cluster - Monitor thread successfully connected to server with description ServerDescription{address=ac-aoerbz6-shard-00-00.en0pykp.mongodb.net:27017, type=REPLICA_SET_SECONDARY, cryptd=false, state=CONNECTED, ok=true, minWireVersion=0, maxWireVersion=25, maxDocumentSize=16777216, logicalSessionTimeoutMinutes=30, roundTripTimeNanos=260342300, minRoundTripTimeNanos=0, setName='atlas-zt48hn-shard-0', canonicalAddress=ac-aoerbz6-shard-00-00.en0pykp.mongodb.net:27017, hosts=[ac-aoerbz6-shard-00-01.en0pykp.mongodb.net:27017, ac-aoerbz6-shard-00-00.en0pykp.mongodb.net:27017, ac-aoerbz6-shard-00-02.en0pykp.mongodb.net:27017], passives=[], arbiters=[], primary='ac-aoerbz6-shard-00-02.en0pykp.mongodb.net:27017', tagSet=TagSet{[Tag{name='availabilityZone', value='aps1-az1'}, Tag{name='diskState', value='READY'}, Tag{name='nodeType', value='ELECTABLE'}, Tag{name='provider', value='AWS'}, Tag{name='region', value='AP_SOUTH_1'}, Tag{name='workloadType', value='OPERATIONAL'}]}, electionId=null, setVersion=391, topologyVersion=TopologyVersion{processId=69b855abb14686967b76fdd6, counter=4}, lastWriteDate=Tue Mar 24 16:58:29 IST 2026, lastUpdateTimeNanos=86805536664000}
2026-03-24 16:58:30 [cluster-ClusterId{value='69c2755dc505567e51b5365c', description='null'}-ac-aoerbz6-shard-00-02.en0pykp.mongodb.net:27017] INFO  org.mongodb.driver.cluster - Discovered replica set primary ac-aoerbz6-shard-00-02.en0pykp.mongodb.net:27017 with max election id 7fffffff0000000000000156 and max set version 391
2026-03-24 16:58:30 [main] WARN  com.password4j.PropertyReader - bcrypt minor version is not defined. Default value is used (b). Please set property hash.bcrypt.minor in your psw4j.properties file.
2026-03-24 16:58:30 [main] WARN  com.password4j.PropertyReader - bcrypt rounds are not defined. Default value is used (10). Please set property hash.bcrypt.rounds in your psw4j.properties file.
2026-03-24 16:58:30 [main] INFO  org.springframework.security.config.annotation.authentication.configuration.InitializeUserDetailsBeanManagerConfigurer$InitializeUserDetailsManagerConfigurer - Global AuthenticationManager configured with UserDetailsService bean with name userDetailsImpl
2026-03-24 16:58:30 [main] INFO  org.apache.coyote.http11.Http11NioProtocol - Starting ProtocolHandler ["http-nio-8080"]
2026-03-24 16:58:30 [main] INFO  org.springframework.boot.tomcat.TomcatWebServer - Tomcat started on port 8080 (http) with context path '/'
2026-03-24 16:58:30 [main] INFO  com.example.BookingApplication.BookingApplication - Started BookingApplication in 3.09 seconds (process running for 3.763)
2026-03-24 16:58:45 [http-nio-8080-exec-1] INFO  org.apache.catalina.core.ContainerBase.[Tomcat].[localhost].[/] - Initializing Spring DispatcherServlet 'dispatcherServlet'
2026-03-24 16:58:45 [http-nio-8080-exec-1] INFO  org.springframework.web.servlet.DispatcherServlet - Initializing Servlet 'dispatcherServlet'
2026-03-24 16:58:45 [http-nio-8080-exec-1] INFO  org.springframework.web.servlet.DispatcherServlet - Completed initialization in 0 ms
2026-03-24 16:58:45 [http-nio-8080-exec-1] WARN  org.springframework.web.servlet.handler.HandlerMappingIntrospector - Cache miss for REQUEST dispatch to '/Booking/new' (previous null). Performing CorsConfiguration lookup. This is logged once only at WARN level, and every time at TRACE.
2026-03-24 16:58:45 [http-nio-8080-exec-2] ERROR org.apache.catalina.core.ContainerBase.[Tomcat].[localhost].[/].[dispatcherServlet] - Servlet.service() for servlet [dispatcherServlet] in context with path [] threw exception
io.jsonwebtoken.ExpiredJwtException: JWT expired 7083584 milliseconds ago at 2026-03-24T09:30:42.000Z. Current time: 2026-03-24T11:28:45.584Z. Allowed clock skew: 0 milliseconds.
	at io.jsonwebtoken.impl.DefaultJwtParser.parse(DefaultJwtParser.java:688)
	at io.jsonwebtoken.impl.DefaultJwtParser.parse(DefaultJwtParser.java:364)
	at io.jsonwebtoken.impl.DefaultJwtParser.parse(DefaultJwtParser.java:94)
	at io.jsonwebtoken.impl.io.AbstractParser.parse(AbstractParser.java:36)
	at io.jsonwebtoken.impl.io.AbstractParser.parse(AbstractParser.java:29)
	at io.jsonwebtoken.impl.DefaultJwtParser.parseSignedClaims(DefaultJwtParser.java:827)
	at com.example.BookingApplication.JwtUtil.Jwtutil.Extractallclaims(Jwtutil.java:49)
	at com.example.BookingApplication.JwtUtil.Jwtutil.Extractusername(Jwtutil.java:53)
	at com.example.BookingApplication.Filter.Filterjwt.doFilterInternal(Filterjwt.java:37)
	at org.springframework.web.filter.OncePerRequestFilter.doFilter(OncePerRequestFilter.java:116)
	at org.springframework.security.web.FilterChainProxy$VirtualFilterChain.doFilter(FilterChainProxy.java:380)
	at org.springframework.security.web.authentication.logout.LogoutFilter.doFilter(LogoutFilter.java:110)
	at org.springframework.security.web.authentication.logout.LogoutFilter.doFilter(LogoutFilter.java:96)
	at org.springframework.security.web.FilterChainProxy$VirtualFilterChain.doFilter(FilterChainProxy.java:380)
	at org.springframework.web.filter.CorsFilter.doFilterInternal(CorsFilter.java:91)
	at org.springframework.web.filter.OncePerRequestFilter.doFilter(OncePerRequestFilter.java:116)
	at org.springframework.security.web.FilterChainProxy$VirtualFilterChain.doFilter(FilterChainProxy.java:380)
	at org.springframework.security.web.header.HeaderWriterFilter.doHeadersAfter(HeaderWriterFilter.java:90)
	at org.springframework.security.web.header.HeaderWriterFilter.doFilterInternal(HeaderWriterFilter.java:75)
	at org.springframework.web.filter.OncePerRequestFilter.doFilter(OncePerRequestFilter.java:116)
	at org.springframework.security.web.FilterChainProxy$VirtualFilterChain.doFilter(FilterChainProxy.java:380)
	at org.springframework.security.web.context.SecurityContextHolderFilter.doFilter(SecurityContextHolderFilter.java:82)
	at org.springframework.security.web.context.SecurityContextHolderFilter.doFilter(SecurityContextHolderFilter.java:69)
	at org.springframework.security.web.FilterChainProxy$VirtualFilterChain.doFilter(FilterChainProxy.java:380)
	at org.springframework.security.web.context.request.async.WebAsyncManagerIntegrationFilter.doFilterInternal(WebAsyncManagerIntegrationFilter.java:62)
	at org.springframework.web.filter.OncePerRequestFilter.doFilter(OncePerRequestFilter.java:116)
	at org.springframework.security.web.FilterChainProxy$VirtualFilterChain.doFilter(FilterChainProxy.java:380)
	at org.springframework.security.web.session.DisableEncodeUrlFilter.doFilterInternal(DisableEncodeUrlFilter.java:42)
	at org.springframework.web.filter.OncePerRequestFilter.doFilter(OncePerRequestFilter.java:116)
	at org.springframework.security.web.FilterChainProxy$VirtualFilterChain.doFilter(FilterChainProxy.java:380)
	at org.springframework.security.web.FilterChainProxy.doFilterInternal(FilterChainProxy.java:237)
	at org.springframework.security.web.FilterChainProxy.doFilter(FilterChainProxy.java:195)
	at org.springframework.web.filter.CompositeFilter$VirtualFilterChain.doFilter(CompositeFilter.java:113)
	at org.springframework.web.filter.ServletRequestPathFilter.doFilter(ServletRequestPathFilter.java:52)
	at org.springframework.web.filter.CompositeFilter$VirtualFilterChain.doFilter(CompositeFilter.java:113)
	at org.springframework.web.filter.CompositeFilter.doFilter(CompositeFilter.java:74)
	at org.springframework.security.config.annotation.web.configuration.WebSecurityConfiguration$CompositeFilterChainProxy.doFilter(WebSecurityConfiguration.java:317)
	at org.springframework.web.filter.DelegatingFilterProxy.invokeDelegate(DelegatingFilterProxy.java:355)
	at org.springframework.web.filter.DelegatingFilterProxy.doFilter(DelegatingFilterProxy.java:272)
	at org.apache.catalina.core.ApplicationFilterChain.doFilter(ApplicationFilterChain.java:107)
	at org.springframework.web.filter.RequestContextFilter.doFilterInternal(RequestContextFilter.java:100)
	at org.springframework.web.filter.OncePerRequestFilter.doFilter(OncePerRequestFilter.java:116)
	at org.apache.catalina.core.ApplicationFilterChain.doFilter(ApplicationFilterChain.java:107)
	at org.springframework.web.filter.FormContentFilter.doFilterInternal(FormContentFilter.java:93)
	at org.springframework.web.filter.OncePerRequestFilter.doFilter(OncePerRequestFilter.java:116)
	at org.apache.catalina.core.ApplicationFilterChain.doFilter(ApplicationFilterChain.java:107)
	at org.springframework.web.filter.CharacterEncodingFilter.doFilterInternal(CharacterEncodingFilter.java:199)
	at org.springframework.web.filter.OncePerRequestFilter.doFilter(OncePerRequestFilter.java:116)
	at org.apache.catalina.core.ApplicationFilterChain.doFilter(ApplicationFilterChain.java:107)
	at org.apache.catalina.core.StandardWrapperValve.invoke(StandardWrapperValve.java:165)
	at org.apache.catalina.core.StandardContextValve.invoke(StandardContextValve.java:77)
	at org.apache.catalina.authenticator.AuthenticatorBase.invoke(AuthenticatorBase.java:492)
	at org.apache.catalina.core.StandardHostValve.invoke(StandardHostValve.java:113)
	at org.apache.catalina.valves.ErrorReportValve.invoke(ErrorReportValve.java:83)
	at org.apache.catalina.core.StandardEngineValve.invoke(StandardEngineValve.java:72)
	at org.apache.catalina.connector.CoyoteAdapter.service(CoyoteAdapter.java:341)
	at org.apache.coyote.http11.Http11Processor.service(Http11Processor.java:397)
	at org.apache.coyote.AbstractProcessorLight.process(AbstractProcessorLight.java:63)
	at org.apache.coyote.AbstractProtocol$ConnectionHandler.process(AbstractProtocol.java:903)
	at org.apache.tomcat.util.net.NioEndpoint$SocketProcessor.doRun(NioEndpoint.java:1779)
	at org.apache.tomcat.util.net.SocketProcessorBase.run(SocketProcessorBase.java:52)
	at org.apache.tomcat.util.threads.ThreadPoolExecutor.runWorker(ThreadPoolExecutor.java:946)
	at org.apache.tomcat.util.threads.ThreadPoolExecutor$Worker.run(ThreadPoolExecutor.java:480)
	at org.apache.tomcat.util.threads.TaskThread$WrappingRunnable.run(TaskThread.java:57)
	at java.base/java.lang.Thread.run(Thread.java:1583)
2026-03-24 17:29:51 [SpringApplicationShutdownHook] INFO  org.springframework.boot.tomcat.GracefulShutdown - Commencing graceful shutdown. Waiting for active requests to complete
2026-03-24 17:29:51 [tomcat-shutdown] INFO  org.springframework.boot.tomcat.GracefulShutdown - Graceful shutdown complete
2026-03-24 17:29:53 [main] INFO  com.example.BookingApplication.BookingApplication - Starting BookingApplication using Java 21.0.7 with PID 1856 (C:\Users\ADMIN\Downloads\BookingApplication\BookingApplication\target\classes started by ADMIN in C:\Users\ADMIN\Downloads\BookingApplication)
2026-03-24 17:29:53 [main] INFO  com.example.BookingApplication.BookingApplication - No active profile set, falling back to 1 default profile: "default"
2026-03-24 17:29:54 [main] INFO  org.springframework.data.repository.config.RepositoryConfigurationDelegate - Multiple Spring Data modules found, entering strict repository configuration mode
2026-03-24 17:29:54 [main] INFO  org.springframework.data.repository.config.RepositoryConfigurationDelegate - Bootstrapping Spring Data MongoDB repositories in DEFAULT mode.
2026-03-24 17:29:54 [main] INFO  org.springframework.data.repository.config.RepositoryConfigurationDelegate - Finished Spring Data repository scanning in 73 ms. Found 3 MongoDB repository interfaces.
2026-03-24 17:29:54 [main] INFO  org.springframework.data.repository.config.RepositoryConfigurationDelegate - Multiple Spring Data modules found, entering strict repository configuration mode
2026-03-24 17:29:54 [main] INFO  org.springframework.data.repository.config.RepositoryConfigurationDelegate - Bootstrapping Spring Data Redis repositories in DEFAULT mode.
2026-03-24 17:29:54 [main] INFO  org.springframework.data.repository.config.RepositoryConfigurationExtensionSupport - Spring Data Redis - Could not safely identify store assignment for repository candidate interface com.example.BookingApplication.Repositories.BookingsRepository; If you want this repository to be a Redis repository, consider annotating your entities with one of these annotations: org.springframework.data.redis.core.RedisHash (preferred), or consider extending one of the following types with your repository: org.springframework.data.keyvalue.repository.KeyValueRepository
2026-03-24 17:29:54 [main] INFO  org.springframework.data.repository.config.RepositoryConfigurationExtensionSupport - Spring Data Redis - Could not safely identify store assignment for repository candidate interface com.example.BookingApplication.Repositories.StudioRepository; If you want this repository to be a Redis repository, consider annotating your entities with one of these annotations: org.springframework.data.redis.core.RedisHash (preferred), or consider extending one of the following types with your repository: org.springframework.data.keyvalue.repository.KeyValueRepository
2026-03-24 17:29:54 [main] INFO  org.springframework.data.repository.config.RepositoryConfigurationExtensionSupport - Spring Data Redis - Could not safely identify store assignment for repository candidate interface com.example.BookingApplication.Repositories.UserRepository; If you want this repository to be a Redis repository, consider annotating your entities with one of these annotations: org.springframework.data.redis.core.RedisHash (preferred), or consider extending one of the following types with your repository: org.springframework.data.keyvalue.repository.KeyValueRepository
2026-03-24 17:29:54 [main] INFO  org.springframework.data.repository.config.RepositoryConfigurationDelegate - Finished Spring Data repository scanning in 5 ms. Found 0 Redis repository interfaces.
2026-03-24 17:29:54 [main] INFO  org.springframework.boot.tomcat.TomcatWebServer - Tomcat initialized with port 8080 (http)
2026-03-24 17:29:54 [main] INFO  org.apache.coyote.http11.Http11NioProtocol - Initializing ProtocolHandler ["http-nio-8080"]
2026-03-24 17:29:54 [main] INFO  org.apache.catalina.core.StandardService - Starting service [Tomcat]
2026-03-24 17:29:54 [main] INFO  org.apache.catalina.core.StandardEngine - Starting Servlet engine: [Apache Tomcat/11.0.18]
2026-03-24 17:29:54 [main] INFO  org.springframework.boot.web.context.servlet.WebApplicationContextInitializer - Root WebApplicationContext: initialization completed in 1020 ms
2026-03-24 17:29:54 [main] INFO  org.mongodb.driver.client - MongoClient with metadata {"driver": {"name": "mongo-java-driver|spring-boot|sync", "version": "5.6.4"}, "os": {"type": "Windows", "name": "Windows 11", "architecture": "amd64", "version": "10.0"}, "platform": "Java/Oracle Corporation/21.0.7+8-LTS-245"} created with settings MongoClientSettings{readPreference=primary, writeConcern=WriteConcern{w=majority, wTimeout=null ms, journal=null}, retryWrites=true, retryReads=true, readConcern=ReadConcern{level=null}, credential=MongoCredential{mechanism=null, userName='root', source='admin', password=<hidden>, mechanismProperties=<hidden>}, transportSettings=null, commandListeners=[], codecRegistry=ProvidersCodecRegistry{codecProviders=[ValueCodecProvider{}, BsonValueCodecProvider{}, DBRefCodecProvider{}, DBObjectCodecProvider{}, DocumentCodecProvider{}, CollectionCodecProvider{}, IterableCodecProvider{}, MapCodecProvider{}, GeoJsonCodecProvider{}, GridFSFileCodecProvider{}, Jsr310CodecProvider{}, JsonObjectCodecProvider{}, BsonCodecProvider{}, com.mongodb.client.model.mql.ExpressionCodecProvider@79be91eb, com.mongodb.Jep395RecordCodecProvider@626c569b, com.mongodb.KotlinCodecProvider@684ce74c, EnumCodecProvider{}]}, loggerSettings=LoggerSettings{maxDocumentLength=1000}, clusterSettings={hosts=[127.0.0.1:27017], srvHost=cluster0.en0pykp.mongodb.net, srvServiceName=mongodb, mode=MULTIPLE, requiredClusterType=REPLICA_SET, requiredReplicaSetName='atlas-zt48hn-shard-0', serverSelector='null', clusterListeners='[]', serverSelectionTimeout='30000 ms', localThreshold='15 ms'}, socketSettings=SocketSettings{connectTimeoutMS=10000, readTimeoutMS=0, receiveBufferSize=0, proxySettings=ProxySettings{host=null, port=null, username=null, password=null}}, heartbeatSocketSettings=SocketSettings{connectTimeoutMS=10000, readTimeoutMS=10000, receiveBufferSize=0, proxySettings=ProxySettings{host=null, port=null, username=null, password=null}}, connectionPoolSettings=ConnectionPoolSettings{maxSize=100, minSize=0, maxWaitTimeMS=120000, maxConnectionLifeTimeMS=0, maxConnectionIdleTimeMS=0, maintenanceInitialDelayMS=0, maintenanceFrequencyMS=60000, connectionPoolListeners=[], maxConnecting=2}, serverSettings=ServerSettings{heartbeatFrequencyMS=10000, minHeartbeatFrequencyMS=500, serverMonitoringMode=AUTO, serverListeners='[]', serverMonitorListeners='[]'}, sslSettings=SslSettings{enabled=true, invalidHostNameAllowed=false, context=null}, applicationName='null', compressorList=[], uuidRepresentation=UNSPECIFIED, serverApi=null, autoEncryptionSettings=null, dnsClient=null, inetAddressResolver=null, contextProvider=null, timeoutMS=null}
2026-03-24 17:29:54 [cluster-ClusterId{value='69c27cbac23fbc8dbc0168c1', description='null'}-srv-cluster0.en0pykp.mongodb.net] INFO  org.mongodb.driver.cluster - Adding discovered server ac-aoerbz6-shard-00-01.en0pykp.mongodb.net:27017 to client view of cluster
2026-03-24 17:29:54 [cluster-ClusterId{value='69c27cbac23fbc8dbc0168c1', description='null'}-srv-cluster0.en0pykp.mongodb.net] INFO  org.mongodb.driver.cluster - Adding discovered server ac-aoerbz6-shard-00-00.en0pykp.mongodb.net:27017 to client view of cluster
2026-03-24 17:29:54 [cluster-ClusterId{value='69c27cbac23fbc8dbc0168c1', description='null'}-srv-cluster0.en0pykp.mongodb.net] INFO  org.mongodb.driver.cluster - Adding discovered server ac-aoerbz6-shard-00-02.en0pykp.mongodb.net:27017 to client view of cluster
2026-03-24 17:29:55 [cluster-ClusterId{value='69c27cbac23fbc8dbc0168c1', description='null'}-ac-aoerbz6-shard-00-00.en0pykp.mongodb.net:27017] INFO  org.mongodb.driver.cluster - Monitor thread successfully connected to server with description ServerDescription{address=ac-aoerbz6-shard-00-00.en0pykp.mongodb.net:27017, type=REPLICA_SET_SECONDARY, cryptd=false, state=CONNECTED, ok=true, minWireVersion=0, maxWireVersion=25, maxDocumentSize=16777216, logicalSessionTimeoutMinutes=30, roundTripTimeNanos=246157900, minRoundTripTimeNanos=0, setName='atlas-zt48hn-shard-0', canonicalAddress=ac-aoerbz6-shard-00-00.en0pykp.mongodb.net:27017, hosts=[ac-aoerbz6-shard-00-01.en0pykp.mongodb.net:27017, ac-aoerbz6-shard-00-00.en0pykp.mongodb.net:27017, ac-aoerbz6-shard-00-02.en0pykp.mongodb.net:27017], passives=[], arbiters=[], primary='ac-aoerbz6-shard-00-02.en0pykp.mongodb.net:27017', tagSet=TagSet{[Tag{name='availabilityZone', value='aps1-az1'}, Tag{name='diskState', value='READY'}, Tag{name='nodeType', value='ELECTABLE'}, Tag{name='provider', value='AWS'}, Tag{name='region', value='AP_SOUTH_1'}, Tag{name='workloadType', value='OPERATIONAL'}]}, electionId=null, setVersion=391, topologyVersion=TopologyVersion{processId=69b855abb14686967b76fdd6, counter=4}, lastWriteDate=Tue Mar 24 17:29:54 IST 2026, lastUpdateTimeNanos=88690775321100}
2026-03-24 17:29:55 [cluster-ClusterId{value='69c27cbac23fbc8dbc0168c1', description='null'}-ac-aoerbz6-shard-00-01.en0pykp.mongodb.net:27017] INFO  org.mongodb.driver.cluster - Monitor thread successfully connected to server with description ServerDescription{address=ac-aoerbz6-shard-00-01.en0pykp.mongodb.net:27017, type=REPLICA_SET_SECONDARY, cryptd=false, state=CONNECTED, ok=true, minWireVersion=0, maxWireVersion=25, maxDocumentSize=16777216, logicalSessionTimeoutMinutes=30, roundTripTimeNanos=247966800, minRoundTripTimeNanos=0, setName='atlas-zt48hn-shard-0', canonicalAddress=ac-aoerbz6-shard-00-01.en0pykp.mongodb.net:27017, hosts=[ac-aoerbz6-shard-00-01.en0pykp.mongodb.net:27017, ac-aoerbz6-shard-00-00.en0pykp.mongodb.net:27017, ac-aoerbz6-shard-00-02.en0pykp.mongodb.net:27017], passives=[], arbiters=[], primary='ac-aoerbz6-shard-00-02.en0pykp.mongodb.net:27017', tagSet=TagSet{[Tag{name='availabilityZone', value='aps1-az3'}, Tag{name='diskState', value='READY'}, Tag{name='nodeType', value='ELECTABLE'}, Tag{name='provider', value='AWS'}, Tag{name='region', value='AP_SOUTH_1'}, Tag{name='workloadType', value='OPERATIONAL'}]}, electionId=null, setVersion=391, topologyVersion=TopologyVersion{processId=69b85ccb4b84e800f9f6512d, counter=3}, lastWriteDate=Tue Mar 24 17:29:54 IST 2026, lastUpdateTimeNanos=88690775321100}
2026-03-24 17:29:55 [cluster-ClusterId{value='69c27cbac23fbc8dbc0168c1', description='null'}-ac-aoerbz6-shard-00-02.en0pykp.mongodb.net:27017] INFO  org.mongodb.driver.cluster - Monitor thread successfully connected to server with description ServerDescription{address=ac-aoerbz6-shard-00-02.en0pykp.mongodb.net:27017, type=REPLICA_SET_PRIMARY, cryptd=false, state=CONNECTED, ok=true, minWireVersion=0, maxWireVersion=25, maxDocumentSize=16777216, logicalSessionTimeoutMinutes=30, roundTripTimeNanos=246207800, minRoundTripTimeNanos=0, setName='atlas-zt48hn-shard-0', canonicalAddress=ac-aoerbz6-shard-00-02.en0pykp.mongodb.net:27017, hosts=[ac-aoerbz6-shard-00-01.en0pykp.mongodb.net:27017, ac-aoerbz6-shard-00-00.en0pykp.mongodb.net:27017, ac-aoerbz6-shard-00-02.en0pykp.mongodb.net:27017], passives=[], arbiters=[], primary='ac-aoerbz6-shard-00-02.en0pykp.mongodb.net:27017', tagSet=TagSet{[Tag{name='availabilityZone', value='aps1-az2'}, Tag{name='diskState', value='READY'}, Tag{name='nodeType', value='ELECTABLE'}, Tag{name='provider', value='AWS'}, Tag{name='region', value='AP_SOUTH_1'}, Tag{name='workloadType', value='OPERATIONAL'}]}, electionId=7fffffff0000000000000156, setVersion=391, topologyVersion=TopologyVersion{processId=69b859a89b4f2018f8b26ac6, counter=6}, lastWriteDate=Tue Mar 24 17:29:54 IST 2026, lastUpdateTimeNanos=88690775321100}
2026-03-24 17:29:55 [cluster-ClusterId{value='69c27cbac23fbc8dbc0168c1', description='null'}-ac-aoerbz6-shard-00-02.en0pykp.mongodb.net:27017] INFO  org.mongodb.driver.cluster - Discovered replica set primary ac-aoerbz6-shard-00-02.en0pykp.mongodb.net:27017 with max election id 7fffffff0000000000000156 and max set version 391
2026-03-24 17:29:55 [main] WARN  com.password4j.PropertyReader - bcrypt minor version is not defined. Default value is used (b). Please set property hash.bcrypt.minor in your psw4j.properties file.
2026-03-24 17:29:55 [main] WARN  com.password4j.PropertyReader - bcrypt rounds are not defined. Default value is used (10). Please set property hash.bcrypt.rounds in your psw4j.properties file.
2026-03-24 17:29:55 [main] INFO  org.springframework.security.config.annotation.authentication.configuration.InitializeUserDetailsBeanManagerConfigurer$InitializeUserDetailsManagerConfigurer - Global AuthenticationManager configured with UserDetailsService bean with name userDetailsImpl
2026-03-24 17:29:56 [main] INFO  org.apache.coyote.http11.Http11NioProtocol - Starting ProtocolHandler ["http-nio-8080"]
2026-03-24 17:29:56 [main] INFO  org.springframework.boot.tomcat.TomcatWebServer - Tomcat started on port 8080 (http) with context path '/'
2026-03-24 17:29:56 [main] INFO  com.example.BookingApplication.BookingApplication - Started BookingApplication in 2.667 seconds (process running for 3.259)
2026-03-24 17:31:02 [http-nio-8080-exec-1] INFO  org.apache.catalina.core.ContainerBase.[Tomcat].[localhost].[/] - Initializing Spring DispatcherServlet 'dispatcherServlet'
2026-03-24 17:31:02 [http-nio-8080-exec-1] INFO  org.springframework.web.servlet.DispatcherServlet - Initializing Servlet 'dispatcherServlet'
2026-03-24 17:31:02 [http-nio-8080-exec-1] INFO  org.springframework.web.servlet.DispatcherServlet - Completed initialization in 0 ms
2026-03-24 17:31:02 [http-nio-8080-exec-1] WARN  org.springframework.web.servlet.handler.HandlerMappingIntrospector - Cache miss for REQUEST dispatch to '/Booking/new' (previous null). Performing CorsConfiguration lookup. This is logged once only at WARN level, and every time at TRACE.
2026-03-24 17:31:02 [http-nio-8080-exec-1] WARN  org.springframework.web.servlet.mvc.support.DefaultHandlerExceptionResolver - Resolved [org.springframework.http.converter.HttpMessageNotReadableException: JSON parse error: Cannot deserialize value of type `java.time.LocalDateTime` from String "2026-03-28T14:24:00:00": Failed to deserialize `java.time.LocalDateTime` (with format 'ParseCaseSensitive(false)(Value(Year,4,10,EXCEEDS_PAD)'-'Value(MonthOfYear,2)'-'Value(DayOfMonth,2))'T'(Value(HourOfDay,2)':'Value(MinuteOfHour,2)[':'Value(SecondOfMinute,2)[Fraction(NanoOfSecond,0,9,DecimalPoint)]])'): (java.time.format.DateTimeParseException) Text '2026-03-28T14:24:00:00' could not be parsed, unparsed text found at index 19]
2026-03-24 17:34:04 [http-nio-8080-exec-1] ERROR org.apache.catalina.core.ContainerBase.[Tomcat].[localhost].[/].[dispatcherServlet] - Servlet.service() for servlet [dispatcherServlet] in context with path [] threw exception [Request processing failed: java.lang.NullPointerException: Cannot invoke "com.example.BookingApplication.Entity.User.getId()" because "byName" is null] with root cause
java.lang.NullPointerException: Cannot invoke "com.example.BookingApplication.Entity.User.getId()" because "byName" is null
	at com.example.BookingApplication.Service.MemberService.ConfirmBooking(MemberService.java:146)
	at com.example.BookingApplication.Controllers.WebhookController.handleWebhook(WebhookController.java:77)
	at java.base/jdk.internal.reflect.DirectMethodHandleAccessor.invoke(DirectMethodHandleAccessor.java:103)
	at java.base/java.lang.reflect.Method.invoke(Method.java:580)
	at org.springframework.web.method.support.InvocableHandlerMethod.doInvoke(InvocableHandlerMethod.java:252)
	at org.springframework.web.method.support.InvocableHandlerMethod.invokeForRequest(InvocableHandlerMethod.java:184)
	at org.springframework.web.servlet.mvc.method.annotation.ServletInvocableHandlerMethod.invokeAndHandle(ServletInvocableHandlerMethod.java:117)
	at org.springframework.web.servlet.mvc.method.annotation.RequestMappingHandlerAdapter.invokeHandlerMethod(RequestMappingHandlerAdapter.java:934)
	at org.springframework.web.servlet.mvc.method.annotation.RequestMappingHandlerAdapter.handleInternal(RequestMappingHandlerAdapter.java:853)
	at org.springframework.web.servlet.mvc.method.AbstractHandlerMethodAdapter.handle(AbstractHandlerMethodAdapter.java:86)
	at org.springframework.web.servlet.DispatcherServlet.doDispatch(DispatcherServlet.java:963)
	at org.springframework.web.servlet.DispatcherServlet.doService(DispatcherServlet.java:866)
	at org.springframework.web.servlet.FrameworkServlet.processRequest(FrameworkServlet.java:1000)
	at org.springframework.web.servlet.FrameworkServlet.doPost(FrameworkServlet.java:903)
	at jakarta.servlet.http.HttpServlet.service(HttpServlet.java:649)
	at org.springframework.web.servlet.FrameworkServlet.service(FrameworkServlet.java:874)
	at jakarta.servlet.http.HttpServlet.service(HttpServlet.java:710)
	at org.apache.catalina.core.ApplicationFilterChain.doFilter(ApplicationFilterChain.java:128)
	at org.apache.tomcat.websocket.server.WsFilter.doFilter(WsFilter.java:53)
	at org.apache.catalina.core.ApplicationFilterChain.doFilter(ApplicationFilterChain.java:107)
	at org.springframework.web.filter.OncePerRequestFilter.doFilter(OncePerRequestFilter.java:110)
	at org.apache.catalina.core.ApplicationFilterChain.doFilter(ApplicationFilterChain.java:107)
	at org.springframework.web.filter.CompositeFilter$VirtualFilterChain.doFilter(CompositeFilter.java:108)
	at org.springframework.security.web.FilterChainProxy.lambda$doFilterInternal$3(FilterChainProxy.java:235)
	at org.springframework.security.web.FilterChainProxy$VirtualFilterChain.doFilter(FilterChainProxy.java:371)
	at org.springframework.security.web.access.intercept.AuthorizationFilter.doFilter(AuthorizationFilter.java:101)
	at org.springframework.security.web.FilterChainProxy$VirtualFilterChain.doFilter(FilterChainProxy.java:380)
	at org.springframework.security.web.access.ExceptionTranslationFilter.doFilter(ExceptionTranslationFilter.java:126)
	at org.springframework.security.web.access.ExceptionTranslationFilter.doFilter(ExceptionTranslationFilter.java:120)
	at org.springframework.security.web.FilterChainProxy$VirtualFilterChain.doFilter(FilterChainProxy.java:380)
	at org.springframework.security.web.authentication.AnonymousAuthenticationFilter.doFilter(AnonymousAuthenticationFilter.java:100)
	at org.springframework.security.web.FilterChainProxy$VirtualFilterChain.doFilter(FilterChainProxy.java:380)
	at org.springframework.security.web.servletapi.SecurityContextHolderAwareRequestFilter.doFilter(SecurityContextHolderAwareRequestFilter.java:181)
	at org.springframework.security.web.FilterChainProxy$VirtualFilterChain.doFilter(FilterChainProxy.java:380)
	at org.springframework.security.web.savedrequest.RequestCacheAwareFilter.doFilter(RequestCacheAwareFilter.java:63)
	at org.springframework.security.web.FilterChainProxy$VirtualFilterChain.doFilter(FilterChainProxy.java:380)
	at com.example.BookingApplication.Filter.Filterjwt.doFilterInternal(Filterjwt.java:48)
	at org.springframework.web.filter.OncePerRequestFilter.doFilter(OncePerRequestFilter.java:116)
	at org.springframework.security.web.FilterChainProxy$VirtualFilterChain.doFilter(FilterChainProxy.java:380)
	at org.springframework.security.web.authentication.logout.LogoutFilter.doFilter(LogoutFilter.java:110)
	at org.springframework.security.web.authentication.logout.LogoutFilter.doFilter(LogoutFilter.java:96)
	at org.springframework.security.web.FilterChainProxy$VirtualFilterChain.doFilter(FilterChainProxy.java:380)
	at org.springframework.web.filter.CorsFilter.doFilterInternal(CorsFilter.java:91)
	at org.springframework.web.filter.OncePerRequestFilter.doFilter(OncePerRequestFilter.java:116)
	at org.springframework.security.web.FilterChainProxy$VirtualFilterChain.doFilter(FilterChainProxy.java:380)
	at org.springframework.security.web.header.HeaderWriterFilter.doHeadersAfter(HeaderWriterFilter.java:90)
	at org.springframework.security.web.header.HeaderWriterFilter.doFilterInternal(HeaderWriterFilter.java:75)
	at org.springframework.web.filter.OncePerRequestFilter.doFilter(OncePerRequestFilter.java:116)
	at org.springframework.security.web.FilterChainProxy$VirtualFilterChain.doFilter(FilterChainProxy.java:380)
	at org.springframework.security.web.context.SecurityContextHolderFilter.doFilter(SecurityContextHolderFilter.java:82)
	at org.springframework.security.web.context.SecurityContextHolderFilter.doFilter(SecurityContextHolderFilter.java:69)
	at org.springframework.security.web.FilterChainProxy$VirtualFilterChain.doFilter(FilterChainProxy.java:380)
	at org.springframework.security.web.context.request.async.WebAsyncManagerIntegrationFilter.doFilterInternal(WebAsyncManagerIntegrationFilter.java:62)
	at org.springframework.web.filter.OncePerRequestFilter.doFilter(OncePerRequestFilter.java:116)
	at org.springframework.security.web.FilterChainProxy$VirtualFilterChain.doFilter(FilterChainProxy.java:380)
	at org.springframework.security.web.session.DisableEncodeUrlFilter.doFilterInternal(DisableEncodeUrlFilter.java:42)
	at org.springframework.web.filter.OncePerRequestFilter.doFilter(OncePerRequestFilter.java:116)
	at org.springframework.security.web.FilterChainProxy$VirtualFilterChain.doFilter(FilterChainProxy.java:380)
	at org.springframework.security.web.FilterChainProxy.doFilterInternal(FilterChainProxy.java:237)
	at org.springframework.security.web.FilterChainProxy.doFilter(FilterChainProxy.java:195)
	at org.springframework.web.filter.CompositeFilter$VirtualFilterChain.doFilter(CompositeFilter.java:113)
	at org.springframework.web.filter.ServletRequestPathFilter.doFilter(ServletRequestPathFilter.java:52)
	at org.springframework.web.filter.CompositeFilter$VirtualFilterChain.doFilter(CompositeFilter.java:113)
	at org.springframework.web.filter.CompositeFilter.doFilter(CompositeFilter.java:74)
	at org.springframework.security.config.annotation.web.configuration.WebSecurityConfiguration$CompositeFilterChainProxy.doFilter(WebSecurityConfiguration.java:317)
	at org.springframework.web.filter.DelegatingFilterProxy.invokeDelegate(DelegatingFilterProxy.java:355)
	at org.springframework.web.filter.DelegatingFilterProxy.doFilter(DelegatingFilterProxy.java:272)
	at org.apache.catalina.core.ApplicationFilterChain.doFilter(ApplicationFilterChain.java:107)
	at org.springframework.web.filter.RequestContextFilter.doFilterInternal(RequestContextFilter.java:100)
	at org.springframework.web.filter.OncePerRequestFilter.doFilter(OncePerRequestFilter.java:116)
	at org.apache.catalina.core.ApplicationFilterChain.doFilter(ApplicationFilterChain.java:107)
	at org.springframework.web.filter.FormContentFilter.doFilterInternal(FormContentFilter.java:93)
	at org.springframework.web.filter.OncePerRequestFilter.doFilter(OncePerRequestFilter.java:116)
	at org.apache.catalina.core.ApplicationFilterChain.doFilter(ApplicationFilterChain.java:107)
	at org.springframework.web.filter.CharacterEncodingFilter.doFilterInternal(CharacterEncodingFilter.java:199)
	at org.springframework.web.filter.OncePerRequestFilter.doFilter(OncePerRequestFilter.java:116)
	at org.apache.catalina.core.ApplicationFilterChain.doFilter(ApplicationFilterChain.java:107)
	at org.apache.catalina.core.StandardWrapperValve.invoke(StandardWrapperValve.java:165)
	at org.apache.catalina.core.StandardContextValve.invoke(StandardContextValve.java:77)
	at org.apache.catalina.authenticator.AuthenticatorBase.invoke(AuthenticatorBase.java:492)
	at org.apache.catalina.core.StandardHostValve.invoke(StandardHostValve.java:113)
	at org.apache.catalina.valves.ErrorReportValve.invoke(ErrorReportValve.java:83)
	at org.apache.catalina.core.StandardEngineValve.invoke(StandardEngineValve.java:72)
	at org.apache.catalina.connector.CoyoteAdapter.service(CoyoteAdapter.java:341)
	at org.apache.coyote.http11.Http11Processor.service(Http11Processor.java:397)
	at org.apache.coyote.AbstractProcessorLight.process(AbstractProcessorLight.java:63)
	at org.apache.coyote.AbstractProtocol$ConnectionHandler.process(AbstractProtocol.java:903)
	at org.apache.tomcat.util.net.NioEndpoint$SocketProcessor.doRun(NioEndpoint.java:1779)
	at org.apache.tomcat.util.net.SocketProcessorBase.run(SocketProcessorBase.java:52)
	at org.apache.tomcat.util.threads.ThreadPoolExecutor.runWorker(ThreadPoolExecutor.java:946)
	at org.apache.tomcat.util.threads.ThreadPoolExecutor$Worker.run(ThreadPoolExecutor.java:480)
	at org.apache.tomcat.util.threads.TaskThread$WrappingRunnable.run(TaskThread.java:57)
	at java.base/java.lang.Thread.run(Thread.java:1583)
2026-03-24 17:34:58 [http-nio-8080-exec-3] ERROR org.apache.catalina.core.ContainerBase.[Tomcat].[localhost].[/].[dispatcherServlet] - Servlet.service() for servlet [dispatcherServlet] in context with path [] threw exception [Request processing failed: java.lang.NullPointerException: Cannot invoke "com.example.BookingApplication.Entity.User.getId()" because "byName" is null] with root cause
java.lang.NullPointerException: Cannot invoke "com.example.BookingApplication.Entity.User.getId()" because "byName" is null
	at com.example.BookingApplication.Service.MemberService.ConfirmBooking(MemberService.java:146)
	at com.example.BookingApplication.Controllers.WebhookController.handleWebhook(WebhookController.java:77)
	at java.base/jdk.internal.reflect.DirectMethodHandleAccessor.invoke(DirectMethodHandleAccessor.java:103)
	at java.base/java.lang.reflect.Method.invoke(Method.java:580)
	at org.springframework.web.method.support.InvocableHandlerMethod.doInvoke(InvocableHandlerMethod.java:252)
	at org.springframework.web.method.support.InvocableHandlerMethod.invokeForRequest(InvocableHandlerMethod.java:184)
	at org.springframework.web.servlet.mvc.method.annotation.ServletInvocableHandlerMethod.invokeAndHandle(ServletInvocableHandlerMethod.java:117)
	at org.springframework.web.servlet.mvc.method.annotation.RequestMappingHandlerAdapter.invokeHandlerMethod(RequestMappingHandlerAdapter.java:934)
	at org.springframework.web.servlet.mvc.method.annotation.RequestMappingHandlerAdapter.handleInternal(RequestMappingHandlerAdapter.java:853)
	at org.springframework.web.servlet.mvc.method.AbstractHandlerMethodAdapter.handle(AbstractHandlerMethodAdapter.java:86)
	at org.springframework.web.servlet.DispatcherServlet.doDispatch(DispatcherServlet.java:963)
	at org.springframework.web.servlet.DispatcherServlet.doService(DispatcherServlet.java:866)
	at org.springframework.web.servlet.FrameworkServlet.processRequest(FrameworkServlet.java:1000)
	at org.springframework.web.servlet.FrameworkServlet.doPost(FrameworkServlet.java:903)
	at jakarta.servlet.http.HttpServlet.service(HttpServlet.java:649)
	at org.springframework.web.servlet.FrameworkServlet.service(FrameworkServlet.java:874)
	at jakarta.servlet.http.HttpServlet.service(HttpServlet.java:710)
	at org.apache.catalina.core.ApplicationFilterChain.doFilter(ApplicationFilterChain.java:128)
	at org.apache.tomcat.websocket.server.WsFilter.doFilter(WsFilter.java:53)
	at org.apache.catalina.core.ApplicationFilterChain.doFilter(ApplicationFilterChain.java:107)
	at org.springframework.web.filter.OncePerRequestFilter.doFilter(OncePerRequestFilter.java:110)
	at org.apache.catalina.core.ApplicationFilterChain.doFilter(ApplicationFilterChain.java:107)
	at org.springframework.web.filter.CompositeFilter$VirtualFilterChain.doFilter(CompositeFilter.java:108)
	at org.springframework.security.web.FilterChainProxy.lambda$doFilterInternal$3(FilterChainProxy.java:235)
	at org.springframework.security.web.FilterChainProxy$VirtualFilterChain.doFilter(FilterChainProxy.java:371)
	at org.springframework.security.web.access.intercept.AuthorizationFilter.doFilter(AuthorizationFilter.java:101)
	at org.springframework.security.web.FilterChainProxy$VirtualFilterChain.doFilter(FilterChainProxy.java:380)
	at org.springframework.security.web.access.ExceptionTranslationFilter.doFilter(ExceptionTranslationFilter.java:126)
	at org.springframework.security.web.access.ExceptionTranslationFilter.doFilter(ExceptionTranslationFilter.java:120)
	at org.springframework.security.web.FilterChainProxy$VirtualFilterChain.doFilter(FilterChainProxy.java:380)
	at org.springframework.security.web.authentication.AnonymousAuthenticationFilter.doFilter(AnonymousAuthenticationFilter.java:100)
	at org.springframework.security.web.FilterChainProxy$VirtualFilterChain.doFilter(FilterChainProxy.java:380)
	at org.springframework.security.web.servletapi.SecurityContextHolderAwareRequestFilter.doFilter(SecurityContextHolderAwareRequestFilter.java:181)
	at org.springframework.security.web.FilterChainProxy$VirtualFilterChain.doFilter(FilterChainProxy.java:380)
	at org.springframework.security.web.savedrequest.RequestCacheAwareFilter.doFilter(RequestCacheAwareFilter.java:63)
	at org.springframework.security.web.FilterChainProxy$VirtualFilterChain.doFilter(FilterChainProxy.java:380)
	at com.example.BookingApplication.Filter.Filterjwt.doFilterInternal(Filterjwt.java:48)
	at org.springframework.web.filter.OncePerRequestFilter.doFilter(OncePerRequestFilter.java:116)
	at org.springframework.security.web.FilterChainProxy$VirtualFilterChain.doFilter(FilterChainProxy.java:380)
	at org.springframework.security.web.authentication.logout.LogoutFilter.doFilter(LogoutFilter.java:110)
	at org.springframework.security.web.authentication.logout.LogoutFilter.doFilter(LogoutFilter.java:96)
	at org.springframework.security.web.FilterChainProxy$VirtualFilterChain.doFilter(FilterChainProxy.java:380)
	at org.springframework.web.filter.CorsFilter.doFilterInternal(CorsFilter.java:91)
	at org.springframework.web.filter.OncePerRequestFilter.doFilter(OncePerRequestFilter.java:116)
	at org.springframework.security.web.FilterChainProxy$VirtualFilterChain.doFilter(FilterChainProxy.java:380)
	at org.springframework.security.web.header.HeaderWriterFilter.doHeadersAfter(HeaderWriterFilter.java:90)
	at org.springframework.security.web.header.HeaderWriterFilter.doFilterInternal(HeaderWriterFilter.java:75)
	at org.springframework.web.filter.OncePerRequestFilter.doFilter(OncePerRequestFilter.java:116)
	at org.springframework.security.web.FilterChainProxy$VirtualFilterChain.doFilter(FilterChainProxy.java:380)
	at org.springframework.security.web.context.SecurityContextHolderFilter.doFilter(SecurityContextHolderFilter.java:82)
	at org.springframework.security.web.context.SecurityContextHolderFilter.doFilter(SecurityContextHolderFilter.java:69)
	at org.springframework.security.web.FilterChainProxy$VirtualFilterChain.doFilter(FilterChainProxy.java:380)
	at org.springframework.security.web.context.request.async.WebAsyncManagerIntegrationFilter.doFilterInternal(WebAsyncManagerIntegrationFilter.java:62)
	at org.springframework.web.filter.OncePerRequestFilter.doFilter(OncePerRequestFilter.java:116)
	at org.springframework.security.web.FilterChainProxy$VirtualFilterChain.doFilter(FilterChainProxy.java:380)
	at org.springframework.security.web.session.DisableEncodeUrlFilter.doFilterInternal(DisableEncodeUrlFilter.java:42)
	at org.springframework.web.filter.OncePerRequestFilter.doFilter(OncePerRequestFilter.java:116)
	at org.springframework.security.web.FilterChainProxy$VirtualFilterChain.doFilter(FilterChainProxy.java:380)
	at org.springframework.security.web.FilterChainProxy.doFilterInternal(FilterChainProxy.java:237)
	at org.springframework.security.web.FilterChainProxy.doFilter(FilterChainProxy.java:195)
	at org.springframework.web.filter.CompositeFilter$VirtualFilterChain.doFilter(CompositeFilter.java:113)
	at org.springframework.web.filter.ServletRequestPathFilter.doFilter(ServletRequestPathFilter.java:52)
	at org.springframework.web.filter.CompositeFilter$VirtualFilterChain.doFilter(CompositeFilter.java:113)
	at org.springframework.web.filter.CompositeFilter.doFilter(CompositeFilter.java:74)
	at org.springframework.security.config.annotation.web.configuration.WebSecurityConfiguration$CompositeFilterChainProxy.doFilter(WebSecurityConfiguration.java:317)
	at org.springframework.web.filter.DelegatingFilterProxy.invokeDelegate(DelegatingFilterProxy.java:355)
	at org.springframework.web.filter.DelegatingFilterProxy.doFilter(DelegatingFilterProxy.java:272)
	at org.apache.catalina.core.ApplicationFilterChain.doFilter(ApplicationFilterChain.java:107)
	at org.springframework.web.filter.RequestContextFilter.doFilterInternal(RequestContextFilter.java:100)
	at org.springframework.web.filter.OncePerRequestFilter.doFilter(OncePerRequestFilter.java:116)
	at org.apache.catalina.core.ApplicationFilterChain.doFilter(ApplicationFilterChain.java:107)
	at org.springframework.web.filter.FormContentFilter.doFilterInternal(FormContentFilter.java:93)
	at org.springframework.web.filter.OncePerRequestFilter.doFilter(OncePerRequestFilter.java:116)
	at org.apache.catalina.core.ApplicationFilterChain.doFilter(ApplicationFilterChain.java:107)
	at org.springframework.web.filter.CharacterEncodingFilter.doFilterInternal(CharacterEncodingFilter.java:199)
	at org.springframework.web.filter.OncePerRequestFilter.doFilter(OncePerRequestFilter.java:116)
	at org.apache.catalina.core.ApplicationFilterChain.doFilter(ApplicationFilterChain.java:107)
	at org.apache.catalina.core.StandardWrapperValve.invoke(StandardWrapperValve.java:165)
	at org.apache.catalina.core.StandardContextValve.invoke(StandardContextValve.java:77)
	at org.apache.catalina.authenticator.AuthenticatorBase.invoke(AuthenticatorBase.java:492)
	at org.apache.catalina.core.StandardHostValve.invoke(StandardHostValve.java:113)
	at org.apache.catalina.valves.ErrorReportValve.invoke(ErrorReportValve.java:83)
	at org.apache.catalina.core.StandardEngineValve.invoke(StandardEngineValve.java:72)
	at org.apache.catalina.connector.CoyoteAdapter.service(CoyoteAdapter.java:341)
	at org.apache.coyote.http11.Http11Processor.service(Http11Processor.java:397)
	at org.apache.coyote.AbstractProcessorLight.process(AbstractProcessorLight.java:63)
	at org.apache.coyote.AbstractProtocol$ConnectionHandler.process(AbstractProtocol.java:903)
	at org.apache.tomcat.util.net.NioEndpoint$SocketProcessor.doRun(NioEndpoint.java:1779)
	at org.apache.tomcat.util.net.SocketProcessorBase.run(SocketProcessorBase.java:52)
	at org.apache.tomcat.util.threads.ThreadPoolExecutor.runWorker(ThreadPoolExecutor.java:946)
	at org.apache.tomcat.util.threads.ThreadPoolExecutor$Worker.run(ThreadPoolExecutor.java:480)
	at org.apache.tomcat.util.threads.TaskThread$WrappingRunnable.run(TaskThread.java:57)
	at java.base/java.lang.Thread.run(Thread.java:1583)
2026-03-24 17:36:11 [SpringApplicationShutdownHook] INFO  org.springframework.boot.tomcat.GracefulShutdown - Commencing graceful shutdown. Waiting for active requests to complete
2026-03-24 17:36:11 [tomcat-shutdown] INFO  org.springframework.boot.tomcat.GracefulShutdown - Graceful shutdown complete
2026-03-24 17:36:13 [main] INFO  com.example.BookingApplication.BookingApplication - Starting BookingApplication using Java 21.0.7 with PID 32460 (C:\Users\ADMIN\Downloads\BookingApplication\BookingApplication\target\classes started by ADMIN in C:\Users\ADMIN\Downloads\BookingApplication)
2026-03-24 17:36:13 [main] INFO  com.example.BookingApplication.BookingApplication - No active profile set, falling back to 1 default profile: "default"
2026-03-24 17:36:14 [main] INFO  org.springframework.data.repository.config.RepositoryConfigurationDelegate - Multiple Spring Data modules found, entering strict repository configuration mode
2026-03-24 17:36:14 [main] INFO  org.springframework.data.repository.config.RepositoryConfigurationDelegate - Bootstrapping Spring Data MongoDB repositories in DEFAULT mode.
2026-03-24 17:36:14 [main] INFO  org.springframework.data.repository.config.RepositoryConfigurationDelegate - Finished Spring Data repository scanning in 91 ms. Found 3 MongoDB repository interfaces.
2026-03-24 17:36:14 [main] INFO  org.springframework.data.repository.config.RepositoryConfigurationDelegate - Multiple Spring Data modules found, entering strict repository configuration mode
2026-03-24 17:36:14 [main] INFO  org.springframework.data.repository.config.RepositoryConfigurationDelegate - Bootstrapping Spring Data Redis repositories in DEFAULT mode.
2026-03-24 17:36:14 [main] INFO  org.springframework.data.repository.config.RepositoryConfigurationExtensionSupport - Spring Data Redis - Could not safely identify store assignment for repository candidate interface com.example.BookingApplication.Repositories.BookingsRepository; If you want this repository to be a Redis repository, consider annotating your entities with one of these annotations: org.springframework.data.redis.core.RedisHash (preferred), or consider extending one of the following types with your repository: org.springframework.data.keyvalue.repository.KeyValueRepository
2026-03-24 17:36:14 [main] INFO  org.springframework.data.repository.config.RepositoryConfigurationExtensionSupport - Spring Data Redis - Could not safely identify store assignment for repository candidate interface com.example.BookingApplication.Repositories.StudioRepository; If you want this repository to be a Redis repository, consider annotating your entities with one of these annotations: org.springframework.data.redis.core.RedisHash (preferred), or consider extending one of the following types with your repository: org.springframework.data.keyvalue.repository.KeyValueRepository
2026-03-24 17:36:14 [main] INFO  org.springframework.data.repository.config.RepositoryConfigurationExtensionSupport - Spring Data Redis - Could not safely identify store assignment for repository candidate interface com.example.BookingApplication.Repositories.UserRepository; If you want this repository to be a Redis repository, consider annotating your entities with one of these annotations: org.springframework.data.redis.core.RedisHash (preferred), or consider extending one of the following types with your repository: org.springframework.data.keyvalue.repository.KeyValueRepository
2026-03-24 17:36:14 [main] INFO  org.springframework.data.repository.config.RepositoryConfigurationDelegate - Finished Spring Data repository scanning in 7 ms. Found 0 Redis repository interfaces.
2026-03-24 17:36:14 [main] INFO  org.springframework.boot.tomcat.TomcatWebServer - Tomcat initialized with port 8080 (http)
2026-03-24 17:36:14 [main] INFO  org.apache.coyote.http11.Http11NioProtocol - Initializing ProtocolHandler ["http-nio-8080"]
2026-03-24 17:36:14 [main] INFO  org.apache.catalina.core.StandardService - Starting service [Tomcat]
2026-03-24 17:36:14 [main] INFO  org.apache.catalina.core.StandardEngine - Starting Servlet engine: [Apache Tomcat/11.0.18]
2026-03-24 17:36:14 [main] INFO  org.springframework.boot.web.context.servlet.WebApplicationContextInitializer - Root WebApplicationContext: initialization completed in 1082 ms
2026-03-24 17:36:15 [main] INFO  org.mongodb.driver.client - MongoClient with metadata {"driver": {"name": "mongo-java-driver|spring-boot|sync", "version": "5.6.4"}, "os": {"type": "Windows", "name": "Windows 11", "architecture": "amd64", "version": "10.0"}, "platform": "Java/Oracle Corporation/21.0.7+8-LTS-245"} created with settings MongoClientSettings{readPreference=primary, writeConcern=WriteConcern{w=majority, wTimeout=null ms, journal=null}, retryWrites=true, retryReads=true, readConcern=ReadConcern{level=null}, credential=MongoCredential{mechanism=null, userName='root', source='admin', password=<hidden>, mechanismProperties=<hidden>}, transportSettings=null, commandListeners=[], codecRegistry=ProvidersCodecRegistry{codecProviders=[ValueCodecProvider{}, BsonValueCodecProvider{}, DBRefCodecProvider{}, DBObjectCodecProvider{}, DocumentCodecProvider{}, CollectionCodecProvider{}, IterableCodecProvider{}, MapCodecProvider{}, GeoJsonCodecProvider{}, GridFSFileCodecProvider{}, Jsr310CodecProvider{}, JsonObjectCodecProvider{}, BsonCodecProvider{}, com.mongodb.client.model.mql.ExpressionCodecProvider@1c00d406, com.mongodb.Jep395RecordCodecProvider@16ac4d3d, com.mongodb.KotlinCodecProvider@559d19c, EnumCodecProvider{}]}, loggerSettings=LoggerSettings{maxDocumentLength=1000}, clusterSettings={hosts=[127.0.0.1:27017], srvHost=cluster0.en0pykp.mongodb.net, srvServiceName=mongodb, mode=MULTIPLE, requiredClusterType=REPLICA_SET, requiredReplicaSetName='atlas-zt48hn-shard-0', serverSelector='null', clusterListeners='[]', serverSelectionTimeout='30000 ms', localThreshold='15 ms'}, socketSettings=SocketSettings{connectTimeoutMS=10000, readTimeoutMS=0, receiveBufferSize=0, proxySettings=ProxySettings{host=null, port=null, username=null, password=null}}, heartbeatSocketSettings=SocketSettings{connectTimeoutMS=10000, readTimeoutMS=10000, receiveBufferSize=0, proxySettings=ProxySettings{host=null, port=null, username=null, password=null}}, connectionPoolSettings=ConnectionPoolSettings{maxSize=100, minSize=0, maxWaitTimeMS=120000, maxConnectionLifeTimeMS=0, maxConnectionIdleTimeMS=0, maintenanceInitialDelayMS=0, maintenanceFrequencyMS=60000, connectionPoolListeners=[], maxConnecting=2}, serverSettings=ServerSettings{heartbeatFrequencyMS=10000, minHeartbeatFrequencyMS=500, serverMonitoringMode=AUTO, serverListeners='[]', serverMonitorListeners='[]'}, sslSettings=SslSettings{enabled=true, invalidHostNameAllowed=false, context=null}, applicationName='null', compressorList=[], uuidRepresentation=UNSPECIFIED, serverApi=null, autoEncryptionSettings=null, dnsClient=null, inetAddressResolver=null, contextProvider=null, timeoutMS=null}
2026-03-24 17:36:15 [cluster-ClusterId{value='69c27e3670dbb43434451ad6', description='null'}-srv-cluster0.en0pykp.mongodb.net] INFO  org.mongodb.driver.cluster - Adding discovered server ac-aoerbz6-shard-00-01.en0pykp.mongodb.net:27017 to client view of cluster
2026-03-24 17:36:15 [cluster-ClusterId{value='69c27e3670dbb43434451ad6', description='null'}-srv-cluster0.en0pykp.mongodb.net] INFO  org.mongodb.driver.cluster - Adding discovered server ac-aoerbz6-shard-00-00.en0pykp.mongodb.net:27017 to client view of cluster
2026-03-24 17:36:15 [cluster-ClusterId{value='69c27e3670dbb43434451ad6', description='null'}-srv-cluster0.en0pykp.mongodb.net] INFO  org.mongodb.driver.cluster - Adding discovered server ac-aoerbz6-shard-00-02.en0pykp.mongodb.net:27017 to client view of cluster
2026-03-24 17:36:15 [cluster-ClusterId{value='69c27e3670dbb43434451ad6', description='null'}-ac-aoerbz6-shard-00-01.en0pykp.mongodb.net:27017] INFO  org.mongodb.driver.cluster - Monitor thread successfully connected to server with description ServerDescription{address=ac-aoerbz6-shard-00-01.en0pykp.mongodb.net:27017, type=REPLICA_SET_SECONDARY, cryptd=false, state=CONNECTED, ok=true, minWireVersion=0, maxWireVersion=25, maxDocumentSize=16777216, logicalSessionTimeoutMinutes=30, roundTripTimeNanos=244635900, minRoundTripTimeNanos=0, setName='atlas-zt48hn-shard-0', canonicalAddress=ac-aoerbz6-shard-00-01.en0pykp.mongodb.net:27017, hosts=[ac-aoerbz6-shard-00-01.en0pykp.mongodb.net:27017, ac-aoerbz6-shard-00-00.en0pykp.mongodb.net:27017, ac-aoerbz6-shard-00-02.en0pykp.mongodb.net:27017], passives=[], arbiters=[], primary='ac-aoerbz6-shard-00-02.en0pykp.mongodb.net:27017', tagSet=TagSet{[Tag{name='availabilityZone', value='aps1-az3'}, Tag{name='diskState', value='READY'}, Tag{name='nodeType', value='ELECTABLE'}, Tag{name='provider', value='AWS'}, Tag{name='region', value='AP_SOUTH_1'}, Tag{name='workloadType', value='OPERATIONAL'}]}, electionId=null, setVersion=391, topologyVersion=TopologyVersion{processId=69b85ccb4b84e800f9f6512d, counter=3}, lastWriteDate=Tue Mar 24 17:36:14 IST 2026, lastUpdateTimeNanos=89070948302600}
2026-03-24 17:36:15 [cluster-ClusterId{value='69c27e3670dbb43434451ad6', description='null'}-ac-aoerbz6-shard-00-02.en0pykp.mongodb.net:27017] INFO  org.mongodb.driver.cluster - Monitor thread successfully connected to server with description ServerDescription{address=ac-aoerbz6-shard-00-02.en0pykp.mongodb.net:27017, type=REPLICA_SET_PRIMARY, cryptd=false, state=CONNECTED, ok=true, minWireVersion=0, maxWireVersion=25, maxDocumentSize=16777216, logicalSessionTimeoutMinutes=30, roundTripTimeNanos=246747100, minRoundTripTimeNanos=0, setName='atlas-zt48hn-shard-0', canonicalAddress=ac-aoerbz6-shard-00-02.en0pykp.mongodb.net:27017, hosts=[ac-aoerbz6-shard-00-01.en0pykp.mongodb.net:27017, ac-aoerbz6-shard-00-00.en0pykp.mongodb.net:27017, ac-aoerbz6-shard-00-02.en0pykp.mongodb.net:27017], passives=[], arbiters=[], primary='ac-aoerbz6-shard-00-02.en0pykp.mongodb.net:27017', tagSet=TagSet{[Tag{name='availabilityZone', value='aps1-az2'}, Tag{name='diskState', value='READY'}, Tag{name='nodeType', value='ELECTABLE'}, Tag{name='provider', value='AWS'}, Tag{name='region', value='AP_SOUTH_1'}, Tag{name='workloadType', value='OPERATIONAL'}]}, electionId=7fffffff0000000000000156, setVersion=391, topologyVersion=TopologyVersion{processId=69b859a89b4f2018f8b26ac6, counter=6}, lastWriteDate=Tue Mar 24 17:36:14 IST 2026, lastUpdateTimeNanos=89070948298700}
2026-03-24 17:36:15 [cluster-ClusterId{value='69c27e3670dbb43434451ad6', description='null'}-ac-aoerbz6-shard-00-00.en0pykp.mongodb.net:27017] INFO  org.mongodb.driver.cluster - Monitor thread successfully connected to server with description ServerDescription{address=ac-aoerbz6-shard-00-00.en0pykp.mongodb.net:27017, type=REPLICA_SET_SECONDARY, cryptd=false, state=CONNECTED, ok=true, minWireVersion=0, maxWireVersion=25, maxDocumentSize=16777216, logicalSessionTimeoutMinutes=30, roundTripTimeNanos=246900500, minRoundTripTimeNanos=0, setName='atlas-zt48hn-shard-0', canonicalAddress=ac-aoerbz6-shard-00-00.en0pykp.mongodb.net:27017, hosts=[ac-aoerbz6-shard-00-01.en0pykp.mongodb.net:27017, ac-aoerbz6-shard-00-00.en0pykp.mongodb.net:27017, ac-aoerbz6-shard-00-02.en0pykp.mongodb.net:27017], passives=[], arbiters=[], primary='ac-aoerbz6-shard-00-02.en0pykp.mongodb.net:27017', tagSet=TagSet{[Tag{name='availabilityZone', value='aps1-az1'}, Tag{name='diskState', value='READY'}, Tag{name='nodeType', value='ELECTABLE'}, Tag{name='provider', value='AWS'}, Tag{name='region', value='AP_SOUTH_1'}, Tag{name='workloadType', value='OPERATIONAL'}]}, electionId=null, setVersion=391, topologyVersion=TopologyVersion{processId=69b855abb14686967b76fdd6, counter=4}, lastWriteDate=Tue Mar 24 17:36:14 IST 2026, lastUpdateTimeNanos=89070948298700}
2026-03-24 17:36:15 [cluster-ClusterId{value='69c27e3670dbb43434451ad6', description='null'}-ac-aoerbz6-shard-00-02.en0pykp.mongodb.net:27017] INFO  org.mongodb.driver.cluster - Discovered replica set primary ac-aoerbz6-shard-00-02.en0pykp.mongodb.net:27017 with max election id 7fffffff0000000000000156 and max set version 391
2026-03-24 17:36:15 [main] WARN  com.password4j.PropertyReader - bcrypt minor version is not defined. Default value is used (b). Please set property hash.bcrypt.minor in your psw4j.properties file.
2026-03-24 17:36:15 [main] WARN  com.password4j.PropertyReader - bcrypt rounds are not defined. Default value is used (10). Please set property hash.bcrypt.rounds in your psw4j.properties file.
2026-03-24 17:36:15 [main] INFO  org.springframework.security.config.annotation.authentication.configuration.InitializeUserDetailsBeanManagerConfigurer$InitializeUserDetailsManagerConfigurer - Global AuthenticationManager configured with UserDetailsService bean with name userDetailsImpl
2026-03-24 17:36:16 [main] INFO  org.apache.coyote.http11.Http11NioProtocol - Starting ProtocolHandler ["http-nio-8080"]
2026-03-24 17:36:16 [main] INFO  org.springframework.boot.tomcat.TomcatWebServer - Tomcat started on port 8080 (http) with context path '/'
2026-03-24 17:36:16 [main] INFO  com.example.BookingApplication.BookingApplication - Started BookingApplication in 2.85 seconds (process running for 3.619)
2026-03-24 17:36:36 [http-nio-8080-exec-1] INFO  org.apache.catalina.core.ContainerBase.[Tomcat].[localhost].[/] - Initializing Spring DispatcherServlet 'dispatcherServlet'
2026-03-24 17:36:36 [http-nio-8080-exec-1] INFO  org.springframework.web.servlet.DispatcherServlet - Initializing Servlet 'dispatcherServlet'
2026-03-24 17:36:36 [http-nio-8080-exec-1] INFO  org.springframework.web.servlet.DispatcherServlet - Completed initialization in 1 ms
2026-03-24 17:36:36 [http-nio-8080-exec-1] WARN  org.springframework.web.servlet.handler.HandlerMappingIntrospector - Cache miss for REQUEST dispatch to '/Booking/new' (previous null). Performing CorsConfiguration lookup. This is logged once only at WARN level, and every time at TRACE.
2026-03-24 17:38:04 [SpringApplicationShutdownHook] INFO  org.springframework.boot.tomcat.GracefulShutdown - Commencing graceful shutdown. Waiting for active requests to complete
2026-03-24 17:38:04 [tomcat-shutdown] INFO  org.springframework.boot.tomcat.GracefulShutdown - Graceful shutdown complete
2026-03-24 17:39:30 [main] INFO  com.example.BookingApplication.BookingApplication - Starting BookingApplication using Java 21.0.7 with PID 11868 (C:\Users\ADMIN\Downloads\BookingApplication\BookingApplication\target\classes started by ADMIN in C:\Users\ADMIN\Downloads\BookingApplication)
2026-03-24 17:39:30 [main] INFO  com.example.BookingApplication.BookingApplication - No active profile set, falling back to 1 default profile: "default"
2026-03-24 17:39:31 [main] INFO  org.springframework.data.repository.config.RepositoryConfigurationDelegate - Multiple Spring Data modules found, entering strict repository configuration mode
2026-03-24 17:39:31 [main] INFO  org.springframework.data.repository.config.RepositoryConfigurationDelegate - Bootstrapping Spring Data MongoDB repositories in DEFAULT mode.
2026-03-24 17:39:31 [main] INFO  org.springframework.data.repository.config.RepositoryConfigurationDelegate - Finished Spring Data repository scanning in 84 ms. Found 3 MongoDB repository interfaces.
2026-03-24 17:39:31 [main] INFO  org.springframework.data.repository.config.RepositoryConfigurationDelegate - Multiple Spring Data modules found, entering strict repository configuration mode
2026-03-24 17:39:31 [main] INFO  org.springframework.data.repository.config.RepositoryConfigurationDelegate - Bootstrapping Spring Data Redis repositories in DEFAULT mode.
2026-03-24 17:39:31 [main] INFO  org.springframework.data.repository.config.RepositoryConfigurationExtensionSupport - Spring Data Redis - Could not safely identify store assignment for repository candidate interface com.example.BookingApplication.Repositories.BookingsRepository; If you want this repository to be a Redis repository, consider annotating your entities with one of these annotations: org.springframework.data.redis.core.RedisHash (preferred), or consider extending one of the following types with your repository: org.springframework.data.keyvalue.repository.KeyValueRepository
2026-03-24 17:39:31 [main] INFO  org.springframework.data.repository.config.RepositoryConfigurationExtensionSupport - Spring Data Redis - Could not safely identify store assignment for repository candidate interface com.example.BookingApplication.Repositories.StudioRepository; If you want this repository to be a Redis repository, consider annotating your entities with one of these annotations: org.springframework.data.redis.core.RedisHash (preferred), or consider extending one of the following types with your repository: org.springframework.data.keyvalue.repository.KeyValueRepository
2026-03-24 17:39:31 [main] INFO  org.springframework.data.repository.config.RepositoryConfigurationExtensionSupport - Spring Data Redis - Could not safely identify store assignment for repository candidate interface com.example.BookingApplication.Repositories.UserRepository; If you want this repository to be a Redis repository, consider annotating your entities with one of these annotations: org.springframework.data.redis.core.RedisHash (preferred), or consider extending one of the following types with your repository: org.springframework.data.keyvalue.repository.KeyValueRepository
2026-03-24 17:39:31 [main] INFO  org.springframework.data.repository.config.RepositoryConfigurationDelegate - Finished Spring Data repository scanning in 6 ms. Found 0 Redis repository interfaces.
2026-03-24 17:39:31 [main] INFO  org.springframework.boot.tomcat.TomcatWebServer - Tomcat initialized with port 8080 (http)
2026-03-24 17:39:31 [main] INFO  org.apache.coyote.http11.Http11NioProtocol - Initializing ProtocolHandler ["http-nio-8080"]
2026-03-24 17:39:31 [main] INFO  org.apache.catalina.core.StandardService - Starting service [Tomcat]
2026-03-24 17:39:31 [main] INFO  org.apache.catalina.core.StandardEngine - Starting Servlet engine: [Apache Tomcat/11.0.18]
2026-03-24 17:39:31 [main] INFO  org.springframework.boot.web.context.servlet.WebApplicationContextInitializer - Root WebApplicationContext: initialization completed in 961 ms
2026-03-24 17:39:31 [main] INFO  org.mongodb.driver.client - MongoClient with metadata {"driver": {"name": "mongo-java-driver|spring-boot|sync", "version": "5.6.4"}, "os": {"type": "Windows", "name": "Windows 11", "architecture": "amd64", "version": "10.0"}, "platform": "Java/Oracle Corporation/21.0.7+8-LTS-245"} created with settings MongoClientSettings{readPreference=primary, writeConcern=WriteConcern{w=majority, wTimeout=null ms, journal=null}, retryWrites=true, retryReads=true, readConcern=ReadConcern{level=null}, credential=MongoCredential{mechanism=null, userName='root', source='admin', password=<hidden>, mechanismProperties=<hidden>}, transportSettings=null, commandListeners=[], codecRegistry=ProvidersCodecRegistry{codecProviders=[ValueCodecProvider{}, BsonValueCodecProvider{}, DBRefCodecProvider{}, DBObjectCodecProvider{}, DocumentCodecProvider{}, CollectionCodecProvider{}, IterableCodecProvider{}, MapCodecProvider{}, GeoJsonCodecProvider{}, GridFSFileCodecProvider{}, Jsr310CodecProvider{}, JsonObjectCodecProvider{}, BsonCodecProvider{}, com.mongodb.client.model.mql.ExpressionCodecProvider@5409dfdd, com.mongodb.Jep395RecordCodecProvider@45f9d394, com.mongodb.KotlinCodecProvider@1c2d63f0, EnumCodecProvider{}]}, loggerSettings=LoggerSettings{maxDocumentLength=1000}, clusterSettings={hosts=[127.0.0.1:27017], srvHost=cluster0.en0pykp.mongodb.net, srvServiceName=mongodb, mode=MULTIPLE, requiredClusterType=REPLICA_SET, requiredReplicaSetName='atlas-zt48hn-shard-0', serverSelector='null', clusterListeners='[]', serverSelectionTimeout='30000 ms', localThreshold='15 ms'}, socketSettings=SocketSettings{connectTimeoutMS=10000, readTimeoutMS=0, receiveBufferSize=0, proxySettings=ProxySettings{host=null, port=null, username=null, password=null}}, heartbeatSocketSettings=SocketSettings{connectTimeoutMS=10000, readTimeoutMS=10000, receiveBufferSize=0, proxySettings=ProxySettings{host=null, port=null, username=null, password=null}}, connectionPoolSettings=ConnectionPoolSettings{maxSize=100, minSize=0, maxWaitTimeMS=120000, maxConnectionLifeTimeMS=0, maxConnectionIdleTimeMS=0, maintenanceInitialDelayMS=0, maintenanceFrequencyMS=60000, connectionPoolListeners=[], maxConnecting=2}, serverSettings=ServerSettings{heartbeatFrequencyMS=10000, minHeartbeatFrequencyMS=500, serverMonitoringMode=AUTO, serverListeners='[]', serverMonitorListeners='[]'}, sslSettings=SslSettings{enabled=true, invalidHostNameAllowed=false, context=null}, applicationName='null', compressorList=[], uuidRepresentation=UNSPECIFIED, serverApi=null, autoEncryptionSettings=null, dnsClient=null, inetAddressResolver=null, contextProvider=null, timeoutMS=null}
2026-03-24 17:39:31 [cluster-ClusterId{value='69c27efba89f7ce343491ef0', description='null'}-srv-cluster0.en0pykp.mongodb.net] INFO  org.mongodb.driver.cluster - Adding discovered server ac-aoerbz6-shard-00-01.en0pykp.mongodb.net:27017 to client view of cluster
2026-03-24 17:39:31 [cluster-ClusterId{value='69c27efba89f7ce343491ef0', description='null'}-srv-cluster0.en0pykp.mongodb.net] INFO  org.mongodb.driver.cluster - Adding discovered server ac-aoerbz6-shard-00-00.en0pykp.mongodb.net:27017 to client view of cluster
2026-03-24 17:39:31 [cluster-ClusterId{value='69c27efba89f7ce343491ef0', description='null'}-srv-cluster0.en0pykp.mongodb.net] INFO  org.mongodb.driver.cluster - Adding discovered server ac-aoerbz6-shard-00-02.en0pykp.mongodb.net:27017 to client view of cluster
2026-03-24 17:39:32 [cluster-ClusterId{value='69c27efba89f7ce343491ef0', description='null'}-ac-aoerbz6-shard-00-01.en0pykp.mongodb.net:27017] INFO  org.mongodb.driver.cluster - Monitor thread successfully connected to server with description ServerDescription{address=ac-aoerbz6-shard-00-01.en0pykp.mongodb.net:27017, type=REPLICA_SET_SECONDARY, cryptd=false, state=CONNECTED, ok=true, minWireVersion=0, maxWireVersion=25, maxDocumentSize=16777216, logicalSessionTimeoutMinutes=30, roundTripTimeNanos=241632100, minRoundTripTimeNanos=0, setName='atlas-zt48hn-shard-0', canonicalAddress=ac-aoerbz6-shard-00-01.en0pykp.mongodb.net:27017, hosts=[ac-aoerbz6-shard-00-01.en0pykp.mongodb.net:27017, ac-aoerbz6-shard-00-00.en0pykp.mongodb.net:27017, ac-aoerbz6-shard-00-02.en0pykp.mongodb.net:27017], passives=[], arbiters=[], primary='ac-aoerbz6-shard-00-02.en0pykp.mongodb.net:27017', tagSet=TagSet{[Tag{name='availabilityZone', value='aps1-az3'}, Tag{name='diskState', value='READY'}, Tag{name='nodeType', value='ELECTABLE'}, Tag{name='provider', value='AWS'}, Tag{name='region', value='AP_SOUTH_1'}, Tag{name='workloadType', value='OPERATIONAL'}]}, electionId=null, setVersion=391, topologyVersion=TopologyVersion{processId=69b85ccb4b84e800f9f6512d, counter=3}, lastWriteDate=Tue Mar 24 17:39:31 IST 2026, lastUpdateTimeNanos=89267761027400}
2026-03-24 17:39:32 [cluster-ClusterId{value='69c27efba89f7ce343491ef0', description='null'}-ac-aoerbz6-shard-00-02.en0pykp.mongodb.net:27017] INFO  org.mongodb.driver.cluster - Monitor thread successfully connected to server with description ServerDescription{address=ac-aoerbz6-shard-00-02.en0pykp.mongodb.net:27017, type=REPLICA_SET_PRIMARY, cryptd=false, state=CONNECTED, ok=true, minWireVersion=0, maxWireVersion=25, maxDocumentSize=16777216, logicalSessionTimeoutMinutes=30, roundTripTimeNanos=244803900, minRoundTripTimeNanos=0, setName='atlas-zt48hn-shard-0', canonicalAddress=ac-aoerbz6-shard-00-02.en0pykp.mongodb.net:27017, hosts=[ac-aoerbz6-shard-00-01.en0pykp.mongodb.net:27017, ac-aoerbz6-shard-00-00.en0pykp.mongodb.net:27017, ac-aoerbz6-shard-00-02.en0pykp.mongodb.net:27017], passives=[], arbiters=[], primary='ac-aoerbz6-shard-00-02.en0pykp.mongodb.net:27017', tagSet=TagSet{[Tag{name='availabilityZone', value='aps1-az2'}, Tag{name='diskState', value='READY'}, Tag{name='nodeType', value='ELECTABLE'}, Tag{name='provider', value='AWS'}, Tag{name='region', value='AP_SOUTH_1'}, Tag{name='workloadType', value='OPERATIONAL'}]}, electionId=7fffffff0000000000000156, setVersion=391, topologyVersion=TopologyVersion{processId=69b859a89b4f2018f8b26ac6, counter=6}, lastWriteDate=Tue Mar 24 17:39:31 IST 2026, lastUpdateTimeNanos=89267761027400}
2026-03-24 17:39:32 [cluster-ClusterId{value='69c27efba89f7ce343491ef0', description='null'}-ac-aoerbz6-shard-00-00.en0pykp.mongodb.net:27017] INFO  org.mongodb.driver.cluster - Monitor thread successfully connected to server with description ServerDescription{address=ac-aoerbz6-shard-00-00.en0pykp.mongodb.net:27017, type=REPLICA_SET_SECONDARY, cryptd=false, state=CONNECTED, ok=true, minWireVersion=0, maxWireVersion=25, maxDocumentSize=16777216, logicalSessionTimeoutMinutes=30, roundTripTimeNanos=244482100, minRoundTripTimeNanos=0, setName='atlas-zt48hn-shard-0', canonicalAddress=ac-aoerbz6-shard-00-00.en0pykp.mongodb.net:27017, hosts=[ac-aoerbz6-shard-00-01.en0pykp.mongodb.net:27017, ac-aoerbz6-shard-00-00.en0pykp.mongodb.net:27017, ac-aoerbz6-shard-00-02.en0pykp.mongodb.net:27017], passives=[], arbiters=[], primary='ac-aoerbz6-shard-00-02.en0pykp.mongodb.net:27017', tagSet=TagSet{[Tag{name='availabilityZone', value='aps1-az1'}, Tag{name='diskState', value='READY'}, Tag{name='nodeType', value='ELECTABLE'}, Tag{name='provider', value='AWS'}, Tag{name='region', value='AP_SOUTH_1'}, Tag{name='workloadType', value='OPERATIONAL'}]}, electionId=null, setVersion=391, topologyVersion=TopologyVersion{processId=69b855abb14686967b76fdd6, counter=4}, lastWriteDate=Tue Mar 24 17:39:31 IST 2026, lastUpdateTimeNanos=89267761027300}
2026-03-24 17:39:32 [cluster-ClusterId{value='69c27efba89f7ce343491ef0', description='null'}-ac-aoerbz6-shard-00-02.en0pykp.mongodb.net:27017] INFO  org.mongodb.driver.cluster - Discovered replica set primary ac-aoerbz6-shard-00-02.en0pykp.mongodb.net:27017 with max election id 7fffffff0000000000000156 and max set version 391
2026-03-24 17:39:32 [main] WARN  com.password4j.PropertyReader - bcrypt minor version is not defined. Default value is used (b). Please set property hash.bcrypt.minor in your psw4j.properties file.
2026-03-24 17:39:32 [main] WARN  com.password4j.PropertyReader - bcrypt rounds are not defined. Default value is used (10). Please set property hash.bcrypt.rounds in your psw4j.properties file.
2026-03-24 17:39:32 [main] INFO  org.springframework.security.config.annotation.authentication.configuration.InitializeUserDetailsBeanManagerConfigurer$InitializeUserDetailsManagerConfigurer - Global AuthenticationManager configured with UserDetailsService bean with name userDetailsImpl
2026-03-24 17:39:32 [main] INFO  org.apache.coyote.http11.Http11NioProtocol - Starting ProtocolHandler ["http-nio-8080"]
2026-03-24 17:39:33 [main] INFO  org.springframework.boot.tomcat.TomcatWebServer - Tomcat started on port 8080 (http) with context path '/'
2026-03-24 17:39:33 [main] INFO  com.example.BookingApplication.BookingApplication - Started BookingApplication in 2.522 seconds (process running for 3.189)
2026-03-24 17:39:38 [http-nio-8080-exec-1] INFO  org.apache.catalina.core.ContainerBase.[Tomcat].[localhost].[/] - Initializing Spring DispatcherServlet 'dispatcherServlet'
2026-03-24 17:39:38 [http-nio-8080-exec-1] INFO  org.springframework.web.servlet.DispatcherServlet - Initializing Servlet 'dispatcherServlet'
2026-03-24 17:39:38 [http-nio-8080-exec-1] INFO  org.springframework.web.servlet.DispatcherServlet - Completed initialization in 1 ms
2026-03-24 17:39:38 [http-nio-8080-exec-1] WARN  org.springframework.web.servlet.handler.HandlerMappingIntrospector - Cache miss for REQUEST dispatch to '/Booking/new' (previous null). Performing CorsConfiguration lookup. This is logged once only at WARN level, and every time at TRACE.
2026-03-24 17:43:58 [SpringApplicationShutdownHook] INFO  org.springframework.boot.tomcat.GracefulShutdown - Commencing graceful shutdown. Waiting for active requests to complete
2026-03-24 17:43:58 [tomcat-shutdown] INFO  org.springframework.boot.tomcat.GracefulShutdown - Graceful shutdown complete
2026-03-24 18:19:40 [main] INFO  com.example.BookingApplication.BookingApplication - Starting BookingApplication using Java 21.0.7 with PID 35744 (C:\Users\ADMIN\Downloads\BookingApplication\BookingApplication\target\classes started by ADMIN in C:\Users\ADMIN\Downloads\BookingApplication)
2026-03-24 18:19:40 [main] INFO  com.example.BookingApplication.BookingApplication - No active profile set, falling back to 1 default profile: "default"
2026-03-24 18:19:40 [main] INFO  org.springframework.data.repository.config.RepositoryConfigurationDelegate - Multiple Spring Data modules found, entering strict repository configuration mode
2026-03-24 18:19:40 [main] INFO  org.springframework.data.repository.config.RepositoryConfigurationDelegate - Bootstrapping Spring Data MongoDB repositories in DEFAULT mode.
2026-03-24 18:19:40 [main] INFO  org.springframework.data.repository.config.RepositoryConfigurationDelegate - Finished Spring Data repository scanning in 92 ms. Found 3 MongoDB repository interfaces.
2026-03-24 18:19:40 [main] INFO  org.springframework.data.repository.config.RepositoryConfigurationDelegate - Multiple Spring Data modules found, entering strict repository configuration mode
2026-03-24 18:19:40 [main] INFO  org.springframework.data.repository.config.RepositoryConfigurationDelegate - Bootstrapping Spring Data Redis repositories in DEFAULT mode.
2026-03-24 18:19:40 [main] INFO  org.springframework.data.repository.config.RepositoryConfigurationExtensionSupport - Spring Data Redis - Could not safely identify store assignment for repository candidate interface com.example.BookingApplication.Repositories.BookingsRepository; If you want this repository to be a Redis repository, consider annotating your entities with one of these annotations: org.springframework.data.redis.core.RedisHash (preferred), or consider extending one of the following types with your repository: org.springframework.data.keyvalue.repository.KeyValueRepository
2026-03-24 18:19:40 [main] INFO  org.springframework.data.repository.config.RepositoryConfigurationExtensionSupport - Spring Data Redis - Could not safely identify store assignment for repository candidate interface com.example.BookingApplication.Repositories.StudioRepository; If you want this repository to be a Redis repository, consider annotating your entities with one of these annotations: org.springframework.data.redis.core.RedisHash (preferred), or consider extending one of the following types with your repository: org.springframework.data.keyvalue.repository.KeyValueRepository
2026-03-24 18:19:40 [main] INFO  org.springframework.data.repository.config.RepositoryConfigurationExtensionSupport - Spring Data Redis - Could not safely identify store assignment for repository candidate interface com.example.BookingApplication.Repositories.UserRepository; If you want this repository to be a Redis repository, consider annotating your entities with one of these annotations: org.springframework.data.redis.core.RedisHash (preferred), or consider extending one of the following types with your repository: org.springframework.data.keyvalue.repository.KeyValueRepository
2026-03-24 18:19:40 [main] INFO  org.springframework.data.repository.config.RepositoryConfigurationDelegate - Finished Spring Data repository scanning in 6 ms. Found 0 Redis repository interfaces.
2026-03-24 18:19:41 [main] INFO  org.springframework.boot.tomcat.TomcatWebServer - Tomcat initialized with port 8080 (http)
2026-03-24 18:19:41 [main] INFO  org.apache.coyote.http11.Http11NioProtocol - Initializing ProtocolHandler ["http-nio-8080"]
2026-03-24 18:19:41 [main] INFO  org.apache.catalina.core.StandardService - Starting service [Tomcat]
2026-03-24 18:19:41 [main] INFO  org.apache.catalina.core.StandardEngine - Starting Servlet engine: [Apache Tomcat/11.0.18]
2026-03-24 18:19:41 [main] INFO  org.springframework.boot.web.context.servlet.WebApplicationContextInitializer - Root WebApplicationContext: initialization completed in 1077 ms
2026-03-24 18:19:41 [main] INFO  org.mongodb.driver.client - MongoClient with metadata {"driver": {"name": "mongo-java-driver|spring-boot|sync", "version": "5.6.4"}, "os": {"type": "Windows", "name": "Windows 11", "architecture": "amd64", "version": "10.0"}, "platform": "Java/Oracle Corporation/21.0.7+8-LTS-245"} created with settings MongoClientSettings{readPreference=primary, writeConcern=WriteConcern{w=majority, wTimeout=null ms, journal=null}, retryWrites=true, retryReads=true, readConcern=ReadConcern{level=null}, credential=MongoCredential{mechanism=null, userName='root', source='admin', password=<hidden>, mechanismProperties=<hidden>}, transportSettings=null, commandListeners=[], codecRegistry=ProvidersCodecRegistry{codecProviders=[ValueCodecProvider{}, BsonValueCodecProvider{}, DBRefCodecProvider{}, DBObjectCodecProvider{}, DocumentCodecProvider{}, CollectionCodecProvider{}, IterableCodecProvider{}, MapCodecProvider{}, GeoJsonCodecProvider{}, GridFSFileCodecProvider{}, Jsr310CodecProvider{}, JsonObjectCodecProvider{}, BsonCodecProvider{}, com.mongodb.client.model.mql.ExpressionCodecProvider@40faff12, com.mongodb.Jep395RecordCodecProvider@734fbae3, com.mongodb.KotlinCodecProvider@223967ea, EnumCodecProvider{}]}, loggerSettings=LoggerSettings{maxDocumentLength=1000}, clusterSettings={hosts=[127.0.0.1:27017], srvHost=cluster0.en0pykp.mongodb.net, srvServiceName=mongodb, mode=MULTIPLE, requiredClusterType=REPLICA_SET, requiredReplicaSetName='atlas-zt48hn-shard-0', serverSelector='null', clusterListeners='[]', serverSelectionTimeout='30000 ms', localThreshold='15 ms'}, socketSettings=SocketSettings{connectTimeoutMS=10000, readTimeoutMS=0, receiveBufferSize=0, proxySettings=ProxySettings{host=null, port=null, username=null, password=null}}, heartbeatSocketSettings=SocketSettings{connectTimeoutMS=10000, readTimeoutMS=10000, receiveBufferSize=0, proxySettings=ProxySettings{host=null, port=null, username=null, password=null}}, connectionPoolSettings=ConnectionPoolSettings{maxSize=100, minSize=0, maxWaitTimeMS=120000, maxConnectionLifeTimeMS=0, maxConnectionIdleTimeMS=0, maintenanceInitialDelayMS=0, maintenanceFrequencyMS=60000, connectionPoolListeners=[], maxConnecting=2}, serverSettings=ServerSettings{heartbeatFrequencyMS=10000, minHeartbeatFrequencyMS=500, serverMonitoringMode=AUTO, serverListeners='[]', serverMonitorListeners='[]'}, sslSettings=SslSettings{enabled=true, invalidHostNameAllowed=false, context=null}, applicationName='null', compressorList=[], uuidRepresentation=UNSPECIFIED, serverApi=null, autoEncryptionSettings=null, dnsClient=null, inetAddressResolver=null, contextProvider=null, timeoutMS=null}
2026-03-24 18:19:41 [cluster-ClusterId{value='69c28865db7744542abd9174', description='null'}-srv-cluster0.en0pykp.mongodb.net] INFO  org.mongodb.driver.cluster - Adding discovered server ac-aoerbz6-shard-00-01.en0pykp.mongodb.net:27017 to client view of cluster
2026-03-24 18:19:41 [cluster-ClusterId{value='69c28865db7744542abd9174', description='null'}-srv-cluster0.en0pykp.mongodb.net] INFO  org.mongodb.driver.cluster - Adding discovered server ac-aoerbz6-shard-00-00.en0pykp.mongodb.net:27017 to client view of cluster
2026-03-24 18:19:41 [cluster-ClusterId{value='69c28865db7744542abd9174', description='null'}-srv-cluster0.en0pykp.mongodb.net] INFO  org.mongodb.driver.cluster - Adding discovered server ac-aoerbz6-shard-00-02.en0pykp.mongodb.net:27017 to client view of cluster
2026-03-24 18:19:41 [cluster-ClusterId{value='69c28865db7744542abd9174', description='null'}-ac-aoerbz6-shard-00-00.en0pykp.mongodb.net:27017] INFO  org.mongodb.driver.cluster - Monitor thread successfully connected to server with description ServerDescription{address=ac-aoerbz6-shard-00-00.en0pykp.mongodb.net:27017, type=REPLICA_SET_SECONDARY, cryptd=false, state=CONNECTED, ok=true, minWireVersion=0, maxWireVersion=25, maxDocumentSize=16777216, logicalSessionTimeoutMinutes=30, roundTripTimeNanos=302019500, minRoundTripTimeNanos=0, setName='atlas-zt48hn-shard-0', canonicalAddress=ac-aoerbz6-shard-00-00.en0pykp.mongodb.net:27017, hosts=[ac-aoerbz6-shard-00-01.en0pykp.mongodb.net:27017, ac-aoerbz6-shard-00-00.en0pykp.mongodb.net:27017, ac-aoerbz6-shard-00-02.en0pykp.mongodb.net:27017], passives=[], arbiters=[], primary='ac-aoerbz6-shard-00-02.en0pykp.mongodb.net:27017', tagSet=TagSet{[Tag{name='availabilityZone', value='aps1-az1'}, Tag{name='diskState', value='READY'}, Tag{name='nodeType', value='ELECTABLE'}, Tag{name='provider', value='AWS'}, Tag{name='region', value='AP_SOUTH_1'}, Tag{name='workloadType', value='OPERATIONAL'}]}, electionId=null, setVersion=391, topologyVersion=TopologyVersion{processId=69b855abb14686967b76fdd6, counter=4}, lastWriteDate=Tue Mar 24 18:19:41 IST 2026, lastUpdateTimeNanos=91677570915200}
2026-03-24 18:19:41 [cluster-ClusterId{value='69c28865db7744542abd9174', description='null'}-ac-aoerbz6-shard-00-01.en0pykp.mongodb.net:27017] INFO  org.mongodb.driver.cluster - Monitor thread successfully connected to server with description ServerDescription{address=ac-aoerbz6-shard-00-01.en0pykp.mongodb.net:27017, type=REPLICA_SET_SECONDARY, cryptd=false, state=CONNECTED, ok=true, minWireVersion=0, maxWireVersion=25, maxDocumentSize=16777216, logicalSessionTimeoutMinutes=30, roundTripTimeNanos=304294700, minRoundTripTimeNanos=0, setName='atlas-zt48hn-shard-0', canonicalAddress=ac-aoerbz6-shard-00-01.en0pykp.mongodb.net:27017, hosts=[ac-aoerbz6-shard-00-01.en0pykp.mongodb.net:27017, ac-aoerbz6-shard-00-00.en0pykp.mongodb.net:27017, ac-aoerbz6-shard-00-02.en0pykp.mongodb.net:27017], passives=[], arbiters=[], primary='ac-aoerbz6-shard-00-02.en0pykp.mongodb.net:27017', tagSet=TagSet{[Tag{name='availabilityZone', value='aps1-az3'}, Tag{name='diskState', value='READY'}, Tag{name='nodeType', value='ELECTABLE'}, Tag{name='provider', value='AWS'}, Tag{name='region', value='AP_SOUTH_1'}, Tag{name='workloadType', value='OPERATIONAL'}]}, electionId=null, setVersion=391, topologyVersion=TopologyVersion{processId=69b85ccb4b84e800f9f6512d, counter=3}, lastWriteDate=Tue Mar 24 18:19:41 IST 2026, lastUpdateTimeNanos=91677570915300}
2026-03-24 18:19:41 [cluster-ClusterId{value='69c28865db7744542abd9174', description='null'}-ac-aoerbz6-shard-00-02.en0pykp.mongodb.net:27017] INFO  org.mongodb.driver.cluster - Monitor thread successfully connected to server with description ServerDescription{address=ac-aoerbz6-shard-00-02.en0pykp.mongodb.net:27017, type=REPLICA_SET_PRIMARY, cryptd=false, state=CONNECTED, ok=true, minWireVersion=0, maxWireVersion=25, maxDocumentSize=16777216, logicalSessionTimeoutMinutes=30, roundTripTimeNanos=261824000, minRoundTripTimeNanos=0, setName='atlas-zt48hn-shard-0', canonicalAddress=ac-aoerbz6-shard-00-02.en0pykp.mongodb.net:27017, hosts=[ac-aoerbz6-shard-00-01.en0pykp.mongodb.net:27017, ac-aoerbz6-shard-00-00.en0pykp.mongodb.net:27017, ac-aoerbz6-shard-00-02.en0pykp.mongodb.net:27017], passives=[], arbiters=[], primary='ac-aoerbz6-shard-00-02.en0pykp.mongodb.net:27017', tagSet=TagSet{[Tag{name='availabilityZone', value='aps1-az2'}, Tag{name='diskState', value='READY'}, Tag{name='nodeType', value='ELECTABLE'}, Tag{name='provider', value='AWS'}, Tag{name='region', value='AP_SOUTH_1'}, Tag{name='workloadType', value='OPERATIONAL'}]}, electionId=7fffffff0000000000000156, setVersion=391, topologyVersion=TopologyVersion{processId=69b859a89b4f2018f8b26ac6, counter=6}, lastWriteDate=Tue Mar 24 18:19:41 IST 2026, lastUpdateTimeNanos=91677570915300}
2026-03-24 18:19:41 [cluster-ClusterId{value='69c28865db7744542abd9174', description='null'}-ac-aoerbz6-shard-00-02.en0pykp.mongodb.net:27017] INFO  org.mongodb.driver.cluster - Discovered replica set primary ac-aoerbz6-shard-00-02.en0pykp.mongodb.net:27017 with max election id 7fffffff0000000000000156 and max set version 391
2026-03-24 18:19:42 [main] WARN  com.password4j.PropertyReader - bcrypt minor version is not defined. Default value is used (b). Please set property hash.bcrypt.minor in your psw4j.properties file.
2026-03-24 18:19:42 [main] WARN  com.password4j.PropertyReader - bcrypt rounds are not defined. Default value is used (10). Please set property hash.bcrypt.rounds in your psw4j.properties file.
2026-03-24 18:19:42 [main] INFO  org.springframework.security.config.annotation.authentication.configuration.InitializeUserDetailsBeanManagerConfigurer$InitializeUserDetailsManagerConfigurer - Global AuthenticationManager configured with UserDetailsService bean with name userDetailsImpl
2026-03-24 18:19:42 [main] INFO  org.apache.coyote.http11.Http11NioProtocol - Starting ProtocolHandler ["http-nio-8080"]
2026-03-24 18:19:42 [main] INFO  org.springframework.boot.tomcat.TomcatWebServer - Tomcat started on port 8080 (http) with context path '/'
2026-03-24 18:19:42 [main] INFO  com.example.BookingApplication.BookingApplication - Started BookingApplication in 3.015 seconds (process running for 4.183)
2026-03-24 18:20:03 [http-nio-8080-exec-1] INFO  org.apache.catalina.core.ContainerBase.[Tomcat].[localhost].[/] - Initializing Spring DispatcherServlet 'dispatcherServlet'
2026-03-24 18:20:03 [http-nio-8080-exec-1] INFO  org.springframework.web.servlet.DispatcherServlet - Initializing Servlet 'dispatcherServlet'
2026-03-24 18:20:03 [http-nio-8080-exec-1] INFO  org.springframework.web.servlet.DispatcherServlet - Completed initialization in 1 ms
2026-03-24 18:20:03 [http-nio-8080-exec-1] WARN  org.springframework.web.servlet.handler.HandlerMappingIntrospector - Cache miss for REQUEST dispatch to '/Booking/new' (previous null). Performing CorsConfiguration lookup. This is logged once only at WARN level, and every time at TRACE.
2026-03-24 18:20:03 [http-nio-8080-exec-3] ERROR org.apache.catalina.core.ContainerBase.[Tomcat].[localhost].[/].[dispatcherServlet] - Servlet.service() for servlet [dispatcherServlet] in context with path [] threw exception
io.jsonwebtoken.ExpiredJwtException: JWT expired 296555 milliseconds ago at 2026-03-24T12:45:07.000Z. Current time: 2026-03-24T12:50:03.555Z. Allowed clock skew: 0 milliseconds.
	at io.jsonwebtoken.impl.DefaultJwtParser.parse(DefaultJwtParser.java:688)
	at io.jsonwebtoken.impl.DefaultJwtParser.parse(DefaultJwtParser.java:364)
	at io.jsonwebtoken.impl.DefaultJwtParser.parse(DefaultJwtParser.java:94)
	at io.jsonwebtoken.impl.io.AbstractParser.parse(AbstractParser.java:36)
	at io.jsonwebtoken.impl.io.AbstractParser.parse(AbstractParser.java:29)
	at io.jsonwebtoken.impl.DefaultJwtParser.parseSignedClaims(DefaultJwtParser.java:827)
	at com.example.BookingApplication.JwtUtil.Jwtutil.Extractallclaims(Jwtutil.java:49)
	at com.example.BookingApplication.JwtUtil.Jwtutil.Extractusername(Jwtutil.java:53)
	at com.example.BookingApplication.Filter.Filterjwt.doFilterInternal(Filterjwt.java:37)
	at org.springframework.web.filter.OncePerRequestFilter.doFilter(OncePerRequestFilter.java:116)
	at org.springframework.security.web.FilterChainProxy$VirtualFilterChain.doFilter(FilterChainProxy.java:380)
	at org.springframework.security.web.authentication.logout.LogoutFilter.doFilter(LogoutFilter.java:110)
	at org.springframework.security.web.authentication.logout.LogoutFilter.doFilter(LogoutFilter.java:96)
	at org.springframework.security.web.FilterChainProxy$VirtualFilterChain.doFilter(FilterChainProxy.java:380)
	at org.springframework.web.filter.CorsFilter.doFilterInternal(CorsFilter.java:91)
	at org.springframework.web.filter.OncePerRequestFilter.doFilter(OncePerRequestFilter.java:116)
	at org.springframework.security.web.FilterChainProxy$VirtualFilterChain.doFilter(FilterChainProxy.java:380)
	at org.springframework.security.web.header.HeaderWriterFilter.doHeadersAfter(HeaderWriterFilter.java:90)
	at org.springframework.security.web.header.HeaderWriterFilter.doFilterInternal(HeaderWriterFilter.java:75)
	at org.springframework.web.filter.OncePerRequestFilter.doFilter(OncePerRequestFilter.java:116)
	at org.springframework.security.web.FilterChainProxy$VirtualFilterChain.doFilter(FilterChainProxy.java:380)
	at org.springframework.security.web.context.SecurityContextHolderFilter.doFilter(SecurityContextHolderFilter.java:82)
	at org.springframework.security.web.context.SecurityContextHolderFilter.doFilter(SecurityContextHolderFilter.java:69)
	at org.springframework.security.web.FilterChainProxy$VirtualFilterChain.doFilter(FilterChainProxy.java:380)
	at org.springframework.security.web.context.request.async.WebAsyncManagerIntegrationFilter.doFilterInternal(WebAsyncManagerIntegrationFilter.java:62)
	at org.springframework.web.filter.OncePerRequestFilter.doFilter(OncePerRequestFilter.java:116)
	at org.springframework.security.web.FilterChainProxy$VirtualFilterChain.doFilter(FilterChainProxy.java:380)
	at org.springframework.security.web.session.DisableEncodeUrlFilter.doFilterInternal(DisableEncodeUrlFilter.java:42)
	at org.springframework.web.filter.OncePerRequestFilter.doFilter(OncePerRequestFilter.java:116)
	at org.springframework.security.web.FilterChainProxy$VirtualFilterChain.doFilter(FilterChainProxy.java:380)
	at org.springframework.security.web.FilterChainProxy.doFilterInternal(FilterChainProxy.java:237)
	at org.springframework.security.web.FilterChainProxy.doFilter(FilterChainProxy.java:195)
	at org.springframework.web.filter.CompositeFilter$VirtualFilterChain.doFilter(CompositeFilter.java:113)
	at org.springframework.web.filter.ServletRequestPathFilter.doFilter(ServletRequestPathFilter.java:52)
	at org.springframework.web.filter.CompositeFilter$VirtualFilterChain.doFilter(CompositeFilter.java:113)
	at org.springframework.web.filter.CompositeFilter.doFilter(CompositeFilter.java:74)
	at org.springframework.security.config.annotation.web.configuration.WebSecurityConfiguration$CompositeFilterChainProxy.doFilter(WebSecurityConfiguration.java:317)
	at org.springframework.web.filter.DelegatingFilterProxy.invokeDelegate(DelegatingFilterProxy.java:355)
	at org.springframework.web.filter.DelegatingFilterProxy.doFilter(DelegatingFilterProxy.java:272)
	at org.apache.catalina.core.ApplicationFilterChain.doFilter(ApplicationFilterChain.java:107)
	at org.springframework.web.filter.RequestContextFilter.doFilterInternal(RequestContextFilter.java:100)
	at org.springframework.web.filter.OncePerRequestFilter.doFilter(OncePerRequestFilter.java:116)
	at org.apache.catalina.core.ApplicationFilterChain.doFilter(ApplicationFilterChain.java:107)
	at org.springframework.web.filter.FormContentFilter.doFilterInternal(FormContentFilter.java:93)
	at org.springframework.web.filter.OncePerRequestFilter.doFilter(OncePerRequestFilter.java:116)
	at org.apache.catalina.core.ApplicationFilterChain.doFilter(ApplicationFilterChain.java:107)
	at org.springframework.web.filter.CharacterEncodingFilter.doFilterInternal(CharacterEncodingFilter.java:199)
	at org.springframework.web.filter.OncePerRequestFilter.doFilter(OncePerRequestFilter.java:116)
	at org.apache.catalina.core.ApplicationFilterChain.doFilter(ApplicationFilterChain.java:107)
	at org.apache.catalina.core.StandardWrapperValve.invoke(StandardWrapperValve.java:165)
	at org.apache.catalina.core.StandardContextValve.invoke(StandardContextValve.java:77)
	at org.apache.catalina.authenticator.AuthenticatorBase.invoke(AuthenticatorBase.java:492)
	at org.apache.catalina.core.StandardHostValve.invoke(StandardHostValve.java:113)
	at org.apache.catalina.valves.ErrorReportValve.invoke(ErrorReportValve.java:83)
	at org.apache.catalina.core.StandardEngineValve.invoke(StandardEngineValve.java:72)
	at org.apache.catalina.connector.CoyoteAdapter.service(CoyoteAdapter.java:341)
	at org.apache.coyote.http11.Http11Processor.service(Http11Processor.java:397)
	at org.apache.coyote.AbstractProcessorLight.process(AbstractProcessorLight.java:63)
	at org.apache.coyote.AbstractProtocol$ConnectionHandler.process(AbstractProtocol.java:903)
	at org.apache.tomcat.util.net.NioEndpoint$SocketProcessor.doRun(NioEndpoint.java:1779)
	at org.apache.tomcat.util.net.SocketProcessorBase.run(SocketProcessorBase.java:52)
	at org.apache.tomcat.util.threads.ThreadPoolExecutor.runWorker(ThreadPoolExecutor.java:946)
	at org.apache.tomcat.util.threads.ThreadPoolExecutor$Worker.run(ThreadPoolExecutor.java:480)
	at org.apache.tomcat.util.threads.TaskThread$WrappingRunnable.run(TaskThread.java:57)
	at java.base/java.lang.Thread.run(Thread.java:1583)
2026-03-24 18:20:28 [SpringApplicationShutdownHook] INFO  org.springframework.boot.tomcat.GracefulShutdown - Commencing graceful shutdown. Waiting for active requests to complete
2026-03-24 18:20:28 [tomcat-shutdown] INFO  org.springframework.boot.tomcat.GracefulShutdown - Graceful shutdown complete
2026-03-24 18:25:58 [main] INFO  com.example.BookingApplication.BookingApplication - Starting BookingApplication using Java 21.0.7 with PID 23520 (C:\Users\ADMIN\Downloads\BookingApplication\BookingApplication\target\classes started by ADMIN in C:\Users\ADMIN\Downloads\BookingApplication)
2026-03-24 18:25:58 [main] INFO  com.example.BookingApplication.BookingApplication - No active profile set, falling back to 1 default profile: "default"
2026-03-24 18:25:58 [main] INFO  org.springframework.data.repository.config.RepositoryConfigurationDelegate - Multiple Spring Data modules found, entering strict repository configuration mode
2026-03-24 18:25:58 [main] INFO  org.springframework.data.repository.config.RepositoryConfigurationDelegate - Bootstrapping Spring Data MongoDB repositories in DEFAULT mode.
2026-03-24 18:25:58 [main] INFO  org.springframework.data.repository.config.RepositoryConfigurationDelegate - Finished Spring Data repository scanning in 72 ms. Found 3 MongoDB repository interfaces.
2026-03-24 18:25:58 [main] INFO  org.springframework.data.repository.config.RepositoryConfigurationDelegate - Multiple Spring Data modules found, entering strict repository configuration mode
2026-03-24 18:25:58 [main] INFO  org.springframework.data.repository.config.RepositoryConfigurationDelegate - Bootstrapping Spring Data Redis repositories in DEFAULT mode.
2026-03-24 18:25:58 [main] INFO  org.springframework.data.repository.config.RepositoryConfigurationExtensionSupport - Spring Data Redis - Could not safely identify store assignment for repository candidate interface com.example.BookingApplication.Repositories.BookingsRepository; If you want this repository to be a Redis repository, consider annotating your entities with one of these annotations: org.springframework.data.redis.core.RedisHash (preferred), or consider extending one of the following types with your repository: org.springframework.data.keyvalue.repository.KeyValueRepository
2026-03-24 18:25:58 [main] INFO  org.springframework.data.repository.config.RepositoryConfigurationExtensionSupport - Spring Data Redis - Could not safely identify store assignment for repository candidate interface com.example.BookingApplication.Repositories.StudioRepository; If you want this repository to be a Redis repository, consider annotating your entities with one of these annotations: org.springframework.data.redis.core.RedisHash (preferred), or consider extending one of the following types with your repository: org.springframework.data.keyvalue.repository.KeyValueRepository
2026-03-24 18:25:58 [main] INFO  org.springframework.data.repository.config.RepositoryConfigurationExtensionSupport - Spring Data Redis - Could not safely identify store assignment for repository candidate interface com.example.BookingApplication.Repositories.UserRepository; If you want this repository to be a Redis repository, consider annotating your entities with one of these annotations: org.springframework.data.redis.core.RedisHash (preferred), or consider extending one of the following types with your repository: org.springframework.data.keyvalue.repository.KeyValueRepository
2026-03-24 18:25:58 [main] INFO  org.springframework.data.repository.config.RepositoryConfigurationDelegate - Finished Spring Data repository scanning in 5 ms. Found 0 Redis repository interfaces.
2026-03-24 18:25:58 [main] INFO  org.springframework.boot.tomcat.TomcatWebServer - Tomcat initialized with port 8080 (http)
2026-03-24 18:25:58 [main] INFO  org.apache.coyote.http11.Http11NioProtocol - Initializing ProtocolHandler ["http-nio-8080"]
2026-03-24 18:25:58 [main] INFO  org.apache.catalina.core.StandardService - Starting service [Tomcat]
2026-03-24 18:25:58 [main] INFO  org.apache.catalina.core.StandardEngine - Starting Servlet engine: [Apache Tomcat/11.0.18]
2026-03-24 18:25:59 [main] INFO  org.springframework.boot.web.context.servlet.WebApplicationContextInitializer - Root WebApplicationContext: initialization completed in 989 ms
2026-03-24 18:25:59 [main] INFO  org.mongodb.driver.client - MongoClient with metadata {"driver": {"name": "mongo-java-driver|spring-boot|sync", "version": "5.6.4"}, "os": {"type": "Windows", "name": "Windows 11", "architecture": "amd64", "version": "10.0"}, "platform": "Java/Oracle Corporation/21.0.7+8-LTS-245"} created with settings MongoClientSettings{readPreference=primary, writeConcern=WriteConcern{w=majority, wTimeout=null ms, journal=null}, retryWrites=true, retryReads=true, readConcern=ReadConcern{level=null}, credential=MongoCredential{mechanism=null, userName='root', source='admin', password=<hidden>, mechanismProperties=<hidden>}, transportSettings=null, commandListeners=[], codecRegistry=ProvidersCodecRegistry{codecProviders=[ValueCodecProvider{}, BsonValueCodecProvider{}, DBRefCodecProvider{}, DBObjectCodecProvider{}, DocumentCodecProvider{}, CollectionCodecProvider{}, IterableCodecProvider{}, MapCodecProvider{}, GeoJsonCodecProvider{}, GridFSFileCodecProvider{}, Jsr310CodecProvider{}, JsonObjectCodecProvider{}, BsonCodecProvider{}, com.mongodb.client.model.mql.ExpressionCodecProvider@d36c1c3, com.mongodb.Jep395RecordCodecProvider@96abc76, com.mongodb.KotlinCodecProvider@4d69d288, EnumCodecProvider{}]}, loggerSettings=LoggerSettings{maxDocumentLength=1000}, clusterSettings={hosts=[127.0.0.1:27017], srvHost=cluster0.en0pykp.mongodb.net, srvServiceName=mongodb, mode=MULTIPLE, requiredClusterType=REPLICA_SET, requiredReplicaSetName='atlas-zt48hn-shard-0', serverSelector='null', clusterListeners='[]', serverSelectionTimeout='30000 ms', localThreshold='15 ms'}, socketSettings=SocketSettings{connectTimeoutMS=10000, readTimeoutMS=0, receiveBufferSize=0, proxySettings=ProxySettings{host=null, port=null, username=null, password=null}}, heartbeatSocketSettings=SocketSettings{connectTimeoutMS=10000, readTimeoutMS=10000, receiveBufferSize=0, proxySettings=ProxySettings{host=null, port=null, username=null, password=null}}, connectionPoolSettings=ConnectionPoolSettings{maxSize=100, minSize=0, maxWaitTimeMS=120000, maxConnectionLifeTimeMS=0, maxConnectionIdleTimeMS=0, maintenanceInitialDelayMS=0, maintenanceFrequencyMS=60000, connectionPoolListeners=[], maxConnecting=2}, serverSettings=ServerSettings{heartbeatFrequencyMS=10000, minHeartbeatFrequencyMS=500, serverMonitoringMode=AUTO, serverListeners='[]', serverMonitorListeners='[]'}, sslSettings=SslSettings{enabled=true, invalidHostNameAllowed=false, context=null}, applicationName='null', compressorList=[], uuidRepresentation=UNSPECIFIED, serverApi=null, autoEncryptionSettings=null, dnsClient=null, inetAddressResolver=null, contextProvider=null, timeoutMS=null}
2026-03-24 18:25:59 [cluster-ClusterId{value='69c289df7134306b2408ae2b', description='null'}-srv-cluster0.en0pykp.mongodb.net] INFO  org.mongodb.driver.cluster - Adding discovered server ac-aoerbz6-shard-00-01.en0pykp.mongodb.net:27017 to client view of cluster
2026-03-24 18:25:59 [cluster-ClusterId{value='69c289df7134306b2408ae2b', description='null'}-srv-cluster0.en0pykp.mongodb.net] INFO  org.mongodb.driver.cluster - Adding discovered server ac-aoerbz6-shard-00-00.en0pykp.mongodb.net:27017 to client view of cluster
2026-03-24 18:25:59 [cluster-ClusterId{value='69c289df7134306b2408ae2b', description='null'}-srv-cluster0.en0pykp.mongodb.net] INFO  org.mongodb.driver.cluster - Adding discovered server ac-aoerbz6-shard-00-02.en0pykp.mongodb.net:27017 to client view of cluster
2026-03-24 18:25:59 [cluster-ClusterId{value='69c289df7134306b2408ae2b', description='null'}-ac-aoerbz6-shard-00-00.en0pykp.mongodb.net:27017] INFO  org.mongodb.driver.cluster - Monitor thread successfully connected to server with description ServerDescription{address=ac-aoerbz6-shard-00-00.en0pykp.mongodb.net:27017, type=REPLICA_SET_SECONDARY, cryptd=false, state=CONNECTED, ok=true, minWireVersion=0, maxWireVersion=25, maxDocumentSize=16777216, logicalSessionTimeoutMinutes=30, roundTripTimeNanos=230028900, minRoundTripTimeNanos=0, setName='atlas-zt48hn-shard-0', canonicalAddress=ac-aoerbz6-shard-00-00.en0pykp.mongodb.net:27017, hosts=[ac-aoerbz6-shard-00-01.en0pykp.mongodb.net:27017, ac-aoerbz6-shard-00-00.en0pykp.mongodb.net:27017, ac-aoerbz6-shard-00-02.en0pykp.mongodb.net:27017], passives=[], arbiters=[], primary='ac-aoerbz6-shard-00-02.en0pykp.mongodb.net:27017', tagSet=TagSet{[Tag{name='availabilityZone', value='aps1-az1'}, Tag{name='diskState', value='READY'}, Tag{name='nodeType', value='ELECTABLE'}, Tag{name='provider', value='AWS'}, Tag{name='region', value='AP_SOUTH_1'}, Tag{name='workloadType', value='OPERATIONAL'}]}, electionId=null, setVersion=391, topologyVersion=TopologyVersion{processId=69b855abb14686967b76fdd6, counter=4}, lastWriteDate=Tue Mar 24 18:25:59 IST 2026, lastUpdateTimeNanos=92055288141100}
2026-03-24 18:25:59 [cluster-ClusterId{value='69c289df7134306b2408ae2b', description='null'}-ac-aoerbz6-shard-00-01.en0pykp.mongodb.net:27017] INFO  org.mongodb.driver.cluster - Monitor thread successfully connected to server with description ServerDescription{address=ac-aoerbz6-shard-00-01.en0pykp.mongodb.net:27017, type=REPLICA_SET_SECONDARY, cryptd=false, state=CONNECTED, ok=true, minWireVersion=0, maxWireVersion=25, maxDocumentSize=16777216, logicalSessionTimeoutMinutes=30, roundTripTimeNanos=233408100, minRoundTripTimeNanos=0, setName='atlas-zt48hn-shard-0', canonicalAddress=ac-aoerbz6-shard-00-01.en0pykp.mongodb.net:27017, hosts=[ac-aoerbz6-shard-00-01.en0pykp.mongodb.net:27017, ac-aoerbz6-shard-00-00.en0pykp.mongodb.net:27017, ac-aoerbz6-shard-00-02.en0pykp.mongodb.net:27017], passives=[], arbiters=[], primary='ac-aoerbz6-shard-00-02.en0pykp.mongodb.net:27017', tagSet=TagSet{[Tag{name='availabilityZone', value='aps1-az3'}, Tag{name='diskState', value='READY'}, Tag{name='nodeType', value='ELECTABLE'}, Tag{name='provider', value='AWS'}, Tag{name='region', value='AP_SOUTH_1'}, Tag{name='workloadType', value='OPERATIONAL'}]}, electionId=null, setVersion=391, topologyVersion=TopologyVersion{processId=69b85ccb4b84e800f9f6512d, counter=3}, lastWriteDate=Tue Mar 24 18:25:59 IST 2026, lastUpdateTimeNanos=92055290484100}
2026-03-24 18:25:59 [cluster-ClusterId{value='69c289df7134306b2408ae2b', description='null'}-ac-aoerbz6-shard-00-02.en0pykp.mongodb.net:27017] INFO  org.mongodb.driver.cluster - Monitor thread successfully connected to server with description ServerDescription{address=ac-aoerbz6-shard-00-02.en0pykp.mongodb.net:27017, type=REPLICA_SET_PRIMARY, cryptd=false, state=CONNECTED, ok=true, minWireVersion=0, maxWireVersion=25, maxDocumentSize=16777216, logicalSessionTimeoutMinutes=30, roundTripTimeNanos=230713000, minRoundTripTimeNanos=0, setName='atlas-zt48hn-shard-0', canonicalAddress=ac-aoerbz6-shard-00-02.en0pykp.mongodb.net:27017, hosts=[ac-aoerbz6-shard-00-01.en0pykp.mongodb.net:27017, ac-aoerbz6-shard-00-00.en0pykp.mongodb.net:27017, ac-aoerbz6-shard-00-02.en0pykp.mongodb.net:27017], passives=[], arbiters=[], primary='ac-aoerbz6-shard-00-02.en0pykp.mongodb.net:27017', tagSet=TagSet{[Tag{name='availabilityZone', value='aps1-az2'}, Tag{name='diskState', value='READY'}, Tag{name='nodeType', value='ELECTABLE'}, Tag{name='provider', value='AWS'}, Tag{name='region', value='AP_SOUTH_1'}, Tag{name='workloadType', value='OPERATIONAL'}]}, electionId=7fffffff0000000000000156, setVersion=391, topologyVersion=TopologyVersion{processId=69b859a89b4f2018f8b26ac6, counter=6}, lastWriteDate=Tue Mar 24 18:25:59 IST 2026, lastUpdateTimeNanos=92055288141100}
2026-03-24 18:25:59 [cluster-ClusterId{value='69c289df7134306b2408ae2b', description='null'}-ac-aoerbz6-shard-00-02.en0pykp.mongodb.net:27017] INFO  org.mongodb.driver.cluster - Discovered replica set primary ac-aoerbz6-shard-00-02.en0pykp.mongodb.net:27017 with max election id 7fffffff0000000000000156 and max set version 391
2026-03-24 18:25:59 [main] WARN  com.password4j.PropertyReader - bcrypt minor version is not defined. Default value is used (b). Please set property hash.bcrypt.minor in your psw4j.properties file.
2026-03-24 18:25:59 [main] WARN  com.password4j.PropertyReader - bcrypt rounds are not defined. Default value is used (10). Please set property hash.bcrypt.rounds in your psw4j.properties file.
2026-03-24 18:25:59 [main] INFO  org.springframework.security.config.annotation.authentication.configuration.InitializeUserDetailsBeanManagerConfigurer$InitializeUserDetailsManagerConfigurer - Global AuthenticationManager configured with UserDetailsService bean with name userDetailsImpl
2026-03-24 18:26:00 [main] INFO  org.apache.coyote.http11.Http11NioProtocol - Starting ProtocolHandler ["http-nio-8080"]
2026-03-24 18:26:00 [main] INFO  org.springframework.boot.tomcat.TomcatWebServer - Tomcat started on port 8080 (http) with context path '/'
2026-03-24 18:26:00 [main] INFO  com.example.BookingApplication.BookingApplication - Started BookingApplication in 2.598 seconds (process running for 3.032)
2026-03-24 18:26:06 [http-nio-8080-exec-1] INFO  org.apache.catalina.core.ContainerBase.[Tomcat].[localhost].[/] - Initializing Spring DispatcherServlet 'dispatcherServlet'
2026-03-24 18:26:06 [http-nio-8080-exec-1] INFO  org.springframework.web.servlet.DispatcherServlet - Initializing Servlet 'dispatcherServlet'
2026-03-24 18:26:06 [http-nio-8080-exec-1] INFO  org.springframework.web.servlet.DispatcherServlet - Completed initialization in 2 ms
2026-03-24 18:26:06 [http-nio-8080-exec-1] WARN  org.springframework.web.servlet.handler.HandlerMappingIntrospector - Cache miss for REQUEST dispatch to '/Booking/new' (previous null). Performing CorsConfiguration lookup. This is logged once only at WARN level, and every time at TRACE.
2026-03-24 18:26:06 [http-nio-8080-exec-1] ERROR org.apache.catalina.core.ContainerBase.[Tomcat].[localhost].[/].[dispatcherServlet] - Servlet.service() for servlet [dispatcherServlet] in context with path [] threw exception
io.jsonwebtoken.ExpiredJwtException: JWT expired 659560 milliseconds ago at 2026-03-24T12:45:07.000Z. Current time: 2026-03-24T12:56:06.560Z. Allowed clock skew: 0 milliseconds.
	at io.jsonwebtoken.impl.DefaultJwtParser.parse(DefaultJwtParser.java:688)
	at io.jsonwebtoken.impl.DefaultJwtParser.parse(DefaultJwtParser.java:364)
	at io.jsonwebtoken.impl.DefaultJwtParser.parse(DefaultJwtParser.java:94)
	at io.jsonwebtoken.impl.io.AbstractParser.parse(AbstractParser.java:36)
	at io.jsonwebtoken.impl.io.AbstractParser.parse(AbstractParser.java:29)
	at io.jsonwebtoken.impl.DefaultJwtParser.parseSignedClaims(DefaultJwtParser.java:827)
	at com.example.BookingApplication.JwtUtil.Jwtutil.Extractallclaims(Jwtutil.java:49)
	at com.example.BookingApplication.JwtUtil.Jwtutil.Extractusername(Jwtutil.java:53)
	at com.example.BookingApplication.Filter.Filterjwt.doFilterInternal(Filterjwt.java:38)
	at org.springframework.web.filter.OncePerRequestFilter.doFilter(OncePerRequestFilter.java:116)
	at org.springframework.security.web.FilterChainProxy$VirtualFilterChain.doFilter(FilterChainProxy.java:380)
	at org.springframework.security.web.authentication.logout.LogoutFilter.doFilter(LogoutFilter.java:110)
	at org.springframework.security.web.authentication.logout.LogoutFilter.doFilter(LogoutFilter.java:96)
	at org.springframework.security.web.FilterChainProxy$VirtualFilterChain.doFilter(FilterChainProxy.java:380)
	at org.springframework.web.filter.CorsFilter.doFilterInternal(CorsFilter.java:91)
	at org.springframework.web.filter.OncePerRequestFilter.doFilter(OncePerRequestFilter.java:116)
	at org.springframework.security.web.FilterChainProxy$VirtualFilterChain.doFilter(FilterChainProxy.java:380)
	at org.springframework.security.web.header.HeaderWriterFilter.doHeadersAfter(HeaderWriterFilter.java:90)
	at org.springframework.security.web.header.HeaderWriterFilter.doFilterInternal(HeaderWriterFilter.java:75)
	at org.springframework.web.filter.OncePerRequestFilter.doFilter(OncePerRequestFilter.java:116)
	at org.springframework.security.web.FilterChainProxy$VirtualFilterChain.doFilter(FilterChainProxy.java:380)
	at org.springframework.security.web.context.SecurityContextHolderFilter.doFilter(SecurityContextHolderFilter.java:82)
	at org.springframework.security.web.context.SecurityContextHolderFilter.doFilter(SecurityContextHolderFilter.java:69)
	at org.springframework.security.web.FilterChainProxy$VirtualFilterChain.doFilter(FilterChainProxy.java:380)
	at org.springframework.security.web.context.request.async.WebAsyncManagerIntegrationFilter.doFilterInternal(WebAsyncManagerIntegrationFilter.java:62)
	at org.springframework.web.filter.OncePerRequestFilter.doFilter(OncePerRequestFilter.java:116)
	at org.springframework.security.web.FilterChainProxy$VirtualFilterChain.doFilter(FilterChainProxy.java:380)
	at org.springframework.security.web.session.DisableEncodeUrlFilter.doFilterInternal(DisableEncodeUrlFilter.java:42)
	at org.springframework.web.filter.OncePerRequestFilter.doFilter(OncePerRequestFilter.java:116)
	at org.springframework.security.web.FilterChainProxy$VirtualFilterChain.doFilter(FilterChainProxy.java:380)
	at org.springframework.security.web.FilterChainProxy.doFilterInternal(FilterChainProxy.java:237)
	at org.springframework.security.web.FilterChainProxy.doFilter(FilterChainProxy.java:195)
	at org.springframework.web.filter.CompositeFilter$VirtualFilterChain.doFilter(CompositeFilter.java:113)
	at org.springframework.web.filter.ServletRequestPathFilter.doFilter(ServletRequestPathFilter.java:52)
	at org.springframework.web.filter.CompositeFilter$VirtualFilterChain.doFilter(CompositeFilter.java:113)
	at org.springframework.web.filter.CompositeFilter.doFilter(CompositeFilter.java:74)
	at org.springframework.security.config.annotation.web.configuration.WebSecurityConfiguration$CompositeFilterChainProxy.doFilter(WebSecurityConfiguration.java:317)
	at org.springframework.web.filter.DelegatingFilterProxy.invokeDelegate(DelegatingFilterProxy.java:355)
	at org.springframework.web.filter.DelegatingFilterProxy.doFilter(DelegatingFilterProxy.java:272)
	at org.apache.catalina.core.ApplicationFilterChain.doFilter(ApplicationFilterChain.java:107)
	at org.springframework.web.filter.RequestContextFilter.doFilterInternal(RequestContextFilter.java:100)
	at org.springframework.web.filter.OncePerRequestFilter.doFilter(OncePerRequestFilter.java:116)
	at org.apache.catalina.core.ApplicationFilterChain.doFilter(ApplicationFilterChain.java:107)
	at org.springframework.web.filter.FormContentFilter.doFilterInternal(FormContentFilter.java:93)
	at org.springframework.web.filter.OncePerRequestFilter.doFilter(OncePerRequestFilter.java:116)
	at org.apache.catalina.core.ApplicationFilterChain.doFilter(ApplicationFilterChain.java:107)
	at org.springframework.web.filter.CharacterEncodingFilter.doFilterInternal(CharacterEncodingFilter.java:199)
	at org.springframework.web.filter.OncePerRequestFilter.doFilter(OncePerRequestFilter.java:116)
	at org.apache.catalina.core.ApplicationFilterChain.doFilter(ApplicationFilterChain.java:107)
	at org.apache.catalina.core.StandardWrapperValve.invoke(StandardWrapperValve.java:165)
	at org.apache.catalina.core.StandardContextValve.invoke(StandardContextValve.java:77)
	at org.apache.catalina.authenticator.AuthenticatorBase.invoke(AuthenticatorBase.java:492)
	at org.apache.catalina.core.StandardHostValve.invoke(StandardHostValve.java:113)
	at org.apache.catalina.valves.ErrorReportValve.invoke(ErrorReportValve.java:83)
	at org.apache.catalina.core.StandardEngineValve.invoke(StandardEngineValve.java:72)
	at org.apache.catalina.connector.CoyoteAdapter.service(CoyoteAdapter.java:341)
	at org.apache.coyote.http11.Http11Processor.service(Http11Processor.java:397)
	at org.apache.coyote.AbstractProcessorLight.process(AbstractProcessorLight.java:63)
	at org.apache.coyote.AbstractProtocol$ConnectionHandler.process(AbstractProtocol.java:903)
	at org.apache.tomcat.util.net.NioEndpoint$SocketProcessor.doRun(NioEndpoint.java:1779)
	at org.apache.tomcat.util.net.SocketProcessorBase.run(SocketProcessorBase.java:52)
	at org.apache.tomcat.util.threads.ThreadPoolExecutor.runWorker(ThreadPoolExecutor.java:946)
	at org.apache.tomcat.util.threads.ThreadPoolExecutor$Worker.run(ThreadPoolExecutor.java:480)
	at org.apache.tomcat.util.threads.TaskThread$WrappingRunnable.run(TaskThread.java:57)
	at java.base/java.lang.Thread.run(Thread.java:1583)
2026-03-24 18:27:00 [SpringApplicationShutdownHook] INFO  org.springframework.boot.tomcat.GracefulShutdown - Commencing graceful shutdown. Waiting for active requests to complete
2026-03-24 18:27:00 [tomcat-shutdown] INFO  org.springframework.boot.tomcat.GracefulShutdown - Graceful shutdown complete
2026-03-24 18:29:26 [main] INFO  com.example.BookingApplication.BookingApplication - Starting BookingApplication using Java 21.0.7 with PID 35104 (C:\Users\ADMIN\Downloads\BookingApplication\BookingApplication\target\classes started by ADMIN in C:\Users\ADMIN\Downloads\BookingApplication)
2026-03-24 18:29:26 [main] INFO  com.example.BookingApplication.BookingApplication - No active profile set, falling back to 1 default profile: "default"
2026-03-24 18:29:26 [main] INFO  org.springframework.data.repository.config.RepositoryConfigurationDelegate - Multiple Spring Data modules found, entering strict repository configuration mode
2026-03-24 18:29:26 [main] INFO  org.springframework.data.repository.config.RepositoryConfigurationDelegate - Bootstrapping Spring Data MongoDB repositories in DEFAULT mode.
2026-03-24 18:29:26 [main] INFO  org.springframework.data.repository.config.RepositoryConfigurationDelegate - Finished Spring Data repository scanning in 80 ms. Found 3 MongoDB repository interfaces.
2026-03-24 18:29:26 [main] INFO  org.springframework.data.repository.config.RepositoryConfigurationDelegate - Multiple Spring Data modules found, entering strict repository configuration mode
2026-03-24 18:29:26 [main] INFO  org.springframework.data.repository.config.RepositoryConfigurationDelegate - Bootstrapping Spring Data Redis repositories in DEFAULT mode.
2026-03-24 18:29:26 [main] INFO  org.springframework.data.repository.config.RepositoryConfigurationExtensionSupport - Spring Data Redis - Could not safely identify store assignment for repository candidate interface com.example.BookingApplication.Repositories.BookingsRepository; If you want this repository to be a Redis repository, consider annotating your entities with one of these annotations: org.springframework.data.redis.core.RedisHash (preferred), or consider extending one of the following types with your repository: org.springframework.data.keyvalue.repository.KeyValueRepository
2026-03-24 18:29:26 [main] INFO  org.springframework.data.repository.config.RepositoryConfigurationExtensionSupport - Spring Data Redis - Could not safely identify store assignment for repository candidate interface com.example.BookingApplication.Repositories.StudioRepository; If you want this repository to be a Redis repository, consider annotating your entities with one of these annotations: org.springframework.data.redis.core.RedisHash (preferred), or consider extending one of the following types with your repository: org.springframework.data.keyvalue.repository.KeyValueRepository
2026-03-24 18:29:26 [main] INFO  org.springframework.data.repository.config.RepositoryConfigurationExtensionSupport - Spring Data Redis - Could not safely identify store assignment for repository candidate interface com.example.BookingApplication.Repositories.UserRepository; If you want this repository to be a Redis repository, consider annotating your entities with one of these annotations: org.springframework.data.redis.core.RedisHash (preferred), or consider extending one of the following types with your repository: org.springframework.data.keyvalue.repository.KeyValueRepository
2026-03-24 18:29:26 [main] INFO  org.springframework.data.repository.config.RepositoryConfigurationDelegate - Finished Spring Data repository scanning in 6 ms. Found 0 Redis repository interfaces.
2026-03-24 18:29:27 [main] INFO  org.springframework.boot.tomcat.TomcatWebServer - Tomcat initialized with port 8080 (http)
2026-03-24 18:29:27 [main] INFO  org.apache.coyote.http11.Http11NioProtocol - Initializing ProtocolHandler ["http-nio-8080"]
2026-03-24 18:29:27 [main] INFO  org.apache.catalina.core.StandardService - Starting service [Tomcat]
2026-03-24 18:29:27 [main] INFO  org.apache.catalina.core.StandardEngine - Starting Servlet engine: [Apache Tomcat/11.0.18]
2026-03-24 18:29:27 [main] INFO  org.springframework.boot.web.context.servlet.WebApplicationContextInitializer - Root WebApplicationContext: initialization completed in 1003 ms
2026-03-24 18:29:27 [main] INFO  org.mongodb.driver.client - MongoClient with metadata {"driver": {"name": "mongo-java-driver|spring-boot|sync", "version": "5.6.4"}, "os": {"type": "Windows", "name": "Windows 11", "architecture": "amd64", "version": "10.0"}, "platform": "Java/Oracle Corporation/21.0.7+8-LTS-245"} created with settings MongoClientSettings{readPreference=primary, writeConcern=WriteConcern{w=majority, wTimeout=null ms, journal=null}, retryWrites=true, retryReads=true, readConcern=ReadConcern{level=null}, credential=MongoCredential{mechanism=null, userName='root', source='admin', password=<hidden>, mechanismProperties=<hidden>}, transportSettings=null, commandListeners=[], codecRegistry=ProvidersCodecRegistry{codecProviders=[ValueCodecProvider{}, BsonValueCodecProvider{}, DBRefCodecProvider{}, DBObjectCodecProvider{}, DocumentCodecProvider{}, CollectionCodecProvider{}, IterableCodecProvider{}, MapCodecProvider{}, GeoJsonCodecProvider{}, GridFSFileCodecProvider{}, Jsr310CodecProvider{}, JsonObjectCodecProvider{}, BsonCodecProvider{}, com.mongodb.client.model.mql.ExpressionCodecProvider@3360283, com.mongodb.Jep395RecordCodecProvider@77aea, com.mongodb.KotlinCodecProvider@73e4bb60, EnumCodecProvider{}]}, loggerSettings=LoggerSettings{maxDocumentLength=1000}, clusterSettings={hosts=[127.0.0.1:27017], srvHost=cluster0.en0pykp.mongodb.net, srvServiceName=mongodb, mode=MULTIPLE, requiredClusterType=REPLICA_SET, requiredReplicaSetName='atlas-zt48hn-shard-0', serverSelector='null', clusterListeners='[]', serverSelectionTimeout='30000 ms', localThreshold='15 ms'}, socketSettings=SocketSettings{connectTimeoutMS=10000, readTimeoutMS=0, receiveBufferSize=0, proxySettings=ProxySettings{host=null, port=null, username=null, password=null}}, heartbeatSocketSettings=SocketSettings{connectTimeoutMS=10000, readTimeoutMS=10000, receiveBufferSize=0, proxySettings=ProxySettings{host=null, port=null, username=null, password=null}}, connectionPoolSettings=ConnectionPoolSettings{maxSize=100, minSize=0, maxWaitTimeMS=120000, maxConnectionLifeTimeMS=0, maxConnectionIdleTimeMS=0, maintenanceInitialDelayMS=0, maintenanceFrequencyMS=60000, connectionPoolListeners=[], maxConnecting=2}, serverSettings=ServerSettings{heartbeatFrequencyMS=10000, minHeartbeatFrequencyMS=500, serverMonitoringMode=AUTO, serverListeners='[]', serverMonitorListeners='[]'}, sslSettings=SslSettings{enabled=true, invalidHostNameAllowed=false, context=null}, applicationName='null', compressorList=[], uuidRepresentation=UNSPECIFIED, serverApi=null, autoEncryptionSettings=null, dnsClient=null, inetAddressResolver=null, contextProvider=null, timeoutMS=null}
2026-03-24 18:29:27 [cluster-ClusterId{value='69c28aaf36622693110b3d68', description='null'}-srv-cluster0.en0pykp.mongodb.net] INFO  org.mongodb.driver.cluster - Adding discovered server ac-aoerbz6-shard-00-01.en0pykp.mongodb.net:27017 to client view of cluster
2026-03-24 18:29:27 [cluster-ClusterId{value='69c28aaf36622693110b3d68', description='null'}-srv-cluster0.en0pykp.mongodb.net] INFO  org.mongodb.driver.cluster - Adding discovered server ac-aoerbz6-shard-00-00.en0pykp.mongodb.net:27017 to client view of cluster
2026-03-24 18:29:27 [cluster-ClusterId{value='69c28aaf36622693110b3d68', description='null'}-srv-cluster0.en0pykp.mongodb.net] INFO  org.mongodb.driver.cluster - Adding discovered server ac-aoerbz6-shard-00-02.en0pykp.mongodb.net:27017 to client view of cluster
2026-03-24 18:29:27 [cluster-ClusterId{value='69c28aaf36622693110b3d68', description='null'}-ac-aoerbz6-shard-00-02.en0pykp.mongodb.net:27017] INFO  org.mongodb.driver.cluster - Monitor thread successfully connected to server with description ServerDescription{address=ac-aoerbz6-shard-00-02.en0pykp.mongodb.net:27017, type=REPLICA_SET_PRIMARY, cryptd=false, state=CONNECTED, ok=true, minWireVersion=0, maxWireVersion=25, maxDocumentSize=16777216, logicalSessionTimeoutMinutes=30, roundTripTimeNanos=236599800, minRoundTripTimeNanos=0, setName='atlas-zt48hn-shard-0', canonicalAddress=ac-aoerbz6-shard-00-02.en0pykp.mongodb.net:27017, hosts=[ac-aoerbz6-shard-00-01.en0pykp.mongodb.net:27017, ac-aoerbz6-shard-00-00.en0pykp.mongodb.net:27017, ac-aoerbz6-shard-00-02.en0pykp.mongodb.net:27017], passives=[], arbiters=[], primary='ac-aoerbz6-shard-00-02.en0pykp.mongodb.net:27017', tagSet=TagSet{[Tag{name='availabilityZone', value='aps1-az2'}, Tag{name='diskState', value='READY'}, Tag{name='nodeType', value='ELECTABLE'}, Tag{name='provider', value='AWS'}, Tag{name='region', value='AP_SOUTH_1'}, Tag{name='workloadType', value='OPERATIONAL'}]}, electionId=7fffffff0000000000000156, setVersion=391, topologyVersion=TopologyVersion{processId=69b859a89b4f2018f8b26ac6, counter=6}, lastWriteDate=Tue Mar 24 18:29:27 IST 2026, lastUpdateTimeNanos=92263496964200}
2026-03-24 18:29:27 [cluster-ClusterId{value='69c28aaf36622693110b3d68', description='null'}-ac-aoerbz6-shard-00-00.en0pykp.mongodb.net:27017] INFO  org.mongodb.driver.cluster - Monitor thread successfully connected to server with description ServerDescription{address=ac-aoerbz6-shard-00-00.en0pykp.mongodb.net:27017, type=REPLICA_SET_SECONDARY, cryptd=false, state=CONNECTED, ok=true, minWireVersion=0, maxWireVersion=25, maxDocumentSize=16777216, logicalSessionTimeoutMinutes=30, roundTripTimeNanos=233791700, minRoundTripTimeNanos=0, setName='atlas-zt48hn-shard-0', canonicalAddress=ac-aoerbz6-shard-00-00.en0pykp.mongodb.net:27017, hosts=[ac-aoerbz6-shard-00-01.en0pykp.mongodb.net:27017, ac-aoerbz6-shard-00-00.en0pykp.mongodb.net:27017, ac-aoerbz6-shard-00-02.en0pykp.mongodb.net:27017], passives=[], arbiters=[], primary='ac-aoerbz6-shard-00-02.en0pykp.mongodb.net:27017', tagSet=TagSet{[Tag{name='availabilityZone', value='aps1-az1'}, Tag{name='diskState', value='READY'}, Tag{name='nodeType', value='ELECTABLE'}, Tag{name='provider', value='AWS'}, Tag{name='region', value='AP_SOUTH_1'}, Tag{name='workloadType', value='OPERATIONAL'}]}, electionId=null, setVersion=391, topologyVersion=TopologyVersion{processId=69b855abb14686967b76fdd6, counter=4}, lastWriteDate=Tue Mar 24 18:29:27 IST 2026, lastUpdateTimeNanos=92263496964200}
2026-03-24 18:29:27 [cluster-ClusterId{value='69c28aaf36622693110b3d68', description='null'}-ac-aoerbz6-shard-00-01.en0pykp.mongodb.net:27017] INFO  org.mongodb.driver.cluster - Monitor thread successfully connected to server with description ServerDescription{address=ac-aoerbz6-shard-00-01.en0pykp.mongodb.net:27017, type=REPLICA_SET_SECONDARY, cryptd=false, state=CONNECTED, ok=true, minWireVersion=0, maxWireVersion=25, maxDocumentSize=16777216, logicalSessionTimeoutMinutes=30, roundTripTimeNanos=236663900, minRoundTripTimeNanos=0, setName='atlas-zt48hn-shard-0', canonicalAddress=ac-aoerbz6-shard-00-01.en0pykp.mongodb.net:27017, hosts=[ac-aoerbz6-shard-00-01.en0pykp.mongodb.net:27017, ac-aoerbz6-shard-00-00.en0pykp.mongodb.net:27017, ac-aoerbz6-shard-00-02.en0pykp.mongodb.net:27017], passives=[], arbiters=[], primary='ac-aoerbz6-shard-00-02.en0pykp.mongodb.net:27017', tagSet=TagSet{[Tag{name='availabilityZone', value='aps1-az3'}, Tag{name='diskState', value='READY'}, Tag{name='nodeType', value='ELECTABLE'}, Tag{name='provider', value='AWS'}, Tag{name='region', value='AP_SOUTH_1'}, Tag{name='workloadType', value='OPERATIONAL'}]}, electionId=null, setVersion=391, topologyVersion=TopologyVersion{processId=69b85ccb4b84e800f9f6512d, counter=3}, lastWriteDate=Tue Mar 24 18:29:27 IST 2026, lastUpdateTimeNanos=92263496964200}
2026-03-24 18:29:27 [cluster-ClusterId{value='69c28aaf36622693110b3d68', description='null'}-ac-aoerbz6-shard-00-02.en0pykp.mongodb.net:27017] INFO  org.mongodb.driver.cluster - Discovered replica set primary ac-aoerbz6-shard-00-02.en0pykp.mongodb.net:27017 with max election id 7fffffff0000000000000156 and max set version 391
2026-03-24 18:29:28 [main] WARN  com.password4j.PropertyReader - bcrypt minor version is not defined. Default value is used (b). Please set property hash.bcrypt.minor in your psw4j.properties file.
2026-03-24 18:29:28 [main] WARN  com.password4j.PropertyReader - bcrypt rounds are not defined. Default value is used (10). Please set property hash.bcrypt.rounds in your psw4j.properties file.
2026-03-24 18:29:28 [main] INFO  org.springframework.security.config.annotation.authentication.configuration.InitializeUserDetailsBeanManagerConfigurer$InitializeUserDetailsManagerConfigurer - Global AuthenticationManager configured with UserDetailsService bean with name userDetailsImpl
2026-03-24 18:29:28 [main] INFO  org.apache.coyote.http11.Http11NioProtocol - Starting ProtocolHandler ["http-nio-8080"]
2026-03-24 18:29:28 [main] INFO  org.springframework.boot.tomcat.TomcatWebServer - Tomcat started on port 8080 (http) with context path '/'
2026-03-24 18:29:28 [main] INFO  com.example.BookingApplication.BookingApplication - Started BookingApplication in 2.618 seconds (process running for 3.064)
2026-03-24 18:29:31 [http-nio-8080-exec-1] INFO  org.apache.catalina.core.ContainerBase.[Tomcat].[localhost].[/] - Initializing Spring DispatcherServlet 'dispatcherServlet'
2026-03-24 18:29:31 [http-nio-8080-exec-1] INFO  org.springframework.web.servlet.DispatcherServlet - Initializing Servlet 'dispatcherServlet'
2026-03-24 18:29:31 [http-nio-8080-exec-1] INFO  org.springframework.web.servlet.DispatcherServlet - Completed initialization in 1 ms
2026-03-24 18:29:31 [http-nio-8080-exec-1] WARN  org.springframework.web.servlet.handler.HandlerMappingIntrospector - Cache miss for REQUEST dispatch to '/getstarted/login' (previous null). Performing CorsConfiguration lookup. This is logged once only at WARN level, and every time at TRACE.
2026-03-24 18:29:35 [SpringApplicationShutdownHook] INFO  org.springframework.boot.tomcat.GracefulShutdown - Commencing graceful shutdown. Waiting for active requests to complete
2026-03-24 18:29:35 [tomcat-shutdown] INFO  org.springframework.boot.tomcat.GracefulShutdown - Graceful shutdown complete
2026-03-24 18:29:37 [main] INFO  com.example.BookingApplication.BookingApplication - Starting BookingApplication using Java 21.0.7 with PID 25788 (C:\Users\ADMIN\Downloads\BookingApplication\BookingApplication\target\classes started by ADMIN in C:\Users\ADMIN\Downloads\BookingApplication)
2026-03-24 18:29:37 [main] INFO  com.example.BookingApplication.BookingApplication - No active profile set, falling back to 1 default profile: "default"
2026-03-24 18:29:37 [main] INFO  org.springframework.data.repository.config.RepositoryConfigurationDelegate - Multiple Spring Data modules found, entering strict repository configuration mode
2026-03-24 18:29:37 [main] INFO  org.springframework.data.repository.config.RepositoryConfigurationDelegate - Bootstrapping Spring Data MongoDB repositories in DEFAULT mode.
2026-03-24 18:29:38 [main] INFO  org.springframework.data.repository.config.RepositoryConfigurationDelegate - Finished Spring Data repository scanning in 86 ms. Found 3 MongoDB repository interfaces.
2026-03-24 18:29:38 [main] INFO  org.springframework.data.repository.config.RepositoryConfigurationDelegate - Multiple Spring Data modules found, entering strict repository configuration mode
2026-03-24 18:29:38 [main] INFO  org.springframework.data.repository.config.RepositoryConfigurationDelegate - Bootstrapping Spring Data Redis repositories in DEFAULT mode.
2026-03-24 18:29:38 [main] INFO  org.springframework.data.repository.config.RepositoryConfigurationExtensionSupport - Spring Data Redis - Could not safely identify store assignment for repository candidate interface com.example.BookingApplication.Repositories.BookingsRepository; If you want this repository to be a Redis repository, consider annotating your entities with one of these annotations: org.springframework.data.redis.core.RedisHash (preferred), or consider extending one of the following types with your repository: org.springframework.data.keyvalue.repository.KeyValueRepository
2026-03-24 18:29:38 [main] INFO  org.springframework.data.repository.config.RepositoryConfigurationExtensionSupport - Spring Data Redis - Could not safely identify store assignment for repository candidate interface com.example.BookingApplication.Repositories.StudioRepository; If you want this repository to be a Redis repository, consider annotating your entities with one of these annotations: org.springframework.data.redis.core.RedisHash (preferred), or consider extending one of the following types with your repository: org.springframework.data.keyvalue.repository.KeyValueRepository
2026-03-24 18:29:38 [main] INFO  org.springframework.data.repository.config.RepositoryConfigurationExtensionSupport - Spring Data Redis - Could not safely identify store assignment for repository candidate interface com.example.BookingApplication.Repositories.UserRepository; If you want this repository to be a Redis repository, consider annotating your entities with one of these annotations: org.springframework.data.redis.core.RedisHash (preferred), or consider extending one of the following types with your repository: org.springframework.data.keyvalue.repository.KeyValueRepository
2026-03-24 18:29:38 [main] INFO  org.springframework.data.repository.config.RepositoryConfigurationDelegate - Finished Spring Data repository scanning in 7 ms. Found 0 Redis repository interfaces.
2026-03-24 18:29:38 [main] INFO  org.springframework.boot.tomcat.TomcatWebServer - Tomcat initialized with port 8080 (http)
2026-03-24 18:29:38 [main] INFO  org.apache.coyote.http11.Http11NioProtocol - Initializing ProtocolHandler ["http-nio-8080"]
2026-03-24 18:29:38 [main] INFO  org.apache.catalina.core.StandardService - Starting service [Tomcat]
2026-03-24 18:29:38 [main] INFO  org.apache.catalina.core.StandardEngine - Starting Servlet engine: [Apache Tomcat/11.0.18]
2026-03-24 18:29:38 [main] INFO  org.springframework.boot.web.context.servlet.WebApplicationContextInitializer - Root WebApplicationContext: initialization completed in 1054 ms
2026-03-24 18:29:38 [main] INFO  org.mongodb.driver.client - MongoClient with metadata {"driver": {"name": "mongo-java-driver|spring-boot|sync", "version": "5.6.4"}, "os": {"type": "Windows", "name": "Windows 11", "architecture": "amd64", "version": "10.0"}, "platform": "Java/Oracle Corporation/21.0.7+8-LTS-245"} created with settings MongoClientSettings{readPreference=primary, writeConcern=WriteConcern{w=majority, wTimeout=null ms, journal=null}, retryWrites=true, retryReads=true, readConcern=ReadConcern{level=null}, credential=MongoCredential{mechanism=null, userName='root', source='admin', password=<hidden>, mechanismProperties=<hidden>}, transportSettings=null, commandListeners=[], codecRegistry=ProvidersCodecRegistry{codecProviders=[ValueCodecProvider{}, BsonValueCodecProvider{}, DBRefCodecProvider{}, DBObjectCodecProvider{}, DocumentCodecProvider{}, CollectionCodecProvider{}, IterableCodecProvider{}, MapCodecProvider{}, GeoJsonCodecProvider{}, GridFSFileCodecProvider{}, Jsr310CodecProvider{}, JsonObjectCodecProvider{}, BsonCodecProvider{}, com.mongodb.client.model.mql.ExpressionCodecProvider@1c00d406, com.mongodb.Jep395RecordCodecProvider@16ac4d3d, com.mongodb.KotlinCodecProvider@559d19c, EnumCodecProvider{}]}, loggerSettings=LoggerSettings{maxDocumentLength=1000}, clusterSettings={hosts=[127.0.0.1:27017], srvHost=cluster0.en0pykp.mongodb.net, srvServiceName=mongodb, mode=MULTIPLE, requiredClusterType=REPLICA_SET, requiredReplicaSetName='atlas-zt48hn-shard-0', serverSelector='null', clusterListeners='[]', serverSelectionTimeout='30000 ms', localThreshold='15 ms'}, socketSettings=SocketSettings{connectTimeoutMS=10000, readTimeoutMS=0, receiveBufferSize=0, proxySettings=ProxySettings{host=null, port=null, username=null, password=null}}, heartbeatSocketSettings=SocketSettings{connectTimeoutMS=10000, readTimeoutMS=10000, receiveBufferSize=0, proxySettings=ProxySettings{host=null, port=null, username=null, password=null}}, connectionPoolSettings=ConnectionPoolSettings{maxSize=100, minSize=0, maxWaitTimeMS=120000, maxConnectionLifeTimeMS=0, maxConnectionIdleTimeMS=0, maintenanceInitialDelayMS=0, maintenanceFrequencyMS=60000, connectionPoolListeners=[], maxConnecting=2}, serverSettings=ServerSettings{heartbeatFrequencyMS=10000, minHeartbeatFrequencyMS=500, serverMonitoringMode=AUTO, serverListeners='[]', serverMonitorListeners='[]'}, sslSettings=SslSettings{enabled=true, invalidHostNameAllowed=false, context=null}, applicationName='null', compressorList=[], uuidRepresentation=UNSPECIFIED, serverApi=null, autoEncryptionSettings=null, dnsClient=null, inetAddressResolver=null, contextProvider=null, timeoutMS=null}
2026-03-24 18:29:38 [cluster-ClusterId{value='69c28abacba4aff00fe1eb06', description='null'}-srv-cluster0.en0pykp.mongodb.net] INFO  org.mongodb.driver.cluster - Adding discovered server ac-aoerbz6-shard-00-01.en0pykp.mongodb.net:27017 to client view of cluster
2026-03-24 18:29:38 [cluster-ClusterId{value='69c28abacba4aff00fe1eb06', description='null'}-srv-cluster0.en0pykp.mongodb.net] INFO  org.mongodb.driver.cluster - Adding discovered server ac-aoerbz6-shard-00-00.en0pykp.mongodb.net:27017 to client view of cluster
2026-03-24 18:29:38 [cluster-ClusterId{value='69c28abacba4aff00fe1eb06', description='null'}-srv-cluster0.en0pykp.mongodb.net] INFO  org.mongodb.driver.cluster - Adding discovered server ac-aoerbz6-shard-00-02.en0pykp.mongodb.net:27017 to client view of cluster
2026-03-24 18:29:39 [cluster-ClusterId{value='69c28abacba4aff00fe1eb06', description='null'}-ac-aoerbz6-shard-00-01.en0pykp.mongodb.net:27017] INFO  org.mongodb.driver.cluster - Monitor thread successfully connected to server with description ServerDescription{address=ac-aoerbz6-shard-00-01.en0pykp.mongodb.net:27017, type=REPLICA_SET_SECONDARY, cryptd=false, state=CONNECTED, ok=true, minWireVersion=0, maxWireVersion=25, maxDocumentSize=16777216, logicalSessionTimeoutMinutes=30, roundTripTimeNanos=260880000, minRoundTripTimeNanos=0, setName='atlas-zt48hn-shard-0', canonicalAddress=ac-aoerbz6-shard-00-01.en0pykp.mongodb.net:27017, hosts=[ac-aoerbz6-shard-00-01.en0pykp.mongodb.net:27017, ac-aoerbz6-shard-00-00.en0pykp.mongodb.net:27017, ac-aoerbz6-shard-00-02.en0pykp.mongodb.net:27017], passives=[], arbiters=[], primary='ac-aoerbz6-shard-00-02.en0pykp.mongodb.net:27017', tagSet=TagSet{[Tag{name='availabilityZone', value='aps1-az3'}, Tag{name='diskState', value='READY'}, Tag{name='nodeType', value='ELECTABLE'}, Tag{name='provider', value='AWS'}, Tag{name='region', value='AP_SOUTH_1'}, Tag{name='workloadType', value='OPERATIONAL'}]}, electionId=null, setVersion=391, topologyVersion=TopologyVersion{processId=69b85ccb4b84e800f9f6512d, counter=3}, lastWriteDate=Tue Mar 24 18:29:38 IST 2026, lastUpdateTimeNanos=92274863737400}
2026-03-24 18:29:39 [cluster-ClusterId{value='69c28abacba4aff00fe1eb06', description='null'}-ac-aoerbz6-shard-00-02.en0pykp.mongodb.net:27017] INFO  org.mongodb.driver.cluster - Monitor thread successfully connected to server with description ServerDescription{address=ac-aoerbz6-shard-00-02.en0pykp.mongodb.net:27017, type=REPLICA_SET_PRIMARY, cryptd=false, state=CONNECTED, ok=true, minWireVersion=0, maxWireVersion=25, maxDocumentSize=16777216, logicalSessionTimeoutMinutes=30, roundTripTimeNanos=260880100, minRoundTripTimeNanos=0, setName='atlas-zt48hn-shard-0', canonicalAddress=ac-aoerbz6-shard-00-02.en0pykp.mongodb.net:27017, hosts=[ac-aoerbz6-shard-00-01.en0pykp.mongodb.net:27017, ac-aoerbz6-shard-00-00.en0pykp.mongodb.net:27017, ac-aoerbz6-shard-00-02.en0pykp.mongodb.net:27017], passives=[], arbiters=[], primary='ac-aoerbz6-shard-00-02.en0pykp.mongodb.net:27017', tagSet=TagSet{[Tag{name='availabilityZone', value='aps1-az2'}, Tag{name='diskState', value='READY'}, Tag{name='nodeType', value='ELECTABLE'}, Tag{name='provider', value='AWS'}, Tag{name='region', value='AP_SOUTH_1'}, Tag{name='workloadType', value='OPERATIONAL'}]}, electionId=7fffffff0000000000000156, setVersion=391, topologyVersion=TopologyVersion{processId=69b859a89b4f2018f8b26ac6, counter=6}, lastWriteDate=Tue Mar 24 18:29:38 IST 2026, lastUpdateTimeNanos=92274863737400}
2026-03-24 18:29:39 [cluster-ClusterId{value='69c28abacba4aff00fe1eb06', description='null'}-ac-aoerbz6-shard-00-00.en0pykp.mongodb.net:27017] INFO  org.mongodb.driver.cluster - Monitor thread successfully connected to server with description ServerDescription{address=ac-aoerbz6-shard-00-00.en0pykp.mongodb.net:27017, type=REPLICA_SET_SECONDARY, cryptd=false, state=CONNECTED, ok=true, minWireVersion=0, maxWireVersion=25, maxDocumentSize=16777216, logicalSessionTimeoutMinutes=30, roundTripTimeNanos=259016300, minRoundTripTimeNanos=0, setName='atlas-zt48hn-shard-0', canonicalAddress=ac-aoerbz6-shard-00-00.en0pykp.mongodb.net:27017, hosts=[ac-aoerbz6-shard-00-01.en0pykp.mongodb.net:27017, ac-aoerbz6-shard-00-00.en0pykp.mongodb.net:27017, ac-aoerbz6-shard-00-02.en0pykp.mongodb.net:27017], passives=[], arbiters=[], primary='ac-aoerbz6-shard-00-02.en0pykp.mongodb.net:27017', tagSet=TagSet{[Tag{name='availabilityZone', value='aps1-az1'}, Tag{name='diskState', value='READY'}, Tag{name='nodeType', value='ELECTABLE'}, Tag{name='provider', value='AWS'}, Tag{name='region', value='AP_SOUTH_1'}, Tag{name='workloadType', value='OPERATIONAL'}]}, electionId=null, setVersion=391, topologyVersion=TopologyVersion{processId=69b855abb14686967b76fdd6, counter=4}, lastWriteDate=Tue Mar 24 18:29:38 IST 2026, lastUpdateTimeNanos=92274863737400}
2026-03-24 18:29:39 [cluster-ClusterId{value='69c28abacba4aff00fe1eb06', description='null'}-ac-aoerbz6-shard-00-02.en0pykp.mongodb.net:27017] INFO  org.mongodb.driver.cluster - Discovered replica set primary ac-aoerbz6-shard-00-02.en0pykp.mongodb.net:27017 with max election id 7fffffff0000000000000156 and max set version 391
2026-03-24 18:29:39 [main] WARN  com.password4j.PropertyReader - bcrypt minor version is not defined. Default value is used (b). Please set property hash.bcrypt.minor in your psw4j.properties file.
2026-03-24 18:29:39 [main] WARN  com.password4j.PropertyReader - bcrypt rounds are not defined. Default value is used (10). Please set property hash.bcrypt.rounds in your psw4j.properties file.
2026-03-24 18:29:39 [main] INFO  org.springframework.security.config.annotation.authentication.configuration.InitializeUserDetailsBeanManagerConfigurer$InitializeUserDetailsManagerConfigurer - Global AuthenticationManager configured with UserDetailsService bean with name userDetailsImpl
2026-03-24 18:29:40 [main] INFO  org.apache.coyote.http11.Http11NioProtocol - Starting ProtocolHandler ["http-nio-8080"]
2026-03-24 18:29:40 [main] INFO  org.springframework.boot.tomcat.TomcatWebServer - Tomcat started on port 8080 (http) with context path '/'
2026-03-24 18:29:40 [main] INFO  com.example.BookingApplication.BookingApplication - Started BookingApplication in 2.847 seconds (process running for 3.626)
2026-03-24 18:29:59 [http-nio-8080-exec-1] INFO  org.apache.catalina.core.ContainerBase.[Tomcat].[localhost].[/] - Initializing Spring DispatcherServlet 'dispatcherServlet'
2026-03-24 18:29:59 [http-nio-8080-exec-1] INFO  org.springframework.web.servlet.DispatcherServlet - Initializing Servlet 'dispatcherServlet'
2026-03-24 18:29:59 [http-nio-8080-exec-1] INFO  org.springframework.web.servlet.DispatcherServlet - Completed initialization in 1 ms
2026-03-24 18:29:59 [http-nio-8080-exec-1] WARN  org.springframework.web.servlet.handler.HandlerMappingIntrospector - Cache miss for REQUEST dispatch to '/Booking/new' (previous null). Performing CorsConfiguration lookup. This is logged once only at WARN level, and every time at TRACE.
2026-03-24 18:32:55 [SpringApplicationShutdownHook] INFO  org.springframework.boot.tomcat.GracefulShutdown - Commencing graceful shutdown. Waiting for active requests to complete
2026-03-24 18:32:55 [tomcat-shutdown] INFO  org.springframework.boot.tomcat.GracefulShutdown - Graceful shutdown complete
